<?xml version='1.0' encoding='UTF-8'?>
<gpx version="1.1" creator="https://www.komoot.de" xmlns="http://www.topografix.com/GPX/1/1" xmlns:xsi="http://www.w3.org/2001/XMLSchema-instance" xsi:schemaLocation="http://www.topografix.com/GPX/1/1 http://www.topografix.com/GPX/1/1/gpx.xsd">
  <metadata>
    <name>von Gyor nach Esztergom</name>
    <author>
      <link href="https://www.komoot.de">
        <text>komoot</text>
        <type>text/html</type>
      </link>
    </author>
  </metadata>
  <trk>
    <name>von Gyor nach Esztergom</name>
    <type>touring_bicycle</type>
    <trkseg>
      <trkpt lat="47.686899" lon="17.637716">
        <ele>115.783745</ele>
        <time>2026-08-06T12:47:44.753Z</time>
      </trkpt>
      <trkpt lat="47.686806" lon="17.637450">
        <ele>115.783745</ele>
        <time>2026-08-06T12:47:49.155Z</time>
      </trkpt>
      <trkpt lat="47.686755" lon="17.637302">
        <ele>115.783745</ele>
        <time>2026-08-06T12:47:51.689Z</time>
      </trkpt>
      <trkpt lat="47.686597" lon="17.636848">
        <ele>115.783745</ele>
        <time>2026-08-06T12:48:00.085Z</time>
      </trkpt>
      <trkpt lat="47.686431" lon="17.636351">
        <ele>115.914478</ele>
        <time>2026-08-06T12:48:09.726Z</time>
      </trkpt>
      <trkpt lat="47.686266" lon="17.635886">
        <ele>116.265146</ele>
        <time>2026-08-06T12:48:19.156Z</time>
      </trkpt>
      <trkpt lat="47.686240" lon="17.635812">
        <ele>116.320832</ele>
        <time>2026-08-06T12:48:20.661Z</time>
      </trkpt>
      <trkpt lat="47.686061" lon="17.635322">
        <ele>116.692751</ele>
        <time>2026-08-06T12:48:30.888Z</time>
      </trkpt>
      <trkpt lat="47.686032" lon="17.635254">
        <ele>116.746453</ele>
        <time>2026-08-06T12:48:32.783Z</time>
      </trkpt>
      <trkpt lat="47.686013" lon="17.635207">
        <ele>116.783026</ele>
        <time>2026-08-06T12:48:33.747Z</time>
      </trkpt>
      <trkpt lat="47.685920" lon="17.635349">
        <ele>116.915193</ele>
        <time>2026-08-06T12:48:38.480Z</time>
      </trkpt>
      <trkpt lat="47.685798" lon="17.635440">
        <ele>117.050479</ele>
        <time>2026-08-06T12:48:42.472Z</time>
      </trkpt>
      <trkpt lat="47.685208" lon="17.635879">
        <ele>117.508871</ele>
        <time>2026-08-06T12:49:00.309Z</time>
      </trkpt>
      <trkpt lat="47.685630" lon="17.637040">
        <ele>117.143964</ele>
        <time>2026-08-06T12:49:17.810Z</time>
      </trkpt>
      <trkpt lat="47.685640" lon="17.637192">
        <ele>117.101725</ele>
        <time>2026-08-06T12:49:20.536Z</time>
      </trkpt>
      <trkpt lat="47.685681" lon="17.637314">
        <ele>117.064014</ele>
        <time>2026-08-06T12:49:23.045Z</time>
      </trkpt>
      <trkpt lat="47.685712" lon="17.637412">
        <ele>117.034068</ele>
        <time>2026-08-06T12:49:24.492Z</time>
      </trkpt>
      <trkpt lat="47.685751" lon="17.637530">
        <ele>116.997712</ele>
        <time>2026-08-06T12:49:26.310Z</time>
      </trkpt>
      <trkpt lat="47.685821" lon="17.637584">
        <ele>116.965308</ele>
        <time>2026-08-06T12:49:28.450Z</time>
      </trkpt>
      <trkpt lat="47.685896" lon="17.637799">
        <ele>116.898337</ele>
        <time>2026-08-06T12:49:31.738Z</time>
      </trkpt>
      <trkpt lat="47.685954" lon="17.637967">
        <ele>116.846121</ele>
        <time>2026-08-06T12:49:34.281Z</time>
      </trkpt>
      <trkpt lat="47.686030" lon="17.638190">
        <ele>116.804282</ele>
        <time>2026-08-06T12:49:37.645Z</time>
      </trkpt>
      <trkpt lat="47.686258" lon="17.638852">
        <ele>116.710285</ele>
        <time>2026-08-06T12:49:47.586Z</time>
      </trkpt>
      <trkpt lat="47.686563" lon="17.639735">
        <ele>116.584834</ele>
        <time>2026-08-06T12:50:03.227Z</time>
      </trkpt>
      <trkpt lat="47.686581" lon="17.639784">
        <ele>116.577778</ele>
        <time>2026-08-06T12:50:04.146Z</time>
      </trkpt>
      <trkpt lat="47.687326" lon="17.641888">
        <ele>115.732342</ele>
        <time>2026-08-06T12:50:38.798Z</time>
      </trkpt>
      <trkpt lat="47.687819" lon="17.643254">
        <ele>114.855492</ele>
        <time>2026-08-06T12:50:57.904Z</time>
      </trkpt>
      <trkpt lat="47.687870" lon="17.643396">
        <ele>114.731519</ele>
        <time>2026-08-06T12:50:59.908Z</time>
      </trkpt>
      <trkpt lat="47.688082" lon="17.644017">
        <ele>114.195182</ele>
        <time>2026-08-06T12:51:08.743Z</time>
      </trkpt>
      <trkpt lat="47.688155" lon="17.644158">
        <ele>114.058167</ele>
        <time>2026-08-06T12:51:11.093Z</time>
      </trkpt>
      <trkpt lat="47.688250" lon="17.644168">
        <ele>113.949190</ele>
        <time>2026-08-06T12:51:12.986Z</time>
      </trkpt>
      <trkpt lat="47.688657" lon="17.643797">
        <ele>113.402790</ele>
        <time>2026-08-06T12:51:22.402Z</time>
      </trkpt>
      <trkpt lat="47.688692" lon="17.643818">
        <ele>113.359598</ele>
        <time>2026-08-06T12:51:23.147Z</time>
      </trkpt>
      <trkpt lat="47.688728" lon="17.643911">
        <ele>113.276963</ele>
        <time>2026-08-06T12:51:24.664Z</time>
      </trkpt>
      <trkpt lat="47.688768" lon="17.644018">
        <ele>113.198443</ele>
        <time>2026-08-06T12:51:26.407Z</time>
      </trkpt>
      <trkpt lat="47.688875" lon="17.644074">
        <ele>113.115267</ele>
        <time>2026-08-06T12:51:29.542Z</time>
      </trkpt>
      <trkpt lat="47.688933" lon="17.644097">
        <ele>113.071254</ele>
        <time>2026-08-06T12:51:30.835Z</time>
      </trkpt>
      <trkpt lat="47.689026" lon="17.644155">
        <ele>112.997305</ele>
        <time>2026-08-06T12:51:33.073Z</time>
      </trkpt>
      <trkpt lat="47.688966" lon="17.644347">
        <ele>112.892833</ele>
        <time>2026-08-06T12:51:36.326Z</time>
      </trkpt>
      <trkpt lat="47.688911" lon="17.644663">
        <ele>112.731746</ele>
        <time>2026-08-06T12:51:41.213Z</time>
      </trkpt>
      <trkpt lat="47.688871" lon="17.644948">
        <ele>112.588063</ele>
        <time>2026-08-06T12:51:45.315Z</time>
      </trkpt>
      <trkpt lat="47.688804" lon="17.644997">
        <ele>112.533311</ele>
        <time>2026-08-06T12:51:46.821Z</time>
      </trkpt>
      <trkpt lat="47.688786" lon="17.645011">
        <ele>112.518414</ele>
        <time>2026-08-06T12:51:47.224Z</time>
      </trkpt>
      <trkpt lat="47.688713" lon="17.645070">
        <ele>112.457485</ele>
        <time>2026-08-06T12:51:48.871Z</time>
      </trkpt>
      <trkpt lat="47.688671" lon="17.645104">
        <ele>112.422416</ele>
        <time>2026-08-06T12:51:49.823Z</time>
      </trkpt>
      <trkpt lat="47.688619" lon="17.645146">
        <ele>112.379020</ele>
        <time>2026-08-06T12:51:51.001Z</time>
      </trkpt>
      <trkpt lat="47.688530" lon="17.645065">
        <ele>112.302496</ele>
        <time>2026-08-06T12:51:52.997Z</time>
      </trkpt>
      <trkpt lat="47.688443" lon="17.645098">
        <ele>112.236664</ele>
        <time>2026-08-06T12:51:54.733Z</time>
      </trkpt>
      <trkpt lat="47.688378" lon="17.645172">
        <ele>112.176622</ele>
        <time>2026-08-06T12:51:56.321Z</time>
      </trkpt>
      <trkpt lat="47.688175" lon="17.645454">
        <ele>111.972852</ele>
        <time>2026-08-06T12:52:01.782Z</time>
      </trkpt>
      <trkpt lat="47.688024" lon="17.645788">
        <ele>111.853205</ele>
        <time>2026-08-06T12:52:07.287Z</time>
      </trkpt>
      <trkpt lat="47.687855" lon="17.646072">
        <ele>111.776684</ele>
        <time>2026-08-06T12:52:12.488Z</time>
      </trkpt>
      <trkpt lat="47.687484" lon="17.646937">
        <ele>111.569632</ele>
        <time>2026-08-06T12:52:26.979Z</time>
      </trkpt>
      <trkpt lat="47.687413" lon="17.647153">
        <ele>111.521107</ele>
        <time>2026-08-06T12:52:30.570Z</time>
      </trkpt>
      <trkpt lat="47.686408" lon="17.649326">
        <ele>111.385610</ele>
        <time>2026-08-06T12:53:10.788Z</time>
      </trkpt>
      <trkpt lat="47.686051" lon="17.650122">
        <ele>111.387157</ele>
        <time>2026-08-06T12:53:24.675Z</time>
      </trkpt>
      <trkpt lat="47.685882" lon="17.650580">
        <ele>111.369160</ele>
        <time>2026-08-06T12:53:32.261Z</time>
      </trkpt>
      <trkpt lat="47.685817" lon="17.650832">
        <ele>111.359860</ele>
        <time>2026-08-06T12:53:36.169Z</time>
      </trkpt>
      <trkpt lat="47.685743" lon="17.651190">
        <ele>111.346955</ele>
        <time>2026-08-06T12:53:41.520Z</time>
      </trkpt>
      <trkpt lat="47.685715" lon="17.652283">
        <ele>111.309264</ele>
        <time>2026-08-06T12:53:57.861Z</time>
      </trkpt>
      <trkpt lat="47.685723" lon="17.652546">
        <ele>111.304569</ele>
        <time>2026-08-06T12:54:02.187Z</time>
      </trkpt>
      <trkpt lat="47.685894" lon="17.652548">
        <ele>111.362234</ele>
        <time>2026-08-06T12:54:06.189Z</time>
      </trkpt>
      <trkpt lat="47.686115" lon="17.652648">
        <ele>111.440139</ele>
        <time>2026-08-06T12:54:11.580Z</time>
      </trkpt>
      <trkpt lat="47.686470" lon="17.653180">
        <ele>111.610185</ele>
        <time>2026-08-06T12:54:23.278Z</time>
      </trkpt>
      <trkpt lat="47.686987" lon="17.654006">
        <ele>111.866218</ele>
        <time>2026-08-06T12:54:41.562Z</time>
      </trkpt>
      <trkpt lat="47.687089" lon="17.654156">
        <ele>111.916013</ele>
        <time>2026-08-06T12:54:45.018Z</time>
      </trkpt>
      <trkpt lat="47.685662" lon="17.656262">
        <ele>112.596345</ele>
        <time>2026-08-06T12:55:33.141Z</time>
      </trkpt>
      <trkpt lat="47.685464" lon="17.656726">
        <ele>112.544169</ele>
        <time>2026-08-06T12:55:41.354Z</time>
      </trkpt>
      <trkpt lat="47.685353" lon="17.657024">
        <ele>112.511824</ele>
        <time>2026-08-06T12:55:46.199Z</time>
      </trkpt>
      <trkpt lat="47.685236" lon="17.657578">
        <ele>112.456679</ele>
        <time>2026-08-06T12:55:54.261Z</time>
      </trkpt>
      <trkpt lat="47.685157" lon="17.659065">
        <ele>112.441326</ele>
        <time>2026-08-06T12:56:15.474Z</time>
      </trkpt>
      <trkpt lat="47.685044" lon="17.661468">
        <ele>112.652691</ele>
        <time>2026-08-06T12:56:54.047Z</time>
      </trkpt>
      <trkpt lat="47.685003" lon="17.662768">
        <ele>112.661485</ele>
        <time>2026-08-06T12:57:12.836Z</time>
      </trkpt>
      <trkpt lat="47.684984" lon="17.663318">
        <ele>112.665207</ele>
        <time>2026-08-06T12:57:21.028Z</time>
      </trkpt>
      <trkpt lat="47.684973" lon="17.663897">
        <ele>112.682260</ele>
        <time>2026-08-06T12:57:29.671Z</time>
      </trkpt>
      <trkpt lat="47.684971" lon="17.663955">
        <ele>112.688279</ele>
        <time>2026-08-06T12:57:30.577Z</time>
      </trkpt>
      <trkpt lat="47.684969" lon="17.664250">
        <ele>112.718851</ele>
        <time>2026-08-06T12:57:35.057Z</time>
      </trkpt>
      <trkpt lat="47.684966" lon="17.664745">
        <ele>112.770151</ele>
        <time>2026-08-06T12:57:42.665Z</time>
      </trkpt>
      <trkpt lat="47.684934" lon="17.665866">
        <ele>112.886425</ele>
        <time>2026-08-06T12:58:00.795Z</time>
      </trkpt>
      <trkpt lat="47.684900" lon="17.665962">
        <ele>112.897667</ele>
        <time>2026-08-06T12:58:02.535Z</time>
      </trkpt>
      <trkpt lat="47.684653" lon="17.673603">
        <ele>112.079038</ele>
        <time>2026-08-06T12:59:52.697Z</time>
      </trkpt>
      <trkpt lat="47.684635" lon="17.673915">
        <ele>112.060241</ele>
        <time>2026-08-06T12:59:57.236Z</time>
      </trkpt>
      <trkpt lat="47.684500" lon="17.680187">
        <ele>113.027626</ele>
        <time>2026-08-06T13:01:36.217Z</time>
      </trkpt>
      <trkpt lat="47.684512" lon="17.680294">
        <ele>113.037447</ele>
        <time>2026-08-06T13:01:37.887Z</time>
      </trkpt>
      <trkpt lat="47.684553" lon="17.680373">
        <ele>113.046478</ele>
        <time>2026-08-06T13:01:39.385Z</time>
      </trkpt>
      <trkpt lat="47.684700" lon="17.680480">
        <ele>113.068493</ele>
        <time>2026-08-06T13:01:43.032Z</time>
      </trkpt>
      <trkpt lat="47.684814" lon="17.680581">
        <ele>113.086344</ele>
        <time>2026-08-06T13:01:45.983Z</time>
      </trkpt>
      <trkpt lat="47.685502" lon="17.680595">
        <ele>113.178879</ele>
        <time>2026-08-06T13:02:01.361Z</time>
      </trkpt>
      <trkpt lat="47.685572" lon="17.680555">
        <ele>113.188965</ele>
        <time>2026-08-06T13:02:03.003Z</time>
      </trkpt>
      <trkpt lat="47.685601" lon="17.680471">
        <ele>113.197512</ele>
        <time>2026-08-06T13:02:04.463Z</time>
      </trkpt>
      <trkpt lat="47.685706" lon="17.680485">
        <ele>113.211689</ele>
        <time>2026-08-06T13:02:07.527Z</time>
      </trkpt>
      <trkpt lat="47.685769" lon="17.680573">
        <ele>113.223320</ele>
        <time>2026-08-06T13:02:10.140Z</time>
      </trkpt>
      <trkpt lat="47.685791" lon="17.680726">
        <ele>113.254326</ele>
        <time>2026-08-06T13:02:13.290Z</time>
      </trkpt>
      <trkpt lat="47.685771" lon="17.681515">
        <ele>113.521041</ele>
        <time>2026-08-06T13:02:29.544Z</time>
      </trkpt>
      <trkpt lat="47.685897" lon="17.681586">
        <ele>113.588662</ele>
        <time>2026-08-06T13:02:32.829Z</time>
      </trkpt>
      <trkpt lat="47.685914" lon="17.681701">
        <ele>113.628435</ele>
        <time>2026-08-06T13:02:34.759Z</time>
      </trkpt>
      <trkpt lat="47.685815" lon="17.684276">
        <ele>114.315820</ele>
        <time>2026-08-06T13:03:18.089Z</time>
      </trkpt>
      <trkpt lat="47.685810" lon="17.685700">
        <ele>114.555086</ele>
        <time>2026-08-06T13:03:39.535Z</time>
      </trkpt>
      <trkpt lat="47.685765" lon="17.687398">
        <ele>114.251656</ele>
        <time>2026-08-06T13:04:03.714Z</time>
      </trkpt>
      <trkpt lat="47.685678" lon="17.687685">
        <ele>114.183738</ele>
        <time>2026-08-06T13:04:08.195Z</time>
      </trkpt>
      <trkpt lat="47.685694" lon="17.688019">
        <ele>114.111485</ele>
        <time>2026-08-06T13:04:12.945Z</time>
      </trkpt>
      <trkpt lat="47.685677" lon="17.688624">
        <ele>113.954829</ele>
        <time>2026-08-06T13:04:21.395Z</time>
      </trkpt>
      <trkpt lat="47.685707" lon="17.689053">
        <ele>113.766629</ele>
        <time>2026-08-06T13:04:27.331Z</time>
      </trkpt>
      <trkpt lat="47.685692" lon="17.689538">
        <ele>113.554777</ele>
        <time>2026-08-06T13:04:33.907Z</time>
      </trkpt>
      <trkpt lat="47.685658" lon="17.689725">
        <ele>113.470256</ele>
        <time>2026-08-06T13:04:36.484Z</time>
      </trkpt>
      <trkpt lat="47.685685" lon="17.689968">
        <ele>113.362789</ele>
        <time>2026-08-06T13:04:39.751Z</time>
      </trkpt>
      <trkpt lat="47.685646" lon="17.690950">
        <ele>112.933550</ele>
        <time>2026-08-06T13:04:52.672Z</time>
      </trkpt>
      <trkpt lat="47.685601" lon="17.691239">
        <ele>112.831527</ele>
        <time>2026-08-06T13:04:56.711Z</time>
      </trkpt>
      <trkpt lat="47.685576" lon="17.692226">
        <ele>112.725907</ele>
        <time>2026-08-06T13:05:10.964Z</time>
      </trkpt>
      <trkpt lat="47.685696" lon="17.692230">
        <ele>112.706841</ele>
        <time>2026-08-06T13:05:13.643Z</time>
      </trkpt>
      <trkpt lat="47.685797" lon="17.692229">
        <ele>112.690797</ele>
        <time>2026-08-06T13:05:15.975Z</time>
      </trkpt>
      <trkpt lat="47.685799" lon="17.692403">
        <ele>112.672187</ele>
        <time>2026-08-06T13:05:18.647Z</time>
      </trkpt>
      <trkpt lat="47.685804" lon="17.692574">
        <ele>112.653884</ele>
        <time>2026-08-06T13:05:21.260Z</time>
      </trkpt>
      <trkpt lat="47.685765" lon="17.693860">
        <ele>112.507986</ele>
        <time>2026-08-06T13:05:40.574Z</time>
      </trkpt>
      <trkpt lat="47.685760" lon="17.694269">
        <ele>112.454877</ele>
        <time>2026-08-06T13:05:46.424Z</time>
      </trkpt>
      <trkpt lat="47.685698" lon="17.694996">
        <ele>112.359736</ele>
        <time>2026-08-06T13:05:56.682Z</time>
      </trkpt>
      <trkpt lat="47.685666" lon="17.695822">
        <ele>112.252319</ele>
        <time>2026-08-06T13:06:08.289Z</time>
      </trkpt>
      <trkpt lat="47.685746" lon="17.696094">
        <ele>112.213782</ele>
        <time>2026-08-06T13:06:12.640Z</time>
      </trkpt>
      <trkpt lat="47.686264" lon="17.697610">
        <ele>112.316086</ele>
        <time>2026-08-06T13:06:39.372Z</time>
      </trkpt>
      <trkpt lat="47.690763" lon="17.710835">
        <ele>112.159297</ele>
        <time>2026-08-06T13:10:20.314Z</time>
      </trkpt>
      <trkpt lat="47.691313" lon="17.712463">
        <ele>112.060207</ele>
        <time>2026-08-06T13:10:46.569Z</time>
      </trkpt>
      <trkpt lat="47.691494" lon="17.712995">
        <ele>112.100061</ele>
        <time>2026-08-06T13:10:55.746Z</time>
      </trkpt>
      <trkpt lat="47.691537" lon="17.713290">
        <ele>112.200811</ele>
        <time>2026-08-06T13:11:00.549Z</time>
      </trkpt>
      <trkpt lat="47.692932" lon="17.717506">
        <ele>113.948572</ele>
        <time>2026-08-06T13:12:18.690Z</time>
      </trkpt>
      <trkpt lat="47.692892" lon="17.717684">
        <ele>114.016179</ele>
        <time>2026-08-06T13:12:21.790Z</time>
      </trkpt>
      <trkpt lat="47.692885" lon="17.717874">
        <ele>114.038436</ele>
        <time>2026-08-06T13:12:24.892Z</time>
      </trkpt>
      <trkpt lat="47.692893" lon="17.717936">
        <ele>114.045820</ele>
        <time>2026-08-06T13:12:25.924Z</time>
      </trkpt>
      <trkpt lat="47.692908" lon="17.718055">
        <ele>114.059981</ele>
        <time>2026-08-06T13:12:27.899Z</time>
      </trkpt>
      <trkpt lat="47.692953" lon="17.718229">
        <ele>114.081784</ele>
        <time>2026-08-06T13:12:30.875Z</time>
      </trkpt>
      <trkpt lat="47.693041" lon="17.718372">
        <ele>114.104448</ele>
        <time>2026-08-06T13:12:33.957Z</time>
      </trkpt>
      <trkpt lat="47.693141" lon="17.718439">
        <ele>114.123510</ele>
        <time>2026-08-06T13:12:36.550Z</time>
      </trkpt>
      <trkpt lat="47.693323" lon="17.718500">
        <ele>114.155932</ele>
        <time>2026-08-06T13:12:40.879Z</time>
      </trkpt>
      <trkpt lat="47.693416" lon="17.718577">
        <ele>114.174434</ele>
        <time>2026-08-06T13:12:43.353Z</time>
      </trkpt>
      <trkpt lat="47.693459" lon="17.718672">
        <ele>114.187824</ele>
        <time>2026-08-06T13:12:45.101Z</time>
      </trkpt>
      <trkpt lat="47.693609" lon="17.719141">
        <ele>114.248560</ele>
        <time>2026-08-06T13:12:53.034Z</time>
      </trkpt>
      <trkpt lat="47.694760" lon="17.722732">
        <ele>114.112288</ele>
        <time>2026-08-06T13:13:51.080Z</time>
      </trkpt>
      <trkpt lat="47.693609" lon="17.719141">
        <ele>114.269350</ele>
        <time>2026-08-06T13:14:52.206Z</time>
      </trkpt>
      <trkpt lat="47.694760" lon="17.722732">
        <ele>113.860910</ele>
        <time>2026-08-06T13:15:49.711Z</time>
      </trkpt>
      <trkpt lat="47.695647" lon="17.725501">
        <ele>113.292219</ele>
        <time>2026-08-06T13:16:33.333Z</time>
      </trkpt>
      <trkpt lat="47.695716" lon="17.725679">
        <ele>113.251658</ele>
        <time>2026-08-06T13:16:36.226Z</time>
      </trkpt>
      <trkpt lat="47.695872" lon="17.725944">
        <ele>113.182141</ele>
        <time>2026-08-06T13:16:41.189Z</time>
      </trkpt>
      <trkpt lat="47.696098" lon="17.726513">
        <ele>113.051681</ele>
        <time>2026-08-06T13:16:50.529Z</time>
      </trkpt>
      <trkpt lat="47.697807" lon="17.731680">
        <ele>112.572179</ele>
        <time>2026-08-06T13:18:14.643Z</time>
      </trkpt>
      <trkpt lat="47.698141" lon="17.732677">
        <ele>112.950127</ele>
        <time>2026-08-06T13:18:32.956Z</time>
      </trkpt>
      <trkpt lat="47.698183" lon="17.732715">
        <ele>112.976504</ele>
        <time>2026-08-06T13:18:34.110Z</time>
      </trkpt>
      <trkpt lat="47.698239" lon="17.732957">
        <ele>113.068887</ele>
        <time>2026-08-06T13:18:38.320Z</time>
      </trkpt>
      <trkpt lat="47.698172" lon="17.733061">
        <ele>113.120860</ele>
        <time>2026-08-06T13:18:40.714Z</time>
      </trkpt>
      <trkpt lat="47.698189" lon="17.733168">
        <ele>113.160549</ele>
        <time>2026-08-06T13:18:42.591Z</time>
      </trkpt>
      <trkpt lat="47.698218" lon="17.733204">
        <ele>113.180819</ele>
        <time>2026-08-06T13:18:43.546Z</time>
      </trkpt>
      <trkpt lat="47.698160" lon="17.733375">
        <ele>113.249947</ele>
        <time>2026-08-06T13:18:46.786Z</time>
      </trkpt>
      <trkpt lat="47.698087" lon="17.733466">
        <ele>113.301059</ele>
        <time>2026-08-06T13:18:49.140Z</time>
      </trkpt>
      <trkpt lat="47.697661" lon="17.733727">
        <ele>113.545991</ele>
        <time>2026-08-06T13:19:00.737Z</time>
      </trkpt>
      <trkpt lat="47.697192" lon="17.734046">
        <ele>113.777194</ele>
        <time>2026-08-06T13:19:13.355Z</time>
      </trkpt>
      <trkpt lat="47.693815" lon="17.736322">
        <ele>115.059252</ele>
        <time>2026-08-06T13:20:41.090Z</time>
      </trkpt>
      <trkpt lat="47.693775" lon="17.736192">
        <ele>115.073000</ele>
        <time>2026-08-06T13:20:43.338Z</time>
      </trkpt>
      <trkpt lat="47.690119" lon="17.738843">
        <ele>115.722325</ele>
        <time>2026-08-06T13:22:15.255Z</time>
      </trkpt>
      <trkpt lat="47.689730" lon="17.739184">
        <ele>115.812050</ele>
        <time>2026-08-06T13:22:25.219Z</time>
      </trkpt>
      <trkpt lat="47.690146" lon="17.739902">
        <ele>116.220287</ele>
        <time>2026-08-06T13:22:42.114Z</time>
      </trkpt>
      <trkpt lat="47.689751" lon="17.740323">
        <ele>116.585272</ele>
        <time>2026-08-06T13:22:54.972Z</time>
      </trkpt>
      <trkpt lat="47.689213" lon="17.740846">
        <ele>117.067984</ele>
        <time>2026-08-06T13:23:12.296Z</time>
      </trkpt>
      <trkpt lat="47.688603" lon="17.741386">
        <ele>116.955307</ele>
        <time>2026-08-06T13:23:28.836Z</time>
      </trkpt>
      <trkpt lat="47.688497" lon="17.741542">
        <ele>116.892291</ele>
        <time>2026-08-06T13:23:31.788Z</time>
      </trkpt>
      <trkpt lat="47.688480" lon="17.741701">
        <ele>116.846522</ele>
        <time>2026-08-06T13:23:33.902Z</time>
      </trkpt>
      <trkpt lat="47.688500" lon="17.741903">
        <ele>116.788477</ele>
        <time>2026-08-06T13:23:36.520Z</time>
      </trkpt>
      <trkpt lat="47.688649" lon="17.742893">
        <ele>116.500077</ele>
        <time>2026-08-06T13:23:49.433Z</time>
      </trkpt>
      <trkpt lat="47.688898" lon="17.744817">
        <ele>116.333513</ele>
        <time>2026-08-06T13:24:16.818Z</time>
      </trkpt>
      <trkpt lat="47.688961" lon="17.745303">
        <ele>116.306054</ele>
        <time>2026-08-06T13:24:24.999Z</time>
      </trkpt>
      <trkpt lat="47.689069" lon="17.746108">
        <ele>116.478547</ele>
        <time>2026-08-06T13:24:39.135Z</time>
      </trkpt>
      <trkpt lat="47.689570" lon="17.749692">
        <ele>118.384838</ele>
        <time>2026-08-06T13:25:42.560Z</time>
      </trkpt>
      <trkpt lat="47.689607" lon="17.749750">
        <ele>118.420020</ele>
        <time>2026-08-06T13:25:43.916Z</time>
      </trkpt>
      <trkpt lat="47.689592" lon="17.749801">
        <ele>118.444524</ele>
        <time>2026-08-06T13:25:44.831Z</time>
      </trkpt>
      <trkpt lat="47.689701" lon="17.750668">
        <ele>118.832848</ele>
        <time>2026-08-06T13:25:59.281Z</time>
      </trkpt>
      <trkpt lat="47.689622" lon="17.751350">
        <ele>118.963832</ele>
        <time>2026-08-06T13:26:10.210Z</time>
      </trkpt>
      <trkpt lat="47.689631" lon="17.751636">
        <ele>118.957706</ele>
        <time>2026-08-06T13:26:14.608Z</time>
      </trkpt>
      <trkpt lat="47.690182" lon="17.755896">
        <ele>118.663385</ele>
        <time>2026-08-06T13:27:17.705Z</time>
      </trkpt>
      <trkpt lat="47.690989" lon="17.762185">
        <ele>118.018138</ele>
        <time>2026-08-06T13:28:49.811Z</time>
      </trkpt>
      <trkpt lat="47.691097" lon="17.762902">
        <ele>118.278701</ele>
        <time>2026-08-06T13:29:02.020Z</time>
      </trkpt>
      <trkpt lat="47.691301" lon="17.763185">
        <ele>118.425752</ele>
        <time>2026-08-06T13:29:08.987Z</time>
      </trkpt>
      <trkpt lat="47.691329" lon="17.763270">
        <ele>118.459312</ele>
        <time>2026-08-06T13:29:10.590Z</time>
      </trkpt>
      <trkpt lat="47.691319" lon="17.763366">
        <ele>118.493763</ele>
        <time>2026-08-06T13:29:12.272Z</time>
      </trkpt>
      <trkpt lat="47.691257" lon="17.763432">
        <ele>118.533948</ele>
        <time>2026-08-06T13:29:14.207Z</time>
      </trkpt>
      <trkpt lat="47.690878" lon="17.763581">
        <ele>118.792513</ele>
        <time>2026-08-06T13:29:24.565Z</time>
      </trkpt>
      <trkpt lat="47.690830" lon="17.763716">
        <ele>118.946604</ele>
        <time>2026-08-06T13:29:27.338Z</time>
      </trkpt>
      <trkpt lat="47.690830" lon="17.763862">
        <ele>119.093958</ele>
        <time>2026-08-06T13:29:29.988Z</time>
      </trkpt>
      <trkpt lat="47.690994" lon="17.764292">
        <ele>119.592765</ele>
        <time>2026-08-06T13:29:39.188Z</time>
      </trkpt>
      <trkpt lat="47.691009" lon="17.764490">
        <ele>119.793862</ele>
        <time>2026-08-06T13:29:42.878Z</time>
      </trkpt>
      <trkpt lat="47.690972" lon="17.764682">
        <ele>119.995426</ele>
        <time>2026-08-06T13:29:46.600Z</time>
      </trkpt>
      <trkpt lat="47.689877" lon="17.765978">
        <ele>122.513907</ele>
        <time>2026-08-06T13:30:27.067Z</time>
      </trkpt>
      <trkpt lat="47.688654" lon="17.767045">
        <ele>125.917989</ele>
        <time>2026-08-06T13:31:14.107Z</time>
      </trkpt>
      <trkpt lat="47.688109" lon="17.767779">
        <ele>127.471240</ele>
        <time>2026-08-06T13:31:38.412Z</time>
      </trkpt>
      <trkpt lat="47.687365" lon="17.768970">
        <ele>129.672987</ele>
        <time>2026-08-06T13:32:10.402Z</time>
      </trkpt>
      <trkpt lat="47.686914" lon="17.769601">
        <ele>130.361028</ele>
        <time>2026-08-06T13:32:26.635Z</time>
      </trkpt>
      <trkpt lat="47.685441" lon="17.771909">
        <ele>132.884763</ele>
        <time>2026-08-06T13:33:22.700Z</time>
      </trkpt>
      <trkpt lat="47.684471" lon="17.773320">
        <ele>134.819504</ele>
        <time>2026-08-06T13:34:01.896Z</time>
      </trkpt>
      <trkpt lat="47.684325" lon="17.773625">
        <ele>135.230562</ele>
        <time>2026-08-06T13:34:09.227Z</time>
      </trkpt>
      <trkpt lat="47.684103" lon="17.774282">
        <ele>136.037993</ele>
        <time>2026-08-06T13:34:23.405Z</time>
      </trkpt>
      <trkpt lat="47.683191" lon="17.776109">
        <ele>138.664533</ele>
        <time>2026-08-06T13:35:06.794Z</time>
      </trkpt>
      <trkpt lat="47.680691" lon="17.780856">
        <ele>146.833205</ele>
        <time>2026-08-06T13:37:11.521Z</time>
      </trkpt>
      <trkpt lat="47.679645" lon="17.782980">
        <ele>149.561948</ele>
        <time>2026-08-06T13:38:02.247Z</time>
      </trkpt>
      <trkpt lat="47.678963" lon="17.784370">
        <ele>150.299668</ele>
        <time>2026-08-06T13:38:31.809Z</time>
      </trkpt>
      <trkpt lat="47.678332" lon="17.785493">
        <ele>150.625966</ele>
        <time>2026-08-06T13:38:53.425Z</time>
      </trkpt>
      <trkpt lat="47.678122" lon="17.785802">
        <ele>150.516332</ele>
        <time>2026-08-06T13:38:59.559Z</time>
      </trkpt>
      <trkpt lat="47.679571" lon="17.786836">
        <ele>149.952717</ele>
        <time>2026-08-06T13:39:56.587Z</time>
      </trkpt>
      <trkpt lat="47.679748" lon="17.787081">
        <ele>149.904206</ele>
        <time>2026-08-06T13:40:05.234Z</time>
      </trkpt>
      <trkpt lat="47.680145" lon="17.787741">
        <ele>149.784730</ele>
        <time>2026-08-06T13:40:26.418Z</time>
      </trkpt>
      <trkpt lat="47.680210" lon="17.787993">
        <ele>149.748300</ele>
        <time>2026-08-06T13:40:33.087Z</time>
      </trkpt>
      <trkpt lat="47.680196" lon="17.788229">
        <ele>149.716318</ele>
        <time>2026-08-06T13:40:38.992Z</time>
      </trkpt>
      <trkpt lat="47.679852" lon="17.788904">
        <ele>149.688419</ele>
        <time>2026-08-06T13:41:00.494Z</time>
      </trkpt>
      <trkpt lat="47.679637" lon="17.789296">
        <ele>149.827790</ele>
        <time>2026-08-06T13:41:08.513Z</time>
      </trkpt>
      <trkpt lat="47.679177" lon="17.790168">
        <ele>150.133154</ele>
        <time>2026-08-06T13:41:28.382Z</time>
      </trkpt>
      <trkpt lat="47.678613" lon="17.791470">
        <ele>150.555280</ele>
        <time>2026-08-06T13:41:56.201Z</time>
      </trkpt>
      <trkpt lat="47.677522" lon="17.793706">
        <ele>151.127808</ele>
        <time>2026-08-06T13:42:44.733Z</time>
      </trkpt>
      <trkpt lat="47.676887" lon="17.795144">
        <ele>151.219811</ele>
        <time>2026-08-06T13:43:13.597Z</time>
      </trkpt>
      <trkpt lat="47.675938" lon="17.797017">
        <ele>150.884379</ele>
        <time>2026-08-06T13:43:51.133Z</time>
      </trkpt>
      <trkpt lat="47.673883" lon="17.801460">
        <ele>150.122713</ele>
        <time>2026-08-06T13:45:16.947Z</time>
      </trkpt>
      <trkpt lat="47.671886" lon="17.807119">
        <ele>151.415113</ele>
        <time>2026-08-06T13:47:10.010Z</time>
      </trkpt>
      <trkpt lat="47.671490" lon="17.807940">
        <ele>151.419916</ele>
        <time>2026-08-06T13:47:26.875Z</time>
      </trkpt>
      <trkpt lat="47.670311" lon="17.810444">
        <ele>151.114071</ele>
        <time>2026-08-06T13:48:10.731Z</time>
      </trkpt>
      <trkpt lat="47.669730" lon="17.811630">
        <ele>150.891064</ele>
        <time>2026-08-06T13:48:32.035Z</time>
      </trkpt>
      <trkpt lat="47.668353" lon="17.814152">
        <ele>150.423171</ele>
        <time>2026-08-06T13:49:18.848Z</time>
      </trkpt>
      <trkpt lat="47.668520" lon="17.814480">
        <ele>150.366792</ele>
        <time>2026-08-06T13:49:25.020Z</time>
      </trkpt>
      <trkpt lat="47.668879" lon="17.815352">
        <ele>150.247292</ele>
        <time>2026-08-06T13:49:40.508Z</time>
      </trkpt>
      <trkpt lat="47.668861" lon="17.815444">
        <ele>150.248899</ele>
        <time>2026-08-06T13:49:41.978Z</time>
      </trkpt>
      <trkpt lat="47.668816" lon="17.815496">
        <ele>150.250320</ele>
        <time>2026-08-06T13:49:43.260Z</time>
      </trkpt>
      <trkpt lat="47.668533" lon="17.815545">
        <ele>150.257420</ele>
        <time>2026-08-06T13:49:49.512Z</time>
      </trkpt>
      <trkpt lat="47.668202" lon="17.815727">
        <ele>150.266216</ele>
        <time>2026-08-06T13:49:57.295Z</time>
      </trkpt>
      <trkpt lat="47.667178" lon="17.816619">
        <ele>150.229527</ele>
        <time>2026-08-06T13:50:24.297Z</time>
      </trkpt>
      <trkpt lat="47.666652" lon="17.817038">
        <ele>150.078360</ele>
        <time>2026-08-06T13:50:37.859Z</time>
      </trkpt>
      <trkpt lat="47.666346" lon="17.817210">
        <ele>149.995498</ele>
        <time>2026-08-06T13:50:44.993Z</time>
      </trkpt>
      <trkpt lat="47.665697" lon="17.817545">
        <ele>149.752100</ele>
        <time>2026-08-06T13:50:59.229Z</time>
      </trkpt>
      <trkpt lat="47.664267" lon="17.818360">
        <ele>147.271635</ele>
        <time>2026-08-06T13:51:27.222Z</time>
      </trkpt>
      <trkpt lat="47.663211" lon="17.818987">
        <ele>144.317793</ele>
        <time>2026-08-06T13:51:46.184Z</time>
      </trkpt>
      <trkpt lat="47.660686" lon="17.820417">
        <ele>136.522426</ele>
        <time>2026-08-06T13:52:30.648Z</time>
      </trkpt>
      <trkpt lat="47.660457" lon="17.820466">
        <ele>136.074639</ele>
        <time>2026-08-06T13:52:34.596Z</time>
      </trkpt>
      <trkpt lat="47.660172" lon="17.820451">
        <ele>135.522702</ele>
        <time>2026-08-06T13:52:39.543Z</time>
      </trkpt>
      <trkpt lat="47.659888" lon="17.820350">
        <ele>134.957499</ele>
        <time>2026-08-06T13:52:44.667Z</time>
      </trkpt>
      <trkpt lat="47.659414" lon="17.819983">
        <ele>133.922867</ele>
        <time>2026-08-06T13:52:54.275Z</time>
      </trkpt>
      <trkpt lat="47.656810" lon="17.817561">
        <ele>130.364184</ele>
        <time>2026-08-06T13:53:51.871Z</time>
      </trkpt>
      <trkpt lat="47.656606" lon="17.817417">
        <ele>130.254761</ele>
        <time>2026-08-06T13:53:56.694Z</time>
      </trkpt>
      <trkpt lat="47.656111" lon="17.817165">
        <ele>130.001267</ele>
        <time>2026-08-06T13:54:08.522Z</time>
      </trkpt>
      <trkpt lat="47.654841" lon="17.816531">
        <ele>130.056616</ele>
        <time>2026-08-06T13:54:41.435Z</time>
      </trkpt>
      <trkpt lat="47.654410" lon="17.816285">
        <ele>130.119406</ele>
        <time>2026-08-06T13:54:51.506Z</time>
      </trkpt>
      <trkpt lat="47.654350" lon="17.817447">
        <ele>129.663397</ele>
        <time>2026-08-06T13:55:07.012Z</time>
      </trkpt>
      <trkpt lat="47.654212" lon="17.818653">
        <ele>128.980803</ele>
        <time>2026-08-06T13:55:22.513Z</time>
      </trkpt>
      <trkpt lat="47.652681" lon="17.830673">
        <ele>124.778994</ele>
        <time>2026-08-06T13:58:11.924Z</time>
      </trkpt>
      <trkpt lat="47.652589" lon="17.831508">
        <ele>124.564602</ele>
        <time>2026-08-06T13:58:23.584Z</time>
      </trkpt>
      <trkpt lat="47.652533" lon="17.832310">
        <ele>124.360294</ele>
        <time>2026-08-06T13:58:35.125Z</time>
      </trkpt>
      <trkpt lat="47.652518" lon="17.834172">
        <ele>124.449554</ele>
        <time>2026-08-06T13:59:02.995Z</time>
      </trkpt>
      <trkpt lat="47.652515" lon="17.834485">
        <ele>124.466942</ele>
        <time>2026-08-06T13:59:07.850Z</time>
      </trkpt>
      <trkpt lat="47.652494" lon="17.837161">
        <ele>125.103592</ele>
        <time>2026-08-06T13:59:51.127Z</time>
      </trkpt>
      <trkpt lat="47.652526" lon="17.837778">
        <ele>125.251551</ele>
        <time>2026-08-06T14:00:01.421Z</time>
      </trkpt>
      <trkpt lat="47.652671" lon="17.839593">
        <ele>125.165792</ele>
        <time>2026-08-06T14:00:29.288Z</time>
      </trkpt>
      <trkpt lat="47.652741" lon="17.840767">
        <ele>124.984800</ele>
        <time>2026-08-06T14:00:45.237Z</time>
      </trkpt>
      <trkpt lat="47.652763" lon="17.841876">
        <ele>124.600953</ele>
        <time>2026-08-06T14:01:00.146Z</time>
      </trkpt>
      <trkpt lat="47.652683" lon="17.848850">
        <ele>123.036454</ele>
        <time>2026-08-06T14:02:40.340Z</time>
      </trkpt>
      <trkpt lat="47.652631" lon="17.852912">
        <ele>120.992274</ele>
        <time>2026-08-06T14:03:34.629Z</time>
      </trkpt>
      <trkpt lat="47.652571" lon="17.855404">
        <ele>120.301657</ele>
        <time>2026-08-06T14:04:06.375Z</time>
      </trkpt>
      <trkpt lat="47.652540" lon="17.856294">
        <ele>120.187574</ele>
        <time>2026-08-06T14:04:22.668Z</time>
      </trkpt>
      <trkpt lat="47.652536" lon="17.856472">
        <ele>120.294764</ele>
        <time>2026-08-06T14:04:26.286Z</time>
      </trkpt>
      <trkpt lat="47.652485" lon="17.858070">
        <ele>121.984040</ele>
        <time>2026-08-06T14:04:59.527Z</time>
      </trkpt>
      <trkpt lat="47.652484" lon="17.858143">
        <ele>122.061139</ele>
        <time>2026-08-06T14:05:00.909Z</time>
      </trkpt>
      <trkpt lat="47.652404" lon="17.860135">
        <ele>123.341459</ele>
        <time>2026-08-06T14:05:35.416Z</time>
      </trkpt>
      <trkpt lat="47.652353" lon="17.861105">
        <ele>123.642804</ele>
        <time>2026-08-06T14:05:50.597Z</time>
      </trkpt>
      <trkpt lat="47.652266" lon="17.861998">
        <ele>123.822297</ele>
        <time>2026-08-06T14:06:04.350Z</time>
      </trkpt>
      <trkpt lat="47.652111" lon="17.862990">
        <ele>123.812664</ele>
        <time>2026-08-06T14:06:19.516Z</time>
      </trkpt>
      <trkpt lat="47.651995" lon="17.863729">
        <ele>123.805487</ele>
        <time>2026-08-06T14:06:30.717Z</time>
      </trkpt>
      <trkpt lat="47.651617" lon="17.866322">
        <ele>123.906405</ele>
        <time>2026-08-06T14:07:10.493Z</time>
      </trkpt>
      <trkpt lat="47.651468" lon="17.867539">
        <ele>123.886433</ele>
        <time>2026-08-06T14:07:30.052Z</time>
      </trkpt>
      <trkpt lat="47.651410" lon="17.868393">
        <ele>123.818589</ele>
        <time>2026-08-06T14:07:42.842Z</time>
      </trkpt>
      <trkpt lat="47.651424" lon="17.869172">
        <ele>123.756994</ele>
        <time>2026-08-06T14:07:54.007Z</time>
      </trkpt>
      <trkpt lat="47.651552" lon="17.869812">
        <ele>123.674916</ele>
        <time>2026-08-06T14:08:03.243Z</time>
      </trkpt>
      <trkpt lat="47.651697" lon="17.870255">
        <ele>123.583557</ele>
        <time>2026-08-06T14:08:09.917Z</time>
      </trkpt>
      <trkpt lat="47.651760" lon="17.870433">
        <ele>123.546260</ele>
        <time>2026-08-06T14:08:12.579Z</time>
      </trkpt>
      <trkpt lat="47.652063" lon="17.871328">
        <ele>123.360461</ele>
        <time>2026-08-06T14:08:26.249Z</time>
      </trkpt>
      <trkpt lat="47.652120" lon="17.871516">
        <ele>123.322220</ele>
        <time>2026-08-06T14:08:29.363Z</time>
      </trkpt>
      <trkpt lat="47.652147" lon="17.871609">
        <ele>123.303436</ele>
        <time>2026-08-06T14:08:30.903Z</time>
      </trkpt>
      <trkpt lat="47.652281" lon="17.872052">
        <ele>123.294520</ele>
        <time>2026-08-06T14:08:38.610Z</time>
      </trkpt>
      <trkpt lat="47.652421" lon="17.872677">
        <ele>123.743501</ele>
        <time>2026-08-06T14:08:49.880Z</time>
      </trkpt>
      <trkpt lat="47.652646" lon="17.873956">
        <ele>124.644594</ele>
        <time>2026-08-06T14:09:14.894Z</time>
      </trkpt>
      <trkpt lat="47.652711" lon="17.874314">
        <ele>124.897339</ele>
        <time>2026-08-06T14:09:21.982Z</time>
      </trkpt>
      <trkpt lat="47.652916" lon="17.875324">
        <ele>125.080601</ele>
        <time>2026-08-06T14:09:39.912Z</time>
      </trkpt>
      <trkpt lat="47.653252" lon="17.876606">
        <ele>125.129949</ele>
        <time>2026-08-06T14:09:59.827Z</time>
      </trkpt>
      <trkpt lat="47.653677" lon="17.877947">
        <ele>124.643691</ele>
        <time>2026-08-06T14:10:19.537Z</time>
      </trkpt>
      <trkpt lat="47.653849" lon="17.878444">
        <ele>124.367421</ele>
        <time>2026-08-06T14:10:27.154Z</time>
      </trkpt>
      <trkpt lat="47.654001" lon="17.878931">
        <ele>124.102038</ele>
        <time>2026-08-06T14:10:34.377Z</time>
      </trkpt>
      <trkpt lat="47.654069" lon="17.879139">
        <ele>123.987723</ele>
        <time>2026-08-06T14:10:37.456Z</time>
      </trkpt>
      <trkpt lat="47.654804" lon="17.881252">
        <ele>122.883503</ele>
        <time>2026-08-06T14:11:09.045Z</time>
      </trkpt>
      <trkpt lat="47.655018" lon="17.881885">
        <ele>122.601179</ele>
        <time>2026-08-06T14:11:18.806Z</time>
      </trkpt>
      <trkpt lat="47.655215" lon="17.882525">
        <ele>122.615627</ele>
        <time>2026-08-06T14:11:28.935Z</time>
      </trkpt>
      <trkpt lat="47.655283" lon="17.882933">
        <ele>122.624257</ele>
        <time>2026-08-06T14:11:35.269Z</time>
      </trkpt>
      <trkpt lat="47.655304" lon="17.883228">
        <ele>122.630348</ele>
        <time>2026-08-06T14:11:39.823Z</time>
      </trkpt>
      <trkpt lat="47.655266" lon="17.883657">
        <ele>122.639232</ele>
        <time>2026-08-06T14:11:46.529Z</time>
      </trkpt>
      <trkpt lat="47.655180" lon="17.884031">
        <ele>122.647347</ele>
        <time>2026-08-06T14:11:52.808Z</time>
      </trkpt>
      <trkpt lat="47.655005" lon="17.884456">
        <ele>122.664826</ele>
        <time>2026-08-06T14:12:00.953Z</time>
      </trkpt>
      <trkpt lat="47.654277" lon="17.885732">
        <ele>122.772104</ele>
        <time>2026-08-06T14:12:27.142Z</time>
      </trkpt>
      <trkpt lat="47.654114" lon="17.886095">
        <ele>122.800092</ele>
        <time>2026-08-06T14:12:33.558Z</time>
      </trkpt>
      <trkpt lat="47.653818" lon="17.886977">
        <ele>122.699607</ele>
        <time>2026-08-06T14:12:47.504Z</time>
      </trkpt>
      <trkpt lat="47.653293" lon="17.889157">
        <ele>122.282840</ele>
        <time>2026-08-06T14:13:19.963Z</time>
      </trkpt>
      <trkpt lat="47.652824" lon="17.891566">
        <ele>122.590883</ele>
        <time>2026-08-06T14:13:59.171Z</time>
      </trkpt>
      <trkpt lat="47.652358" lon="17.895152">
        <ele>124.326812</ele>
        <time>2026-08-06T14:14:59.642Z</time>
      </trkpt>
      <trkpt lat="47.652097" lon="17.896941">
        <ele>125.605475</ele>
        <time>2026-08-06T14:15:34.290Z</time>
      </trkpt>
      <trkpt lat="47.651347" lon="17.902483">
        <ele>128.356854</ele>
        <time>2026-08-06T14:17:10.826Z</time>
      </trkpt>
      <trkpt lat="47.650966" lon="17.905111">
        <ele>127.970011</ele>
        <time>2026-08-06T14:17:49.784Z</time>
      </trkpt>
      <trkpt lat="47.650687" lon="17.906777">
        <ele>126.705219</ele>
        <time>2026-08-06T14:18:11.400Z</time>
      </trkpt>
      <trkpt lat="47.650452" lon="17.908028">
        <ele>126.031685</ele>
        <time>2026-08-06T14:18:27.229Z</time>
      </trkpt>
      <trkpt lat="47.650289" lon="17.908667">
        <ele>125.745551</ele>
        <time>2026-08-06T14:18:36.254Z</time>
      </trkpt>
      <trkpt lat="47.650131" lon="17.909219">
        <ele>125.494390</ele>
        <time>2026-08-06T14:18:44.931Z</time>
      </trkpt>
      <trkpt lat="47.649746" lon="17.910555">
        <ele>125.986251</ele>
        <time>2026-08-06T14:19:09.552Z</time>
      </trkpt>
      <trkpt lat="47.649496" lon="17.911389">
        <ele>126.653469</ele>
        <time>2026-08-06T14:19:27.339Z</time>
      </trkpt>
      <trkpt lat="47.649307" lon="17.912232">
        <ele>127.260257</ele>
        <time>2026-08-06T14:19:43.543Z</time>
      </trkpt>
      <trkpt lat="47.649149" lon="17.912811">
        <ele>127.415925</ele>
        <time>2026-08-06T14:19:54.302Z</time>
      </trkpt>
      <trkpt lat="47.648832" lon="17.913758">
        <ele>127.679434</ele>
        <time>2026-08-06T14:20:11.256Z</time>
      </trkpt>
      <trkpt lat="47.648638" lon="17.914209">
        <ele>127.812776</ele>
        <time>2026-08-06T14:20:19.181Z</time>
      </trkpt>
      <trkpt lat="47.647914" lon="17.915662">
        <ele>127.865846</ele>
        <time>2026-08-06T14:20:45.050Z</time>
      </trkpt>
      <trkpt lat="47.647887" lon="17.915745">
        <ele>127.863439</ele>
        <time>2026-08-06T14:20:46.423Z</time>
      </trkpt>
      <trkpt lat="47.647875" lon="17.915911">
        <ele>127.859079</ele>
        <time>2026-08-06T14:20:48.867Z</time>
      </trkpt>
      <trkpt lat="47.647920" lon="17.916091">
        <ele>127.854065</ele>
        <time>2026-08-06T14:20:51.725Z</time>
      </trkpt>
      <trkpt lat="47.648109" lon="17.916345">
        <ele>127.844182</ele>
        <time>2026-08-06T14:20:57.451Z</time>
      </trkpt>
      <trkpt lat="47.649398" lon="17.917995">
        <ele>128.446477</ele>
        <time>2026-08-06T14:21:37.893Z</time>
      </trkpt>
      <trkpt lat="47.649469" lon="17.918082">
        <ele>128.485798</ele>
        <time>2026-08-06T14:21:40.121Z</time>
      </trkpt>
      <trkpt lat="47.650562" lon="17.919505">
        <ele>129.236605</ele>
        <time>2026-08-06T14:22:16.610Z</time>
      </trkpt>
      <trkpt lat="47.651467" lon="17.920835">
        <ele>129.306109</ele>
        <time>2026-08-06T14:22:46.450Z</time>
      </trkpt>
      <trkpt lat="47.651543" lon="17.921016">
        <ele>129.248820</ele>
        <time>2026-08-06T14:22:49.356Z</time>
      </trkpt>
      <trkpt lat="47.651567" lon="17.921289">
        <ele>129.174868</ele>
        <time>2026-08-06T14:22:52.995Z</time>
      </trkpt>
      <trkpt lat="47.651535" lon="17.921450">
        <ele>129.129779</ele>
        <time>2026-08-06T14:22:55.154Z</time>
      </trkpt>
      <trkpt lat="47.652179" lon="17.923455">
        <ele>129.816336</ele>
        <time>2026-08-06T14:23:24.650Z</time>
      </trkpt>
      <trkpt lat="47.653030" lon="17.925937">
        <ele>133.661018</ele>
        <time>2026-08-06T14:24:27.669Z</time>
      </trkpt>
      <trkpt lat="47.653147" lon="17.926173">
        <ele>134.254995</ele>
        <time>2026-08-06T14:24:34.906Z</time>
      </trkpt>
      <trkpt lat="47.653323" lon="17.926308">
        <ele>134.851133</ele>
        <time>2026-08-06T14:24:42.158Z</time>
      </trkpt>
      <trkpt lat="47.654843" lon="17.926994">
        <ele>138.852353</ele>
        <time>2026-08-06T14:25:36.295Z</time>
      </trkpt>
      <trkpt lat="47.657923" lon="17.928323">
        <ele>144.089202</ele>
        <time>2026-08-06T14:27:03.803Z</time>
      </trkpt>
      <trkpt lat="47.663555" lon="17.930737">
        <ele>154.443597</ele>
        <time>2026-08-06T14:29:59.486Z</time>
      </trkpt>
      <trkpt lat="47.665081" lon="17.931400">
        <ele>155.674885</ele>
        <time>2026-08-06T14:30:38.822Z</time>
      </trkpt>
      <trkpt lat="47.665299" lon="17.931512">
        <ele>155.744075</ele>
        <time>2026-08-06T14:30:44.098Z</time>
      </trkpt>
      <trkpt lat="47.665400" lon="17.931642">
        <ele>155.784165</ele>
        <time>2026-08-06T14:30:47.137Z</time>
      </trkpt>
      <trkpt lat="47.665433" lon="17.931772">
        <ele>155.812228</ele>
        <time>2026-08-06T14:30:49.260Z</time>
      </trkpt>
      <trkpt lat="47.665682" lon="17.933982">
        <ele>155.652356</ele>
        <time>2026-08-06T14:31:21.708Z</time>
      </trkpt>
      <trkpt lat="47.665905" lon="17.936203">
        <ele>154.670734</ele>
        <time>2026-08-06T14:31:53.064Z</time>
      </trkpt>
      <trkpt lat="47.665948" lon="17.936540">
        <ele>154.442492</ele>
        <time>2026-08-06T14:31:57.714Z</time>
      </trkpt>
      <trkpt lat="47.666029" lon="17.936871">
        <ele>154.208142</ele>
        <time>2026-08-06T14:32:02.342Z</time>
      </trkpt>
      <trkpt lat="47.666328" lon="17.937480">
        <ele>153.706631</ele>
        <time>2026-08-06T14:32:11.850Z</time>
      </trkpt>
      <trkpt lat="47.668142" lon="17.940740">
        <ele>146.190063</ele>
        <time>2026-08-06T14:32:59.343Z</time>
      </trkpt>
      <trkpt lat="47.670050" lon="17.944599">
        <ele>139.256791</ele>
        <time>2026-08-06T14:33:53.706Z</time>
      </trkpt>
      <trkpt lat="47.670179" lon="17.944956">
        <ele>139.166138</ele>
        <time>2026-08-06T14:34:00.468Z</time>
      </trkpt>
      <trkpt lat="47.670345" lon="17.945561">
        <ele>139.019964</ele>
        <time>2026-08-06T14:34:12.849Z</time>
      </trkpt>
      <trkpt lat="47.670651" lon="17.946867">
        <ele>138.190572</ele>
        <time>2026-08-06T14:34:37.731Z</time>
      </trkpt>
      <trkpt lat="47.670780" lon="17.948926">
        <ele>136.200525</ele>
        <time>2026-08-06T14:35:01.650Z</time>
      </trkpt>
      <trkpt lat="47.670844" lon="17.949543">
        <ele>135.215822</ele>
        <time>2026-08-06T14:35:08.390Z</time>
      </trkpt>
      <trkpt lat="47.670978" lon="17.950310">
        <ele>133.965942</ele>
        <time>2026-08-06T14:35:17.328Z</time>
      </trkpt>
      <trkpt lat="47.671123" lon="17.950830">
        <ele>133.078182</ele>
        <time>2026-08-06T14:35:23.916Z</time>
      </trkpt>
      <trkpt lat="47.671329" lon="17.951455">
        <ele>132.134259</ele>
        <time>2026-08-06T14:35:32.563Z</time>
      </trkpt>
      <trkpt lat="47.676971" lon="17.967014">
        <ele>122.017611</ele>
        <time>2026-08-06T14:39:26.305Z</time>
      </trkpt>
      <trkpt lat="47.678424" lon="17.971008">
        <ele>120.372099</ele>
        <time>2026-08-06T14:40:28.581Z</time>
      </trkpt>
      <trkpt lat="47.678597" lon="17.971591">
        <ele>120.242787</ele>
        <time>2026-08-06T14:40:37.604Z</time>
      </trkpt>
      <trkpt lat="47.678546" lon="17.972013">
        <ele>120.155766</ele>
        <time>2026-08-06T14:40:43.780Z</time>
      </trkpt>
      <trkpt lat="47.678486" lon="17.972081">
        <ele>120.133015</ele>
        <time>2026-08-06T14:40:45.366Z</time>
      </trkpt>
      <trkpt lat="47.678434" lon="17.972228">
        <ele>120.099312</ele>
        <time>2026-08-06T14:40:47.935Z</time>
      </trkpt>
      <trkpt lat="47.678435" lon="17.972373">
        <ele>120.069880</ele>
        <time>2026-08-06T14:40:50.069Z</time>
      </trkpt>
      <trkpt lat="47.678493" lon="17.972527">
        <ele>120.034065</ele>
        <time>2026-08-06T14:40:52.724Z</time>
      </trkpt>
      <trkpt lat="47.678559" lon="17.972593">
        <ele>120.051970</ele>
        <time>2026-08-06T14:40:54.653Z</time>
      </trkpt>
      <trkpt lat="47.678637" lon="17.972619">
        <ele>120.073901</ele>
        <time>2026-08-06T14:40:56.392Z</time>
      </trkpt>
      <trkpt lat="47.678716" lon="17.972601">
        <ele>120.095826</ele>
        <time>2026-08-06T14:40:58.340Z</time>
      </trkpt>
      <trkpt lat="47.678923" lon="17.972717">
        <ele>120.156521</ele>
        <time>2026-08-06T14:41:03.455Z</time>
      </trkpt>
      <trkpt lat="47.679240" lon="17.973059">
        <ele>120.264006</ele>
        <time>2026-08-06T14:41:13.199Z</time>
      </trkpt>
      <trkpt lat="47.679458" lon="17.973339">
        <ele>120.343071</ele>
        <time>2026-08-06T14:41:20.728Z</time>
      </trkpt>
      <trkpt lat="47.679698" lon="17.973576">
        <ele>120.422135</ele>
        <time>2026-08-06T14:41:27.374Z</time>
      </trkpt>
      <trkpt lat="47.679989" lon="17.973733">
        <ele>120.507070</ele>
        <time>2026-08-06T14:41:34.178Z</time>
      </trkpt>
      <trkpt lat="47.680324" lon="17.973798">
        <ele>120.466016</ele>
        <time>2026-08-06T14:41:41.335Z</time>
      </trkpt>
      <trkpt lat="47.680708" lon="17.973766">
        <ele>120.381643</ele>
        <time>2026-08-06T14:41:49.310Z</time>
      </trkpt>
      <trkpt lat="47.681198" lon="17.973665">
        <ele>120.273119</ele>
        <time>2026-08-06T14:41:59.756Z</time>
      </trkpt>
      <trkpt lat="47.681550" lon="17.973610">
        <ele>120.195472</ele>
        <time>2026-08-06T14:42:07.339Z</time>
      </trkpt>
      <trkpt lat="47.681941" lon="17.973688">
        <ele>120.126805</ele>
        <time>2026-08-06T14:42:16.001Z</time>
      </trkpt>
      <trkpt lat="47.682202" lon="17.973847">
        <ele>120.115359</ele>
        <time>2026-08-06T14:42:22.341Z</time>
      </trkpt>
      <trkpt lat="47.682486" lon="17.974157">
        <ele>120.101060</ele>
        <time>2026-08-06T14:42:30.166Z</time>
      </trkpt>
      <trkpt lat="47.682729" lon="17.974623">
        <ele>120.084959</ele>
        <time>2026-08-06T14:42:38.931Z</time>
      </trkpt>
      <trkpt lat="47.682846" lon="17.975000">
        <ele>120.073620</ele>
        <time>2026-08-06T14:42:45.173Z</time>
      </trkpt>
      <trkpt lat="47.682921" lon="17.975546">
        <ele>120.058399</ele>
        <time>2026-08-06T14:42:53.438Z</time>
      </trkpt>
      <trkpt lat="47.682928" lon="17.976058">
        <ele>120.024512</ele>
        <time>2026-08-06T14:43:00.933Z</time>
      </trkpt>
      <trkpt lat="47.682926" lon="17.976633">
        <ele>119.985612</ele>
        <time>2026-08-06T14:43:09.354Z</time>
      </trkpt>
      <trkpt lat="47.682952" lon="17.979315">
        <ele>119.575393</ele>
        <time>2026-08-06T14:43:48.859Z</time>
      </trkpt>
      <trkpt lat="47.682993" lon="17.980189">
        <ele>119.330367</ele>
        <time>2026-08-06T14:44:00.842Z</time>
      </trkpt>
      <trkpt lat="47.683196" lon="17.981215">
        <ele>119.028609</ele>
        <time>2026-08-06T14:44:15.175Z</time>
      </trkpt>
      <trkpt lat="47.683380" lon="17.981694">
        <ele>118.870183</ele>
        <time>2026-08-06T14:44:22.495Z</time>
      </trkpt>
      <trkpt lat="47.685103" lon="17.985352">
        <ele>118.078427</ele>
        <time>2026-08-06T14:45:26.823Z</time>
      </trkpt>
      <trkpt lat="47.685197" lon="17.985353">
        <ele>118.074504</ele>
        <time>2026-08-06T14:45:29.766Z</time>
      </trkpt>
      <trkpt lat="47.685348" lon="17.985298">
        <ele>118.068016</ele>
        <time>2026-08-06T14:45:34.564Z</time>
      </trkpt>
      <trkpt lat="47.687185" lon="17.989180">
        <ele>117.843340</ele>
        <time>2026-08-06T14:47:07.316Z</time>
      </trkpt>
      <trkpt lat="47.687228" lon="17.989321">
        <ele>117.833264</ele>
        <time>2026-08-06T14:47:10.098Z</time>
      </trkpt>
      <trkpt lat="47.687230" lon="17.989402">
        <ele>117.831739</ele>
        <time>2026-08-06T14:47:11.608Z</time>
      </trkpt>
      <trkpt lat="47.687213" lon="17.989476">
        <ele>117.835472</ele>
        <time>2026-08-06T14:47:13.014Z</time>
      </trkpt>
      <trkpt lat="47.687117" lon="17.989591">
        <ele>117.844217</ele>
        <time>2026-08-06T14:47:16.383Z</time>
      </trkpt>
      <trkpt lat="47.688871" lon="17.993397">
        <ele>118.106954</ele>
        <time>2026-08-06T14:48:27.436Z</time>
      </trkpt>
      <trkpt lat="47.689107" lon="17.993910">
        <ele>118.107631</ele>
        <time>2026-08-06T14:48:37.000Z</time>
      </trkpt>
      <trkpt lat="47.691180" lon="17.998130">
        <ele>117.221467</ele>
        <time>2026-08-06T14:49:51.511Z</time>
      </trkpt>
      <trkpt lat="47.692307" lon="18.000495">
        <ele>116.984291</ele>
        <time>2026-08-06T14:50:33.450Z</time>
      </trkpt>
      <trkpt lat="47.692665" lon="18.001252">
        <ele>117.136005</ele>
        <time>2026-08-06T14:50:48.439Z</time>
      </trkpt>
      <trkpt lat="47.692701" lon="18.001323">
        <ele>117.150582</ele>
        <time>2026-08-06T14:50:49.906Z</time>
      </trkpt>
      <trkpt lat="47.693389" lon="18.002799">
        <ele>117.433018</ele>
        <time>2026-08-06T14:51:17.946Z</time>
      </trkpt>
      <trkpt lat="47.693503" lon="18.002998">
        <ele>117.468552</ele>
        <time>2026-08-06T14:51:21.724Z</time>
      </trkpt>
      <trkpt lat="47.693772" lon="18.003255">
        <ele>117.533163</ele>
        <time>2026-08-06T14:51:28.751Z</time>
      </trkpt>
      <trkpt lat="47.695180" lon="18.004073">
        <ele>117.883036</ele>
        <time>2026-08-06T14:52:04.349Z</time>
      </trkpt>
      <trkpt lat="47.695901" lon="18.004500">
        <ele>118.109297</ele>
        <time>2026-08-06T14:52:22.960Z</time>
      </trkpt>
      <trkpt lat="47.697254" lon="18.005299">
        <ele>118.137696</ele>
        <time>2026-08-06T14:52:56.139Z</time>
      </trkpt>
      <trkpt lat="47.698539" lon="18.006053">
        <ele>117.851552</ele>
        <time>2026-08-06T14:53:24.802Z</time>
      </trkpt>
      <trkpt lat="47.699131" lon="18.006395">
        <ele>117.641652</ele>
        <time>2026-08-06T14:53:37.904Z</time>
      </trkpt>
      <trkpt lat="47.699231" lon="18.006427">
        <ele>117.607848</ele>
        <time>2026-08-06T14:53:40.037Z</time>
      </trkpt>
      <trkpt lat="47.700661" lon="18.006364">
        <ele>117.527365</ele>
        <time>2026-08-06T14:54:10.938Z</time>
      </trkpt>
      <trkpt lat="47.700872" lon="18.006401">
        <ele>117.551587</ele>
        <time>2026-08-06T14:54:15.786Z</time>
      </trkpt>
      <trkpt lat="47.701088" lon="18.006495">
        <ele>117.577247</ele>
        <time>2026-08-06T14:54:20.953Z</time>
      </trkpt>
      <trkpt lat="47.701639" lon="18.006758">
        <ele>117.729085</ele>
        <time>2026-08-06T14:54:34.856Z</time>
      </trkpt>
      <trkpt lat="47.702200" lon="18.007069">
        <ele>118.310332</ele>
        <time>2026-08-06T14:54:50.107Z</time>
      </trkpt>
      <trkpt lat="47.703013" lon="18.007592">
        <ele>119.170322</ele>
        <time>2026-08-06T14:55:13.484Z</time>
      </trkpt>
      <trkpt lat="47.703427" lon="18.007991">
        <ele>119.742567</ele>
        <time>2026-08-06T14:55:27.320Z</time>
      </trkpt>
      <trkpt lat="47.703942" lon="18.008492">
        <ele>120.545270</ele>
        <time>2026-08-06T14:55:45.150Z</time>
      </trkpt>
      <trkpt lat="47.704636" lon="18.009176">
        <ele>121.631249</ele>
        <time>2026-08-06T14:56:08.547Z</time>
      </trkpt>
      <trkpt lat="47.704677" lon="18.009216">
        <ele>121.695208</ele>
        <time>2026-08-06T14:56:09.825Z</time>
      </trkpt>
      <trkpt lat="47.704909" lon="18.009568">
        <ele>121.583119</ele>
        <time>2026-08-06T14:56:18.093Z</time>
      </trkpt>
      <trkpt lat="47.705511" lon="18.010899">
        <ele>121.095054</ele>
        <time>2026-08-06T14:56:39.786Z</time>
      </trkpt>
      <trkpt lat="47.705540" lon="18.010959">
        <ele>121.072572</ele>
        <time>2026-08-06T14:56:40.685Z</time>
      </trkpt>
      <trkpt lat="47.705801" lon="18.011347">
        <ele>120.900273</ele>
        <time>2026-08-06T14:56:47.492Z</time>
      </trkpt>
      <trkpt lat="47.706102" lon="18.011684">
        <ele>120.517069</ele>
        <time>2026-08-06T14:56:54.505Z</time>
      </trkpt>
      <trkpt lat="47.707832" lon="18.013559">
        <ele>118.443300</ele>
        <time>2026-08-06T14:57:36.225Z</time>
      </trkpt>
      <trkpt lat="47.708638" lon="18.014403">
        <ele>117.580674</ele>
        <time>2026-08-06T14:57:55.450Z</time>
      </trkpt>
      <trkpt lat="47.708821" lon="18.014576">
        <ele>117.481463</ele>
        <time>2026-08-06T14:57:59.755Z</time>
      </trkpt>
      <trkpt lat="47.709123" lon="18.014838">
        <ele>117.413315</ele>
        <time>2026-08-06T14:58:06.814Z</time>
      </trkpt>
      <trkpt lat="47.709393" lon="18.015066">
        <ele>117.352797</ele>
        <time>2026-08-06T14:58:13.320Z</time>
      </trkpt>
      <trkpt lat="47.710083" lon="18.015584">
        <ele>117.202148</ele>
        <time>2026-08-06T14:58:30.678Z</time>
      </trkpt>
      <trkpt lat="47.710626" lon="18.015984">
        <ele>117.170305</ele>
        <time>2026-08-06T14:58:44.811Z</time>
      </trkpt>
      <trkpt lat="47.710882" lon="18.016175">
        <ele>117.180581</ele>
        <time>2026-08-06T14:58:51.502Z</time>
      </trkpt>
      <trkpt lat="47.711146" lon="18.016334">
        <ele>117.190801</ele>
        <time>2026-08-06T14:58:58.096Z</time>
      </trkpt>
      <trkpt lat="47.711764" lon="18.016505">
        <ele>117.213354</ele>
        <time>2026-08-06T14:59:12.123Z</time>
      </trkpt>
      <trkpt lat="47.713130" lon="18.016783">
        <ele>116.333346</ele>
        <time>2026-08-06T14:59:40.596Z</time>
      </trkpt>
      <trkpt lat="47.714347" lon="18.017061">
        <ele>115.224485</ele>
        <time>2026-08-06T15:00:03.550Z</time>
      </trkpt>
      <trkpt lat="47.714493" lon="18.017172">
        <ele>115.053197</ele>
        <time>2026-08-06T15:00:06.515Z</time>
      </trkpt>
      <trkpt lat="47.714618" lon="18.017323">
        <ele>114.884951</ele>
        <time>2026-08-06T15:00:09.474Z</time>
      </trkpt>
      <trkpt lat="47.714638" lon="18.017353">
        <ele>114.855271</ele>
        <time>2026-08-06T15:00:09.986Z</time>
      </trkpt>
      <trkpt lat="47.714770" lon="18.017513">
        <ele>114.677362</ele>
        <time>2026-08-06T15:00:13.167Z</time>
      </trkpt>
      <trkpt lat="47.715196" lon="18.018024">
        <ele>114.105577</ele>
        <time>2026-08-06T15:00:23.809Z</time>
      </trkpt>
      <trkpt lat="47.715928" lon="18.018937">
        <ele>114.573876</ele>
        <time>2026-08-06T15:00:45.040Z</time>
      </trkpt>
      <trkpt lat="47.716090" lon="18.019173">
        <ele>114.745237</ele>
        <time>2026-08-06T15:00:51.074Z</time>
      </trkpt>
      <trkpt lat="47.716183" lon="18.019426">
        <ele>114.891767</ele>
        <time>2026-08-06T15:00:56.453Z</time>
      </trkpt>
      <trkpt lat="47.716194" lon="18.019807">
        <ele>115.085592</ele>
        <time>2026-08-06T15:01:03.738Z</time>
      </trkpt>
      <trkpt lat="47.716178" lon="18.020122">
        <ele>115.246149</ele>
        <time>2026-08-06T15:01:09.926Z</time>
      </trkpt>
      <trkpt lat="47.716092" lon="18.021796">
        <ele>117.111359</ele>
        <time>2026-08-06T15:01:43.532Z</time>
      </trkpt>
      <trkpt lat="47.716103" lon="18.021896">
        <ele>117.229479</ele>
        <time>2026-08-06T15:01:45.643Z</time>
      </trkpt>
      <trkpt lat="47.715982" lon="18.024162">
        <ele>119.367948</ele>
        <time>2026-08-06T15:02:29.077Z</time>
      </trkpt>
      <trkpt lat="47.715915" lon="18.025407">
        <ele>120.308945</ele>
        <time>2026-08-06T15:02:51.336Z</time>
      </trkpt>
      <trkpt lat="47.715908" lon="18.026135">
        <ele>120.287759</ele>
        <time>2026-08-06T15:03:02.865Z</time>
      </trkpt>
      <trkpt lat="47.716028" lon="18.028091">
        <ele>119.710300</ele>
        <time>2026-08-06T15:03:29.127Z</time>
      </trkpt>
      <trkpt lat="47.716092" lon="18.028758">
        <ele>119.453202</ele>
        <time>2026-08-06T15:03:37.864Z</time>
      </trkpt>
      <trkpt lat="47.716178" lon="18.030008">
        <ele>118.937945</ele>
        <time>2026-08-06T15:03:55.116Z</time>
      </trkpt>
      <trkpt lat="47.716325" lon="18.031948">
        <ele>118.061668</ele>
        <time>2026-08-06T15:04:22.300Z</time>
      </trkpt>
      <trkpt lat="47.716458" lon="18.033854">
        <ele>117.215245</ele>
        <time>2026-08-06T15:04:47.271Z</time>
      </trkpt>
      <trkpt lat="47.716574" lon="18.035238">
        <ele>116.923253</ele>
        <time>2026-08-06T15:05:06.828Z</time>
      </trkpt>
      <trkpt lat="47.716611" lon="18.035715">
        <ele>116.822728</ele>
        <time>2026-08-06T15:05:14.164Z</time>
      </trkpt>
      <trkpt lat="47.716733" lon="18.037763">
        <ele>116.716138</ele>
        <time>2026-08-06T15:06:05.871Z</time>
      </trkpt>
      <trkpt lat="47.716817" lon="18.038211">
        <ele>116.716305</ele>
        <time>2026-08-06T15:06:17.448Z</time>
      </trkpt>
      <trkpt lat="47.717043" lon="18.038919">
        <ele>116.711565</ele>
        <time>2026-08-06T15:06:36.797Z</time>
      </trkpt>
      <trkpt lat="47.717628" lon="18.041179">
        <ele>116.610730</ele>
        <time>2026-08-06T15:07:36.232Z</time>
      </trkpt>
      <trkpt lat="47.718361" lon="18.043359">
        <ele>117.063004</ele>
        <time>2026-08-06T15:08:39.224Z</time>
      </trkpt>
      <trkpt lat="47.719066" lon="18.046002">
        <ele>117.878978</ele>
        <time>2026-08-06T15:09:53.381Z</time>
      </trkpt>
      <trkpt lat="47.719603" lon="18.049350">
        <ele>118.705595</ele>
        <time>2026-08-06T15:11:23.090Z</time>
      </trkpt>
      <trkpt lat="47.719909" lon="18.051023">
        <ele>118.920451</ele>
        <time>2026-08-06T15:12:07.213Z</time>
      </trkpt>
      <trkpt lat="47.720182" lon="18.052138">
        <ele>118.797423</ele>
        <time>2026-08-06T15:12:36.566Z</time>
      </trkpt>
      <trkpt lat="47.720295" lon="18.052470">
        <ele>118.720391</ele>
        <time>2026-08-06T15:12:45.615Z</time>
      </trkpt>
      <trkpt lat="47.720517" lon="18.052738">
        <ele>118.632379</ele>
        <time>2026-08-06T15:12:55.919Z</time>
      </trkpt>
      <trkpt lat="47.724791" lon="18.055378">
        <ele>116.416525</ele>
        <time>2026-08-06T15:15:38.385Z</time>
      </trkpt>
      <trkpt lat="47.724978" lon="18.055460">
        <ele>116.372418</ele>
        <time>2026-08-06T15:15:45.380Z</time>
      </trkpt>
      <trkpt lat="47.728957" lon="18.056987">
        <ele>115.401490</ele>
        <time>2026-08-06T15:18:14.673Z</time>
      </trkpt>
      <trkpt lat="47.729236" lon="18.057172">
        <ele>115.320085</ele>
        <time>2026-08-06T15:18:25.613Z</time>
      </trkpt>
      <trkpt lat="47.729340" lon="18.057297">
        <ele>115.284449</ele>
        <time>2026-08-06T15:18:30.384Z</time>
      </trkpt>
      <trkpt lat="47.729538" lon="18.057651">
        <ele>115.201928</ele>
        <time>2026-08-06T15:18:41.400Z</time>
      </trkpt>
      <trkpt lat="47.730519" lon="18.059545">
        <ele>114.681584</ele>
        <time>2026-08-06T15:19:38.692Z</time>
      </trkpt>
      <trkpt lat="47.730660" lon="18.060079">
        <ele>114.616002</ele>
        <time>2026-08-06T15:19:52.703Z</time>
      </trkpt>
      <trkpt lat="47.732245" lon="18.064016">
        <ele>115.034873</ele>
        <time>2026-08-06T15:21:48.325Z</time>
      </trkpt>
      <trkpt lat="47.732245" lon="18.064016">
        <ele>115.034873</ele>
        <time>2026-08-06T15:21:48.330Z</time>
      </trkpt>
      <trkpt lat="47.732684" lon="18.063862">
        <ele>115.213633</ele>
        <time>2026-08-06T15:21:59.994Z</time>
      </trkpt>
      <trkpt lat="47.733122" lon="18.063708">
        <ele>115.584367</ele>
        <time>2026-08-06T15:22:11.635Z</time>
      </trkpt>
      <trkpt lat="47.733424" lon="18.063448">
        <ele>115.871820</ele>
        <time>2026-08-06T15:22:20.874Z</time>
      </trkpt>
      <trkpt lat="47.734974" lon="18.061830">
        <ele>116.927169</ele>
        <time>2026-08-06T15:23:08.938Z</time>
      </trkpt>
      <trkpt lat="47.735777" lon="18.060982">
        <ele>117.119270</ele>
        <time>2026-08-06T15:23:30.363Z</time>
      </trkpt>
      <trkpt lat="47.736756" lon="18.059959">
        <ele>116.723413</ele>
        <time>2026-08-06T15:23:54.587Z</time>
      </trkpt>
      <trkpt lat="47.737207" lon="18.059457">
        <ele>116.666272</ele>
        <time>2026-08-06T15:24:06.595Z</time>
      </trkpt>
      <trkpt lat="47.739360" lon="18.057181">
        <ele>118.235937</ele>
        <time>2026-08-06T15:25:12.520Z</time>
      </trkpt>
      <trkpt lat="47.740751" lon="18.055712">
        <ele>119.293984</ele>
        <time>2026-08-06T15:25:55.697Z</time>
      </trkpt>
      <trkpt lat="47.740832" lon="18.055654">
        <ele>119.341942</ele>
        <time>2026-08-06T15:25:57.830Z</time>
      </trkpt>
      <trkpt lat="47.740913" lon="18.055593">
        <ele>119.390376</ele>
        <time>2026-08-06T15:25:59.970Z</time>
      </trkpt>
      <trkpt lat="47.741087" lon="18.055501">
        <ele>119.488888</ele>
        <time>2026-08-06T15:26:04.320Z</time>
      </trkpt>
      <trkpt lat="47.741773" lon="18.055426">
        <ele>119.858874</ele>
        <time>2026-08-06T15:26:20.314Z</time>
      </trkpt>
      <trkpt lat="47.742687" lon="18.055276">
        <ele>120.367301</ele>
        <time>2026-08-06T15:26:42.623Z</time>
      </trkpt>
      <trkpt lat="47.742828" lon="18.055250">
        <ele>120.445858</ele>
        <time>2026-08-06T15:26:46.204Z</time>
      </trkpt>
      <trkpt lat="47.742902" lon="18.055242">
        <ele>120.486882</ele>
        <time>2026-08-06T15:26:48.113Z</time>
      </trkpt>
      <trkpt lat="47.743535" lon="18.055193">
        <ele>120.836471</ele>
        <time>2026-08-06T15:27:04.326Z</time>
      </trkpt>
      <trkpt lat="47.743667" lon="18.055194">
        <ele>120.908552</ele>
        <time>2026-08-06T15:27:07.680Z</time>
      </trkpt>
      <trkpt lat="47.745885" lon="18.055400">
        <ele>121.680556</ele>
        <time>2026-08-06T15:28:01.200Z</time>
      </trkpt>
      <trkpt lat="47.747287" lon="18.055430">
        <ele>121.487102</ele>
        <time>2026-08-06T15:28:29.972Z</time>
      </trkpt>
      <trkpt lat="47.748888" lon="18.055519">
        <ele>121.050801</ele>
        <time>2026-08-06T15:29:04.263Z</time>
      </trkpt>
      <trkpt lat="47.750193" lon="18.055551">
        <ele>121.003292</ele>
        <time>2026-08-06T15:29:32.761Z</time>
      </trkpt>
      <trkpt lat="47.750268" lon="18.057098">
        <ele>120.928718</ele>
        <time>2026-08-06T15:29:56.787Z</time>
      </trkpt>
      <trkpt lat="47.750263" lon="18.057908">
        <ele>120.877738</ele>
        <time>2026-08-06T15:30:08.755Z</time>
      </trkpt>
      <trkpt lat="47.750205" lon="18.058698">
        <ele>120.827724</ele>
        <time>2026-08-06T15:30:19.984Z</time>
      </trkpt>
      <trkpt lat="47.750155" lon="18.059179">
        <ele>120.814633</ele>
        <time>2026-08-06T15:30:26.753Z</time>
      </trkpt>
      <trkpt lat="47.750131" lon="18.059356">
        <ele>120.811868</ele>
        <time>2026-08-06T15:30:29.296Z</time>
      </trkpt>
      <trkpt lat="47.749935" lon="18.060780">
        <ele>120.789609</ele>
        <time>2026-08-06T15:30:51.288Z</time>
      </trkpt>
      <trkpt lat="47.749782" lon="18.061780">
        <ele>120.720337</ele>
        <time>2026-08-06T15:31:07.357Z</time>
      </trkpt>
      <trkpt lat="47.749512" lon="18.063396">
        <ele>120.442067</ele>
        <time>2026-08-06T15:31:31.164Z</time>
      </trkpt>
      <trkpt lat="47.749245" lon="18.064790">
        <ele>120.248769</ele>
        <time>2026-08-06T15:31:50.874Z</time>
      </trkpt>
      <trkpt lat="47.748527" lon="18.068370">
        <ele>120.439998</ele>
        <time>2026-08-06T15:32:47.173Z</time>
      </trkpt>
      <trkpt lat="47.748202" lon="18.069983">
        <ele>120.914081</ele>
        <time>2026-08-06T15:33:16.204Z</time>
      </trkpt>
      <trkpt lat="47.748176" lon="18.070115">
        <ele>120.962158</ele>
        <time>2026-08-06T15:33:18.622Z</time>
      </trkpt>
      <trkpt lat="47.747839" lon="18.071700">
        <ele>121.543200</ele>
        <time>2026-08-06T15:33:45.715Z</time>
      </trkpt>
      <trkpt lat="47.747342" lon="18.074133">
        <ele>121.128483</ele>
        <time>2026-08-06T15:34:22.140Z</time>
      </trkpt>
      <trkpt lat="47.747229" lon="18.074053">
        <ele>121.077932</ele>
        <time>2026-08-06T15:34:24.758Z</time>
      </trkpt>
      <trkpt lat="47.747213" lon="18.074164">
        <ele>121.004473</ele>
        <time>2026-08-06T15:34:26.259Z</time>
      </trkpt>
      <trkpt lat="47.747218" lon="18.074502">
        <ele>120.785705</ele>
        <time>2026-08-06T15:34:30.745Z</time>
      </trkpt>
      <trkpt lat="47.747256" lon="18.074892">
        <ele>120.530705</ele>
        <time>2026-08-06T15:34:35.881Z</time>
      </trkpt>
      <trkpt lat="47.747311" lon="18.075118">
        <ele>120.375180</ele>
        <time>2026-08-06T15:34:39.008Z</time>
      </trkpt>
      <trkpt lat="47.747387" lon="18.075305">
        <ele>120.233789</ele>
        <time>2026-08-06T15:34:41.841Z</time>
      </trkpt>
      <trkpt lat="47.747464" lon="18.075424">
        <ele>120.126922</ele>
        <time>2026-08-06T15:34:43.973Z</time>
      </trkpt>
      <trkpt lat="47.747977" lon="18.075864">
        <ele>119.557020</ele>
        <time>2026-08-06T15:34:55.082Z</time>
      </trkpt>
      <trkpt lat="47.748137" lon="18.076131">
        <ele>119.363695</ele>
        <time>2026-08-06T15:34:59.580Z</time>
      </trkpt>
      <trkpt lat="47.748211" lon="18.076367">
        <ele>119.329223</ele>
        <time>2026-08-06T15:35:02.913Z</time>
      </trkpt>
      <trkpt lat="47.748286" lon="18.077486">
        <ele>119.180354</ele>
        <time>2026-08-06T15:35:18.305Z</time>
      </trkpt>
      <trkpt lat="47.748360" lon="18.078129">
        <ele>119.093995</ele>
        <time>2026-08-06T15:35:28.423Z</time>
      </trkpt>
      <trkpt lat="47.748632" lon="18.079687">
        <ele>119.112764</ele>
        <time>2026-08-06T15:35:55.718Z</time>
      </trkpt>
      <trkpt lat="47.748683" lon="18.080119">
        <ele>119.151924</ele>
        <time>2026-08-06T15:36:02.986Z</time>
      </trkpt>
      <trkpt lat="47.748709" lon="18.081611">
        <ele>118.962706</ele>
        <time>2026-08-06T15:36:24.199Z</time>
      </trkpt>
      <trkpt lat="47.748702" lon="18.082060">
        <ele>118.523341</ele>
        <time>2026-08-06T15:36:29.771Z</time>
      </trkpt>
      <trkpt lat="47.748624" lon="18.083215">
        <ele>117.387744</ele>
        <time>2026-08-06T15:36:43.381Z</time>
      </trkpt>
      <trkpt lat="47.748615" lon="18.084460">
        <ele>116.671267</ele>
        <time>2026-08-06T15:36:58.666Z</time>
      </trkpt>
      <trkpt lat="47.748630" lon="18.084796">
        <ele>116.692207</ele>
        <time>2026-08-06T15:37:03.228Z</time>
      </trkpt>
      <trkpt lat="47.748825" lon="18.086519">
        <ele>116.800856</ele>
        <time>2026-08-06T15:37:32.894Z</time>
      </trkpt>
      <trkpt lat="47.748840" lon="18.087041">
        <ele>116.821106</ele>
        <time>2026-08-06T15:37:42.404Z</time>
      </trkpt>
      <trkpt lat="47.748947" lon="18.087352">
        <ele>116.832488</ele>
        <time>2026-08-06T15:37:48.351Z</time>
      </trkpt>
      <trkpt lat="47.749003" lon="18.087626">
        <ele>116.841818</ele>
        <time>2026-08-06T15:37:53.006Z</time>
      </trkpt>
      <trkpt lat="47.749052" lon="18.088058">
        <ele>116.856092</ele>
        <time>2026-08-06T15:37:59.716Z</time>
      </trkpt>
      <trkpt lat="47.749016" lon="18.088303">
        <ele>116.864262</ele>
        <time>2026-08-06T15:38:03.319Z</time>
      </trkpt>
      <trkpt lat="47.748969" lon="18.088410">
        <ele>116.868426</ele>
        <time>2026-08-06T15:38:05.119Z</time>
      </trkpt>
      <trkpt lat="47.748832" lon="18.088533">
        <ele>116.876181</ele>
        <time>2026-08-06T15:38:08.429Z</time>
      </trkpt>
      <trkpt lat="47.748470" lon="18.088664">
        <ele>116.894233</ele>
        <time>2026-08-06T15:38:15.829Z</time>
      </trkpt>
      <trkpt lat="47.748336" lon="18.088826">
        <ele>116.751999</ele>
        <time>2026-08-06T15:38:19.107Z</time>
      </trkpt>
      <trkpt lat="47.748260" lon="18.089066">
        <ele>116.594023</ele>
        <time>2026-08-06T15:38:22.444Z</time>
      </trkpt>
      <trkpt lat="47.748102" lon="18.089878">
        <ele>116.090639</ele>
        <time>2026-08-06T15:38:33.297Z</time>
      </trkpt>
      <trkpt lat="47.748057" lon="18.090042">
        <ele>115.985158</ele>
        <time>2026-08-06T15:38:35.602Z</time>
      </trkpt>
      <trkpt lat="47.747941" lon="18.090293">
        <ele>115.803786</ele>
        <time>2026-08-06T15:38:39.583Z</time>
      </trkpt>
      <trkpt lat="47.747936" lon="18.090485">
        <ele>115.689364</ele>
        <time>2026-08-06T15:38:42.099Z</time>
      </trkpt>
      <trkpt lat="47.747769" lon="18.090787">
        <ele>115.456516</ele>
        <time>2026-08-06T15:38:47.231Z</time>
      </trkpt>
      <trkpt lat="47.746595" lon="18.094558">
        <ele>114.335564</ele>
        <time>2026-08-06T15:39:45.112Z</time>
      </trkpt>
      <trkpt lat="47.746482" lon="18.094710">
        <ele>114.313714</ele>
        <time>2026-08-06T15:39:48.563Z</time>
      </trkpt>
      <trkpt lat="47.746399" lon="18.094781">
        <ele>114.299982</ele>
        <time>2026-08-06T15:39:50.740Z</time>
      </trkpt>
      <trkpt lat="47.746544" lon="18.095111">
        <ele>114.261970</ele>
        <time>2026-08-06T15:39:56.854Z</time>
      </trkpt>
      <trkpt lat="47.746862" lon="18.095878">
        <ele>114.227558</ele>
        <time>2026-08-06T15:40:10.257Z</time>
      </trkpt>
      <trkpt lat="47.746941" lon="18.096094">
        <ele>114.265222</ele>
        <time>2026-08-06T15:40:13.988Z</time>
      </trkpt>
      <trkpt lat="47.747005" lon="18.096273">
        <ele>114.296276</ele>
        <time>2026-08-06T15:40:17.190Z</time>
      </trkpt>
      <trkpt lat="47.747085" lon="18.096469">
        <ele>114.331398</ele>
        <time>2026-08-06T15:40:20.889Z</time>
      </trkpt>
      <trkpt lat="47.747192" lon="18.096700">
        <ele>114.374365</ele>
        <time>2026-08-06T15:40:25.529Z</time>
      </trkpt>
      <trkpt lat="47.747402" lon="18.097161">
        <ele>114.459659</ele>
        <time>2026-08-06T15:40:34.505Z</time>
      </trkpt>
      <trkpt lat="47.747825" lon="18.098222">
        <ele>114.566360</ele>
        <time>2026-08-06T15:40:53.387Z</time>
      </trkpt>
      <trkpt lat="47.747951" lon="18.098576">
        <ele>114.511732</ele>
        <time>2026-08-06T15:40:59.717Z</time>
      </trkpt>
      <trkpt lat="47.748066" lon="18.099003">
        <ele>114.448997</ele>
        <time>2026-08-06T15:41:06.936Z</time>
      </trkpt>
      <trkpt lat="47.748112" lon="18.099191">
        <ele>114.421711</ele>
        <time>2026-08-06T15:41:09.910Z</time>
      </trkpt>
      <trkpt lat="47.748117" lon="18.099539">
        <ele>114.374238</ele>
        <time>2026-08-06T15:41:14.839Z</time>
      </trkpt>
      <trkpt lat="47.748233" lon="18.100693">
        <ele>114.215615</ele>
        <time>2026-08-06T15:41:30.204Z</time>
      </trkpt>
      <trkpt lat="47.748258" lon="18.102628">
        <ele>113.957066</ele>
        <time>2026-08-06T15:41:57.242Z</time>
      </trkpt>
      <trkpt lat="47.748241" lon="18.103153">
        <ele>113.886849</ele>
        <time>2026-08-06T15:42:05.866Z</time>
      </trkpt>
      <trkpt lat="47.748118" lon="18.103712">
        <ele>114.095518</ele>
        <time>2026-08-06T15:42:16.105Z</time>
      </trkpt>
      <trkpt lat="47.748051" lon="18.103780">
        <ele>114.141431</ele>
        <time>2026-08-06T15:42:18.279Z</time>
      </trkpt>
      <trkpt lat="47.747920" lon="18.103794">
        <ele>114.215774</ele>
        <time>2026-08-06T15:42:21.799Z</time>
      </trkpt>
      <trkpt lat="47.747346" lon="18.103209">
        <ele>114.609649</ele>
        <time>2026-08-06T15:42:39.741Z</time>
      </trkpt>
      <trkpt lat="47.746746" lon="18.104779">
        <ele>114.584837</ele>
        <time>2026-08-06T15:43:06.883Z</time>
      </trkpt>
      <trkpt lat="47.746183" lon="18.106334">
        <ele>114.016295</ele>
        <time>2026-08-06T15:43:30.574Z</time>
      </trkpt>
      <trkpt lat="47.747040" lon="18.106850">
        <ele>113.265730</ele>
        <time>2026-08-06T15:43:48.152Z</time>
      </trkpt>
      <trkpt lat="47.746248" lon="18.109738">
        <ele>112.275711</ele>
        <time>2026-08-06T15:44:31.213Z</time>
      </trkpt>
      <trkpt lat="47.746211" lon="18.109867">
        <ele>112.250384</ele>
        <time>2026-08-06T15:44:33.370Z</time>
      </trkpt>
      <trkpt lat="47.745361" lon="18.113006">
        <ele>112.627640</ele>
        <time>2026-08-06T15:45:26.262Z</time>
      </trkpt>
      <trkpt lat="47.745238" lon="18.113427">
        <ele>112.713585</ele>
        <time>2026-08-06T15:45:33.793Z</time>
      </trkpt>
      <trkpt lat="47.744835" lon="18.114673">
        <ele>112.972467</ele>
        <time>2026-08-06T15:45:56.139Z</time>
      </trkpt>
      <trkpt lat="47.744767" lon="18.114732">
        <ele>112.994389</ele>
        <time>2026-08-06T15:45:57.956Z</time>
      </trkpt>
      <trkpt lat="47.744045" lon="18.116466">
        <ele>112.939835</ele>
        <time>2026-08-06T15:46:27.833Z</time>
      </trkpt>
      <trkpt lat="47.743984" lon="18.116655">
        <ele>112.915920</ele>
        <time>2026-08-06T15:46:30.819Z</time>
      </trkpt>
      <trkpt lat="47.743809" lon="18.116880">
        <ele>112.876675</ele>
        <time>2026-08-06T15:46:35.746Z</time>
      </trkpt>
      <trkpt lat="47.743135" lon="18.118498">
        <ele>112.695866</ele>
        <time>2026-08-06T15:47:02.956Z</time>
      </trkpt>
      <trkpt lat="47.743157" lon="18.118574">
        <ele>112.688869</ele>
        <time>2026-08-06T15:47:04.174Z</time>
      </trkpt>
      <trkpt lat="47.743228" lon="18.118646">
        <ele>112.678062</ele>
        <time>2026-08-06T15:47:10.169Z</time>
      </trkpt>
      <trkpt lat="47.743114" lon="18.118744">
        <ele>112.661502</ele>
        <time>2026-08-06T15:47:13.077Z</time>
      </trkpt>
      <trkpt lat="47.743049" lon="18.118757">
        <ele>112.653254</ele>
        <time>2026-08-06T15:47:14.507Z</time>
      </trkpt>
      <trkpt lat="47.742976" lon="18.118850">
        <ele>112.641165</ele>
        <time>2026-08-06T15:47:16.629Z</time>
      </trkpt>
      <trkpt lat="47.742957" lon="18.118955">
        <ele>112.631970</ele>
        <time>2026-08-06T15:47:18.258Z</time>
      </trkpt>
      <trkpt lat="47.742974" lon="18.119061">
        <ele>112.622754</ele>
        <time>2026-08-06T15:47:19.896Z</time>
      </trkpt>
      <trkpt lat="47.742996" lon="18.119107">
        <ele>112.617980</ele>
        <time>2026-08-06T15:47:20.731Z</time>
      </trkpt>
      <trkpt lat="47.743042" lon="18.119155">
        <ele>112.610913</ele>
        <time>2026-08-06T15:47:22.000Z</time>
      </trkpt>
      <trkpt lat="47.743126" lon="18.119172">
        <ele>112.600252</ele>
        <time>2026-08-06T15:47:23.885Z</time>
      </trkpt>
      <trkpt lat="47.743170" lon="18.119150">
        <ele>112.594414</ele>
        <time>2026-08-06T15:47:24.933Z</time>
      </trkpt>
      <trkpt lat="47.743324" lon="18.119124">
        <ele>112.574923</ele>
        <time>2026-08-06T15:47:28.463Z</time>
      </trkpt>
      <trkpt lat="47.743547" lon="18.119125">
        <ele>112.552915</ele>
        <time>2026-08-06T15:47:33.542Z</time>
      </trkpt>
      <trkpt lat="47.744690" lon="18.119320">
        <ele>112.440748</ele>
        <time>2026-08-06T15:47:59.710Z</time>
      </trkpt>
      <trkpt lat="47.744834" lon="18.119343">
        <ele>112.426628</ele>
        <time>2026-08-06T15:48:02.833Z</time>
      </trkpt>
      <trkpt lat="47.745193" lon="18.119401">
        <ele>112.344216</ele>
        <time>2026-08-06T15:48:10.261Z</time>
      </trkpt>
      <trkpt lat="47.745698" lon="18.119488">
        <ele>111.958398</ele>
        <time>2026-08-06T15:48:20.093Z</time>
      </trkpt>
      <trkpt lat="47.745801" lon="18.119507">
        <ele>111.879630</ele>
        <time>2026-08-06T15:48:22.072Z</time>
      </trkpt>
      <trkpt lat="47.745937" lon="18.119543">
        <ele>111.774795</ele>
        <time>2026-08-06T15:48:24.758Z</time>
      </trkpt>
      <trkpt lat="47.746511" lon="18.119695">
        <ele>111.332323</ele>
        <time>2026-08-06T15:48:36.015Z</time>
      </trkpt>
      <trkpt lat="47.746853" lon="18.119786">
        <ele>111.068650</ele>
        <time>2026-08-06T15:48:42.829Z</time>
      </trkpt>
      <trkpt lat="47.746981" lon="18.119820">
        <ele>111.020862</ele>
        <time>2026-08-06T15:48:45.429Z</time>
      </trkpt>
      <trkpt lat="47.747224" lon="18.119890">
        <ele>110.983841</ele>
        <time>2026-08-06T15:48:50.622Z</time>
      </trkpt>
      <trkpt lat="47.747744" lon="18.120017">
        <ele>110.905023</ele>
        <time>2026-08-06T15:49:03.053Z</time>
      </trkpt>
      <trkpt lat="47.747826" lon="18.120040">
        <ele>110.892542</ele>
        <time>2026-08-06T15:49:05.065Z</time>
      </trkpt>
      <trkpt lat="47.748050" lon="18.120092">
        <ele>110.858633</ele>
        <time>2026-08-06T15:49:10.444Z</time>
      </trkpt>
      <trkpt lat="47.748395" lon="18.120177">
        <ele>110.806328</ele>
        <time>2026-08-06T15:49:18.080Z</time>
      </trkpt>
      <trkpt lat="47.748655" lon="18.120243">
        <ele>110.766877</ele>
        <time>2026-08-06T15:49:23.589Z</time>
      </trkpt>
      <trkpt lat="47.749108" lon="18.120358">
        <ele>110.347584</ele>
        <time>2026-08-06T15:49:32.877Z</time>
      </trkpt>
      <trkpt lat="47.749196" lon="18.120385">
        <ele>110.262966</ele>
        <time>2026-08-06T15:49:34.651Z</time>
      </trkpt>
      <trkpt lat="47.749389" lon="18.120433">
        <ele>110.078685</ele>
        <time>2026-08-06T15:49:38.410Z</time>
      </trkpt>
      <trkpt lat="47.751176" lon="18.120850">
        <ele>109.015598</ele>
        <time>2026-08-06T15:50:12.656Z</time>
      </trkpt>
      <trkpt lat="47.753029" lon="18.121302">
        <ele>109.960500</ele>
        <time>2026-08-06T15:50:59.461Z</time>
      </trkpt>
      <trkpt lat="47.753110" lon="18.121373">
        <ele>110.078251</ele>
        <time>2026-08-06T15:51:02.563Z</time>
      </trkpt>
      <trkpt lat="47.753198" lon="18.121399">
        <ele>110.190617</ele>
        <time>2026-08-06T15:51:05.587Z</time>
      </trkpt>
      <trkpt lat="47.753224" lon="18.121437">
        <ele>110.236270</ele>
        <time>2026-08-06T15:51:06.752Z</time>
      </trkpt>
      <trkpt lat="47.753296" lon="18.121447">
        <ele>110.326836</ele>
        <time>2026-08-06T15:51:09.110Z</time>
      </trkpt>
      <trkpt lat="47.753327" lon="18.121417">
        <ele>110.373155</ele>
        <time>2026-08-06T15:51:10.389Z</time>
      </trkpt>
      <trkpt lat="47.753479" lon="18.121417">
        <ele>110.563523</ele>
        <time>2026-08-06T15:51:15.309Z</time>
      </trkpt>
      <trkpt lat="47.754071" lon="18.121550">
        <ele>111.164414</ele>
        <time>2026-08-06T15:51:32.289Z</time>
      </trkpt>
      <trkpt lat="47.754173" lon="18.121562">
        <ele>111.138537</ele>
        <time>2026-08-06T15:51:34.856Z</time>
      </trkpt>
      <trkpt lat="47.754250" lon="18.121643">
        <ele>111.114685</ele>
        <time>2026-08-06T15:51:37.097Z</time>
      </trkpt>
      <trkpt lat="47.754321" lon="18.121627">
        <ele>111.096524</ele>
        <time>2026-08-06T15:51:38.741Z</time>
      </trkpt>
      <trkpt lat="47.754497" lon="18.121672">
        <ele>111.051360</ele>
        <time>2026-08-06T15:51:42.427Z</time>
      </trkpt>
      <trkpt lat="47.754589" lon="18.121658">
        <ele>111.027971</ele>
        <time>2026-08-06T15:51:44.152Z</time>
      </trkpt>
      <trkpt lat="47.754673" lon="18.121708">
        <ele>111.005089</ele>
        <time>2026-08-06T15:51:45.785Z</time>
      </trkpt>
      <trkpt lat="47.754961" lon="18.121786">
        <ele>110.931055</ele>
        <time>2026-08-06T15:51:51.156Z</time>
      </trkpt>
      <trkpt lat="47.755120" lon="18.121882">
        <ele>110.887656</ele>
        <time>2026-08-06T15:51:54.310Z</time>
      </trkpt>
      <trkpt lat="47.755870" lon="18.122410">
        <ele>110.998861</ele>
        <time>2026-08-06T15:52:11.171Z</time>
      </trkpt>
      <trkpt lat="47.756789" lon="18.123059">
        <ele>112.197209</ele>
        <time>2026-08-06T15:52:41.753Z</time>
      </trkpt>
      <trkpt lat="47.757352" lon="18.123510">
        <ele>112.937999</ele>
        <time>2026-08-06T15:52:59.100Z</time>
      </trkpt>
      <trkpt lat="47.758044" lon="18.124108">
        <ele>113.759925</ele>
        <time>2026-08-06T15:53:20.535Z</time>
      </trkpt>
      <trkpt lat="47.758153" lon="18.124205">
        <ele>113.890374</ele>
        <time>2026-08-06T15:53:23.872Z</time>
      </trkpt>
      <trkpt lat="47.758110" lon="18.124405">
        <ele>114.035350</ele>
        <time>2026-08-06T15:53:27.538Z</time>
      </trkpt>
      <trkpt lat="47.758050" lon="18.124683">
        <ele>114.236938</ele>
        <time>2026-08-06T15:53:32.508Z</time>
      </trkpt>
      <trkpt lat="47.758039" lon="18.124741">
        <ele>114.278546</ele>
        <time>2026-08-06T15:53:33.539Z</time>
      </trkpt>
      <trkpt lat="47.758029" lon="18.124791">
        <ele>114.314563</ele>
        <time>2026-08-06T15:53:34.453Z</time>
      </trkpt>
      <trkpt lat="47.757999" lon="18.124934">
        <ele>114.417990</ele>
        <time>2026-08-06T15:53:37.117Z</time>
      </trkpt>
      <trkpt lat="47.757835" lon="18.125739">
        <ele>114.750677</ele>
        <time>2026-08-06T15:53:55.691Z</time>
      </trkpt>
      <trkpt lat="47.757433" lon="18.127200">
        <ele>114.934006</ele>
        <time>2026-08-06T15:54:28.213Z</time>
      </trkpt>
      <trkpt lat="47.757392" lon="18.127318">
        <ele>114.949432</ele>
        <time>2026-08-06T15:54:30.597Z</time>
      </trkpt>
      <trkpt lat="47.757301" lon="18.127803">
        <ele>115.007908</ele>
        <time>2026-08-06T15:54:39.558Z</time>
      </trkpt>
      <trkpt lat="47.757156" lon="18.128645">
        <ele>114.676102</ele>
        <time>2026-08-06T15:54:55.592Z</time>
      </trkpt>
      <trkpt lat="47.757146" lon="18.128724">
        <ele>114.644056</ele>
        <time>2026-08-06T15:54:59.306Z</time>
      </trkpt>
      <trkpt lat="47.757084" lon="18.129081">
        <ele>114.497070</ele>
        <time>2026-08-06T15:55:16.544Z</time>
      </trkpt>
      <trkpt lat="47.757104" lon="18.129186">
        <ele>114.453565</ele>
        <time>2026-08-06T15:55:21.632Z</time>
      </trkpt>
      <trkpt lat="47.757074" lon="18.129462">
        <ele>114.342112</ele>
        <time>2026-08-06T15:55:34.706Z</time>
      </trkpt>
      <trkpt lat="47.756925" lon="18.129879">
        <ele>114.153857</ele>
        <time>2026-08-06T15:55:56.763Z</time>
      </trkpt>
      <trkpt lat="47.756749" lon="18.130229">
        <ele>113.979620</ele>
        <time>2026-08-06T15:56:17.195Z</time>
      </trkpt>
      <trkpt lat="47.756712" lon="18.130320">
        <ele>113.924461</ele>
        <time>2026-08-06T15:56:22.136Z</time>
      </trkpt>
      <trkpt lat="47.756687" lon="18.130369">
        <ele>113.857940</ele>
        <time>2026-08-06T15:56:25.018Z</time>
      </trkpt>
      <trkpt lat="47.756706" lon="18.130442">
        <ele>113.773287</ele>
        <time>2026-08-06T15:56:28.705Z</time>
      </trkpt>
      <trkpt lat="47.756645" lon="18.130518">
        <ele>113.645292</ele>
        <time>2026-08-06T15:56:30.338Z</time>
      </trkpt>
      <trkpt lat="47.756512" lon="18.130885">
        <ele>113.194424</ele>
        <time>2026-08-06T15:56:35.984Z</time>
      </trkpt>
      <trkpt lat="47.756464" lon="18.131023">
        <ele>113.026398</ele>
        <time>2026-08-06T15:56:37.901Z</time>
      </trkpt>
      <trkpt lat="47.756337" lon="18.131305">
        <ele>112.659337</ele>
        <time>2026-08-06T15:56:41.992Z</time>
      </trkpt>
      <trkpt lat="47.756262" lon="18.131497">
        <ele>112.419200</ele>
        <time>2026-08-06T15:56:44.592Z</time>
      </trkpt>
      <trkpt lat="47.755950" lon="18.132253">
        <ele>111.459892</ele>
        <time>2026-08-06T15:56:54.749Z</time>
      </trkpt>
      <trkpt lat="47.755879" lon="18.132427">
        <ele>111.239777</ele>
        <time>2026-08-06T15:56:57.064Z</time>
      </trkpt>
      <trkpt lat="47.756124" lon="18.133103">
        <ele>110.916508</ele>
        <time>2026-08-06T15:57:06.431Z</time>
      </trkpt>
      <trkpt lat="47.756342" lon="18.133692">
        <ele>110.763732</ele>
        <time>2026-08-06T15:57:15.387Z</time>
      </trkpt>
      <trkpt lat="47.756361" lon="18.133852">
        <ele>110.726814</ele>
        <time>2026-08-06T15:57:17.705Z</time>
      </trkpt>
      <trkpt lat="47.756384" lon="18.134039">
        <ele>110.683618</ele>
        <time>2026-08-06T15:57:20.732Z</time>
      </trkpt>
      <trkpt lat="47.756356" lon="18.134360">
        <ele>110.610068</ele>
        <time>2026-08-06T15:57:25.947Z</time>
      </trkpt>
      <trkpt lat="47.756241" lon="18.135498">
        <ele>110.522709</ele>
        <time>2026-08-06T15:57:46.063Z</time>
      </trkpt>
      <trkpt lat="47.756237" lon="18.135881">
        <ele>110.595307</ele>
        <time>2026-08-06T15:57:52.779Z</time>
      </trkpt>
      <trkpt lat="47.756353" lon="18.136353">
        <ele>110.690554</ele>
        <time>2026-08-06T15:58:00.906Z</time>
      </trkpt>
      <trkpt lat="47.756414" lon="18.136508">
        <ele>110.724594</ele>
        <time>2026-08-06T15:58:03.709Z</time>
      </trkpt>
      <trkpt lat="47.757030" lon="18.137988">
        <ele>110.817767</ele>
        <time>2026-08-06T15:58:29.905Z</time>
      </trkpt>
      <trkpt lat="47.757148" lon="18.138268">
        <ele>110.737712</ele>
        <time>2026-08-06T15:58:34.888Z</time>
      </trkpt>
      <trkpt lat="47.757228" lon="18.138351">
        <ele>110.702566</ele>
        <time>2026-08-06T15:58:37.061Z</time>
      </trkpt>
      <trkpt lat="47.757300" lon="18.138424">
        <ele>110.671168</ele>
        <time>2026-08-06T15:58:39.016Z</time>
      </trkpt>
      <trkpt lat="47.757466" lon="18.138621">
        <ele>110.594647</ele>
        <time>2026-08-06T15:58:43.738Z</time>
      </trkpt>
      <trkpt lat="47.757505" lon="18.138727">
        <ele>110.565375</ele>
        <time>2026-08-06T15:58:45.544Z</time>
      </trkpt>
      <trkpt lat="47.757543" lon="18.139383">
        <ele>110.405873</ele>
        <time>2026-08-06T15:58:55.176Z</time>
      </trkpt>
      <trkpt lat="47.757560" lon="18.139902">
        <ele>110.254578</ele>
        <time>2026-08-06T15:59:02.574Z</time>
      </trkpt>
      <trkpt lat="47.757571" lon="18.140249">
        <ele>110.075206</ele>
        <time>2026-08-06T15:59:07.550Z</time>
      </trkpt>
      <trkpt lat="47.759363" lon="18.139877">
        <ele>109.052108</ele>
        <time>2026-08-06T15:59:44.484Z</time>
      </trkpt>
      <trkpt lat="47.759743" lon="18.139809">
        <ele>109.215797</ele>
        <time>2026-08-06T15:59:52.939Z</time>
      </trkpt>
      <trkpt lat="47.760346" lon="18.139762">
        <ele>109.474039</ele>
        <time>2026-08-06T16:00:08.254Z</time>
      </trkpt>
      <trkpt lat="47.760832" lon="18.139721">
        <ele>109.682223</ele>
        <time>2026-08-06T16:00:22.666Z</time>
      </trkpt>
      <trkpt lat="47.760920" lon="18.139713">
        <ele>109.755370</ele>
        <time>2026-08-06T16:00:25.435Z</time>
      </trkpt>
      <trkpt lat="47.760915" lon="18.139647">
        <ele>109.797241</ele>
        <time>2026-08-06T16:00:26.743Z</time>
      </trkpt>
      <trkpt lat="47.761045" lon="18.139412">
        <ele>109.989106</ele>
        <time>2026-08-06T16:00:32.926Z</time>
      </trkpt>
      <trkpt lat="47.761072" lon="18.139410">
        <ele>110.014458</ele>
        <time>2026-08-06T16:00:33.766Z</time>
      </trkpt>
      <trkpt lat="47.761215" lon="18.139397">
        <ele>110.148817</ele>
        <time>2026-08-06T16:00:38.098Z</time>
      </trkpt>
      <trkpt lat="47.761535" lon="18.139356">
        <ele>110.450030</ele>
        <time>2026-08-06T16:00:47.569Z</time>
      </trkpt>
      <trkpt lat="47.762106" lon="18.139294">
        <ele>110.986949</ele>
        <time>2026-08-06T16:01:03.169Z</time>
      </trkpt>
      <trkpt lat="47.762248" lon="18.139277">
        <ele>111.120550</ele>
        <time>2026-08-06T16:01:06.698Z</time>
      </trkpt>
      <trkpt lat="47.762467" lon="18.139246">
        <ele>111.326860</ele>
        <time>2026-08-06T16:01:11.763Z</time>
      </trkpt>
      <trkpt lat="47.762470" lon="18.139305">
        <ele>111.364161</ele>
        <time>2026-08-06T16:01:12.866Z</time>
      </trkpt>
      <trkpt lat="47.762516" lon="18.139338">
        <ele>111.324982</ele>
        <time>2026-08-06T16:01:16.406Z</time>
      </trkpt>
      <trkpt lat="47.762564" lon="18.139444">
        <ele>111.205312</ele>
        <time>2026-08-06T16:01:22.393Z</time>
      </trkpt>
      <trkpt lat="47.762502" lon="18.140456">
        <ele>110.253823</ele>
        <time>2026-08-06T16:02:09.875Z</time>
      </trkpt>
      <trkpt lat="47.762311" lon="18.141823">
        <ele>108.946506</ele>
        <time>2026-08-06T16:03:15.110Z</time>
      </trkpt>
      <trkpt lat="47.762358" lon="18.141830">
        <ele>108.880712</ele>
        <time>2026-08-06T16:03:15.955Z</time>
      </trkpt>
      <trkpt lat="47.762287" lon="18.142325">
        <ele>108.838149</ele>
        <time>2026-08-06T16:03:21.991Z</time>
      </trkpt>
      <trkpt lat="47.762054" lon="18.143955">
        <ele>108.725671</ele>
        <time>2026-08-06T16:03:46.529Z</time>
      </trkpt>
      <trkpt lat="47.761951" lon="18.144693">
        <ele>108.822965</ele>
        <time>2026-08-06T16:04:01.817Z</time>
      </trkpt>
      <trkpt lat="47.761896" lon="18.145271">
        <ele>109.142551</ele>
        <time>2026-08-06T16:04:13.035Z</time>
      </trkpt>
      <trkpt lat="47.761877" lon="18.146026">
        <ele>109.556173</ele>
        <time>2026-08-06T16:04:27.469Z</time>
      </trkpt>
      <trkpt lat="47.761913" lon="18.146711">
        <ele>109.932327</ele>
        <time>2026-08-06T16:04:38.554Z</time>
      </trkpt>
      <trkpt lat="47.761837" lon="18.146720">
        <ele>109.994418</ele>
        <time>2026-08-06T16:04:40.142Z</time>
      </trkpt>
      <trkpt lat="47.761727" lon="18.146750">
        <ele>110.085497</ele>
        <time>2026-08-06T16:04:42.397Z</time>
      </trkpt>
      <trkpt lat="47.761642" lon="18.146476">
        <ele>110.067736</ele>
        <time>2026-08-06T16:04:46.430Z</time>
      </trkpt>
      <trkpt lat="47.761445" lon="18.146047">
        <ele>109.803232</ele>
        <time>2026-08-06T16:04:53.172Z</time>
      </trkpt>
      <trkpt lat="47.761381" lon="18.145913">
        <ele>109.719545</ele>
        <time>2026-08-06T16:04:55.287Z</time>
      </trkpt>
      <trkpt lat="47.761212" lon="18.145762">
        <ele>109.570239</ele>
        <time>2026-08-06T16:04:59.116Z</time>
      </trkpt>
      <trkpt lat="47.761120" lon="18.145763">
        <ele>109.500561</ele>
        <time>2026-08-06T16:05:00.944Z</time>
      </trkpt>
      <trkpt lat="47.760306" lon="18.145982">
        <ele>108.874071</ele>
        <time>2026-08-06T16:05:17.116Z</time>
      </trkpt>
      <trkpt lat="47.759185" lon="18.146013">
        <ele>108.133630</ele>
        <time>2026-08-06T16:05:39.675Z</time>
      </trkpt>
      <trkpt lat="47.758137" lon="18.146025">
        <ele>107.599277</ele>
        <time>2026-08-06T16:06:00.656Z</time>
      </trkpt>
      <trkpt lat="47.757314" lon="18.146061">
        <ele>107.522027</ele>
        <time>2026-08-06T16:06:18.212Z</time>
      </trkpt>
      <trkpt lat="47.756658" lon="18.146191">
        <ele>107.459934</ele>
        <time>2026-08-06T16:06:34.036Z</time>
      </trkpt>
      <trkpt lat="47.754887" lon="18.146726">
        <ele>108.130178</ele>
        <time>2026-08-06T16:07:17.144Z</time>
      </trkpt>
      <trkpt lat="47.754584" lon="18.146832">
        <ele>108.233521</ele>
        <time>2026-08-06T16:07:24.259Z</time>
      </trkpt>
      <trkpt lat="47.754317" lon="18.146971">
        <ele>108.325243</ele>
        <time>2026-08-06T16:07:30.773Z</time>
      </trkpt>
      <trkpt lat="47.753997" lon="18.147193">
        <ele>108.439732</ele>
        <time>2026-08-06T16:07:39.050Z</time>
      </trkpt>
      <trkpt lat="47.753620" lon="18.147581">
        <ele>108.588382</ele>
        <time>2026-08-06T16:07:49.914Z</time>
      </trkpt>
      <trkpt lat="47.753460" lon="18.147795">
        <ele>108.658151</ele>
        <time>2026-08-06T16:07:55.055Z</time>
      </trkpt>
      <trkpt lat="47.753138" lon="18.148372">
        <ele>108.824157</ele>
        <time>2026-08-06T16:08:07.203Z</time>
      </trkpt>
      <trkpt lat="47.751046" lon="18.152608">
        <ele>109.848216</ele>
        <time>2026-08-06T16:09:29.934Z</time>
      </trkpt>
      <trkpt lat="47.750659" lon="18.153451">
        <ele>109.936568</ele>
        <time>2026-08-06T16:09:45.726Z</time>
      </trkpt>
      <trkpt lat="47.749355" lon="18.158251">
        <ele>109.996514</ele>
        <time>2026-08-06T16:11:03.610Z</time>
      </trkpt>
      <trkpt lat="47.748793" lon="18.160207">
        <ele>109.718197</ele>
        <time>2026-08-06T16:11:33.548Z</time>
      </trkpt>
      <trkpt lat="47.747504" lon="18.164149">
        <ele>109.453015</ele>
        <time>2026-08-06T16:12:37.861Z</time>
      </trkpt>
      <trkpt lat="47.746829" lon="18.166171">
        <ele>109.616041</ele>
        <time>2026-08-06T16:13:14.121Z</time>
      </trkpt>
      <trkpt lat="47.745610" lon="18.168840">
        <ele>109.166711</ele>
        <time>2026-08-06T16:13:59.432Z</time>
      </trkpt>
      <trkpt lat="47.745455" lon="18.169631">
        <ele>109.151150</ele>
        <time>2026-08-06T16:14:11.220Z</time>
      </trkpt>
      <trkpt lat="47.744360" lon="18.176143">
        <ele>109.449526</ele>
        <time>2026-08-06T16:15:53.973Z</time>
      </trkpt>
      <trkpt lat="47.744271" lon="18.176768">
        <ele>109.480864</ele>
        <time>2026-08-06T16:16:03.524Z</time>
      </trkpt>
      <trkpt lat="47.744136" lon="18.180104">
        <ele>109.413564</ele>
        <time>2026-08-06T16:16:53.108Z</time>
      </trkpt>
      <trkpt lat="47.744067" lon="18.181098">
        <ele>109.400943</ele>
        <time>2026-08-06T16:17:07.928Z</time>
      </trkpt>
      <trkpt lat="47.743897" lon="18.182460">
        <ele>109.370477</ele>
        <time>2026-08-06T16:17:28.399Z</time>
      </trkpt>
      <trkpt lat="47.742973" lon="18.186864">
        <ele>109.070620</ele>
        <time>2026-08-06T16:18:36.411Z</time>
      </trkpt>
      <trkpt lat="47.742855" lon="18.188435">
        <ele>108.969937</ele>
        <time>2026-08-06T16:18:59.380Z</time>
      </trkpt>
      <trkpt lat="47.743229" lon="18.196669">
        <ele>108.378658</ele>
        <time>2026-08-06T16:21:01.324Z</time>
      </trkpt>
      <trkpt lat="47.743686" lon="18.199185">
        <ele>108.233059</ele>
        <time>2026-08-06T16:21:38.168Z</time>
      </trkpt>
      <trkpt lat="47.744006" lon="18.200664">
        <ele>108.310513</ele>
        <time>2026-08-06T16:22:02.848Z</time>
      </trkpt>
      <trkpt lat="47.744155" lon="18.201188">
        <ele>108.447169</ele>
        <time>2026-08-06T16:22:12.167Z</time>
      </trkpt>
      <trkpt lat="47.744327" lon="18.201595">
        <ele>108.562634</ele>
        <time>2026-08-06T16:22:19.898Z</time>
      </trkpt>
      <trkpt lat="47.744461" lon="18.201843">
        <ele>108.639052</ele>
        <time>2026-08-06T16:22:24.930Z</time>
      </trkpt>
      <trkpt lat="47.744904" lon="18.202298">
        <ele>108.831367</ele>
        <time>2026-08-06T16:22:37.553Z</time>
      </trkpt>
      <trkpt lat="47.745474" lon="18.202720">
        <ele>108.978582</ele>
        <time>2026-08-06T16:22:52.169Z</time>
      </trkpt>
      <trkpt lat="47.745906" lon="18.203257">
        <ele>109.076303</ele>
        <time>2026-08-06T16:23:05.097Z</time>
      </trkpt>
      <trkpt lat="47.746011" lon="18.203444">
        <ele>109.104735</ele>
        <time>2026-08-06T16:23:08.865Z</time>
      </trkpt>
      <trkpt lat="47.746122" lon="18.203750">
        <ele>109.145312</ele>
        <time>2026-08-06T16:23:14.279Z</time>
      </trkpt>
      <trkpt lat="47.746498" lon="18.205176">
        <ele>109.109953</ele>
        <time>2026-08-06T16:23:37.491Z</time>
      </trkpt>
      <trkpt lat="47.746769" lon="18.206400">
        <ele>108.965294</ele>
        <time>2026-08-06T16:23:55.916Z</time>
      </trkpt>
      <trkpt lat="47.746977" lon="18.207766">
        <ele>108.946428</ele>
        <time>2026-08-06T16:24:15.837Z</time>
      </trkpt>
      <trkpt lat="47.747261" lon="18.215579">
        <ele>109.319767</ele>
        <time>2026-08-06T16:26:15.406Z</time>
      </trkpt>
      <trkpt lat="47.747228" lon="18.216279">
        <ele>109.312805</ele>
        <time>2026-08-06T16:26:25.907Z</time>
      </trkpt>
      <trkpt lat="47.747113" lon="18.217613">
        <ele>109.288699</ele>
        <time>2026-08-06T16:26:45.690Z</time>
      </trkpt>
      <trkpt lat="47.746792" lon="18.219480">
        <ele>109.097821</ele>
        <time>2026-08-06T16:27:13.737Z</time>
      </trkpt>
      <trkpt lat="47.745368" lon="18.227984">
        <ele>108.255162</ele>
        <time>2026-08-06T16:29:21.442Z</time>
      </trkpt>
      <trkpt lat="47.744797" lon="18.235292">
        <ele>108.539006</ele>
        <time>2026-08-06T16:31:12.606Z</time>
      </trkpt>
      <trkpt lat="47.744457" lon="18.239638">
        <ele>109.019979</ele>
        <time>2026-08-06T16:32:20.238Z</time>
      </trkpt>
      <trkpt lat="47.744355" lon="18.241026">
        <ele>109.203655</ele>
        <time>2026-08-06T16:32:41.867Z</time>
      </trkpt>
      <trkpt lat="47.744362" lon="18.241443">
        <ele>109.216126</ele>
        <time>2026-08-06T16:32:48.322Z</time>
      </trkpt>
      <trkpt lat="47.744446" lon="18.242001">
        <ele>109.205880</ele>
        <time>2026-08-06T16:32:57.094Z</time>
      </trkpt>
      <trkpt lat="47.744454" lon="18.242254">
        <ele>109.201342</ele>
        <time>2026-08-06T16:33:00.941Z</time>
      </trkpt>
      <trkpt lat="47.743818" lon="18.250777">
        <ele>109.020132</ele>
        <time>2026-08-06T16:35:07.876Z</time>
      </trkpt>
      <trkpt lat="47.743295" lon="18.257272">
        <ele>108.819501</ele>
        <time>2026-08-06T16:36:45.035Z</time>
      </trkpt>
      <trkpt lat="47.743178" lon="18.258423">
        <ele>108.531160</ele>
        <time>2026-08-06T16:37:01.685Z</time>
      </trkpt>
      <trkpt lat="47.742818" lon="18.260078">
        <ele>108.168144</ele>
        <time>2026-08-06T16:37:25.670Z</time>
      </trkpt>
      <trkpt lat="47.742543" lon="18.261173">
        <ele>108.074130</ele>
        <time>2026-08-06T16:37:42.279Z</time>
      </trkpt>
      <trkpt lat="47.741065" lon="18.266147">
        <ele>108.556102</ele>
        <time>2026-08-06T16:39:07.360Z</time>
      </trkpt>
      <trkpt lat="47.740736" lon="18.267317">
        <ele>108.638063</ele>
        <time>2026-08-06T16:39:25.868Z</time>
      </trkpt>
      <trkpt lat="47.738969" lon="18.273196">
        <ele>108.733974</ele>
        <time>2026-08-06T16:41:02.519Z</time>
      </trkpt>
      <trkpt lat="47.738141" lon="18.275948">
        <ele>108.918562</ele>
        <time>2026-08-06T16:41:48.338Z</time>
      </trkpt>
      <trkpt lat="47.737375" lon="18.278877">
        <ele>109.101006</ele>
        <time>2026-08-06T16:42:36.437Z</time>
      </trkpt>
      <trkpt lat="47.738141" lon="18.275948">
        <ele>108.921561</ele>
        <time>2026-08-06T16:43:22.383Z</time>
      </trkpt>
      <trkpt lat="47.738969" lon="18.273196">
        <ele>108.830221</ele>
        <time>2026-08-06T16:44:06.926Z</time>
      </trkpt>
      <trkpt lat="47.738141" lon="18.275948">
        <ele>108.952027</ele>
        <time>2026-08-06T16:44:52.583Z</time>
      </trkpt>
      <trkpt lat="47.737375" lon="18.278877">
        <ele>109.294576</ele>
        <time>2026-08-06T16:45:41.131Z</time>
      </trkpt>
      <trkpt lat="47.740738" lon="18.279530">
        <ele>109.882323</ele>
        <time>2026-08-06T16:46:58.960Z</time>
      </trkpt>
      <trkpt lat="47.740200" lon="18.281671">
        <ele>110.085483</ele>
        <time>2026-08-06T16:47:33.985Z</time>
      </trkpt>
      <trkpt lat="47.739798" lon="18.283386">
        <ele>110.162359</ele>
        <time>2026-08-06T16:48:01.973Z</time>
      </trkpt>
      <trkpt lat="47.738830" lon="18.287855">
        <ele>109.633383</ele>
        <time>2026-08-06T16:49:09.410Z</time>
      </trkpt>
      <trkpt lat="47.738814" lon="18.287949">
        <ele>109.625124</ele>
        <time>2026-08-06T16:49:10.821Z</time>
      </trkpt>
      <trkpt lat="47.738749" lon="18.288509">
        <ele>109.576719</ele>
        <time>2026-08-06T16:49:19.153Z</time>
      </trkpt>
      <trkpt lat="47.738714" lon="18.289126">
        <ele>109.543447</ele>
        <time>2026-08-06T16:49:28.565Z</time>
      </trkpt>
      <trkpt lat="47.738714" lon="18.289128">
        <ele>109.543499</ele>
        <time>2026-08-06T16:49:28.598Z</time>
      </trkpt>
      <trkpt lat="47.738720" lon="18.289745">
        <ele>109.559533</ele>
        <time>2026-08-06T16:49:38.059Z</time>
      </trkpt>
      <trkpt lat="47.738857" lon="18.290746">
        <ele>109.586077</ele>
        <time>2026-08-06T16:49:53.694Z</time>
      </trkpt>
      <trkpt lat="47.738884" lon="18.290863">
        <ele>109.589292</ele>
        <time>2026-08-06T16:49:55.494Z</time>
      </trkpt>
      <trkpt lat="47.739163" lon="18.291957">
        <ele>109.519287</ele>
        <time>2026-08-06T16:50:12.668Z</time>
      </trkpt>
      <trkpt lat="47.739182" lon="18.292028">
        <ele>109.503632</ele>
        <time>2026-08-06T16:50:13.779Z</time>
      </trkpt>
      <trkpt lat="47.740337" lon="18.296090">
        <ele>108.546499</ele>
        <time>2026-08-06T16:51:16.044Z</time>
      </trkpt>
      <trkpt lat="47.740464" lon="18.296631">
        <ele>108.440197</ele>
        <time>2026-08-06T16:51:24.178Z</time>
      </trkpt>
      <trkpt lat="47.740545" lon="18.297149">
        <ele>108.409134</ele>
        <time>2026-08-06T16:51:31.855Z</time>
      </trkpt>
      <trkpt lat="47.740589" lon="18.297825">
        <ele>108.369464</ele>
        <time>2026-08-06T16:51:41.705Z</time>
      </trkpt>
      <trkpt lat="47.740573" lon="18.298476">
        <ele>108.331414</ele>
        <time>2026-08-06T16:51:51.359Z</time>
      </trkpt>
      <trkpt lat="47.740315" lon="18.300326">
        <ele>108.481481</ele>
        <time>2026-08-06T16:52:20.224Z</time>
      </trkpt>
      <trkpt lat="47.740243" lon="18.301019">
        <ele>108.589895</ele>
        <time>2026-08-06T16:52:31.091Z</time>
      </trkpt>
      <trkpt lat="47.740205" lon="18.301939">
        <ele>108.757969</ele>
        <time>2026-08-06T16:52:45.776Z</time>
      </trkpt>
      <trkpt lat="47.740207" lon="18.302478">
        <ele>108.921931</ele>
        <time>2026-08-06T16:52:54.577Z</time>
      </trkpt>
      <trkpt lat="47.740290" lon="18.304146">
        <ele>109.430713</ele>
        <time>2026-08-06T16:53:21.848Z</time>
      </trkpt>
      <trkpt lat="47.740737" lon="18.311065">
        <ele>110.526367</ele>
        <time>2026-08-06T16:55:10.986Z</time>
      </trkpt>
      <trkpt lat="47.740959" lon="18.314196">
        <ele>110.347834</ele>
        <time>2026-08-06T16:55:55.567Z</time>
      </trkpt>
      <trkpt lat="47.740653" lon="18.314300">
        <ele>110.308922</ele>
        <time>2026-08-06T16:56:02.995Z</time>
      </trkpt>
      <trkpt lat="47.740401" lon="18.314394">
        <ele>110.276716</ele>
        <time>2026-08-06T16:56:09.352Z</time>
      </trkpt>
      <trkpt lat="47.739106" lon="18.314899">
        <ele>110.498885</ele>
        <time>2026-08-06T16:56:42.969Z</time>
      </trkpt>
      <trkpt lat="47.740578" lon="18.323919">
        <ele>108.705430</ele>
        <time>2026-08-06T16:58:53.530Z</time>
      </trkpt>
      <trkpt lat="47.740894" lon="18.325830">
        <ele>108.795602</ele>
        <time>2026-08-06T16:59:24.103Z</time>
      </trkpt>
      <trkpt lat="47.740931" lon="18.326036">
        <ele>108.807246</ele>
        <time>2026-08-06T16:59:27.424Z</time>
      </trkpt>
      <trkpt lat="47.741031" lon="18.326659">
        <ele>108.864782</ele>
        <time>2026-08-06T16:59:37.280Z</time>
      </trkpt>
      <trkpt lat="47.741668" lon="18.330708">
        <ele>109.150934</ele>
        <time>2026-08-06T17:00:40.800Z</time>
      </trkpt>
      <trkpt lat="47.741836" lon="18.331537">
        <ele>109.186917</ele>
        <time>2026-08-06T17:00:53.830Z</time>
      </trkpt>
      <trkpt lat="47.741938" lon="18.331869">
        <ele>109.197975</ele>
        <time>2026-08-06T17:00:59.161Z</time>
      </trkpt>
      <trkpt lat="47.742096" lon="18.332247">
        <ele>109.211459</ele>
        <time>2026-08-06T17:01:05.571Z</time>
      </trkpt>
      <trkpt lat="47.742344" lon="18.332700">
        <ele>109.229155</ele>
        <time>2026-08-06T17:01:14.042Z</time>
      </trkpt>
      <trkpt lat="47.742592" lon="18.333040">
        <ele>109.244352</ele>
        <time>2026-08-06T17:01:21.351Z</time>
      </trkpt>
      <trkpt lat="47.742856" lon="18.333338">
        <ele>109.316492</ele>
        <time>2026-08-06T17:01:28.677Z</time>
      </trkpt>
      <trkpt lat="47.743904" lon="18.334248">
        <ele>110.806364</ele>
        <time>2026-08-06T17:02:01.458Z</time>
      </trkpt>
      <trkpt lat="47.744166" lon="18.334511">
        <ele>111.194434</ele>
        <time>2026-08-06T17:02:11.007Z</time>
      </trkpt>
      <trkpt lat="47.744204" lon="18.334553">
        <ele>111.252559</ele>
        <time>2026-08-06T17:02:12.434Z</time>
      </trkpt>
      <trkpt lat="47.744387" lon="18.334839">
        <ele>111.545542</ele>
        <time>2026-08-06T17:02:20.353Z</time>
      </trkpt>
      <trkpt lat="47.744446" lon="18.335097">
        <ele>111.705081</ele>
        <time>2026-08-06T17:02:25.760Z</time>
      </trkpt>
      <trkpt lat="47.744479" lon="18.335950">
        <ele>112.205287</ele>
        <time>2026-08-06T17:02:42.195Z</time>
      </trkpt>
      <trkpt lat="47.744691" lon="18.340240">
        <ele>113.219554</ele>
        <time>2026-08-06T17:03:48.193Z</time>
      </trkpt>
      <trkpt lat="47.744727" lon="18.340662">
        <ele>113.143734</ele>
        <time>2026-08-06T17:03:54.505Z</time>
      </trkpt>
      <trkpt lat="47.744754" lon="18.340754">
        <ele>113.125842</ele>
        <time>2026-08-06T17:03:55.987Z</time>
      </trkpt>
      <trkpt lat="47.744744" lon="18.341408">
        <ele>113.009243</ele>
        <time>2026-08-06T17:04:05.553Z</time>
      </trkpt>
      <trkpt lat="47.744850" lon="18.342886">
        <ele>112.724500</ele>
        <time>2026-08-06T17:04:25.903Z</time>
      </trkpt>
      <trkpt lat="47.744915" lon="18.343847">
        <ele>112.460136</ele>
        <time>2026-08-06T17:04:39.173Z</time>
      </trkpt>
      <trkpt lat="47.744954" lon="18.344405">
        <ele>112.306582</ele>
        <time>2026-08-06T17:04:46.894Z</time>
      </trkpt>
      <trkpt lat="47.744982" lon="18.344776">
        <ele>112.204397</ele>
        <time>2026-08-06T17:04:52.086Z</time>
      </trkpt>
      <trkpt lat="47.744984" lon="18.344807">
        <ele>112.195873</ele>
        <time>2026-08-06T17:04:52.537Z</time>
      </trkpt>
      <trkpt lat="47.744992" lon="18.344951">
        <ele>112.156325</ele>
        <time>2026-08-06T17:04:54.608Z</time>
      </trkpt>
      <trkpt lat="47.745040" lon="18.345661">
        <ele>112.071719</ele>
        <time>2026-08-06T17:05:05.322Z</time>
      </trkpt>
      <trkpt lat="47.745185" lon="18.347939">
        <ele>112.231941</ele>
        <time>2026-08-06T17:05:40.451Z</time>
      </trkpt>
      <trkpt lat="47.745365" lon="18.350846">
        <ele>112.703936</ele>
        <time>2026-08-06T17:06:25.829Z</time>
      </trkpt>
      <trkpt lat="47.745373" lon="18.351476">
        <ele>112.828489</ele>
        <time>2026-08-06T17:06:35.589Z</time>
      </trkpt>
      <trkpt lat="47.745416" lon="18.353931">
        <ele>113.274800</ele>
        <time>2026-08-06T17:07:14.657Z</time>
      </trkpt>
      <trkpt lat="47.745463" lon="18.354440">
        <ele>113.342339</ele>
        <time>2026-08-06T17:07:23.020Z</time>
      </trkpt>
      <trkpt lat="47.745550" lon="18.355429">
        <ele>113.473457</ele>
        <time>2026-08-06T17:07:38.669Z</time>
      </trkpt>
      <trkpt lat="47.745667" lon="18.357531">
        <ele>113.213294</ele>
        <time>2026-08-06T17:08:08.675Z</time>
      </trkpt>
      <trkpt lat="47.745739" lon="18.359123">
        <ele>112.876452</ele>
        <time>2026-08-06T17:08:31.015Z</time>
      </trkpt>
      <trkpt lat="47.745967" lon="18.362889">
        <ele>112.093437</ele>
        <time>2026-08-06T17:09:25.404Z</time>
      </trkpt>
      <trkpt lat="47.746099" lon="18.365062">
        <ele>111.544538</ele>
        <time>2026-08-06T17:09:55.596Z</time>
      </trkpt>
      <trkpt lat="47.746127" lon="18.365888">
        <ele>111.315232</ele>
        <time>2026-08-06T17:10:06.730Z</time>
      </trkpt>
      <trkpt lat="47.746110" lon="18.366731">
        <ele>111.096727</ele>
        <time>2026-08-06T17:10:18.820Z</time>
      </trkpt>
      <trkpt lat="47.746116" lon="18.367031">
        <ele>111.083138</ele>
        <time>2026-08-06T17:10:23.357Z</time>
      </trkpt>
      <trkpt lat="47.746168" lon="18.367447">
        <ele>111.063981</ele>
        <time>2026-08-06T17:10:29.705Z</time>
      </trkpt>
      <trkpt lat="47.746368" lon="18.368523">
        <ele>111.013437</ele>
        <time>2026-08-06T17:10:46.822Z</time>
      </trkpt>
      <trkpt lat="47.746509" lon="18.369276">
        <ele>110.974781</ele>
        <time>2026-08-06T17:10:58.650Z</time>
      </trkpt>
      <trkpt lat="47.746761" lon="18.370304">
        <ele>110.637991</ele>
        <time>2026-08-06T17:11:13.285Z</time>
      </trkpt>
      <trkpt lat="47.746771" lon="18.370657">
        <ele>110.529241</ele>
        <time>2026-08-06T17:11:18.025Z</time>
      </trkpt>
      <trkpt lat="47.746739" lon="18.371103">
        <ele>110.391184</ele>
        <time>2026-08-06T17:11:24.211Z</time>
      </trkpt>
      <trkpt lat="47.746761" lon="18.371388">
        <ele>110.302885</ele>
        <time>2026-08-06T17:11:28.209Z</time>
      </trkpt>
      <trkpt lat="47.747011" lon="18.372669">
        <ele>110.118879</ele>
        <time>2026-08-06T17:11:47.330Z</time>
      </trkpt>
      <trkpt lat="47.747276" lon="18.373795">
        <ele>110.068061</ele>
        <time>2026-08-06T17:12:05.297Z</time>
      </trkpt>
      <trkpt lat="47.747423" lon="18.374318">
        <ele>110.043915</ele>
        <time>2026-08-06T17:12:13.312Z</time>
      </trkpt>
      <trkpt lat="47.747655" lon="18.374930">
        <ele>110.335823</ele>
        <time>2026-08-06T17:12:24.410Z</time>
      </trkpt>
      <trkpt lat="47.747994" lon="18.375763">
        <ele>110.782659</ele>
        <time>2026-08-06T17:12:41.479Z</time>
      </trkpt>
      <trkpt lat="47.748134" lon="18.376044">
        <ele>110.943154</ele>
        <time>2026-08-06T17:12:47.548Z</time>
      </trkpt>
      <trkpt lat="47.748314" lon="18.376294">
        <ele>111.111244</ele>
        <time>2026-08-06T17:12:54.003Z</time>
      </trkpt>
      <trkpt lat="47.748442" lon="18.376494">
        <ele>111.237954</ele>
        <time>2026-08-06T17:12:58.883Z</time>
      </trkpt>
      <trkpt lat="47.748837" lon="18.377434">
        <ele>111.354681</ele>
        <time>2026-08-06T17:13:17.477Z</time>
      </trkpt>
      <trkpt lat="47.748895" lon="18.377584">
        <ele>111.368939</ele>
        <time>2026-08-06T17:13:20.036Z</time>
      </trkpt>
      <trkpt lat="47.749051" lon="18.377980">
        <ele>111.406757</ele>
        <time>2026-08-06T17:13:26.524Z</time>
      </trkpt>
      <trkpt lat="47.750009" lon="18.380450">
        <ele>110.947531</ele>
        <time>2026-08-06T17:14:06.925Z</time>
      </trkpt>
      <trkpt lat="47.750185" lon="18.381034">
        <ele>110.760056</ele>
        <time>2026-08-06T17:14:15.757Z</time>
      </trkpt>
      <trkpt lat="47.750295" lon="18.381760">
        <ele>110.597798</ele>
        <time>2026-08-06T17:14:25.578Z</time>
      </trkpt>
      <trkpt lat="47.750373" lon="18.382102">
        <ele>110.528048</ele>
        <time>2026-08-06T17:14:30.284Z</time>
      </trkpt>
      <trkpt lat="47.750652" lon="18.382945">
        <ele>110.346578</ele>
        <time>2026-08-06T17:14:43.778Z</time>
      </trkpt>
      <trkpt lat="47.750862" lon="18.383501">
        <ele>110.223411</ele>
        <time>2026-08-06T17:14:53.322Z</time>
      </trkpt>
      <trkpt lat="47.751473" lon="18.384922">
        <ele>110.813155</ele>
        <time>2026-08-06T17:15:21.216Z</time>
      </trkpt>
      <trkpt lat="47.751770" lon="18.385659">
        <ele>111.168623</ele>
        <time>2026-08-06T17:15:35.922Z</time>
      </trkpt>
      <trkpt lat="47.752616" lon="18.388256">
        <ele>112.448520</ele>
        <time>2026-08-06T17:16:23.935Z</time>
      </trkpt>
      <trkpt lat="47.752778" lon="18.388568">
        <ele>112.628198</ele>
        <time>2026-08-06T17:16:30.671Z</time>
      </trkpt>
      <trkpt lat="47.753122" lon="18.389067">
        <ele>112.955977</ele>
        <time>2026-08-06T17:16:43.054Z</time>
      </trkpt>
      <trkpt lat="47.753282" lon="18.389327">
        <ele>113.117628</ele>
        <time>2026-08-06T17:16:49.240Z</time>
      </trkpt>
      <trkpt lat="47.753606" lon="18.389910">
        <ele>113.464525</ele>
        <time>2026-08-06T17:17:02.257Z</time>
      </trkpt>
      <trkpt lat="47.753985" lon="18.390666">
        <ele>113.669632</ele>
        <time>2026-08-06T17:17:17.397Z</time>
      </trkpt>
      <trkpt lat="47.754710" lon="18.392211">
        <ele>113.431964</ele>
        <time>2026-08-06T17:17:44.233Z</time>
      </trkpt>
      <trkpt lat="47.754966" lon="18.392758">
        <ele>113.277717</ele>
        <time>2026-08-06T17:17:53.312Z</time>
      </trkpt>
      <trkpt lat="47.755251" lon="18.393370">
        <ele>112.986019</ele>
        <time>2026-08-06T17:18:03.489Z</time>
      </trkpt>
      <trkpt lat="47.755527" lon="18.393961">
        <ele>112.704073</ele>
        <time>2026-08-06T17:18:13.301Z</time>
      </trkpt>
      <trkpt lat="47.756105" lon="18.395179">
        <ele>112.222730</ele>
        <time>2026-08-06T17:18:33.473Z</time>
      </trkpt>
      <trkpt lat="47.756394" lon="18.395715">
        <ele>112.083421</ele>
        <time>2026-08-06T17:18:43.088Z</time>
      </trkpt>
      <trkpt lat="47.756436" lon="18.395780">
        <ele>112.065142</ele>
        <time>2026-08-06T17:18:44.376Z</time>
      </trkpt>
      <trkpt lat="47.756911" lon="18.396526">
        <ele>111.856818</ele>
        <time>2026-08-06T17:18:59.400Z</time>
      </trkpt>
      <trkpt lat="47.757140" lon="18.396986">
        <ele>111.757625</ele>
        <time>2026-08-06T17:19:07.886Z</time>
      </trkpt>
      <trkpt lat="47.757408" lon="18.397695">
        <ele>111.648585</ele>
        <time>2026-08-06T17:19:19.864Z</time>
      </trkpt>
      <trkpt lat="47.758107" lon="18.399846">
        <ele>111.292230</ele>
        <time>2026-08-06T17:19:53.987Z</time>
      </trkpt>
      <trkpt lat="47.758126" lon="18.399902">
        <ele>111.280891</ele>
        <time>2026-08-06T17:19:54.879Z</time>
      </trkpt>
      <trkpt lat="47.758475" lon="18.401055">
        <ele>111.052316</ele>
        <time>2026-08-06T17:20:13.085Z</time>
      </trkpt>
      <trkpt lat="47.758560" lon="18.401388">
        <ele>110.987928</ele>
        <time>2026-08-06T17:20:18.176Z</time>
      </trkpt>
      <trkpt lat="47.758610" lon="18.401720">
        <ele>110.902554</ele>
        <time>2026-08-06T17:20:23.046Z</time>
      </trkpt>
      <trkpt lat="47.758631" lon="18.402362">
        <ele>110.659104</ele>
        <time>2026-08-06T17:20:32.092Z</time>
      </trkpt>
      <trkpt lat="47.758612" lon="18.402855">
        <ele>110.472070</ele>
        <time>2026-08-06T17:20:38.680Z</time>
      </trkpt>
      <trkpt lat="47.758602" lon="18.403170">
        <ele>110.352628</ele>
        <time>2026-08-06T17:20:42.849Z</time>
      </trkpt>
      <trkpt lat="47.758603" lon="18.403359">
        <ele>110.281041</ele>
        <time>2026-08-06T17:20:45.360Z</time>
      </trkpt>
      <trkpt lat="47.758618" lon="18.403648">
        <ele>110.171254</ele>
        <time>2026-08-06T17:20:49.286Z</time>
      </trkpt>
      <trkpt lat="47.758705" lon="18.404261">
        <ele>109.934527</ele>
        <time>2026-08-06T17:20:57.815Z</time>
      </trkpt>
      <trkpt lat="47.758848" lon="18.404766">
        <ele>109.860664</ele>
        <time>2026-08-06T17:21:05.458Z</time>
      </trkpt>
      <trkpt lat="47.758996" lon="18.405181">
        <ele>109.797342</ele>
        <time>2026-08-06T17:21:12.070Z</time>
      </trkpt>
      <trkpt lat="47.759073" lon="18.405389">
        <ele>109.765335</ele>
        <time>2026-08-06T17:21:15.437Z</time>
      </trkpt>
      <trkpt lat="47.759589" lon="18.406724">
        <ele>109.583175</ele>
        <time>2026-08-06T17:21:38.476Z</time>
      </trkpt>
      <trkpt lat="47.759985" lon="18.407536">
        <ele>109.657043</ele>
        <time>2026-08-06T17:21:53.297Z</time>
      </trkpt>
      <trkpt lat="47.760353" lon="18.408311">
        <ele>109.726911</ele>
        <time>2026-08-06T17:22:07.670Z</time>
      </trkpt>
      <trkpt lat="47.760419" lon="18.408445">
        <ele>109.739143</ele>
        <time>2026-08-06T17:22:10.241Z</time>
      </trkpt>
      <trkpt lat="47.760349" lon="18.408514">
        <ele>109.748341</ele>
        <time>2026-08-06T17:22:12.269Z</time>
      </trkpt>
      <trkpt lat="47.760157" lon="18.408703">
        <ele>109.782218</ele>
        <time>2026-08-06T17:22:17.986Z</time>
      </trkpt>
      <trkpt lat="47.759712" lon="18.409139">
        <ele>110.056138</ele>
        <time>2026-08-06T17:22:31.667Z</time>
      </trkpt>
      <trkpt lat="47.758817" lon="18.410019">
        <ele>110.607648</ele>
        <time>2026-08-06T17:22:59.699Z</time>
      </trkpt>
      <trkpt lat="47.758412" lon="18.410405">
        <ele>110.447032</ele>
        <time>2026-08-06T17:23:11.162Z</time>
      </trkpt>
      <trkpt lat="47.758181" lon="18.410590">
        <ele>110.236100</ele>
        <time>2026-08-06T17:23:16.942Z</time>
      </trkpt>
      <trkpt lat="47.758013" lon="18.410432">
        <ele>110.076295</ele>
        <time>2026-08-06T17:23:21.065Z</time>
      </trkpt>
      <trkpt lat="47.757851" lon="18.410595">
        <ele>109.919048</ele>
        <time>2026-08-06T17:23:25.007Z</time>
      </trkpt>
      <trkpt lat="47.757429" lon="18.410834">
        <ele>109.555997</ele>
        <time>2026-08-06T17:23:33.783Z</time>
      </trkpt>
      <trkpt lat="47.756601" lon="18.411484">
        <ele>108.187674</ele>
        <time>2026-08-06T17:23:50.009Z</time>
      </trkpt>
      <trkpt lat="47.755837" lon="18.412115">
        <ele>106.516314</ele>
        <time>2026-08-06T17:24:05.195Z</time>
      </trkpt>
      <trkpt lat="47.755717" lon="18.412196">
        <ele>106.264277</ele>
        <time>2026-08-06T17:24:07.517Z</time>
      </trkpt>
      <trkpt lat="47.755923" lon="18.413069">
        <ele>105.656879</ele>
        <time>2026-08-06T17:24:18.940Z</time>
      </trkpt>
      <trkpt lat="47.756064" lon="18.413546">
        <ele>105.517624</ele>
        <time>2026-08-06T17:24:26.086Z</time>
      </trkpt>
      <trkpt lat="47.756568" lon="18.415108">
        <ele>105.174562</ele>
        <time>2026-08-06T17:24:52.549Z</time>
      </trkpt>
      <trkpt lat="47.757084" lon="18.416463">
        <ele>106.004699</ele>
        <time>2026-08-06T17:25:18.597Z</time>
      </trkpt>
      <trkpt lat="47.757181" lon="18.416585">
        <ele>106.105421</ele>
        <time>2026-08-06T17:25:21.961Z</time>
      </trkpt>
      <trkpt lat="47.757320" lon="18.416700">
        <ele>106.231539</ele>
        <time>2026-08-06T17:25:26.262Z</time>
      </trkpt>
      <trkpt lat="47.758276" lon="18.417735">
        <ele>107.247975</ele>
        <time>2026-08-06T17:25:58.822Z</time>
      </trkpt>
      <trkpt lat="47.758625" lon="18.418206">
        <ele>107.667093</ele>
        <time>2026-08-06T17:26:10.951Z</time>
      </trkpt>
      <trkpt lat="47.758828" lon="18.418672">
        <ele>107.999105</ele>
        <time>2026-08-06T17:26:20.244Z</time>
      </trkpt>
      <trkpt lat="47.760268" lon="18.422452">
        <ele>107.966179</ele>
        <time>2026-08-06T17:27:25.951Z</time>
      </trkpt>
      <trkpt lat="47.760246" lon="18.422751">
        <ele>107.891016</ele>
        <time>2026-08-06T17:27:29.859Z</time>
      </trkpt>
      <trkpt lat="47.760250" lon="18.423303">
        <ele>107.753070</ele>
        <time>2026-08-06T17:27:36.991Z</time>
      </trkpt>
      <trkpt lat="47.760329" lon="18.423936">
        <ele>107.601096</ele>
        <time>2026-08-06T17:27:45.228Z</time>
      </trkpt>
      <trkpt lat="47.760379" lon="18.424149">
        <ele>107.551719</ele>
        <time>2026-08-06T17:27:48.103Z</time>
      </trkpt>
      <trkpt lat="47.761112" lon="18.426694">
        <ele>107.161167</ele>
        <time>2026-08-06T17:28:28.675Z</time>
      </trkpt>
      <trkpt lat="47.761546" lon="18.428009">
        <ele>107.361469</ele>
        <time>2026-08-06T17:28:52.404Z</time>
      </trkpt>
      <trkpt lat="47.762174" lon="18.429744">
        <ele>107.190157</ele>
        <time>2026-08-06T17:29:22.716Z</time>
      </trkpt>
      <trkpt lat="47.762834" lon="18.431538">
        <ele>106.939054</ele>
        <time>2026-08-06T17:29:49.787Z</time>
      </trkpt>
      <trkpt lat="47.764047" lon="18.434769">
        <ele>107.512549</ele>
        <time>2026-08-06T17:30:48.234Z</time>
      </trkpt>
      <trkpt lat="47.764711" lon="18.436463">
        <ele>108.157327</ele>
        <time>2026-08-06T17:31:21.865Z</time>
      </trkpt>
      <trkpt lat="47.764826" lon="18.436742">
        <ele>108.262605</ele>
        <time>2026-08-06T17:31:27.204Z</time>
      </trkpt>
      <trkpt lat="47.765541" lon="18.438479">
        <ele>108.634153</ele>
        <time>2026-08-06T17:31:58.760Z</time>
      </trkpt>
      <trkpt lat="47.765577" lon="18.438565">
        <ele>108.627558</ele>
        <time>2026-08-06T17:32:00.342Z</time>
      </trkpt>
      <trkpt lat="47.765828" lon="18.439162">
        <ele>108.581723</ele>
        <time>2026-08-06T17:32:10.861Z</time>
      </trkpt>
      <trkpt lat="47.766355" lon="18.440418">
        <ele>108.479233</ele>
        <time>2026-08-06T17:32:31.744Z</time>
      </trkpt>
      <trkpt lat="47.766735" lon="18.441385">
        <ele>108.386386</ele>
        <time>2026-08-06T17:32:47.749Z</time>
      </trkpt>
      <trkpt lat="47.767015" lon="18.442195">
        <ele>108.310888</ele>
        <time>2026-08-06T17:33:01.146Z</time>
      </trkpt>
      <trkpt lat="47.768071" lon="18.444681">
        <ele>108.767813</ele>
        <time>2026-08-06T17:33:47.428Z</time>
      </trkpt>
      <trkpt lat="47.769098" lon="18.447294">
        <ele>109.447845</ele>
        <time>2026-08-06T17:34:36.936Z</time>
      </trkpt>
      <trkpt lat="47.769206" lon="18.447622">
        <ele>109.328119</ele>
        <time>2026-08-06T17:34:42.128Z</time>
      </trkpt>
      <trkpt lat="47.769325" lon="18.448106">
        <ele>109.159184</ele>
        <time>2026-08-06T17:34:49.147Z</time>
      </trkpt>
      <trkpt lat="47.769482" lon="18.449061">
        <ele>108.836913</ele>
        <time>2026-08-06T17:35:01.943Z</time>
      </trkpt>
      <trkpt lat="47.769530" lon="18.449693">
        <ele>108.680699</ele>
        <time>2026-08-06T17:35:10.273Z</time>
      </trkpt>
      <trkpt lat="47.769537" lon="18.450453">
        <ele>108.719254</ele>
        <time>2026-08-06T17:35:20.756Z</time>
      </trkpt>
      <trkpt lat="47.769280" lon="18.452828">
        <ele>109.084810</ele>
        <time>2026-08-06T17:35:59.784Z</time>
      </trkpt>
      <trkpt lat="47.769132" lon="18.453557">
        <ele>109.418917</ele>
        <time>2026-08-06T17:36:12.946Z</time>
      </trkpt>
      <trkpt lat="47.769011" lon="18.454010">
        <ele>109.632782</ele>
        <time>2026-08-06T17:36:21.465Z</time>
      </trkpt>
      <trkpt lat="47.768501" lon="18.455354">
        <ele>109.624171</ele>
        <time>2026-08-06T17:36:46.531Z</time>
      </trkpt>
      <trkpt lat="47.768297" lon="18.456011">
        <ele>109.274604</ele>
        <time>2026-08-06T17:36:56.385Z</time>
      </trkpt>
      <trkpt lat="47.768152" lon="18.456593">
        <ele>108.974797</ele>
        <time>2026-08-06T17:37:04.090Z</time>
      </trkpt>
      <trkpt lat="47.767783" lon="18.457987">
        <ele>108.009781</ele>
        <time>2026-08-06T17:37:22.132Z</time>
      </trkpt>
      <trkpt lat="47.767007" lon="18.460865">
        <ele>106.246093</ele>
        <time>2026-08-06T17:38:03.544Z</time>
      </trkpt>
      <trkpt lat="47.766862" lon="18.461454">
        <ele>106.038024</ele>
        <time>2026-08-06T17:38:12.203Z</time>
      </trkpt>
      <trkpt lat="47.766723" lon="18.462223">
        <ele>105.809100</ele>
        <time>2026-08-06T17:38:23.560Z</time>
      </trkpt>
      <trkpt lat="47.766325" lon="18.464351">
        <ele>106.012531</ele>
        <time>2026-08-06T17:38:57.881Z</time>
      </trkpt>
      <trkpt lat="47.766052" lon="18.465857">
        <ele>106.192534</ele>
        <time>2026-08-06T17:39:22.034Z</time>
      </trkpt>
      <trkpt lat="47.765376" lon="18.469972">
        <ele>106.785272</ele>
        <time>2026-08-06T17:40:27.225Z</time>
      </trkpt>
      <trkpt lat="47.765341" lon="18.470153">
        <ele>106.860775</ele>
        <time>2026-08-06T17:40:30.055Z</time>
      </trkpt>
      <trkpt lat="47.765105" lon="18.471157">
        <ele>107.287167</ele>
        <time>2026-08-06T17:40:47.956Z</time>
      </trkpt>
      <trkpt lat="47.764916" lon="18.471790">
        <ele>107.564839</ele>
        <time>2026-08-06T17:40:59.938Z</time>
      </trkpt>
      <trkpt lat="47.765131" lon="18.472003">
        <ele>107.718896</ele>
        <time>2026-08-06T17:41:06.544Z</time>
      </trkpt>
      <trkpt lat="47.765174" lon="18.472094">
        <ele>107.763489</ele>
        <time>2026-08-06T17:41:08.415Z</time>
      </trkpt>
      <trkpt lat="47.765175" lon="18.472248">
        <ele>107.825229</ele>
        <time>2026-08-06T17:41:11.038Z</time>
      </trkpt>
      <trkpt lat="47.765074" lon="18.472469">
        <ele>107.895146</ele>
        <time>2026-08-06T17:41:15.542Z</time>
      </trkpt>
      <trkpt lat="47.764185" lon="18.475019">
        <ele>108.559435</ele>
        <time>2026-08-06T17:42:00.765Z</time>
      </trkpt>
      <trkpt lat="47.764008" lon="18.475461">
        <ele>108.627189</ele>
        <time>2026-08-06T17:42:08.779Z</time>
      </trkpt>
      <trkpt lat="47.764089" lon="18.475540">
        <ele>108.646164</ele>
        <time>2026-08-06T17:42:11.138Z</time>
      </trkpt>
      <trkpt lat="47.766653" lon="18.477050">
        <ele>109.026953</ele>
        <time>2026-08-06T17:43:16.439Z</time>
      </trkpt>
      <trkpt lat="47.767384" lon="18.477481">
        <ele>108.898834</ele>
        <time>2026-08-06T17:43:34.487Z</time>
      </trkpt>
      <trkpt lat="47.766837" lon="18.478911">
        <ele>108.676100</ele>
        <time>2026-08-06T17:43:57.910Z</time>
      </trkpt>
      <trkpt lat="47.766570" lon="18.479599">
        <ele>108.549271</ele>
        <time>2026-08-06T17:44:09.133Z</time>
      </trkpt>
      <trkpt lat="47.766270" lon="18.480260">
        <ele>108.421718</ele>
        <time>2026-08-06T17:44:20.222Z</time>
      </trkpt>
      <trkpt lat="47.764541" lon="18.483259">
        <ele>108.116864</ele>
        <time>2026-08-06T17:45:18.556Z</time>
      </trkpt>
      <trkpt lat="47.763855" lon="18.484436">
        <ele>108.074147</ele>
        <time>2026-08-06T17:45:42.012Z</time>
      </trkpt>
      <trkpt lat="47.763696" lon="18.484799">
        <ele>108.062266</ele>
        <time>2026-08-06T17:45:48.465Z</time>
      </trkpt>
      <trkpt lat="47.763630" lon="18.484990">
        <ele>108.056377</ele>
        <time>2026-08-06T17:45:51.625Z</time>
      </trkpt>
      <trkpt lat="47.763277" lon="18.485938">
        <ele>107.949417</ele>
        <time>2026-08-06T17:46:07.232Z</time>
      </trkpt>
      <trkpt lat="47.762942" lon="18.486801">
        <ele>107.825380</ele>
        <time>2026-08-06T17:46:21.477Z</time>
      </trkpt>
      <trkpt lat="47.761355" lon="18.491201">
        <ele>107.406569</ele>
        <time>2026-08-06T17:47:34.283Z</time>
      </trkpt>
      <trkpt lat="47.761251" lon="18.491338">
        <ele>107.401229</ele>
        <time>2026-08-06T17:47:37.406Z</time>
      </trkpt>
      <trkpt lat="47.761139" lon="18.491414">
        <ele>107.396497</ele>
        <time>2026-08-06T17:47:40.199Z</time>
      </trkpt>
      <trkpt lat="47.761007" lon="18.491424">
        <ele>107.391416</ele>
        <time>2026-08-06T17:47:43.223Z</time>
      </trkpt>
      <trkpt lat="47.760764" lon="18.491398">
        <ele>107.382051</ele>
        <time>2026-08-06T17:47:48.774Z</time>
      </trkpt>
      <trkpt lat="47.759963" lon="18.491184">
        <ele>107.542703</ele>
        <time>2026-08-06T17:48:07.127Z</time>
      </trkpt>
      <trkpt lat="47.758979" lon="18.490891">
        <ele>107.816188</ele>
        <time>2026-08-06T17:48:30.415Z</time>
      </trkpt>
      <trkpt lat="47.757010" lon="18.490241">
        <ele>108.806963</ele>
        <time>2026-08-06T17:49:20.603Z</time>
      </trkpt>
      <trkpt lat="47.756336" lon="18.490284">
        <ele>108.709638</ele>
        <time>2026-08-06T17:49:35.199Z</time>
      </trkpt>
      <trkpt lat="47.756149" lon="18.490426">
        <ele>108.679348</ele>
        <time>2026-08-06T17:49:39.684Z</time>
      </trkpt>
      <trkpt lat="47.755918" lon="18.490684">
        <ele>108.637673</ele>
        <time>2026-08-06T17:49:45.731Z</time>
      </trkpt>
      <trkpt lat="47.755769" lon="18.490972">
        <ele>108.602427</ele>
        <time>2026-08-06T17:49:50.766Z</time>
      </trkpt>
      <trkpt lat="47.755718" lon="18.491141">
        <ele>108.584460</ele>
        <time>2026-08-06T17:49:53.356Z</time>
      </trkpt>
      <trkpt lat="47.755663" lon="18.491651">
        <ele>108.541936</ele>
        <time>2026-08-06T17:50:00.448Z</time>
      </trkpt>
      <trkpt lat="47.755707" lon="18.495227">
        <ele>108.245863</ele>
        <time>2026-08-06T17:50:53.936Z</time>
      </trkpt>
      <trkpt lat="47.755908" lon="18.496994">
        <ele>107.981396</ele>
        <time>2026-08-06T17:51:19.332Z</time>
      </trkpt>
      <trkpt lat="47.755908" lon="18.498290">
        <ele>107.701760</ele>
        <time>2026-08-06T17:51:37.374Z</time>
      </trkpt>
      <trkpt lat="47.756159" lon="18.500564">
        <ele>107.442956</ele>
        <time>2026-08-06T17:52:10.474Z</time>
      </trkpt>
      <trkpt lat="47.756372" lon="18.501636">
        <ele>107.435908</ele>
        <time>2026-08-06T17:52:27.550Z</time>
      </trkpt>
      <trkpt lat="47.756595" lon="18.502816">
        <ele>107.506631</ele>
        <time>2026-08-06T17:52:46.859Z</time>
      </trkpt>
      <trkpt lat="47.756779" lon="18.504924">
        <ele>107.611595</ele>
        <time>2026-08-06T17:53:19.363Z</time>
      </trkpt>
      <trkpt lat="47.756780" lon="18.504926">
        <ele>107.610963</ele>
        <time>2026-08-06T17:53:19.389Z</time>
      </trkpt>
      <trkpt lat="47.757108" lon="18.507366">
        <ele>106.987270</ele>
        <time>2026-08-06T17:53:53.782Z</time>
      </trkpt>
      <trkpt lat="47.757621" lon="18.511454">
        <ele>106.270124</ele>
        <time>2026-08-06T17:54:53.797Z</time>
      </trkpt>
      <trkpt lat="47.757919" lon="18.513158">
        <ele>105.979497</ele>
        <time>2026-08-06T17:55:18.095Z</time>
      </trkpt>
      <trkpt lat="47.758963" lon="18.519724">
        <ele>105.446053</ele>
        <time>2026-08-06T17:56:57.484Z</time>
      </trkpt>
      <trkpt lat="47.759140" lon="18.520448">
        <ele>105.428003</ele>
        <time>2026-08-06T17:57:08.903Z</time>
      </trkpt>
      <trkpt lat="47.760173" lon="18.523211">
        <ele>105.628931</ele>
        <time>2026-08-06T17:57:56.980Z</time>
      </trkpt>
      <trkpt lat="47.760331" lon="18.523218">
        <ele>105.665745</ele>
        <time>2026-08-06T17:58:02.728Z</time>
      </trkpt>
      <trkpt lat="47.760454" lon="18.523361">
        <ele>105.702101</ele>
        <time>2026-08-06T17:58:08.421Z</time>
      </trkpt>
      <trkpt lat="47.760473" lon="18.523401">
        <ele>105.709769</ele>
        <time>2026-08-06T17:58:09.090Z</time>
      </trkpt>
      <trkpt lat="47.760515" lon="18.523528">
        <ele>105.731928</ele>
        <time>2026-08-06T17:58:11.188Z</time>
      </trkpt>
      <trkpt lat="47.760527" lon="18.523582">
        <ele>105.740832</ele>
        <time>2026-08-06T17:58:12.062Z</time>
      </trkpt>
      <trkpt lat="47.760497" lon="18.523694">
        <ele>105.759707</ele>
        <time>2026-08-06T17:58:15.017Z</time>
      </trkpt>
      <trkpt lat="47.760415" lon="18.523811">
        <ele>105.786169</ele>
        <time>2026-08-06T17:58:19.191Z</time>
      </trkpt>
      <trkpt lat="47.761488" lon="18.526164">
        <ele>107.090729</ele>
        <time>2026-08-06T17:59:06.773Z</time>
      </trkpt>
      <trkpt lat="47.761601" lon="18.526371">
        <ele>107.260549</ele>
        <time>2026-08-06T17:59:11.921Z</time>
      </trkpt>
      <trkpt lat="47.761856" lon="18.526717">
        <ele>107.587527</ele>
        <time>2026-08-06T17:59:21.780Z</time>
      </trkpt>
      <trkpt lat="47.762012" lon="18.526797">
        <ele>107.763213</ele>
        <time>2026-08-06T17:59:26.485Z</time>
      </trkpt>
      <trkpt lat="47.762207" lon="18.526837">
        <ele>107.990410</ele>
        <time>2026-08-06T17:59:32.059Z</time>
      </trkpt>
      <trkpt lat="47.762339" lon="18.526857">
        <ele>108.143552</ele>
        <time>2026-08-06T17:59:35.763Z</time>
      </trkpt>
      <trkpt lat="47.762982" lon="18.526823">
        <ele>108.886166</ele>
        <time>2026-08-06T17:59:53.376Z</time>
      </trkpt>
      <trkpt lat="47.763130" lon="18.527068">
        <ele>109.141726</ele>
        <time>2026-08-06T17:59:59.222Z</time>
      </trkpt>
      <trkpt lat="47.763858" lon="18.528067">
        <ele>109.975021</ele>
        <time>2026-08-06T18:00:23.984Z</time>
      </trkpt>
      <trkpt lat="47.764259" lon="18.528787">
        <ele>110.294525</ele>
        <time>2026-08-06T18:00:39.640Z</time>
      </trkpt>
      <trkpt lat="47.764797" lon="18.529921">
        <ele>110.590906</ele>
        <time>2026-08-06T18:01:01.701Z</time>
      </trkpt>
      <trkpt lat="47.765405" lon="18.531201">
        <ele>110.353891</ele>
        <time>2026-08-06T18:01:24.005Z</time>
      </trkpt>
      <trkpt lat="47.765801" lon="18.532032">
        <ele>110.213419</ele>
        <time>2026-08-06T18:01:37.816Z</time>
      </trkpt>
      <trkpt lat="47.766259" lon="18.532997">
        <ele>110.093920</ele>
        <time>2026-08-06T18:01:54.762Z</time>
      </trkpt>
      <trkpt lat="47.766678" lon="18.533690">
        <ele>109.999630</ele>
        <time>2026-08-06T18:02:08.987Z</time>
      </trkpt>
      <trkpt lat="47.767082" lon="18.534416">
        <ele>109.876776</ele>
        <time>2026-08-06T18:02:23.639Z</time>
      </trkpt>
      <trkpt lat="47.770179" lon="18.540781">
        <ele>108.777761</ele>
        <time>2026-08-06T18:04:15.840Z</time>
      </trkpt>
      <trkpt lat="47.770361" lon="18.541259">
        <ele>108.842839</ele>
        <time>2026-08-06T18:04:23.999Z</time>
      </trkpt>
      <trkpt lat="47.770703" lon="18.542403">
        <ele>108.991157</ele>
        <time>2026-08-06T18:04:43.452Z</time>
      </trkpt>
      <trkpt lat="47.771037" lon="18.543371">
        <ele>109.300788</ele>
        <time>2026-08-06T18:05:01.641Z</time>
      </trkpt>
      <trkpt lat="47.771300" lon="18.543987">
        <ele>109.577254</ele>
        <time>2026-08-06T18:05:14.079Z</time>
      </trkpt>
      <trkpt lat="47.771609" lon="18.544500">
        <ele>109.838220</ele>
        <time>2026-08-06T18:05:25.509Z</time>
      </trkpt>
      <trkpt lat="47.771865" lon="18.544957">
        <ele>110.051373</ele>
        <time>2026-08-06T18:05:35.092Z</time>
      </trkpt>
      <trkpt lat="47.772029" lon="18.545317">
        <ele>110.047571</ele>
        <time>2026-08-06T18:05:41.867Z</time>
      </trkpt>
      <trkpt lat="47.772176" lon="18.545773">
        <ele>110.043150</ele>
        <time>2026-08-06T18:05:49.494Z</time>
      </trkpt>
      <trkpt lat="47.772272" lon="18.546177">
        <ele>110.039405</ele>
        <time>2026-08-06T18:05:55.724Z</time>
      </trkpt>
      <trkpt lat="47.773054" lon="18.552763">
        <ele>109.346814</ele>
        <time>2026-08-06T18:07:32.541Z</time>
      </trkpt>
      <trkpt lat="47.773177" lon="18.553801">
        <ele>109.321508</ele>
        <time>2026-08-06T18:07:48.089Z</time>
      </trkpt>
      <trkpt lat="47.773054" lon="18.552763">
        <ele>109.296202</ele>
        <time>2026-08-06T18:08:03.745Z</time>
      </trkpt>
      <trkpt lat="47.773177" lon="18.553801">
        <ele>109.369689</ele>
        <time>2026-08-06T18:08:19.779Z</time>
      </trkpt>
      <trkpt lat="47.773542" lon="18.556884">
        <ele>109.674919</ele>
        <time>2026-08-06T18:09:08.709Z</time>
      </trkpt>
      <trkpt lat="47.773564" lon="18.557195">
        <ele>109.665740</ele>
        <time>2026-08-06T18:09:13.525Z</time>
      </trkpt>
      <trkpt lat="47.773557" lon="18.557828">
        <ele>109.647158</ele>
        <time>2026-08-06T18:09:22.936Z</time>
      </trkpt>
      <trkpt lat="47.773450" lon="18.558352">
        <ele>109.631083</ele>
        <time>2026-08-06T18:09:30.732Z</time>
      </trkpt>
      <trkpt lat="47.773287" lon="18.558905">
        <ele>109.439896</ele>
        <time>2026-08-06T18:09:39.030Z</time>
      </trkpt>
      <trkpt lat="47.772696" lon="18.560193">
        <ele>108.751332</ele>
        <time>2026-08-06T18:10:00.054Z</time>
      </trkpt>
      <trkpt lat="47.772149" lon="18.561464">
        <ele>108.241636</ele>
        <time>2026-08-06T18:10:20.140Z</time>
      </trkpt>
      <trkpt lat="47.772103" lon="18.561572">
        <ele>108.209809</ele>
        <time>2026-08-06T18:10:21.885Z</time>
      </trkpt>
      <trkpt lat="47.771972" lon="18.561881">
        <ele>108.118870</ele>
        <time>2026-08-06T18:10:26.957Z</time>
      </trkpt>
      <trkpt lat="47.771893" lon="18.562164">
        <ele>108.042591</ele>
        <time>2026-08-06T18:10:31.238Z</time>
      </trkpt>
      <trkpt lat="47.771797" lon="18.562675">
        <ele>107.910519</ele>
        <time>2026-08-06T18:10:38.715Z</time>
      </trkpt>
      <trkpt lat="47.771508" lon="18.566340">
        <ele>107.846677</ele>
        <time>2026-08-06T18:11:34.981Z</time>
      </trkpt>
      <trkpt lat="47.771456" lon="18.566734">
        <ele>107.788017</ele>
        <time>2026-08-06T18:11:40.831Z</time>
      </trkpt>
      <trkpt lat="47.770675" lon="18.569314">
        <ele>107.610990</ele>
        <time>2026-08-06T18:12:21.047Z</time>
      </trkpt>
      <trkpt lat="47.770528" lon="18.569912">
        <ele>107.663194</ele>
        <time>2026-08-06T18:12:30.738Z</time>
      </trkpt>
      <trkpt lat="47.770402" lon="18.570673">
        <ele>107.727451</ele>
        <time>2026-08-06T18:12:43.234Z</time>
      </trkpt>
      <trkpt lat="47.770162" lon="18.573102">
        <ele>108.623504</ele>
        <time>2026-08-06T18:13:24.406Z</time>
      </trkpt>
      <trkpt lat="47.770155" lon="18.574038">
        <ele>108.845219</ele>
        <time>2026-08-06T18:13:39.702Z</time>
      </trkpt>
      <trkpt lat="47.770221" lon="18.574806">
        <ele>108.921388</ele>
        <time>2026-08-06T18:13:51.664Z</time>
      </trkpt>
      <trkpt lat="47.770300" lon="18.575481">
        <ele>108.988792</ele>
        <time>2026-08-06T18:14:01.907Z</time>
      </trkpt>
      <trkpt lat="47.770405" lon="18.576014">
        <ele>109.043433</ele>
        <time>2026-08-06T18:14:10.017Z</time>
      </trkpt>
      <trkpt lat="47.772082" lon="18.582919">
        <ele>108.389520</ele>
        <time>2026-08-06T18:15:57.336Z</time>
      </trkpt>
      <trkpt lat="47.772175" lon="18.583509">
        <ele>108.328261</ele>
        <time>2026-08-06T18:16:06.047Z</time>
      </trkpt>
      <trkpt lat="47.772212" lon="18.583961">
        <ele>108.286336</ele>
        <time>2026-08-06T18:16:12.627Z</time>
      </trkpt>
      <trkpt lat="47.772145" lon="18.584729">
        <ele>108.223247</ele>
        <time>2026-08-06T18:16:23.827Z</time>
      </trkpt>
      <trkpt lat="47.771942" lon="18.585581">
        <ele>108.149607</ele>
        <time>2026-08-06T18:16:37.007Z</time>
      </trkpt>
      <trkpt lat="47.770902" lon="18.589320">
        <ele>108.086328</ele>
        <time>2026-08-06T18:17:36.958Z</time>
      </trkpt>
      <trkpt lat="47.770628" lon="18.590088">
        <ele>108.171551</ele>
        <time>2026-08-06T18:17:50.391Z</time>
      </trkpt>
      <trkpt lat="47.770423" lon="18.590542">
        <ele>108.225160</ele>
        <time>2026-08-06T18:17:58.986Z</time>
      </trkpt>
      <trkpt lat="47.769872" lon="18.591478">
        <ele>108.323199</ele>
        <time>2026-08-06T18:18:18.483Z</time>
      </trkpt>
      <trkpt lat="47.767361" lon="18.595039">
        <ele>108.443056</ele>
        <time>2026-08-06T18:19:35.916Z</time>
      </trkpt>
      <trkpt lat="47.766921" lon="18.595583">
        <ele>108.384039</ele>
        <time>2026-08-06T18:19:48.251Z</time>
      </trkpt>
      <trkpt lat="47.765784" lon="18.596748">
        <ele>108.415118</ele>
        <time>2026-08-06T18:20:18.186Z</time>
      </trkpt>
      <trkpt lat="47.765432" lon="18.597183">
        <ele>108.563325</ele>
        <time>2026-08-06T18:20:28.841Z</time>
      </trkpt>
      <trkpt lat="47.765055" lon="18.597761">
        <ele>108.738660</ele>
        <time>2026-08-06T18:20:42.063Z</time>
      </trkpt>
      <trkpt lat="47.764809" lon="18.598211">
        <ele>108.864934</ele>
        <time>2026-08-06T18:20:51.856Z</time>
      </trkpt>
      <trkpt lat="47.764528" lon="18.598873">
        <ele>109.073028</ele>
        <time>2026-08-06T18:21:05.071Z</time>
      </trkpt>
      <trkpt lat="47.763900" lon="18.600490">
        <ele>109.569985</ele>
        <time>2026-08-06T18:21:34.764Z</time>
      </trkpt>
      <trkpt lat="47.763300" lon="18.602195">
        <ele>109.437501</ele>
        <time>2026-08-06T18:22:02.693Z</time>
      </trkpt>
      <trkpt lat="47.761792" lon="18.606261">
        <ele>108.759302</ele>
        <time>2026-08-06T18:23:09.762Z</time>
      </trkpt>
      <trkpt lat="47.761529" lon="18.607132">
        <ele>108.582809</ele>
        <time>2026-08-06T18:23:23.196Z</time>
      </trkpt>
      <trkpt lat="47.761407" lon="18.607845">
        <ele>108.457742</ele>
        <time>2026-08-06T18:23:33.528Z</time>
      </trkpt>
      <trkpt lat="47.760424" lon="18.615247">
        <ele>107.502794</ele>
        <time>2026-08-06T18:25:22.837Z</time>
      </trkpt>
      <trkpt lat="47.760387" lon="18.615954">
        <ele>107.439767</ele>
        <time>2026-08-06T18:25:33.290Z</time>
      </trkpt>
      <trkpt lat="47.760417" lon="18.619799">
        <ele>107.251171</ele>
        <time>2026-08-06T18:26:30.056Z</time>
      </trkpt>
      <trkpt lat="47.761121" lon="18.627254">
        <ele>106.737799</ele>
        <time>2026-08-06T18:28:23.388Z</time>
      </trkpt>
      <trkpt lat="47.761204" lon="18.627253">
        <ele>106.667708</ele>
        <time>2026-08-06T18:28:24.974Z</time>
      </trkpt>
      <trkpt lat="47.761646" lon="18.627725">
        <ele>106.208258</ele>
        <time>2026-08-06T18:28:35.018Z</time>
      </trkpt>
      <trkpt lat="47.761843" lon="18.627508">
        <ele>106.001265</ele>
        <time>2026-08-06T18:28:39.435Z</time>
      </trkpt>
      <trkpt lat="47.761888" lon="18.627458">
        <ele>105.953836</ele>
        <time>2026-08-06T18:28:40.443Z</time>
      </trkpt>
      <trkpt lat="47.761981" lon="18.627352">
        <ele>105.854902</ele>
        <time>2026-08-06T18:28:42.542Z</time>
      </trkpt>
      <trkpt lat="47.762011" lon="18.627321">
        <ele>105.827485</ele>
        <time>2026-08-06T18:28:43.200Z</time>
      </trkpt>
      <trkpt lat="47.762204" lon="18.627142">
        <ele>105.670319</ele>
        <time>2026-08-06T18:28:47.302Z</time>
      </trkpt>
      <trkpt lat="47.762368" lon="18.627070">
        <ele>105.552157</ele>
        <time>2026-08-06T18:28:50.438Z</time>
      </trkpt>
      <trkpt lat="47.762558" lon="18.627029">
        <ele>105.419487</ele>
        <time>2026-08-06T18:28:54.047Z</time>
      </trkpt>
      <trkpt lat="47.762824" lon="18.627075">
        <ele>105.234434</ele>
        <time>2026-08-06T18:28:59.195Z</time>
      </trkpt>
      <trkpt lat="47.765054" lon="18.628264">
        <ele>104.605847</ele>
        <time>2026-08-06T18:29:51.660Z</time>
      </trkpt>
      <trkpt lat="47.765137" lon="18.628322">
        <ele>104.606216</ele>
        <time>2026-08-06T18:29:53.716Z</time>
      </trkpt>
      <trkpt lat="47.765220" lon="18.628438">
        <ele>104.606675</ele>
        <time>2026-08-06T18:29:56.249Z</time>
      </trkpt>
      <trkpt lat="47.765262" lon="18.628581">
        <ele>104.607098</ele>
        <time>2026-08-06T18:29:58.545Z</time>
      </trkpt>
      <trkpt lat="47.765302" lon="18.628800">
        <ele>104.621918</ele>
        <time>2026-08-06T18:30:01.940Z</time>
      </trkpt>
      <trkpt lat="47.765326" lon="18.628937">
        <ele>104.634039</ele>
        <time>2026-08-06T18:30:04.080Z</time>
      </trkpt>
      <trkpt lat="47.765393" lon="18.629350">
        <ele>104.670412</ele>
        <time>2026-08-06T18:30:10.460Z</time>
      </trkpt>
      <trkpt lat="47.765405" lon="18.629427">
        <ele>104.677179</ele>
        <time>2026-08-06T18:30:11.632Z</time>
      </trkpt>
      <trkpt lat="47.765743" lon="18.631467">
        <ele>104.846928</ele>
        <time>2026-08-06T18:30:44.235Z</time>
      </trkpt>
      <trkpt lat="47.765841" lon="18.631735">
        <ele>104.860279</ele>
        <time>2026-08-06T18:30:49.030Z</time>
      </trkpt>
      <trkpt lat="47.767578" lon="18.634767">
        <ele>105.034891</ele>
        <time>2026-08-06T18:31:48.889Z</time>
      </trkpt>
      <trkpt lat="47.767748" lon="18.635006">
        <ele>105.050170</ele>
        <time>2026-08-06T18:31:54.155Z</time>
      </trkpt>
      <trkpt lat="47.768015" lon="18.635249">
        <ele>105.070617</ele>
        <time>2026-08-06T18:32:01.279Z</time>
      </trkpt>
      <trkpt lat="47.768163" lon="18.635378">
        <ele>105.117849</ele>
        <time>2026-08-06T18:32:05.201Z</time>
      </trkpt>
      <trkpt lat="47.768355" lon="18.635561">
        <ele>105.182043</ele>
        <time>2026-08-06T18:32:10.483Z</time>
      </trkpt>
      <trkpt lat="47.768769" lon="18.636067">
        <ele>105.332879</ele>
        <time>2026-08-06T18:32:22.742Z</time>
      </trkpt>
      <trkpt lat="47.769358" lon="18.637011">
        <ele>105.576605</ele>
        <time>2026-08-06T18:32:43.377Z</time>
      </trkpt>
      <trkpt lat="47.769413" lon="18.637128">
        <ele>105.621489</ele>
        <time>2026-08-06T18:32:45.641Z</time>
      </trkpt>
      <trkpt lat="47.769427" lon="18.637165">
        <ele>105.634978</ele>
        <time>2026-08-06T18:32:46.319Z</time>
      </trkpt>
      <trkpt lat="47.769468" lon="18.637292">
        <ele>105.679735</ele>
        <time>2026-08-06T18:32:48.553Z</time>
      </trkpt>
      <trkpt lat="47.769498" lon="18.637512">
        <ele>105.751047</ele>
        <time>2026-08-06T18:32:52.124Z</time>
      </trkpt>
      <trkpt lat="47.769645" lon="18.643069">
        <ele>107.187164</ele>
        <time>2026-08-06T18:34:22.914Z</time>
      </trkpt>
      <trkpt lat="47.773163" lon="18.642469">
        <ele>106.067680</ele>
        <time>2026-08-06T18:35:35.348Z</time>
      </trkpt>
      <trkpt lat="47.774717" lon="18.642219">
        <ele>106.861906</ele>
        <time>2026-08-06T18:36:11.102Z</time>
      </trkpt>
      <trkpt lat="47.776057" lon="18.642098">
        <ele>110.225141</ele>
        <time>2026-08-06T18:36:56.825Z</time>
      </trkpt>
      <trkpt lat="47.776244" lon="18.642123">
        <ele>110.695513</ele>
        <time>2026-08-06T18:37:03.761Z</time>
      </trkpt>
      <trkpt lat="47.776614" lon="18.642275">
        <ele>111.834298</ele>
        <time>2026-08-06T18:37:17.353Z</time>
      </trkpt>
      <trkpt lat="47.776661" lon="18.642308">
        <ele>111.992250</ele>
        <time>2026-08-06T18:37:19.125Z</time>
      </trkpt>
      <trkpt lat="47.776734" lon="18.642360">
        <ele>112.238232</ele>
        <time>2026-08-06T18:37:21.994Z</time>
      </trkpt>
      <trkpt lat="47.776808" lon="18.642411">
        <ele>112.486094</ele>
        <time>2026-08-06T18:37:24.836Z</time>
      </trkpt>
      <trkpt lat="47.776786" lon="18.642698">
        <ele>113.076090</ele>
        <time>2026-08-06T18:37:31.760Z</time>
      </trkpt>
      <trkpt lat="47.776737" lon="18.643336">
        <ele>114.387683</ele>
        <time>2026-08-06T18:37:47.213Z</time>
      </trkpt>
      <trkpt lat="47.776746" lon="18.643541">
        <ele>114.807287</ele>
        <time>2026-08-06T18:37:51.998Z</time>
      </trkpt>
      <trkpt lat="47.776771" lon="18.643683">
        <ele>115.107108</ele>
        <time>2026-08-06T18:37:55.311Z</time>
      </trkpt>
      <trkpt lat="47.777242" lon="18.645181">
        <ele>117.468065</ele>
        <time>2026-08-06T18:38:30.647Z</time>
      </trkpt>
      <trkpt lat="47.777529" lon="18.645795">
        <ele>118.287023</ele>
        <time>2026-08-06T18:38:45.574Z</time>
      </trkpt>
      <trkpt lat="47.777895" lon="18.646296">
        <ele>119.097321</ele>
        <time>2026-08-06T18:38:58.471Z</time>
      </trkpt>
      <trkpt lat="47.777974" lon="18.646480">
        <ele>119.169538</ele>
        <time>2026-08-06T18:39:01.960Z</time>
      </trkpt>
      <trkpt lat="47.778346" lon="18.647679">
        <ele>118.479263</ele>
        <time>2026-08-06T18:39:20.604Z</time>
      </trkpt>
      <trkpt lat="47.778448" lon="18.647937">
        <ele>118.322803</ele>
        <time>2026-08-06T18:39:24.498Z</time>
      </trkpt>
      <trkpt lat="47.778579" lon="18.648105">
        <ele>118.188292</ele>
        <time>2026-08-06T18:39:27.779Z</time>
      </trkpt>
      <trkpt lat="47.779016" lon="18.648477">
        <ele>117.765861</ele>
        <time>2026-08-06T18:39:36.856Z</time>
      </trkpt>
      <trkpt lat="47.779140" lon="18.648660">
        <ele>117.479033</ele>
        <time>2026-08-06T18:39:39.845Z</time>
      </trkpt>
      <trkpt lat="47.779407" lon="18.649418">
        <ele>116.534478</ele>
        <time>2026-08-06T18:39:49.609Z</time>
      </trkpt>
      <trkpt lat="47.779642" lon="18.649967">
        <ele>115.816073</ele>
        <time>2026-08-06T18:39:57.289Z</time>
      </trkpt>
      <trkpt lat="47.779755" lon="18.650121">
        <ele>115.564413</ele>
        <time>2026-08-06T18:40:00.078Z</time>
      </trkpt>
      <trkpt lat="47.779823" lon="18.650169">
        <ele>115.440802</ele>
        <time>2026-08-06T18:40:01.473Z</time>
      </trkpt>
      <trkpt lat="47.780004" lon="18.650244">
        <ele>115.132217</ele>
        <time>2026-08-06T18:40:05.033Z</time>
      </trkpt>
      <trkpt lat="47.782089" lon="18.650634">
        <ele>114.816604</ele>
        <time>2026-08-06T18:40:52.526Z</time>
      </trkpt>
      <trkpt lat="47.782193" lon="18.651688">
        <ele>115.042419</ele>
        <time>2026-08-06T18:41:08.185Z</time>
      </trkpt>
      <trkpt lat="47.784394" lon="18.670443">
        <ele>119.190478</ele>
        <time>2026-08-06T18:46:09.887Z</time>
      </trkpt>
      <trkpt lat="47.788636" lon="18.670587">
        <ele>121.259648</ele>
        <time>2026-08-06T18:47:53.590Z</time>
      </trkpt>
      <trkpt lat="47.788807" lon="18.670597">
        <ele>121.305978</ele>
        <time>2026-08-06T18:47:57.485Z</time>
      </trkpt>
      <trkpt lat="47.788915" lon="18.670602">
        <ele>121.311889</ele>
        <time>2026-08-06T18:47:59.925Z</time>
      </trkpt>
      <trkpt lat="47.791615" lon="18.670669">
        <ele>121.365702</ele>
        <time>2026-08-06T18:48:59.991Z</time>
      </trkpt>
      <trkpt lat="47.791876" lon="18.670715">
        <ele>121.357429</ele>
        <time>2026-08-06T18:49:05.769Z</time>
      </trkpt>
      <trkpt lat="47.792019" lon="18.670775">
        <ele>121.352753</ele>
        <time>2026-08-06T18:49:09.016Z</time>
      </trkpt>
      <trkpt lat="47.794032" lon="18.671717">
        <ele>121.181163</ele>
        <time>2026-08-06T18:49:54.713Z</time>
      </trkpt>
      <trkpt lat="47.795347" lon="18.672469">
        <ele>121.362254</ele>
        <time>2026-08-06T18:50:27.271Z</time>
      </trkpt>
      <trkpt lat="47.795559" lon="18.672591">
        <ele>121.391472</ele>
        <time>2026-08-06T18:50:32.557Z</time>
      </trkpt>
      <trkpt lat="47.796003" lon="18.672877">
        <ele>121.374102</ele>
        <time>2026-08-06T18:50:43.528Z</time>
      </trkpt>
      <trkpt lat="47.796441" lon="18.673209">
        <ele>121.320571</ele>
        <time>2026-08-06T18:50:54.239Z</time>
      </trkpt>
      <trkpt lat="47.797247" lon="18.673947">
        <ele>121.217511</ele>
        <time>2026-08-06T18:51:14.345Z</time>
      </trkpt>
      <trkpt lat="47.797892" lon="18.674560">
        <ele>121.197583</ele>
        <time>2026-08-06T18:51:30.937Z</time>
      </trkpt>
      <trkpt lat="47.798017" lon="18.674595">
        <ele>121.194638</ele>
        <time>2026-08-06T18:51:33.815Z</time>
      </trkpt>
      <trkpt lat="47.798297" lon="18.676076">
        <ele>121.174580</ele>
        <time>2026-08-06T18:51:57.276Z</time>
      </trkpt>
      <trkpt lat="47.798536" lon="18.676942">
        <ele>121.183983</ele>
        <time>2026-08-06T18:52:11.423Z</time>
      </trkpt>
      <trkpt lat="47.798603" lon="18.677120">
        <ele>121.186032</ele>
        <time>2026-08-06T18:52:14.418Z</time>
      </trkpt>
      <trkpt lat="47.798987" lon="18.678111">
        <ele>121.197522</ele>
        <time>2026-08-06T18:52:31.285Z</time>
      </trkpt>
      <trkpt lat="47.799025" lon="18.678238">
        <ele>121.198918</ele>
        <time>2026-08-06T18:52:33.359Z</time>
      </trkpt>
      <trkpt lat="47.799092" lon="18.678654">
        <ele>121.163090</ele>
        <time>2026-08-06T18:52:39.770Z</time>
      </trkpt>
      <trkpt lat="47.799116" lon="18.679005">
        <ele>121.123023</ele>
        <time>2026-08-06T18:52:45.091Z</time>
      </trkpt>
      <trkpt lat="47.799102" lon="18.679402">
        <ele>121.077877</ele>
        <time>2026-08-06T18:52:51.010Z</time>
      </trkpt>
      <trkpt lat="47.799083" lon="18.679621">
        <ele>121.052801</ele>
        <time>2026-08-06T18:52:54.322Z</time>
      </trkpt>
      <trkpt lat="47.798947" lon="18.681024">
        <ele>120.876312</ele>
        <time>2026-08-06T18:53:14.661Z</time>
      </trkpt>
      <trkpt lat="47.798924" lon="18.681304">
        <ele>120.721781</ele>
        <time>2026-08-06T18:53:18.581Z</time>
      </trkpt>
      <trkpt lat="47.798908" lon="18.681499">
        <ele>120.614162</ele>
        <time>2026-08-06T18:53:21.274Z</time>
      </trkpt>
      <trkpt lat="47.798897" lon="18.681660">
        <ele>120.525508</ele>
        <time>2026-08-06T18:53:23.449Z</time>
      </trkpt>
      <trkpt lat="47.798887" lon="18.681836">
        <ele>120.428748</ele>
        <time>2026-08-06T18:53:25.776Z</time>
      </trkpt>
      <trkpt lat="47.798860" lon="18.682328">
        <ele>120.158324</ele>
        <time>2026-08-06T18:53:32.142Z</time>
      </trkpt>
      <trkpt lat="47.798854" lon="18.682451">
        <ele>120.090764</ele>
        <time>2026-08-06T18:53:33.737Z</time>
      </trkpt>
      <trkpt lat="47.798830" lon="18.682818">
        <ele>119.888764</ele>
        <time>2026-08-06T18:53:38.536Z</time>
      </trkpt>
      <trkpt lat="47.798774" lon="18.683862">
        <ele>119.381830</ele>
        <time>2026-08-06T18:53:51.911Z</time>
      </trkpt>
      <trkpt lat="47.798763" lon="18.684069">
        <ele>119.334733</ele>
        <time>2026-08-06T18:53:54.742Z</time>
      </trkpt>
      <trkpt lat="47.798712" lon="18.685053">
        <ele>119.110884</ele>
        <time>2026-08-06T18:54:08.281Z</time>
      </trkpt>
      <trkpt lat="47.798674" lon="18.685775">
        <ele>118.946622</ele>
        <time>2026-08-06T18:54:19.073Z</time>
      </trkpt>
      <trkpt lat="47.798618" lon="18.686868">
        <ele>118.914569</ele>
        <time>2026-08-06T18:54:36.194Z</time>
      </trkpt>
      <trkpt lat="47.798593" lon="18.687346">
        <ele>118.996180</ele>
        <time>2026-08-06T18:54:43.768Z</time>
      </trkpt>
      <trkpt lat="47.798583" lon="18.687541">
        <ele>119.029469</ele>
        <time>2026-08-06T18:54:46.810Z</time>
      </trkpt>
      <trkpt lat="47.798569" lon="18.688028">
        <ele>119.112442</ele>
        <time>2026-08-06T18:54:54.308Z</time>
      </trkpt>
      <trkpt lat="47.798638" lon="18.691839">
        <ele>120.024619</ele>
        <time>2026-08-06T18:55:54.000Z</time>
      </trkpt>
      <trkpt lat="47.798654" lon="18.692661">
        <ele>120.463021</ele>
        <time>2026-08-06T18:56:09.082Z</time>
      </trkpt>
      <trkpt lat="47.798693" lon="18.694062">
        <ele>121.210552</ele>
        <time>2026-08-06T18:56:33.773Z</time>
      </trkpt>
      <trkpt lat="47.798743" lon="18.695600">
        <ele>121.802773</ele>
        <time>2026-08-06T18:56:57.802Z</time>
      </trkpt>
      <trkpt lat="47.798752" lon="18.695949">
        <ele>121.925172</ele>
        <time>2026-08-06T18:57:03.485Z</time>
      </trkpt>
      <trkpt lat="47.798765" lon="18.696511">
        <ele>122.122244</ele>
        <time>2026-08-06T18:57:12.945Z</time>
      </trkpt>
      <trkpt lat="47.798787" lon="18.697657">
        <ele>122.322455</ele>
        <time>2026-08-06T18:57:32.734Z</time>
      </trkpt>
      <trkpt lat="47.798792" lon="18.697869">
        <ele>122.329176</ele>
        <time>2026-08-06T18:57:36.381Z</time>
      </trkpt>
      <trkpt lat="47.798922" lon="18.703195">
        <ele>120.593244</ele>
        <time>2026-08-06T18:58:51.597Z</time>
      </trkpt>
      <trkpt lat="47.798941" lon="18.703993">
        <ele>119.500719</ele>
        <time>2026-08-06T18:59:00.753Z</time>
      </trkpt>
      <trkpt lat="47.798988" lon="18.705772">
        <ele>116.771022</ele>
        <time>2026-08-06T18:59:20.249Z</time>
      </trkpt>
      <trkpt lat="47.799013" lon="18.706745">
        <ele>115.041533</ele>
        <time>2026-08-06T18:59:31.229Z</time>
      </trkpt>
      <trkpt lat="47.799034" lon="18.707569">
        <ele>113.576907</ele>
        <time>2026-08-06T18:59:40.759Z</time>
      </trkpt>
      <trkpt lat="47.799036" lon="18.707645">
        <ele>113.441814</ele>
        <time>2026-08-06T18:59:41.634Z</time>
      </trkpt>
      <trkpt lat="47.799065" lon="18.708762">
        <ele>112.216987</ele>
        <time>2026-08-06T18:59:54.968Z</time>
      </trkpt>
      <trkpt lat="47.799112" lon="18.710577">
        <ele>110.455256</ele>
        <time>2026-08-06T19:00:17.592Z</time>
      </trkpt>
      <trkpt lat="47.799120" lon="18.710832">
        <ele>110.379575</ele>
        <time>2026-08-06T19:00:21.012Z</time>
      </trkpt>
      <trkpt lat="47.799135" lon="18.711312">
        <ele>110.237117</ele>
        <time>2026-08-06T19:00:27.571Z</time>
      </trkpt>
      <trkpt lat="47.799197" lon="18.713774">
        <ele>109.694881</ele>
        <time>2026-08-06T19:01:03.272Z</time>
      </trkpt>
      <trkpt lat="47.799203" lon="18.714057">
        <ele>109.687573</ele>
        <time>2026-08-06T19:01:07.748Z</time>
      </trkpt>
      <trkpt lat="47.799173" lon="18.714196">
        <ele>109.683805</ele>
        <time>2026-08-06T19:01:10.005Z</time>
      </trkpt>
      <trkpt lat="47.799171" lon="18.714456">
        <ele>109.677093</ele>
        <time>2026-08-06T19:01:13.925Z</time>
      </trkpt>
      <trkpt lat="47.799149" lon="18.714518">
        <ele>109.675283</ele>
        <time>2026-08-06T19:01:15.296Z</time>
      </trkpt>
      <trkpt lat="47.799184" lon="18.714669">
        <ele>109.671160</ele>
        <time>2026-08-06T19:01:18.398Z</time>
      </trkpt>
      <trkpt lat="47.799152" lon="18.715443">
        <ele>109.651144</ele>
        <time>2026-08-06T19:01:33.103Z</time>
      </trkpt>
      <trkpt lat="47.799188" lon="18.715516">
        <ele>109.648807</ele>
        <time>2026-08-06T19:01:34.428Z</time>
      </trkpt>
      <trkpt lat="47.799153" lon="18.716630">
        <ele>109.889619</ele>
        <time>2026-08-06T19:01:51.754Z</time>
      </trkpt>
      <trkpt lat="47.799151" lon="18.716680">
        <ele>109.903038</ele>
        <time>2026-08-06T19:01:52.514Z</time>
      </trkpt>
      <trkpt lat="47.799118" lon="18.717724">
        <ele>110.183037</ele>
        <time>2026-08-06T19:02:09.042Z</time>
      </trkpt>
      <trkpt lat="47.799107" lon="18.718053">
        <ele>110.271286</ele>
        <time>2026-08-06T19:02:14.635Z</time>
      </trkpt>
      <trkpt lat="47.799067" lon="18.719226">
        <ele>110.659218</ele>
        <time>2026-08-06T19:02:35.253Z</time>
      </trkpt>
      <trkpt lat="47.799016" lon="18.720440">
        <ele>111.091271</ele>
        <time>2026-08-06T19:02:55.283Z</time>
      </trkpt>
      <trkpt lat="47.798956" lon="18.720897">
        <ele>111.256668</ele>
        <time>2026-08-06T19:03:02.446Z</time>
      </trkpt>
      <trkpt lat="47.798939" lon="18.721064">
        <ele>111.308169</ele>
        <time>2026-08-06T19:03:04.991Z</time>
      </trkpt>
      <trkpt lat="47.798843" lon="18.721058">
        <ele>111.263661</ele>
        <time>2026-08-06T19:03:07.123Z</time>
      </trkpt>
      <trkpt lat="47.798833" lon="18.721129">
        <ele>111.241087</ele>
        <time>2026-08-06T19:03:10.514Z</time>
      </trkpt>
      <trkpt lat="47.798831" lon="18.721138">
        <ele>111.238138</ele>
        <time>2026-08-06T19:03:10.938Z</time>
      </trkpt>
      <trkpt lat="47.798925" lon="18.721138">
        <ele>111.194595</ele>
        <time>2026-08-06T19:03:17.457Z</time>
      </trkpt>
      <trkpt lat="47.798780" lon="18.721501">
        <ele>111.063180</ele>
        <time>2026-08-06T19:03:37.149Z</time>
      </trkpt>
      <trkpt lat="47.798495" lon="18.722731">
        <ele>110.658316</ele>
        <time>2026-08-06T19:04:37.900Z</time>
      </trkpt>
      <trkpt lat="47.798410" lon="18.723100">
        <ele>110.536932</ele>
        <time>2026-08-06T19:04:56.120Z</time>
      </trkpt>
      <trkpt lat="47.798300" lon="18.723562">
        <ele>110.312476</ele>
        <time>2026-08-06T19:05:18.999Z</time>
      </trkpt>
      <trkpt lat="47.798119" lon="18.724266">
        <ele>109.899463</ele>
        <time>2026-08-06T19:05:54.196Z</time>
      </trkpt>
      <trkpt lat="47.798097" lon="18.724351">
        <ele>109.849554</ele>
        <time>2026-08-06T19:05:58.446Z</time>
      </trkpt>
      <trkpt lat="47.797979" lon="18.724304">
        <ele>109.749922</ele>
        <time>2026-08-06T19:06:00.802Z</time>
      </trkpt>
      <trkpt lat="47.797953" lon="18.724291">
        <ele>109.727551</ele>
        <time>2026-08-06T19:06:01.350Z</time>
      </trkpt>
      <trkpt lat="47.797397" lon="18.724143">
        <ele>109.266858</ele>
        <time>2026-08-06T19:06:12.580Z</time>
      </trkpt>
      <trkpt lat="47.796746" lon="18.723994">
        <ele>108.741037</ele>
        <time>2026-08-06T19:06:26.133Z</time>
      </trkpt>
      <trkpt lat="47.796458" lon="18.723974">
        <ele>108.515377</ele>
        <time>2026-08-06T19:06:31.501Z</time>
      </trkpt>
      <trkpt lat="47.796242" lon="18.724017">
        <ele>108.344811</ele>
        <time>2026-08-06T19:06:35.708Z</time>
      </trkpt>
      <trkpt lat="47.796224" lon="18.724138">
        <ele>108.279649</ele>
        <time>2026-08-06T19:06:37.387Z</time>
      </trkpt>
      <trkpt lat="47.796149" lon="18.724315">
        <ele>108.169618</ele>
        <time>2026-08-06T19:06:40.371Z</time>
      </trkpt>
      <trkpt lat="47.796093" lon="18.724577">
        <ele>108.025056</ele>
        <time>2026-08-06T19:06:44.215Z</time>
      </trkpt>
      <trkpt lat="47.795964" lon="18.725243">
        <ele>107.660614</ele>
        <time>2026-08-06T19:06:53.179Z</time>
      </trkpt>
      <trkpt lat="47.795830" lon="18.725946">
        <ele>107.429916</ele>
        <time>2026-08-06T19:07:02.654Z</time>
      </trkpt>
      <trkpt lat="47.795811" lon="18.726450">
        <ele>107.288835</ele>
        <time>2026-08-06T19:07:09.533Z</time>
      </trkpt>
      <trkpt lat="47.795802" lon="18.726500">
        <ele>107.274368</ele>
        <time>2026-08-06T19:07:10.207Z</time>
      </trkpt>
      <trkpt lat="47.795255" lon="18.729790">
        <ele>106.996278</ele>
        <time>2026-08-06T19:08:00.469Z</time>
      </trkpt>
      <trkpt lat="47.794663" lon="18.733348">
        <ele>108.027940</ele>
        <time>2026-08-06T19:08:59.663Z</time>
      </trkpt>
      <trkpt lat="47.794641" lon="18.733482">
        <ele>108.092016</ele>
        <time>2026-08-06T19:09:02.018Z</time>
      </trkpt>
      <trkpt lat="47.794629" lon="18.733563">
        <ele>108.130545</ele>
        <time>2026-08-06T19:09:03.502Z</time>
      </trkpt>
      <trkpt lat="47.794620" lon="18.733607">
        <ele>108.151910</ele>
        <time>2026-08-06T19:09:04.343Z</time>
      </trkpt>
      <trkpt lat="47.794578" lon="18.733869">
        <ele>108.277029</ele>
        <time>2026-08-06T19:09:09.020Z</time>
      </trkpt>
      <trkpt lat="47.794488" lon="18.734405">
        <ele>108.533667</ele>
        <time>2026-08-06T19:09:18.534Z</time>
      </trkpt>
      <trkpt lat="47.794505" lon="18.734572">
        <ele>108.612126</ele>
        <time>2026-08-06T19:09:21.418Z</time>
      </trkpt>
      <trkpt lat="47.794446" lon="18.734675">
        <ele>108.675002</ele>
        <time>2026-08-06T19:09:23.736Z</time>
      </trkpt>
      <trkpt lat="47.794408" lon="18.734808">
        <ele>108.742138</ele>
        <time>2026-08-06T19:09:26.093Z</time>
      </trkpt>
      <trkpt lat="47.794395" lon="18.734908">
        <ele>108.789451</ele>
        <time>2026-08-06T19:09:27.929Z</time>
      </trkpt>
      <trkpt lat="47.794384" lon="18.734975">
        <ele>108.821489</ele>
        <time>2026-08-06T19:09:29.059Z</time>
      </trkpt>
      <trkpt lat="47.794255" lon="18.735800">
        <ele>109.208299</ele>
        <time>2026-08-06T19:09:43.237Z</time>
      </trkpt>
      <trkpt lat="47.794218" lon="18.736350">
        <ele>109.419275</ele>
        <time>2026-08-06T19:09:51.910Z</time>
      </trkpt>
      <trkpt lat="47.794199" lon="18.736830">
        <ele>109.602801</ele>
        <time>2026-08-06T19:09:59.491Z</time>
      </trkpt>
      <trkpt lat="47.794182" lon="18.737273">
        <ele>109.772162</ele>
        <time>2026-08-06T19:10:05.783Z</time>
      </trkpt>
      <trkpt lat="47.794176" lon="18.737721">
        <ele>109.943190</ele>
        <time>2026-08-06T19:10:12.888Z</time>
      </trkpt>
      <trkpt lat="47.794160" lon="18.738368">
        <ele>110.190307</ele>
        <time>2026-08-06T19:10:24.731Z</time>
      </trkpt>
      <trkpt lat="47.794114" lon="18.738605">
        <ele>110.390120</ele>
        <time>2026-08-06T19:10:29.469Z</time>
      </trkpt>
      <trkpt lat="47.794092" lon="18.738685">
        <ele>110.464156</ele>
        <time>2026-08-06T19:10:30.996Z</time>
      </trkpt>
      <trkpt lat="47.793894" lon="18.739335">
        <ele>111.075415</ele>
        <time>2026-08-06T19:10:45.058Z</time>
      </trkpt>
      <trkpt lat="47.793872" lon="18.739415">
        <ele>111.149451</ele>
        <time>2026-08-06T19:10:46.825Z</time>
      </trkpt>
      <trkpt lat="47.793615" lon="18.740335">
        <ele>112.002810</ele>
        <time>2026-08-06T19:11:05.333Z</time>
      </trkpt>
      <trkpt lat="47.793595" lon="18.740406">
        <ele>112.068749</ele>
        <time>2026-08-06T19:11:06.962Z</time>
      </trkpt>
      <trkpt lat="47.793416" lon="18.741029">
        <ele>112.470826</ele>
        <time>2026-08-06T19:11:19.141Z</time>
      </trkpt>
      <trkpt lat="47.793307" lon="18.741409">
        <ele>112.421601</ele>
        <time>2026-08-06T19:11:25.467Z</time>
      </trkpt>
      <trkpt lat="47.793236" lon="18.741667">
        <ele>112.388386</ele>
        <time>2026-08-06T19:11:29.473Z</time>
      </trkpt>
      <trkpt lat="47.793193" lon="18.741831">
        <ele>112.367413</ele>
        <time>2026-08-06T19:11:31.772Z</time>
      </trkpt>
      <trkpt lat="47.793340" lon="18.741875">
        <ele>112.340823</ele>
        <time>2026-08-06T19:11:34.666Z</time>
      </trkpt>
      <trkpt lat="47.793389" lon="18.741901">
        <ele>112.331598</ele>
        <time>2026-08-06T19:11:35.701Z</time>
      </trkpt>
      <trkpt lat="47.793595" lon="18.742071">
        <ele>112.289829</ele>
        <time>2026-08-06T19:11:40.216Z</time>
      </trkpt>
      <trkpt lat="47.793679" lon="18.742176">
        <ele>112.270377</ele>
        <time>2026-08-06T19:11:42.364Z</time>
      </trkpt>
      <trkpt lat="47.793699" lon="18.742296">
        <ele>112.255648</ele>
        <time>2026-08-06T19:11:44.000Z</time>
      </trkpt>
      <trkpt lat="47.793702" lon="18.742366">
        <ele>112.247291</ele>
        <time>2026-08-06T19:11:44.999Z</time>
      </trkpt>
      <trkpt lat="47.793666" lon="18.742411">
        <ele>112.238955</ele>
        <time>2026-08-06T19:11:45.986Z</time>
      </trkpt>
      <trkpt lat="47.793258" lon="18.742875">
        <ele>112.173634</ele>
        <time>2026-08-06T19:11:57.245Z</time>
      </trkpt>
      <trkpt lat="47.792962" lon="18.743138">
        <ele>112.173634</ele>
        <time>2026-08-06T19:12:05.063Z</time>
      </trkpt>
      <trkpt lat="47.792363" lon="18.743577">
        <ele>112.173634</ele>
        <time>2026-08-06T19:12:20.655Z</time>
      </trkpt>
      <trkpt lat="47.792333" lon="18.743823">
        <ele>112.173634</ele>
        <time>2026-08-06T19:12:24.660Z</time>
      </trkpt>
      <trkpt lat="47.792610" lon="18.743789">
        <ele>112.173634</ele>
        <time>2026-08-06T19:12:31.365Z</time>
      </trkpt>
      <trkpt lat="47.792920" lon="18.743846">
        <ele>112.173634</ele>
        <time>2026-08-06T19:12:38.917Z</time>
      </trkpt>
      <trkpt lat="47.792983" lon="18.743895">
        <ele>112.173634</ele>
        <time>2026-08-06T19:12:40.621Z</time>
      </trkpt>
    </trkseg>
  </trk>
</gpx>