<?xml version='1.0' encoding='UTF-8'?>
<gpx version="1.1" creator="https://www.komoot.de" xmlns="http://www.topografix.com/GPX/1/1" xmlns:xsi="http://www.w3.org/2001/XMLSchema-instance" xsi:schemaLocation="http://www.topografix.com/GPX/1/1 http://www.topografix.com/GPX/1/1/gpx.xsd">
  <metadata>
    <name>von Esztergom nach Budapest</name>
    <author>
      <link href="https://www.komoot.de">
        <text>komoot</text>
        <type>text/html</type>
      </link>
    </author>
  </metadata>
  <trk>
    <name>von Esztergom nach Budapest</name>
    <type>touring_bicycle</type>
    <trkseg>
      <trkpt lat="47.792968" lon="18.743883">
        <ele>112.282637</ele>
        <time>2026-08-06T12:51:51.866Z</time>
      </trkpt>
      <trkpt lat="47.792920" lon="18.743846">
        <ele>112.282637</ele>
        <time>2026-08-06T12:51:53.000Z</time>
      </trkpt>
      <trkpt lat="47.792610" lon="18.743789">
        <ele>112.282637</ele>
        <time>2026-08-06T12:51:59.420Z</time>
      </trkpt>
      <trkpt lat="47.792333" lon="18.743823">
        <ele>112.282637</ele>
        <time>2026-08-06T12:52:05.088Z</time>
      </trkpt>
      <trkpt lat="47.791991" lon="18.744042">
        <ele>112.263046</ele>
        <time>2026-08-06T12:52:12.939Z</time>
      </trkpt>
      <trkpt lat="47.791501" lon="18.744357">
        <ele>112.173925</ele>
        <time>2026-08-06T12:52:24.092Z</time>
      </trkpt>
      <trkpt lat="47.791120" lon="18.744681">
        <ele>112.100659</ele>
        <time>2026-08-06T12:52:33.378Z</time>
      </trkpt>
      <trkpt lat="47.790999" lon="18.744740">
        <ele>112.079399</ele>
        <time>2026-08-06T12:52:36.140Z</time>
      </trkpt>
      <trkpt lat="47.790776" lon="18.744830">
        <ele>112.040820</ele>
        <time>2026-08-06T12:52:41.252Z</time>
      </trkpt>
      <trkpt lat="47.790698" lon="18.744860">
        <ele>112.027368</ele>
        <time>2026-08-06T12:52:43.015Z</time>
      </trkpt>
      <trkpt lat="47.790357" lon="18.744989">
        <ele>112.017249</ele>
        <time>2026-08-06T12:52:51.127Z</time>
      </trkpt>
      <trkpt lat="47.789893" lon="18.745162">
        <ele>112.220985</ele>
        <time>2026-08-06T12:53:02.281Z</time>
      </trkpt>
      <trkpt lat="47.789493" lon="18.745266">
        <ele>112.393935</ele>
        <time>2026-08-06T12:53:12.162Z</time>
      </trkpt>
      <trkpt lat="47.789165" lon="18.745478">
        <ele>112.546243</ele>
        <time>2026-08-06T12:53:21.081Z</time>
      </trkpt>
      <trkpt lat="47.788436" lon="18.745778">
        <ele>112.919916</ele>
        <time>2026-08-06T12:53:39.419Z</time>
      </trkpt>
      <trkpt lat="47.788412" lon="18.745788">
        <ele>112.935089</ele>
        <time>2026-08-06T12:53:40.039Z</time>
      </trkpt>
      <trkpt lat="47.788246" lon="18.745841">
        <ele>113.038453</ele>
        <time>2026-08-06T12:53:44.219Z</time>
      </trkpt>
      <trkpt lat="47.787884" lon="18.745956">
        <ele>113.263810</ele>
        <time>2026-08-06T12:53:53.091Z</time>
      </trkpt>
      <trkpt lat="47.787562" lon="18.746066">
        <ele>113.464948</ele>
        <time>2026-08-06T12:54:00.993Z</time>
      </trkpt>
      <trkpt lat="47.786971" lon="18.746346">
        <ele>113.842551</ele>
        <time>2026-08-06T12:54:15.928Z</time>
      </trkpt>
      <trkpt lat="47.786860" lon="18.746396">
        <ele>114.026585</ele>
        <time>2026-08-06T12:54:18.942Z</time>
      </trkpt>
      <trkpt lat="47.786108" lon="18.746785">
        <ele>115.300058</ele>
        <time>2026-08-06T12:54:42.096Z</time>
      </trkpt>
      <trkpt lat="47.785439" lon="18.747137">
        <ele>116.435088</ele>
        <time>2026-08-06T12:55:03.164Z</time>
      </trkpt>
      <trkpt lat="47.785320" lon="18.747200">
        <ele>116.637123</ele>
        <time>2026-08-06T12:55:06.878Z</time>
      </trkpt>
      <trkpt lat="47.785222" lon="18.747273">
        <ele>116.787831</ele>
        <time>2026-08-06T12:55:10.194Z</time>
      </trkpt>
      <trkpt lat="47.785128" lon="18.747308">
        <ele>116.901342</ele>
        <time>2026-08-06T12:55:13.151Z</time>
      </trkpt>
      <trkpt lat="47.785022" lon="18.747296">
        <ele>117.025875</ele>
        <time>2026-08-06T12:55:16.335Z</time>
      </trkpt>
      <trkpt lat="47.784989" lon="18.747187">
        <ele>117.119979</ele>
        <time>2026-08-06T12:55:18.762Z</time>
      </trkpt>
      <trkpt lat="47.784937" lon="18.747152">
        <ele>117.186835</ele>
        <time>2026-08-06T12:55:20.424Z</time>
      </trkpt>
      <trkpt lat="47.784875" lon="18.747167">
        <ele>117.260419</ele>
        <time>2026-08-06T12:55:22.313Z</time>
      </trkpt>
      <trkpt lat="47.784807" lon="18.747324">
        <ele>117.407447</ele>
        <time>2026-08-06T12:55:25.933Z</time>
      </trkpt>
      <trkpt lat="47.784809" lon="18.747407">
        <ele>117.472820</ele>
        <time>2026-08-06T12:55:27.502Z</time>
      </trkpt>
      <trkpt lat="47.784769" lon="18.747466">
        <ele>117.538793</ele>
        <time>2026-08-06T12:55:29.039Z</time>
      </trkpt>
      <trkpt lat="47.784645" lon="18.747598">
        <ele>117.717388</ele>
        <time>2026-08-06T12:55:33.229Z</time>
      </trkpt>
      <trkpt lat="47.784595" lon="18.747634">
        <ele>117.782455</ele>
        <time>2026-08-06T12:55:34.764Z</time>
      </trkpt>
      <trkpt lat="47.784324" lon="18.747808">
        <ele>118.128205</ele>
        <time>2026-08-06T12:55:42.002Z</time>
      </trkpt>
      <trkpt lat="47.783923" lon="18.748059">
        <ele>118.637818</ele>
        <time>2026-08-06T12:55:52.447Z</time>
      </trkpt>
      <trkpt lat="47.783717" lon="18.748257">
        <ele>118.899510</ele>
        <time>2026-08-06T12:55:58.772Z</time>
      </trkpt>
      <trkpt lat="47.783393" lon="18.748546">
        <ele>119.225921</ele>
        <time>2026-08-06T12:56:08.563Z</time>
      </trkpt>
      <trkpt lat="47.781854" lon="18.749635">
        <ele>120.496296</ele>
        <time>2026-08-06T12:56:52.934Z</time>
      </trkpt>
      <trkpt lat="47.781472" lon="18.749894">
        <ele>120.627423</ele>
        <time>2026-08-06T12:57:02.430Z</time>
      </trkpt>
      <trkpt lat="47.781280" lon="18.749985">
        <ele>120.690367</ele>
        <time>2026-08-06T12:57:06.811Z</time>
      </trkpt>
      <trkpt lat="47.781164" lon="18.750023">
        <ele>120.727470</ele>
        <time>2026-08-06T12:57:09.375Z</time>
      </trkpt>
      <trkpt lat="47.780768" lon="18.750032">
        <ele>120.851185</ele>
        <time>2026-08-06T12:57:18.118Z</time>
      </trkpt>
      <trkpt lat="47.780755" lon="18.750017">
        <ele>120.856323</ele>
        <time>2026-08-06T12:57:18.508Z</time>
      </trkpt>
      <trkpt lat="47.780697" lon="18.749989">
        <ele>120.875370</ele>
        <time>2026-08-06T12:57:19.891Z</time>
      </trkpt>
      <trkpt lat="47.780629" lon="18.750007">
        <ele>120.896945</ele>
        <time>2026-08-06T12:57:21.490Z</time>
      </trkpt>
      <trkpt lat="47.780609" lon="18.750024">
        <ele>120.904140</ele>
        <time>2026-08-06T12:57:22.023Z</time>
      </trkpt>
      <trkpt lat="47.780563" lon="18.750107">
        <ele>120.926723</ele>
        <time>2026-08-06T12:57:23.695Z</time>
      </trkpt>
      <trkpt lat="47.780554" lon="18.750210">
        <ele>120.957466</ele>
        <time>2026-08-06T12:57:25.295Z</time>
      </trkpt>
      <trkpt lat="47.780560" lon="18.750250">
        <ele>120.981944</ele>
        <time>2026-08-06T12:57:25.947Z</time>
      </trkpt>
      <trkpt lat="47.780346" lon="18.750643">
        <ele>121.284049</ele>
        <time>2026-08-06T12:57:33.942Z</time>
      </trkpt>
      <trkpt lat="47.780189" lon="18.750836">
        <ele>121.465040</ele>
        <time>2026-08-06T12:57:39.129Z</time>
      </trkpt>
      <trkpt lat="47.779973" lon="18.751011">
        <ele>121.683626</ele>
        <time>2026-08-06T12:57:45.748Z</time>
      </trkpt>
      <trkpt lat="47.779882" lon="18.751076">
        <ele>121.773339</ele>
        <time>2026-08-06T12:57:48.580Z</time>
      </trkpt>
      <trkpt lat="47.779835" lon="18.751110">
        <ele>121.819787</ele>
        <time>2026-08-06T12:57:50.047Z</time>
      </trkpt>
      <trkpt lat="47.778650" lon="18.751956">
        <ele>122.888908</ele>
        <time>2026-08-06T12:58:25.437Z</time>
      </trkpt>
      <trkpt lat="47.778524" lon="18.752050">
        <ele>122.986344</ele>
        <time>2026-08-06T12:58:28.722Z</time>
      </trkpt>
      <trkpt lat="47.778503" lon="18.752065">
        <ele>123.002447</ele>
        <time>2026-08-06T12:58:29.255Z</time>
      </trkpt>
      <trkpt lat="47.778444" lon="18.752107">
        <ele>123.047660</ele>
        <time>2026-08-06T12:58:30.757Z</time>
      </trkpt>
      <trkpt lat="47.777631" lon="18.752674">
        <ele>123.668345</ele>
        <time>2026-08-06T12:58:52.537Z</time>
      </trkpt>
      <trkpt lat="47.777476" lon="18.752777">
        <ele>123.785686</ele>
        <time>2026-08-06T12:58:56.610Z</time>
      </trkpt>
      <trkpt lat="47.777232" lon="18.752940">
        <ele>123.829347</ele>
        <time>2026-08-06T12:59:03.187Z</time>
      </trkpt>
      <trkpt lat="47.777161" lon="18.752987">
        <ele>123.842033</ele>
        <time>2026-08-06T12:59:05.149Z</time>
      </trkpt>
      <trkpt lat="47.776755" lon="18.753254">
        <ele>123.914495</ele>
        <time>2026-08-06T12:59:16.096Z</time>
      </trkpt>
      <trkpt lat="47.776067" lon="18.753706">
        <ele>124.037268</ele>
        <time>2026-08-06T12:59:33.392Z</time>
      </trkpt>
      <trkpt lat="47.775959" lon="18.753780">
        <ele>124.056678</ele>
        <time>2026-08-06T12:59:35.845Z</time>
      </trkpt>
      <trkpt lat="47.775810" lon="18.753888">
        <ele>124.062758</ele>
        <time>2026-08-06T12:59:39.188Z</time>
      </trkpt>
      <trkpt lat="47.775652" lon="18.753957">
        <ele>123.962333</ele>
        <time>2026-08-06T12:59:42.413Z</time>
      </trkpt>
      <trkpt lat="47.775554" lon="18.754002">
        <ele>123.899784</ele>
        <time>2026-08-06T12:59:44.427Z</time>
      </trkpt>
      <trkpt lat="47.775500" lon="18.753962">
        <ele>123.862996</ele>
        <time>2026-08-06T12:59:45.595Z</time>
      </trkpt>
      <trkpt lat="47.775444" lon="18.753974">
        <ele>123.828490</ele>
        <time>2026-08-06T12:59:46.692Z</time>
      </trkpt>
      <trkpt lat="47.775408" lon="18.754017">
        <ele>123.800336</ele>
        <time>2026-08-06T12:59:47.604Z</time>
      </trkpt>
      <trkpt lat="47.775395" lon="18.754051">
        <ele>123.784303</ele>
        <time>2026-08-06T12:59:48.116Z</time>
      </trkpt>
      <trkpt lat="47.775189" lon="18.754243">
        <ele>123.636057</ele>
        <time>2026-08-06T12:59:52.807Z</time>
      </trkpt>
      <trkpt lat="47.774178" lon="18.754924">
        <ele>122.984232</ele>
        <time>2026-08-06T13:00:15.150Z</time>
      </trkpt>
      <trkpt lat="47.774025" lon="18.755044">
        <ele>122.992823</ele>
        <time>2026-08-06T13:00:18.741Z</time>
      </trkpt>
      <trkpt lat="47.773751" lon="18.755218">
        <ele>123.007619</ele>
        <time>2026-08-06T13:00:25.049Z</time>
      </trkpt>
      <trkpt lat="47.773531" lon="18.755386">
        <ele>123.019901</ele>
        <time>2026-08-06T13:00:30.489Z</time>
      </trkpt>
      <trkpt lat="47.773162" lon="18.755630">
        <ele>123.039957</ele>
        <time>2026-08-06T13:00:39.806Z</time>
      </trkpt>
      <trkpt lat="47.772788" lon="18.755880">
        <ele>123.060321</ele>
        <time>2026-08-06T13:00:49.542Z</time>
      </trkpt>
      <trkpt lat="47.772603" lon="18.756005">
        <ele>123.070413</ele>
        <time>2026-08-06T13:00:54.456Z</time>
      </trkpt>
      <trkpt lat="47.772569" lon="18.756027">
        <ele>123.078527</ele>
        <time>2026-08-06T13:00:55.371Z</time>
      </trkpt>
      <trkpt lat="47.772440" lon="18.756113">
        <ele>123.162896</ele>
        <time>2026-08-06T13:00:58.702Z</time>
      </trkpt>
      <trkpt lat="47.771025" lon="18.757066">
        <ele>124.089939</ele>
        <time>2026-08-06T13:01:37.154Z</time>
      </trkpt>
      <trkpt lat="47.770635" lon="18.757411">
        <ele>124.638434</ele>
        <time>2026-08-06T13:01:48.379Z</time>
      </trkpt>
      <trkpt lat="47.770248" lon="18.757694">
        <ele>125.227404</ele>
        <time>2026-08-06T13:01:59.500Z</time>
      </trkpt>
      <trkpt lat="47.770187" lon="18.757716">
        <ele>125.313132</ele>
        <time>2026-08-06T13:02:01.174Z</time>
      </trkpt>
      <trkpt lat="47.770077" lon="18.757892">
        <ele>125.533759</ele>
        <time>2026-08-06T13:02:05.573Z</time>
      </trkpt>
      <trkpt lat="47.769646" lon="18.758440">
        <ele>126.308102</ele>
        <time>2026-08-06T13:02:21.788Z</time>
      </trkpt>
      <trkpt lat="47.768619" lon="18.759702">
        <ele>129.562972</ele>
        <time>2026-08-06T13:03:05.366Z</time>
      </trkpt>
      <trkpt lat="47.768537" lon="18.759816">
        <ele>129.860504</ele>
        <time>2026-08-06T13:03:09.197Z</time>
      </trkpt>
      <trkpt lat="47.766875" lon="18.762317">
        <ele>136.547282</ele>
        <time>2026-08-06T13:04:29.439Z</time>
      </trkpt>
      <trkpt lat="47.765716" lon="18.763960">
        <ele>141.067458</ele>
        <time>2026-08-06T13:05:45.819Z</time>
      </trkpt>
      <trkpt lat="47.765245" lon="18.764714">
        <ele>143.387606</ele>
        <time>2026-08-06T13:06:20.171Z</time>
      </trkpt>
      <trkpt lat="47.764346" lon="18.766503">
        <ele>148.702670</ele>
        <time>2026-08-06T13:07:38.622Z</time>
      </trkpt>
      <trkpt lat="47.764139" lon="18.766989">
        <ele>149.987974</ele>
        <time>2026-08-06T13:07:59.023Z</time>
      </trkpt>
      <trkpt lat="47.763401" lon="18.768504">
        <ele>154.117297</ele>
        <time>2026-08-06T13:09:02.198Z</time>
      </trkpt>
      <trkpt lat="47.762742" lon="18.770042">
        <ele>156.583842</ele>
        <time>2026-08-06T13:09:58.043Z</time>
      </trkpt>
      <trkpt lat="47.762597" lon="18.770462">
        <ele>157.222368</ele>
        <time>2026-08-06T13:10:12.001Z</time>
      </trkpt>
      <trkpt lat="47.762510" lon="18.770827">
        <ele>157.649937</ele>
        <time>2026-08-06T13:10:22.935Z</time>
      </trkpt>
      <trkpt lat="47.762466" lon="18.771150">
        <ele>157.606026</ele>
        <time>2026-08-06T13:10:32.169Z</time>
      </trkpt>
      <trkpt lat="47.762479" lon="18.771456">
        <ele>157.565173</ele>
        <time>2026-08-06T13:10:40.490Z</time>
      </trkpt>
      <trkpt lat="47.762479" lon="18.771463">
        <ele>157.564240</ele>
        <time>2026-08-06T13:10:40.688Z</time>
      </trkpt>
      <trkpt lat="47.762471" lon="18.771567">
        <ele>157.550292</ele>
        <time>2026-08-06T13:10:43.525Z</time>
      </trkpt>
      <trkpt lat="47.762437" lon="18.771849">
        <ele>157.512119</ele>
        <time>2026-08-06T13:10:50.912Z</time>
      </trkpt>
      <trkpt lat="47.762262" lon="18.772314">
        <ele>157.441112</ele>
        <time>2026-08-06T13:11:04.023Z</time>
      </trkpt>
      <trkpt lat="47.762068" lon="18.772634">
        <ele>157.383696</ele>
        <time>2026-08-06T13:11:14.049Z</time>
      </trkpt>
      <trkpt lat="47.762026" lon="18.772658">
        <ele>157.374778</ele>
        <time>2026-08-06T13:11:15.603Z</time>
      </trkpt>
      <trkpt lat="47.761667" lon="18.772683">
        <ele>157.303540</ele>
        <time>2026-08-06T13:11:27.307Z</time>
      </trkpt>
      <trkpt lat="47.761398" lon="18.772818">
        <ele>156.564192</ele>
        <time>2026-08-06T13:11:36.216Z</time>
      </trkpt>
      <trkpt lat="47.760727" lon="18.773577">
        <ele>154.313471</ele>
        <time>2026-08-06T13:12:01.476Z</time>
      </trkpt>
      <trkpt lat="47.760335" lon="18.774168">
        <ele>152.823251</ele>
        <time>2026-08-06T13:12:17.932Z</time>
      </trkpt>
      <trkpt lat="47.758709" lon="18.776080">
        <ele>146.887431</ele>
        <time>2026-08-06T13:13:19.983Z</time>
      </trkpt>
      <trkpt lat="47.758245" lon="18.776775">
        <ele>145.149408</ele>
        <time>2026-08-06T13:13:40.016Z</time>
      </trkpt>
      <trkpt lat="47.757308" lon="18.776014">
        <ele>142.406509</ele>
        <time>2026-08-06T13:14:12.430Z</time>
      </trkpt>
      <trkpt lat="47.757067" lon="18.775788">
        <ele>141.920651</ele>
        <time>2026-08-06T13:14:21.049Z</time>
      </trkpt>
      <trkpt lat="47.756322" lon="18.774986">
        <ele>140.352309</ele>
        <time>2026-08-06T13:14:50.093Z</time>
      </trkpt>
      <trkpt lat="47.756072" lon="18.775475">
        <ele>139.647967</ele>
        <time>2026-08-06T13:14:57.929Z</time>
      </trkpt>
      <trkpt lat="47.754807" lon="18.777427">
        <ele>139.740656</ele>
        <time>2026-08-06T13:15:38.984Z</time>
      </trkpt>
      <trkpt lat="47.754100" lon="18.778466">
        <ele>141.171385</ele>
        <time>2026-08-06T13:16:06.676Z</time>
      </trkpt>
      <trkpt lat="47.753910" lon="18.778659">
        <ele>141.527371</ele>
        <time>2026-08-06T13:16:13.585Z</time>
      </trkpt>
      <trkpt lat="47.753650" lon="18.778853">
        <ele>141.977430</ele>
        <time>2026-08-06T13:16:22.396Z</time>
      </trkpt>
      <trkpt lat="47.753275" lon="18.779106">
        <ele>142.640024</ele>
        <time>2026-08-06T13:16:34.814Z</time>
      </trkpt>
      <trkpt lat="47.752421" lon="18.779675">
        <ele>144.554008</ele>
        <time>2026-08-06T13:17:03.678Z</time>
      </trkpt>
      <trkpt lat="47.751977" lon="18.780063">
        <ele>145.607294</ele>
        <time>2026-08-06T13:17:19.578Z</time>
      </trkpt>
      <trkpt lat="47.751590" lon="18.780508">
        <ele>146.471973</ele>
        <time>2026-08-06T13:17:34.170Z</time>
      </trkpt>
      <trkpt lat="47.751346" lon="18.780846">
        <ele>146.918577</ele>
        <time>2026-08-06T13:17:43.741Z</time>
      </trkpt>
      <trkpt lat="47.751207" lon="18.781106">
        <ele>147.217715</ele>
        <time>2026-08-06T13:17:50.006Z</time>
      </trkpt>
      <trkpt lat="47.750843" lon="18.782018">
        <ele>148.172820</ele>
        <time>2026-08-06T13:18:09.051Z</time>
      </trkpt>
      <trkpt lat="47.750356" lon="18.783500">
        <ele>149.565620</ele>
        <time>2026-08-06T13:18:38.175Z</time>
      </trkpt>
      <trkpt lat="47.750029" lon="18.784576">
        <ele>150.533771</ele>
        <time>2026-08-06T13:18:59.866Z</time>
      </trkpt>
      <trkpt lat="47.749280" lon="18.786600">
        <ele>153.048036</ele>
        <time>2026-08-06T13:19:44.070Z</time>
      </trkpt>
      <trkpt lat="47.749085" lon="18.786961">
        <ele>153.573805</ele>
        <time>2026-08-06T13:19:53.664Z</time>
      </trkpt>
      <trkpt lat="47.748441" lon="18.788014">
        <ele>155.236923</ele>
        <time>2026-08-06T13:20:22.500Z</time>
      </trkpt>
      <trkpt lat="47.748308" lon="18.788403">
        <ele>155.749828</ele>
        <time>2026-08-06T13:20:31.170Z</time>
      </trkpt>
      <trkpt lat="47.748270" lon="18.788743">
        <ele>156.154915</ele>
        <time>2026-08-06T13:20:37.765Z</time>
      </trkpt>
      <trkpt lat="47.748177" lon="18.790399">
        <ele>158.250986</ele>
        <time>2026-08-06T13:21:08.781Z</time>
      </trkpt>
      <trkpt lat="47.748108" lon="18.791121">
        <ele>159.218484</ele>
        <time>2026-08-06T13:21:23.390Z</time>
      </trkpt>
      <trkpt lat="47.747836" lon="18.793099">
        <ele>162.312383</ele>
        <time>2026-08-06T13:22:07.631Z</time>
      </trkpt>
      <trkpt lat="47.747710" lon="18.794103">
        <ele>164.084246</ele>
        <time>2026-08-06T13:22:30.240Z</time>
      </trkpt>
      <trkpt lat="47.747517" lon="18.796474">
        <ele>168.309500</ele>
        <time>2026-08-06T13:23:22.276Z</time>
      </trkpt>
      <trkpt lat="47.747427" lon="18.797190">
        <ele>169.607213</ele>
        <time>2026-08-06T13:23:38.381Z</time>
      </trkpt>
      <trkpt lat="47.747348" lon="18.797470">
        <ele>170.175876</ele>
        <time>2026-08-06T13:23:45.138Z</time>
      </trkpt>
      <trkpt lat="47.745289" lon="18.803359">
        <ele>184.431680</ele>
        <time>2026-08-06T13:26:19.120Z</time>
      </trkpt>
      <trkpt lat="47.745020" lon="18.804146">
        <ele>186.702947</ele>
        <time>2026-08-06T13:26:42.230Z</time>
      </trkpt>
      <trkpt lat="47.744844" lon="18.804568">
        <ele>188.080510</ele>
        <time>2026-08-06T13:26:56.150Z</time>
      </trkpt>
      <trkpt lat="47.744810" lon="18.804633">
        <ele>188.373322</ele>
        <time>2026-08-06T13:26:58.580Z</time>
      </trkpt>
      <trkpt lat="47.744337" lon="18.805418">
        <ele>192.121204</ele>
        <time>2026-08-06T13:27:30.795Z</time>
      </trkpt>
      <trkpt lat="47.743843" lon="18.806193">
        <ele>195.918219</ele>
        <time>2026-08-06T13:28:02.896Z</time>
      </trkpt>
      <trkpt lat="47.743366" lon="18.806716">
        <ele>198.403452</ele>
        <time>2026-08-06T13:28:27.634Z</time>
      </trkpt>
      <trkpt lat="47.743094" lon="18.806921">
        <ele>199.442105</ele>
        <time>2026-08-06T13:28:39.002Z</time>
      </trkpt>
      <trkpt lat="47.742744" lon="18.807127">
        <ele>200.724219</ele>
        <time>2026-08-06T13:28:51.620Z</time>
      </trkpt>
      <trkpt lat="47.742071" lon="18.807450">
        <ele>203.132958</ele>
        <time>2026-08-06T13:29:14.465Z</time>
      </trkpt>
      <trkpt lat="47.741701" lon="18.807701">
        <ele>204.548358</ele>
        <time>2026-08-06T13:29:27.940Z</time>
      </trkpt>
      <trkpt lat="47.741406" lon="18.807965">
        <ele>205.751555</ele>
        <time>2026-08-06T13:29:39.853Z</time>
      </trkpt>
      <trkpt lat="47.740676" lon="18.808508">
        <ele>208.603977</ele>
        <time>2026-08-06T13:30:10.184Z</time>
      </trkpt>
      <trkpt lat="47.739883" lon="18.809240">
        <ele>212.118470</ele>
        <time>2026-08-06T13:30:46.791Z</time>
      </trkpt>
      <trkpt lat="47.739587" lon="18.809605">
        <ele>213.614971</ele>
        <time>2026-08-06T13:31:02.469Z</time>
      </trkpt>
      <trkpt lat="47.739410" lon="18.809870">
        <ele>214.592471</ele>
        <time>2026-08-06T13:31:12.761Z</time>
      </trkpt>
      <trkpt lat="47.739233" lon="18.810182">
        <ele>215.660771</ele>
        <time>2026-08-06T13:31:23.111Z</time>
      </trkpt>
      <trkpt lat="47.738816" lon="18.811037">
        <ele>217.433481</ele>
        <time>2026-08-06T13:31:45.911Z</time>
      </trkpt>
      <trkpt lat="47.738554" lon="18.811590">
        <ele>218.219762</ele>
        <time>2026-08-06T13:31:58.289Z</time>
      </trkpt>
      <trkpt lat="47.738450" lon="18.811997">
        <ele>218.725845</ele>
        <time>2026-08-06T13:32:05.754Z</time>
      </trkpt>
      <trkpt lat="47.738465" lon="18.812325">
        <ele>219.107983</ele>
        <time>2026-08-06T13:32:11.241Z</time>
      </trkpt>
      <trkpt lat="47.738573" lon="18.812901">
        <ele>219.878757</ele>
        <time>2026-08-06T13:32:21.531Z</time>
      </trkpt>
      <trkpt lat="47.738645" lon="18.813490">
        <ele>221.569021</ele>
        <time>2026-08-06T13:32:34.241Z</time>
      </trkpt>
      <trkpt lat="47.738631" lon="18.813872">
        <ele>222.649181</ele>
        <time>2026-08-06T13:32:44.485Z</time>
      </trkpt>
      <trkpt lat="47.738551" lon="18.814189">
        <ele>223.605160</ele>
        <time>2026-08-06T13:32:53.990Z</time>
      </trkpt>
      <trkpt lat="47.738425" lon="18.814398">
        <ele>224.397660</ele>
        <time>2026-08-06T13:33:01.737Z</time>
      </trkpt>
      <trkpt lat="47.738264" lon="18.814507">
        <ele>225.140361</ele>
        <time>2026-08-06T13:33:08.950Z</time>
      </trkpt>
      <trkpt lat="47.738108" lon="18.814543">
        <ele>225.803145</ele>
        <time>2026-08-06T13:33:15.512Z</time>
      </trkpt>
      <trkpt lat="47.737942" lon="18.814560">
        <ele>226.501724</ele>
        <time>2026-08-06T13:33:22.756Z</time>
      </trkpt>
      <trkpt lat="47.737837" lon="18.814512">
        <ele>226.962914</ele>
        <time>2026-08-06T13:33:27.711Z</time>
      </trkpt>
      <trkpt lat="47.737786" lon="18.814399">
        <ele>227.393391</ele>
        <time>2026-08-06T13:33:31.872Z</time>
      </trkpt>
      <trkpt lat="47.737781" lon="18.814261">
        <ele>228.177960</ele>
        <time>2026-08-06T13:33:36.051Z</time>
      </trkpt>
      <trkpt lat="47.737945" lon="18.813735">
        <ele>231.469384</ele>
        <time>2026-08-06T13:33:55.540Z</time>
      </trkpt>
      <trkpt lat="47.737934" lon="18.813385">
        <ele>233.458514</ele>
        <time>2026-08-06T13:34:08.479Z</time>
      </trkpt>
      <trkpt lat="47.737743" lon="18.812722">
        <ele>237.553185</ele>
        <time>2026-08-06T13:34:37.013Z</time>
      </trkpt>
      <trkpt lat="47.737673" lon="18.812574">
        <ele>238.580368</ele>
        <time>2026-08-06T13:34:44.826Z</time>
      </trkpt>
      <trkpt lat="47.737588" lon="18.812483">
        <ele>239.464519</ele>
        <time>2026-08-06T13:34:51.758Z</time>
      </trkpt>
      <trkpt lat="47.737449" lon="18.812427">
        <ele>240.680180</ele>
        <time>2026-08-06T13:35:01.243Z</time>
      </trkpt>
      <trkpt lat="47.737307" lon="18.812453">
        <ele>241.887913</ele>
        <time>2026-08-06T13:35:10.680Z</time>
      </trkpt>
      <trkpt lat="47.737175" lon="18.812537">
        <ele>242.948392</ele>
        <time>2026-08-06T13:35:19.855Z</time>
      </trkpt>
      <trkpt lat="47.737013" lon="18.812740">
        <ele>244.296408</ele>
        <time>2026-08-06T13:35:32.821Z</time>
      </trkpt>
      <trkpt lat="47.736782" lon="18.813205">
        <ele>246.770261</ele>
        <time>2026-08-06T13:35:54.922Z</time>
      </trkpt>
      <trkpt lat="47.736311" lon="18.814143">
        <ele>251.779616</ele>
        <time>2026-08-06T13:36:29.163Z</time>
      </trkpt>
      <trkpt lat="47.736260" lon="18.814382">
        <ele>252.852621</ele>
        <time>2026-08-06T13:36:34.841Z</time>
      </trkpt>
      <trkpt lat="47.736253" lon="18.814614">
        <ele>253.846423</ele>
        <time>2026-08-06T13:36:39.773Z</time>
      </trkpt>
      <trkpt lat="47.736427" lon="18.815361">
        <ele>256.439994</ele>
        <time>2026-08-06T13:36:57.927Z</time>
      </trkpt>
      <trkpt lat="47.736429" lon="18.815553">
        <ele>257.065178</ele>
        <time>2026-08-06T13:37:02.971Z</time>
      </trkpt>
      <trkpt lat="47.736393" lon="18.815708">
        <ele>257.599068</ele>
        <time>2026-08-06T13:37:07.396Z</time>
      </trkpt>
      <trkpt lat="47.736306" lon="18.815835">
        <ele>258.189280</ele>
        <time>2026-08-06T13:37:12.382Z</time>
      </trkpt>
      <trkpt lat="47.736042" lon="18.816015">
        <ele>259.595264</ele>
        <time>2026-08-06T13:37:24.643Z</time>
      </trkpt>
      <trkpt lat="47.735957" lon="18.816136">
        <ele>260.164929</ele>
        <time>2026-08-06T13:37:29.731Z</time>
      </trkpt>
      <trkpt lat="47.735900" lon="18.816294">
        <ele>260.748681</ele>
        <time>2026-08-06T13:37:35.118Z</time>
      </trkpt>
      <trkpt lat="47.735878" lon="18.816498">
        <ele>261.421351</ele>
        <time>2026-08-06T13:37:41.481Z</time>
      </trkpt>
      <trkpt lat="47.735888" lon="18.816683">
        <ele>262.025618</ele>
        <time>2026-08-06T13:37:47.434Z</time>
      </trkpt>
      <trkpt lat="47.736048" lon="18.817345">
        <ele>264.972264</ele>
        <time>2026-08-06T13:38:11.411Z</time>
      </trkpt>
      <trkpt lat="47.736073" lon="18.817623">
        <ele>266.242272</ele>
        <time>2026-08-06T13:38:21.173Z</time>
      </trkpt>
      <trkpt lat="47.736051" lon="18.817783">
        <ele>266.981750</ele>
        <time>2026-08-06T13:38:26.863Z</time>
      </trkpt>
      <trkpt lat="47.735962" lon="18.818028">
        <ele>268.242613</ele>
        <time>2026-08-06T13:38:36.494Z</time>
      </trkpt>
      <trkpt lat="47.735885" lon="18.818118">
        <ele>268.902036</ele>
        <time>2026-08-06T13:38:41.389Z</time>
      </trkpt>
      <trkpt lat="47.735419" lon="18.818455">
        <ele>272.390902</ele>
        <time>2026-08-06T13:39:06.907Z</time>
      </trkpt>
      <trkpt lat="47.735282" lon="18.818675">
        <ele>273.748541</ele>
        <time>2026-08-06T13:39:16.924Z</time>
      </trkpt>
      <trkpt lat="47.735192" lon="18.818989">
        <ele>275.130420</ele>
        <time>2026-08-06T13:39:28.311Z</time>
      </trkpt>
      <trkpt lat="47.735183" lon="18.819435">
        <ele>276.547423</ele>
        <time>2026-08-06T13:39:42.806Z</time>
      </trkpt>
      <trkpt lat="47.735228" lon="18.820931">
        <ele>281.303028</ele>
        <time>2026-08-06T13:40:21.983Z</time>
      </trkpt>
      <trkpt lat="47.735398" lon="18.821942">
        <ele>284.853173</ele>
        <time>2026-08-06T13:40:47.845Z</time>
      </trkpt>
      <trkpt lat="47.735401" lon="18.822412">
        <ele>286.607375</ele>
        <time>2026-08-06T13:41:00.553Z</time>
      </trkpt>
      <trkpt lat="47.735268" lon="18.823400">
        <ele>290.367907</ele>
        <time>2026-08-06T13:41:30.837Z</time>
      </trkpt>
      <trkpt lat="47.735180" lon="18.823786">
        <ele>291.889048</ele>
        <time>2026-08-06T13:41:44.427Z</time>
      </trkpt>
      <trkpt lat="47.734933" lon="18.824529">
        <ele>295.718797</ele>
        <time>2026-08-06T13:42:13.442Z</time>
      </trkpt>
      <trkpt lat="47.734710" lon="18.825164">
        <ele>299.509699</ele>
        <time>2026-08-06T13:42:39.418Z</time>
      </trkpt>
      <trkpt lat="47.734590" lon="18.825454">
        <ele>301.311564</ele>
        <time>2026-08-06T13:42:51.602Z</time>
      </trkpt>
      <trkpt lat="47.734491" lon="18.825623">
        <ele>302.497581</ele>
        <time>2026-08-06T13:42:59.657Z</time>
      </trkpt>
      <trkpt lat="47.734372" lon="18.825771">
        <ele>303.718294</ele>
        <time>2026-08-06T13:43:08.007Z</time>
      </trkpt>
      <trkpt lat="47.733955" lon="18.825961">
        <ele>307.149993</ele>
        <time>2026-08-06T13:43:32.122Z</time>
      </trkpt>
      <trkpt lat="47.733640" lon="18.826277">
        <ele>309.965320</ele>
        <time>2026-08-06T13:43:54.200Z</time>
      </trkpt>
      <trkpt lat="47.732808" lon="18.827238">
        <ele>317.732134</ele>
        <time>2026-08-06T13:44:52.975Z</time>
      </trkpt>
      <trkpt lat="47.732658" lon="18.827458">
        <ele>319.285413</ele>
        <time>2026-08-06T13:45:03.792Z</time>
      </trkpt>
      <trkpt lat="47.731934" lon="18.828927">
        <ele>320.656541</ele>
        <time>2026-08-06T13:45:46.865Z</time>
      </trkpt>
      <trkpt lat="47.731869" lon="18.829025">
        <ele>320.658732</ele>
        <time>2026-08-06T13:45:48.573Z</time>
      </trkpt>
      <trkpt lat="47.731805" lon="18.829209">
        <ele>320.662030</ele>
        <time>2026-08-06T13:45:50.942Z</time>
      </trkpt>
      <trkpt lat="47.731558" lon="18.829734">
        <ele>320.672230</ele>
        <time>2026-08-06T13:45:57.532Z</time>
      </trkpt>
      <trkpt lat="47.731530" lon="18.829869">
        <ele>320.665561</ele>
        <time>2026-08-06T13:45:58.865Z</time>
      </trkpt>
      <trkpt lat="47.731563" lon="18.830033">
        <ele>319.970576</ele>
        <time>2026-08-06T13:46:00.492Z</time>
      </trkpt>
      <trkpt lat="47.731629" lon="18.830119">
        <ele>319.440843</ele>
        <time>2026-08-06T13:46:01.723Z</time>
      </trkpt>
      <trkpt lat="47.731670" lon="18.830131">
        <ele>319.188612</ele>
        <time>2026-08-06T13:46:02.315Z</time>
      </trkpt>
      <trkpt lat="47.731788" lon="18.830092">
        <ele>318.458963</ele>
        <time>2026-08-06T13:46:03.988Z</time>
      </trkpt>
      <trkpt lat="47.731847" lon="18.830015">
        <ele>317.985090</ele>
        <time>2026-08-06T13:46:05.084Z</time>
      </trkpt>
      <trkpt lat="47.732000" lon="18.829706">
        <ele>316.427307</ele>
        <time>2026-08-06T13:46:08.686Z</time>
      </trkpt>
      <trkpt lat="47.732096" lon="18.829625">
        <ele>315.761030</ele>
        <time>2026-08-06T13:46:10.237Z</time>
      </trkpt>
      <trkpt lat="47.732171" lon="18.829628">
        <ele>315.308157</ele>
        <time>2026-08-06T13:46:11.314Z</time>
      </trkpt>
      <trkpt lat="47.732243" lon="18.829686">
        <ele>314.813865</ele>
        <time>2026-08-06T13:46:12.478Z</time>
      </trkpt>
      <trkpt lat="47.732295" lon="18.829795">
        <ele>314.271326</ele>
        <time>2026-08-06T13:46:13.767Z</time>
      </trkpt>
      <trkpt lat="47.732302" lon="18.829905">
        <ele>313.822746</ele>
        <time>2026-08-06T13:46:14.839Z</time>
      </trkpt>
      <trkpt lat="47.732248" lon="18.830170">
        <ele>312.698590</ele>
        <time>2026-08-06T13:46:17.542Z</time>
      </trkpt>
      <trkpt lat="47.731973" lon="18.831161">
        <ele>309.721387</ele>
        <time>2026-08-06T13:46:28.610Z</time>
      </trkpt>
      <trkpt lat="47.731744" lon="18.832040">
        <ele>309.471078</ele>
        <time>2026-08-06T13:46:42.080Z</time>
      </trkpt>
      <trkpt lat="47.731721" lon="18.832249">
        <ele>309.414842</ele>
        <time>2026-08-06T13:46:45.465Z</time>
      </trkpt>
      <trkpt lat="47.731726" lon="18.832518">
        <ele>309.343384</ele>
        <time>2026-08-06T13:46:49.858Z</time>
      </trkpt>
      <trkpt lat="47.731772" lon="18.832821">
        <ele>309.260900</ele>
        <time>2026-08-06T13:46:55.079Z</time>
      </trkpt>
      <trkpt lat="47.732292" lon="18.835316">
        <ele>311.742086</ele>
        <time>2026-08-06T13:47:48.572Z</time>
      </trkpt>
      <trkpt lat="47.732309" lon="18.835563">
        <ele>312.063618</ele>
        <time>2026-08-06T13:47:53.861Z</time>
      </trkpt>
      <trkpt lat="47.732273" lon="18.836466">
        <ele>312.628258</ele>
        <time>2026-08-06T13:48:12.162Z</time>
      </trkpt>
      <trkpt lat="47.732241" lon="18.836880">
        <ele>312.675127</ele>
        <time>2026-08-06T13:48:19.387Z</time>
      </trkpt>
      <trkpt lat="47.732185" lon="18.837208">
        <ele>312.713186</ele>
        <time>2026-08-06T13:48:24.433Z</time>
      </trkpt>
      <trkpt lat="47.732128" lon="18.837408">
        <ele>312.737616</ele>
        <time>2026-08-06T13:48:27.398Z</time>
      </trkpt>
      <trkpt lat="47.732009" lon="18.837661">
        <ele>312.772338</ele>
        <time>2026-08-06T13:48:31.735Z</time>
      </trkpt>
      <trkpt lat="47.731503" lon="18.838685">
        <ele>312.736762</ele>
        <time>2026-08-06T13:49:00.870Z</time>
      </trkpt>
      <trkpt lat="47.731144" lon="18.839414">
        <ele>312.425593</ele>
        <time>2026-08-06T13:49:11.920Z</time>
      </trkpt>
      <trkpt lat="47.731024" lon="18.839658">
        <ele>312.321491</ele>
        <time>2026-08-06T13:49:15.766Z</time>
      </trkpt>
      <trkpt lat="47.730764" lon="18.840182">
        <ele>312.097232</ele>
        <time>2026-08-06T13:49:24.841Z</time>
      </trkpt>
      <trkpt lat="47.730238" lon="18.841251">
        <ele>314.190111</ele>
        <time>2026-08-06T13:49:49.523Z</time>
      </trkpt>
      <trkpt lat="47.730120" lon="18.841492">
        <ele>314.933628</ele>
        <time>2026-08-06T13:49:57.045Z</time>
      </trkpt>
      <trkpt lat="47.730029" lon="18.841637">
        <ele>315.428279</ele>
        <time>2026-08-06T13:50:02.805Z</time>
      </trkpt>
      <trkpt lat="47.729901" lon="18.841746">
        <ele>315.975287</ele>
        <time>2026-08-06T13:50:09.765Z</time>
      </trkpt>
      <trkpt lat="47.729244" lon="18.841986">
        <ele>318.484089</ele>
        <time>2026-08-06T13:50:38.421Z</time>
      </trkpt>
      <trkpt lat="47.728778" lon="18.842141">
        <ele>320.816876</ele>
        <time>2026-08-06T13:50:59.285Z</time>
      </trkpt>
      <trkpt lat="47.728839" lon="18.842319">
        <ele>321.486486</ele>
        <time>2026-08-06T13:51:05.541Z</time>
      </trkpt>
      <trkpt lat="47.729127" lon="18.842741">
        <ele>323.501552</ele>
        <time>2026-08-06T13:51:25.055Z</time>
      </trkpt>
      <trkpt lat="47.729163" lon="18.842859">
        <ele>323.935856</ele>
        <time>2026-08-06T13:51:29.107Z</time>
      </trkpt>
      <trkpt lat="47.729149" lon="18.843148">
        <ele>324.907058</ele>
        <time>2026-08-06T13:51:37.265Z</time>
      </trkpt>
      <trkpt lat="47.729063" lon="18.843629">
        <ele>326.575298</ele>
        <time>2026-08-06T13:51:48.635Z</time>
      </trkpt>
      <trkpt lat="47.729067" lon="18.843989">
        <ele>327.728444</ele>
        <time>2026-08-06T13:51:57.069Z</time>
      </trkpt>
      <trkpt lat="47.729075" lon="18.844045">
        <ele>327.868546</ele>
        <time>2026-08-06T13:51:58.559Z</time>
      </trkpt>
      <trkpt lat="47.729117" lon="18.844160">
        <ele>328.188786</ele>
        <time>2026-08-06T13:52:01.996Z</time>
      </trkpt>
      <trkpt lat="47.729187" lon="18.844240">
        <ele>328.510018</ele>
        <time>2026-08-06T13:52:05.528Z</time>
      </trkpt>
      <trkpt lat="47.729634" lon="18.844396">
        <ele>330.180528</ele>
        <time>2026-08-06T13:52:23.855Z</time>
      </trkpt>
      <trkpt lat="47.729867" lon="18.844431">
        <ele>331.032558</ele>
        <time>2026-08-06T13:52:31.888Z</time>
      </trkpt>
      <trkpt lat="47.729988" lon="18.844407">
        <ele>331.476688</ele>
        <time>2026-08-06T13:52:36.124Z</time>
      </trkpt>
      <trkpt lat="47.730110" lon="18.844340">
        <ele>331.949871</ele>
        <time>2026-08-06T13:52:40.546Z</time>
      </trkpt>
      <trkpt lat="47.730288" lon="18.844163">
        <ele>332.728985</ele>
        <time>2026-08-06T13:52:47.881Z</time>
      </trkpt>
      <trkpt lat="47.730410" lon="18.844108">
        <ele>333.192810</ele>
        <time>2026-08-06T13:52:52.550Z</time>
      </trkpt>
      <trkpt lat="47.730719" lon="18.844089">
        <ele>334.365437</ele>
        <time>2026-08-06T13:53:04.715Z</time>
      </trkpt>
      <trkpt lat="47.730938" lon="18.844096">
        <ele>335.360491</ele>
        <time>2026-08-06T13:53:13.602Z</time>
      </trkpt>
      <trkpt lat="47.731037" lon="18.844120">
        <ele>335.816145</ele>
        <time>2026-08-06T13:53:17.016Z</time>
      </trkpt>
      <trkpt lat="47.731558" lon="18.844262">
        <ele>338.222267</ele>
        <time>2026-08-06T13:53:35.102Z</time>
      </trkpt>
      <trkpt lat="47.731736" lon="18.844274">
        <ele>339.031676</ele>
        <time>2026-08-06T13:53:41.692Z</time>
      </trkpt>
      <trkpt lat="47.731889" lon="18.844212">
        <ele>339.752043</ele>
        <time>2026-08-06T13:53:48.074Z</time>
      </trkpt>
      <trkpt lat="47.731964" lon="18.844109">
        <ele>340.215840</ele>
        <time>2026-08-06T13:53:52.488Z</time>
      </trkpt>
      <trkpt lat="47.732006" lon="18.844002">
        <ele>340.594360</ele>
        <time>2026-08-06T13:53:55.779Z</time>
      </trkpt>
      <trkpt lat="47.732125" lon="18.843653">
        <ele>341.789864</ele>
        <time>2026-08-06T13:54:06.910Z</time>
      </trkpt>
      <trkpt lat="47.732282" lon="18.843469">
        <ele>343.117777</ele>
        <time>2026-08-06T13:54:16.518Z</time>
      </trkpt>
      <trkpt lat="47.732419" lon="18.843376">
        <ele>344.519196</ele>
        <time>2026-08-06T13:54:24.786Z</time>
      </trkpt>
      <trkpt lat="47.732614" lon="18.843359">
        <ele>346.336848</ele>
        <time>2026-08-06T13:54:36.246Z</time>
      </trkpt>
      <trkpt lat="47.733067" lon="18.843219">
        <ele>350.642256</ele>
        <time>2026-08-06T13:55:05.374Z</time>
      </trkpt>
      <trkpt lat="47.733218" lon="18.843331">
        <ele>352.212498</ele>
        <time>2026-08-06T13:55:16.929Z</time>
      </trkpt>
      <trkpt lat="47.733360" lon="18.843579">
        <ele>354.250901</ele>
        <time>2026-08-06T13:55:31.944Z</time>
      </trkpt>
      <trkpt lat="47.733402" lon="18.843669">
        <ele>354.936479</ele>
        <time>2026-08-06T13:55:36.681Z</time>
      </trkpt>
      <trkpt lat="47.733538" lon="18.843947">
        <ele>357.087928</ele>
        <time>2026-08-06T13:55:51.801Z</time>
      </trkpt>
      <trkpt lat="47.733688" lon="18.844054">
        <ele>358.636056</ele>
        <time>2026-08-06T13:56:02.177Z</time>
      </trkpt>
      <trkpt lat="47.733846" lon="18.844064">
        <ele>359.884905</ele>
        <time>2026-08-06T13:56:11.960Z</time>
      </trkpt>
      <trkpt lat="47.734488" lon="18.843960">
        <ele>364.647034</ele>
        <time>2026-08-06T13:56:46.558Z</time>
      </trkpt>
      <trkpt lat="47.734690" lon="18.843980">
        <ele>366.139883</ele>
        <time>2026-08-06T13:56:55.344Z</time>
      </trkpt>
      <trkpt lat="47.734913" lon="18.844068">
        <ele>367.841218</ele>
        <time>2026-08-06T13:57:05.600Z</time>
      </trkpt>
      <trkpt lat="47.735059" lon="18.844166">
        <ele>369.022447</ele>
        <time>2026-08-06T13:57:13.084Z</time>
      </trkpt>
      <trkpt lat="47.735194" lon="18.844306">
        <ele>370.236156</ele>
        <time>2026-08-06T13:57:21.213Z</time>
      </trkpt>
      <trkpt lat="47.735315" lon="18.844496">
        <ele>371.533861</ele>
        <time>2026-08-06T13:57:30.238Z</time>
      </trkpt>
      <trkpt lat="47.735398" lon="18.844714">
        <ele>372.685476</ele>
        <time>2026-08-06T13:57:39.171Z</time>
      </trkpt>
      <trkpt lat="47.735453" lon="18.844958">
        <ele>373.719661</ele>
        <time>2026-08-06T13:57:48.421Z</time>
      </trkpt>
      <trkpt lat="47.735480" lon="18.845944">
        <ele>377.685434</ele>
        <time>2026-08-06T13:58:21.108Z</time>
      </trkpt>
      <trkpt lat="47.735561" lon="18.846236">
        <ele>378.954804</ele>
        <time>2026-08-06T13:58:30.534Z</time>
      </trkpt>
      <trkpt lat="47.735636" lon="18.846391">
        <ele>379.722170</ele>
        <time>2026-08-06T13:58:35.984Z</time>
      </trkpt>
      <trkpt lat="47.735756" lon="18.846540">
        <ele>380.656355</ele>
        <time>2026-08-06T13:58:42.401Z</time>
      </trkpt>
      <trkpt lat="47.736111" lon="18.846881">
        <ele>383.186683</ele>
        <time>2026-08-06T13:58:59.997Z</time>
      </trkpt>
      <trkpt lat="47.736293" lon="18.846969">
        <ele>384.371525</ele>
        <time>2026-08-06T13:59:07.961Z</time>
      </trkpt>
      <trkpt lat="47.736832" lon="18.847090">
        <ele>387.746296</ele>
        <time>2026-08-06T13:59:31.027Z</time>
      </trkpt>
      <trkpt lat="47.736879" lon="18.847147">
        <ele>388.121787</ele>
        <time>2026-08-06T13:59:33.964Z</time>
      </trkpt>
      <trkpt lat="47.736736" lon="18.847304">
        <ele>389.222288</ele>
        <time>2026-08-06T13:59:42.349Z</time>
      </trkpt>
      <trkpt lat="47.736400" lon="18.847599">
        <ele>391.638037</ele>
        <time>2026-08-06T14:00:02.073Z</time>
      </trkpt>
      <trkpt lat="47.735635" lon="18.848357">
        <ele>397.294250</ele>
        <time>2026-08-06T14:00:50.942Z</time>
      </trkpt>
      <trkpt lat="47.735326" lon="18.848752">
        <ele>399.788896</ele>
        <time>2026-08-06T14:01:10.844Z</time>
      </trkpt>
      <trkpt lat="47.735017" lon="18.849281">
        <ele>402.673725</ele>
        <time>2026-08-06T14:01:32.183Z</time>
      </trkpt>
      <trkpt lat="47.734625" lon="18.850310">
        <ele>407.176376</ele>
        <time>2026-08-06T14:02:03.821Z</time>
      </trkpt>
      <trkpt lat="47.734253" lon="18.851150">
        <ele>410.671880</ele>
        <time>2026-08-06T14:02:29.793Z</time>
      </trkpt>
      <trkpt lat="47.734108" lon="18.851427">
        <ele>411.891835</ele>
        <time>2026-08-06T14:02:40.081Z</time>
      </trkpt>
      <trkpt lat="47.733995" lon="18.851577">
        <ele>412.674630</ele>
        <time>2026-08-06T14:02:47.122Z</time>
      </trkpt>
      <trkpt lat="47.733860" lon="18.851658">
        <ele>413.426913</ele>
        <time>2026-08-06T14:02:54.217Z</time>
      </trkpt>
      <trkpt lat="47.733723" lon="18.851665">
        <ele>414.135286</ele>
        <time>2026-08-06T14:03:01.154Z</time>
      </trkpt>
      <trkpt lat="47.733635" lon="18.851631">
        <ele>414.638532</ele>
        <time>2026-08-06T14:03:05.849Z</time>
      </trkpt>
      <trkpt lat="47.733561" lon="18.851581">
        <ele>415.176600</ele>
        <time>2026-08-06T14:03:09.992Z</time>
      </trkpt>
      <trkpt lat="47.733276" lon="18.851243">
        <ele>417.589883</ele>
        <time>2026-08-06T14:03:28.799Z</time>
      </trkpt>
      <trkpt lat="47.732918" lon="18.850835">
        <ele>420.575851</ele>
        <time>2026-08-06T14:03:51.692Z</time>
      </trkpt>
      <trkpt lat="47.732781" lon="18.850762">
        <ele>421.539231</ele>
        <time>2026-08-06T14:03:58.960Z</time>
      </trkpt>
      <trkpt lat="47.732583" lon="18.850762">
        <ele>422.849930</ele>
        <time>2026-08-06T14:04:08.868Z</time>
      </trkpt>
      <trkpt lat="47.732230" lon="18.851039">
        <ele>425.492172</ele>
        <time>2026-08-06T14:04:27.546Z</time>
      </trkpt>
      <trkpt lat="47.732008" lon="18.851170">
        <ele>427.143574</ele>
        <time>2026-08-06T14:04:38.058Z</time>
      </trkpt>
      <trkpt lat="47.731924" lon="18.851181">
        <ele>427.759458</ele>
        <time>2026-08-06T14:04:41.805Z</time>
      </trkpt>
      <trkpt lat="47.731820" lon="18.851164">
        <ele>428.523617</ele>
        <time>2026-08-06T14:04:46.532Z</time>
      </trkpt>
      <trkpt lat="47.731645" lon="18.851056">
        <ele>429.907500</ele>
        <time>2026-08-06T14:04:55.114Z</time>
      </trkpt>
      <trkpt lat="47.731214" lon="18.850666">
        <ele>433.592573</ele>
        <time>2026-08-06T14:05:18.737Z</time>
      </trkpt>
      <trkpt lat="47.731102" lon="18.850600">
        <ele>434.472497</ele>
        <time>2026-08-06T14:05:25.046Z</time>
      </trkpt>
      <trkpt lat="47.730976" lon="18.850573">
        <ele>435.402270</ele>
        <time>2026-08-06T14:05:32.008Z</time>
      </trkpt>
      <trkpt lat="47.730852" lon="18.850593">
        <ele>436.313240</ele>
        <time>2026-08-06T14:05:38.976Z</time>
      </trkpt>
      <trkpt lat="47.730684" lon="18.850652">
        <ele>437.574026</ele>
        <time>2026-08-06T14:05:49.116Z</time>
      </trkpt>
      <trkpt lat="47.730604" lon="18.850723">
        <ele>438.254508</ele>
        <time>2026-08-06T14:05:54.664Z</time>
      </trkpt>
      <trkpt lat="47.730482" lon="18.850831">
        <ele>439.291553</ele>
        <time>2026-08-06T14:06:03.423Z</time>
      </trkpt>
      <trkpt lat="47.729818" lon="18.851789">
        <ele>446.445215</ele>
        <time>2026-08-06T14:06:59.770Z</time>
      </trkpt>
      <trkpt lat="47.729599" lon="18.852179">
        <ele>449.092587</ele>
        <time>2026-08-06T14:07:18.335Z</time>
      </trkpt>
      <trkpt lat="47.729450" lon="18.852564">
        <ele>451.407178</ele>
        <time>2026-08-06T14:07:33.074Z</time>
      </trkpt>
      <trkpt lat="47.729155" lon="18.853500">
        <ele>454.655611</ele>
        <time>2026-08-06T14:08:00.663Z</time>
      </trkpt>
      <trkpt lat="47.729039" lon="18.853760">
        <ele>455.237562</ele>
        <time>2026-08-06T14:08:07.577Z</time>
      </trkpt>
      <trkpt lat="47.728848" lon="18.854076">
        <ele>456.029996</ele>
        <time>2026-08-06T14:08:16.359Z</time>
      </trkpt>
      <trkpt lat="47.728676" lon="18.854272">
        <ele>456.630956</ele>
        <time>2026-08-06T14:08:22.791Z</time>
      </trkpt>
      <trkpt lat="47.728494" lon="18.854425">
        <ele>457.210752</ele>
        <time>2026-08-06T14:08:28.932Z</time>
      </trkpt>
      <trkpt lat="47.726353" lon="18.855629">
        <ele>461.175066</ele>
        <time>2026-08-06T14:09:35.647Z</time>
      </trkpt>
      <trkpt lat="47.725925" lon="18.855897">
        <ele>461.192998</ele>
        <time>2026-08-06T14:09:45.999Z</time>
      </trkpt>
      <trkpt lat="47.725659" lon="18.856130">
        <ele>461.204920</ele>
        <time>2026-08-06T14:09:52.170Z</time>
      </trkpt>
      <trkpt lat="47.724838" lon="18.857084">
        <ele>461.471755</ele>
        <time>2026-08-06T14:10:13.246Z</time>
      </trkpt>
      <trkpt lat="47.724551" lon="18.857531">
        <ele>463.068931</ele>
        <time>2026-08-06T14:10:24.215Z</time>
      </trkpt>
      <trkpt lat="47.724451" lon="18.857760">
        <ele>463.774616</ele>
        <time>2026-08-06T14:10:30.008Z</time>
      </trkpt>
      <trkpt lat="47.724260" lon="18.858383">
        <ele>465.544266</ele>
        <time>2026-08-06T14:10:47.528Z</time>
      </trkpt>
      <trkpt lat="47.724198" lon="18.858646">
        <ele>466.264591</ele>
        <time>2026-08-06T14:10:55.924Z</time>
      </trkpt>
      <trkpt lat="47.723989" lon="18.859632">
        <ele>469.486951</ele>
        <time>2026-08-06T14:11:30.352Z</time>
      </trkpt>
      <trkpt lat="47.723948" lon="18.860094">
        <ele>471.538154</ele>
        <time>2026-08-06T14:11:47.906Z</time>
      </trkpt>
      <trkpt lat="47.723941" lon="18.860472">
        <ele>473.202627</ele>
        <time>2026-08-06T14:12:02.659Z</time>
      </trkpt>
      <trkpt lat="47.724018" lon="18.861533">
        <ele>477.899925</ele>
        <time>2026-08-06T14:12:40.257Z</time>
      </trkpt>
      <trkpt lat="47.723937" lon="18.861919">
        <ele>479.679726</ele>
        <time>2026-08-06T14:12:51.412Z</time>
      </trkpt>
      <trkpt lat="47.723769" lon="18.862254">
        <ele>480.541413</ele>
        <time>2026-08-06T14:13:00.333Z</time>
      </trkpt>
      <trkpt lat="47.723736" lon="18.862391">
        <ele>480.789620</ele>
        <time>2026-08-06T14:13:02.888Z</time>
      </trkpt>
      <trkpt lat="47.723732" lon="18.862534">
        <ele>481.033744</ele>
        <time>2026-08-06T14:13:05.265Z</time>
      </trkpt>
      <trkpt lat="47.723766" lon="18.862673">
        <ele>481.286020</ele>
        <time>2026-08-06T14:13:07.698Z</time>
      </trkpt>
      <trkpt lat="47.723862" lon="18.862775">
        <ele>481.585217</ele>
        <time>2026-08-06T14:13:10.449Z</time>
      </trkpt>
      <trkpt lat="47.724024" lon="18.862838">
        <ele>482.009800</ele>
        <time>2026-08-06T14:13:14.412Z</time>
      </trkpt>
      <trkpt lat="47.724227" lon="18.862804">
        <ele>482.527774</ele>
        <time>2026-08-06T14:13:19.288Z</time>
      </trkpt>
      <trkpt lat="47.724415" lon="18.862732">
        <ele>483.020023</ele>
        <time>2026-08-06T14:13:24.097Z</time>
      </trkpt>
      <trkpt lat="47.724564" lon="18.862735">
        <ele>483.397855</ele>
        <time>2026-08-06T14:13:28.298Z</time>
      </trkpt>
      <trkpt lat="47.724693" lon="18.862765">
        <ele>483.728919</ele>
        <time>2026-08-06T14:13:32.358Z</time>
      </trkpt>
      <trkpt lat="47.724807" lon="18.862844">
        <ele>484.047837</ele>
        <time>2026-08-06T14:13:36.697Z</time>
      </trkpt>
      <trkpt lat="47.724885" lon="18.862976">
        <ele>484.347511</ele>
        <time>2026-08-06T14:13:41.152Z</time>
      </trkpt>
      <trkpt lat="47.724924" lon="18.863104">
        <ele>484.869140</ele>
        <time>2026-08-06T14:13:44.885Z</time>
      </trkpt>
      <trkpt lat="47.724932" lon="18.863249">
        <ele>485.792184</ele>
        <time>2026-08-06T14:13:49.085Z</time>
      </trkpt>
      <trkpt lat="47.724902" lon="18.863421">
        <ele>486.919527</ele>
        <time>2026-08-06T14:13:54.520Z</time>
      </trkpt>
      <trkpt lat="47.724844" lon="18.863538">
        <ele>487.841625</ele>
        <time>2026-08-06T14:13:59.297Z</time>
      </trkpt>
      <trkpt lat="47.724693" lon="18.863727">
        <ele>489.703380</ele>
        <time>2026-08-06T14:14:09.925Z</time>
      </trkpt>
      <trkpt lat="47.724358" lon="18.864009">
        <ele>493.334359</ele>
        <time>2026-08-06T14:14:34.773Z</time>
      </trkpt>
      <trkpt lat="47.724289" lon="18.864148">
        <ele>494.430378</ele>
        <time>2026-08-06T14:14:43.911Z</time>
      </trkpt>
      <trkpt lat="47.724270" lon="18.864303">
        <ele>495.429984</ele>
        <time>2026-08-06T14:14:52.498Z</time>
      </trkpt>
      <trkpt lat="47.724291" lon="18.864469">
        <ele>496.501649</ele>
        <time>2026-08-06T14:15:01.320Z</time>
      </trkpt>
      <trkpt lat="47.724355" lon="18.864646">
        <ele>497.776588</ele>
        <time>2026-08-06T14:15:11.628Z</time>
      </trkpt>
      <trkpt lat="47.724676" lon="18.865281">
        <ele>502.624506</ele>
        <time>2026-08-06T14:15:48.130Z</time>
      </trkpt>
      <trkpt lat="47.724681" lon="18.865461">
        <ele>503.607451</ele>
        <time>2026-08-06T14:15:55.434Z</time>
      </trkpt>
      <trkpt lat="47.724653" lon="18.865526">
        <ele>504.028584</ele>
        <time>2026-08-06T14:15:58.496Z</time>
      </trkpt>
      <trkpt lat="47.724576" lon="18.865579">
        <ele>504.716823</ele>
        <time>2026-08-06T14:16:02.923Z</time>
      </trkpt>
      <trkpt lat="47.724512" lon="18.865568">
        <ele>505.239379</ele>
        <time>2026-08-06T14:16:06.290Z</time>
      </trkpt>
      <trkpt lat="47.724446" lon="18.865507">
        <ele>505.869728</ele>
        <time>2026-08-06T14:16:09.871Z</time>
      </trkpt>
      <trkpt lat="47.723862" lon="18.864708">
        <ele>512.307296</ele>
        <time>2026-08-06T14:16:51.198Z</time>
      </trkpt>
      <trkpt lat="47.723632" lon="18.864483">
        <ele>514.540513</ele>
        <time>2026-08-06T14:17:04.178Z</time>
      </trkpt>
      <trkpt lat="47.723434" lon="18.864343">
        <ele>516.349712</ele>
        <time>2026-08-06T14:17:14.421Z</time>
      </trkpt>
      <trkpt lat="47.723333" lon="18.864317">
        <ele>517.271743</ele>
        <time>2026-08-06T14:17:19.770Z</time>
      </trkpt>
      <trkpt lat="47.723215" lon="18.864334">
        <ele>518.338143</ele>
        <time>2026-08-06T14:17:25.853Z</time>
      </trkpt>
      <trkpt lat="47.722942" lon="18.864430">
        <ele>520.861592</ele>
        <time>2026-08-06T14:17:40.681Z</time>
      </trkpt>
      <trkpt lat="47.722293" lon="18.864893">
        <ele>527.336934</ele>
        <time>2026-08-06T14:18:26.411Z</time>
      </trkpt>
      <trkpt lat="47.721963" lon="18.865075">
        <ele>530.503053</ele>
        <time>2026-08-06T14:18:48.269Z</time>
      </trkpt>
      <trkpt lat="47.721152" lon="18.865674">
        <ele>539.617549</ele>
        <time>2026-08-06T14:19:41.577Z</time>
      </trkpt>
      <trkpt lat="47.720580" lon="18.866015">
        <ele>545.995665</ele>
        <time>2026-08-06T14:20:25.217Z</time>
      </trkpt>
      <trkpt lat="47.720394" lon="18.866111">
        <ele>548.033365</ele>
        <time>2026-08-06T14:20:37.999Z</time>
      </trkpt>
      <trkpt lat="47.719860" lon="18.866213">
        <ele>553.209159</ele>
        <time>2026-08-06T14:21:11.367Z</time>
      </trkpt>
      <trkpt lat="47.719803" lon="18.866211">
        <ele>553.715010</ele>
        <time>2026-08-06T14:21:14.851Z</time>
      </trkpt>
      <trkpt lat="47.719633" lon="18.866046">
        <ele>555.516335</ele>
        <time>2026-08-06T14:21:27.451Z</time>
      </trkpt>
      <trkpt lat="47.719548" lon="18.866133">
        <ele>556.431959</ele>
        <time>2026-08-06T14:21:34.161Z</time>
      </trkpt>
      <trkpt lat="47.719463" lon="18.866135">
        <ele>557.186183</ele>
        <time>2026-08-06T14:21:39.604Z</time>
      </trkpt>
      <trkpt lat="47.719009" lon="18.866046">
        <ele>561.249000</ele>
        <time>2026-08-06T14:22:06.803Z</time>
      </trkpt>
      <trkpt lat="47.718601" lon="18.865935">
        <ele>564.928955</ele>
        <time>2026-08-06T14:22:26.905Z</time>
      </trkpt>
      <trkpt lat="47.717924" lon="18.865899">
        <ele>569.982461</ele>
        <time>2026-08-06T14:23:02.388Z</time>
      </trkpt>
      <trkpt lat="47.717445" lon="18.865914">
        <ele>573.253574</ele>
        <time>2026-08-06T14:23:28.520Z</time>
      </trkpt>
      <trkpt lat="47.717121" lon="18.865985">
        <ele>575.489605</ele>
        <time>2026-08-06T14:23:45.198Z</time>
      </trkpt>
      <trkpt lat="47.716926" lon="18.866364">
        <ele>577.681275</ele>
        <time>2026-08-06T14:24:00.541Z</time>
      </trkpt>
      <trkpt lat="47.716526" lon="18.867625">
        <ele>582.033064</ele>
        <time>2026-08-06T14:24:38.483Z</time>
      </trkpt>
      <trkpt lat="47.716460" lon="18.867773">
        <ele>582.515089</ele>
        <time>2026-08-06T14:24:42.757Z</time>
      </trkpt>
      <trkpt lat="47.716373" lon="18.867874">
        <ele>582.960523</ele>
        <time>2026-08-06T14:24:46.517Z</time>
      </trkpt>
      <trkpt lat="47.716374" lon="18.867958">
        <ele>583.188597</ele>
        <time>2026-08-06T14:24:48.455Z</time>
      </trkpt>
      <trkpt lat="47.716312" lon="18.868338">
        <ele>584.250099</ele>
        <time>2026-08-06T14:24:57.333Z</time>
      </trkpt>
      <trkpt lat="47.716100" lon="18.869153">
        <ele>586.774765</ele>
        <time>2026-08-06T14:25:17.591Z</time>
      </trkpt>
      <trkpt lat="47.715891" lon="18.870175">
        <ele>591.164437</ele>
        <time>2026-08-06T14:25:47.758Z</time>
      </trkpt>
      <trkpt lat="47.715833" lon="18.871235">
        <ele>595.534939</ele>
        <time>2026-08-06T14:26:24.811Z</time>
      </trkpt>
      <trkpt lat="47.715796" lon="18.871511">
        <ele>596.691471</ele>
        <time>2026-08-06T14:26:34.924Z</time>
      </trkpt>
      <trkpt lat="47.715646" lon="18.872083">
        <ele>599.876739</ele>
        <time>2026-08-06T14:26:57.249Z</time>
      </trkpt>
      <trkpt lat="47.715159" lon="18.873622">
        <ele>609.298867</ele>
        <time>2026-08-06T14:27:59.441Z</time>
      </trkpt>
      <trkpt lat="47.715084" lon="18.873948">
        <ele>611.207611</ele>
        <time>2026-08-06T14:28:13.096Z</time>
      </trkpt>
      <trkpt lat="47.715081" lon="18.874164">
        <ele>612.418399</ele>
        <time>2026-08-06T14:28:21.748Z</time>
      </trkpt>
      <trkpt lat="47.715127" lon="18.874421">
        <ele>613.964030</ele>
        <time>2026-08-06T14:28:32.413Z</time>
      </trkpt>
      <trkpt lat="47.715242" lon="18.874633">
        <ele>615.546753</ele>
        <time>2026-08-06T14:28:43.418Z</time>
      </trkpt>
      <trkpt lat="47.715362" lon="18.874760">
        <ele>616.819287</ele>
        <time>2026-08-06T14:28:52.227Z</time>
      </trkpt>
      <trkpt lat="47.715711" lon="18.875027">
        <ele>620.209981</ele>
        <time>2026-08-06T14:29:15.532Z</time>
      </trkpt>
      <trkpt lat="47.716062" lon="18.875249">
        <ele>623.505122</ele>
        <time>2026-08-06T14:29:38.234Z</time>
      </trkpt>
      <trkpt lat="47.716569" lon="18.875409">
        <ele>627.923213</ele>
        <time>2026-08-06T14:30:05.811Z</time>
      </trkpt>
      <trkpt lat="47.717246" lon="18.875598">
        <ele>632.784828</ele>
        <time>2026-08-06T14:30:39.896Z</time>
      </trkpt>
      <trkpt lat="47.717501" lon="18.875802">
        <ele>634.828666</ele>
        <time>2026-08-06T14:30:54.916Z</time>
      </trkpt>
      <trkpt lat="47.717642" lon="18.876044">
        <ele>636.348768</ele>
        <time>2026-08-06T14:31:06.189Z</time>
      </trkpt>
      <trkpt lat="47.717700" lon="18.876273">
        <ele>637.510630</ele>
        <time>2026-08-06T14:31:14.799Z</time>
      </trkpt>
      <trkpt lat="47.717776" lon="18.877302">
        <ele>641.721971</ele>
        <time>2026-08-06T14:31:48.866Z</time>
      </trkpt>
      <trkpt lat="47.717803" lon="18.877495">
        <ele>642.340046</ele>
        <time>2026-08-06T14:31:54.752Z</time>
      </trkpt>
      <trkpt lat="47.717897" lon="18.877789">
        <ele>643.360650</ele>
        <time>2026-08-06T14:32:04.191Z</time>
      </trkpt>
      <trkpt lat="47.718039" lon="18.878017">
        <ele>644.334802</ele>
        <time>2026-08-06T14:32:12.626Z</time>
      </trkpt>
      <trkpt lat="47.718124" lon="18.878096">
        <ele>644.801997</ele>
        <time>2026-08-06T14:32:16.505Z</time>
      </trkpt>
      <trkpt lat="47.718339" lon="18.878188">
        <ele>645.844664</ele>
        <time>2026-08-06T14:32:24.656Z</time>
      </trkpt>
      <trkpt lat="47.718552" lon="18.878213">
        <ele>646.840407</ele>
        <time>2026-08-06T14:32:32.383Z</time>
      </trkpt>
      <trkpt lat="47.719049" lon="18.878221">
        <ele>649.322503</ele>
        <time>2026-08-06T14:32:49.203Z</time>
      </trkpt>
      <trkpt lat="47.719212" lon="18.878348">
        <ele>650.517850</ele>
        <time>2026-08-06T14:32:56.053Z</time>
      </trkpt>
      <trkpt lat="47.719306" lon="18.878494">
        <ele>651.400905</ele>
        <time>2026-08-06T14:33:01.479Z</time>
      </trkpt>
      <trkpt lat="47.719395" lon="18.878759">
        <ele>652.695152</ele>
        <time>2026-08-06T14:33:10.459Z</time>
      </trkpt>
      <trkpt lat="47.719411" lon="18.878883">
        <ele>653.246872</ele>
        <time>2026-08-06T14:33:14.429Z</time>
      </trkpt>
      <trkpt lat="47.719396" lon="18.879132">
        <ele>654.339284</ele>
        <time>2026-08-06T14:33:22.801Z</time>
      </trkpt>
      <trkpt lat="47.719354" lon="18.879286">
        <ele>655.065412</ele>
        <time>2026-08-06T14:33:28.581Z</time>
      </trkpt>
      <trkpt lat="47.719239" lon="18.879475">
        <ele>656.178966</ele>
        <time>2026-08-06T14:33:37.564Z</time>
      </trkpt>
      <trkpt lat="47.718606" lon="18.880125">
        <ele>661.118601</ele>
        <time>2026-08-06T14:34:21.078Z</time>
      </trkpt>
      <trkpt lat="47.717893" lon="18.880846">
        <ele>666.294696</ele>
        <time>2026-08-06T14:35:07.988Z</time>
      </trkpt>
      <trkpt lat="47.717644" lon="18.881217">
        <ele>668.410881</ele>
        <time>2026-08-06T14:35:22.816Z</time>
      </trkpt>
      <trkpt lat="47.717535" lon="18.881489">
        <ele>669.689361</ele>
        <time>2026-08-06T14:35:30.698Z</time>
      </trkpt>
      <trkpt lat="47.717476" lon="18.881705">
        <ele>670.630767</ele>
        <time>2026-08-06T14:35:36.003Z</time>
      </trkpt>
      <trkpt lat="47.717314" lon="18.882860">
        <ele>671.761310</ele>
        <time>2026-08-06T14:35:59.770Z</time>
      </trkpt>
      <trkpt lat="47.717286" lon="18.883322">
        <ele>672.006469</ele>
        <time>2026-08-06T14:36:07.754Z</time>
      </trkpt>
      <trkpt lat="47.717309" lon="18.883691">
        <ele>672.202324</ele>
        <time>2026-08-06T14:36:12.925Z</time>
      </trkpt>
      <trkpt lat="47.717337" lon="18.883880">
        <ele>672.304605</ele>
        <time>2026-08-06T14:36:15.536Z</time>
      </trkpt>
      <trkpt lat="47.717493" lon="18.884655">
        <ele>672.591897</ele>
        <time>2026-08-06T14:36:26.225Z</time>
      </trkpt>
      <trkpt lat="47.717591" lon="18.885147">
        <ele>672.501270</ele>
        <time>2026-08-06T14:36:33.266Z</time>
      </trkpt>
      <trkpt lat="47.717612" lon="18.885251">
        <ele>672.482091</ele>
        <time>2026-08-06T14:36:34.660Z</time>
      </trkpt>
      <trkpt lat="47.717831" lon="18.886342">
        <ele>672.281001</ele>
        <time>2026-08-06T14:36:49.453Z</time>
      </trkpt>
      <trkpt lat="47.718128" lon="18.887833">
        <ele>673.578791</ele>
        <time>2026-08-06T14:37:17.229Z</time>
      </trkpt>
      <trkpt lat="47.718288" lon="18.888597">
        <ele>674.934159</ele>
        <time>2026-08-06T14:37:35.070Z</time>
      </trkpt>
      <trkpt lat="47.718454" lon="18.889148">
        <ele>675.956786</ele>
        <time>2026-08-06T14:37:49.568Z</time>
      </trkpt>
      <trkpt lat="47.718628" lon="18.889504">
        <ele>676.712602</ele>
        <time>2026-08-06T14:38:00.760Z</time>
      </trkpt>
      <trkpt lat="47.718866" lon="18.889908">
        <ele>678.128624</ele>
        <time>2026-08-06T14:38:14.754Z</time>
      </trkpt>
      <trkpt lat="47.719004" lon="18.890126">
        <ele>678.917941</ele>
        <time>2026-08-06T14:38:22.619Z</time>
      </trkpt>
      <trkpt lat="47.719112" lon="18.890292">
        <ele>679.526872</ele>
        <time>2026-08-06T14:38:28.684Z</time>
      </trkpt>
      <trkpt lat="47.719433" lon="18.890839">
        <ele>681.440894</ele>
        <time>2026-08-06T14:38:47.565Z</time>
      </trkpt>
      <trkpt lat="47.719536" lon="18.891149">
        <ele>682.352591</ele>
        <time>2026-08-06T14:38:56.447Z</time>
      </trkpt>
      <trkpt lat="47.719586" lon="18.891502">
        <ele>683.303823</ele>
        <time>2026-08-06T14:39:05.631Z</time>
      </trkpt>
      <trkpt lat="47.719557" lon="18.892004">
        <ele>684.357482</ele>
        <time>2026-08-06T14:39:18.132Z</time>
      </trkpt>
      <trkpt lat="47.719549" lon="18.892094">
        <ele>684.523677</ele>
        <time>2026-08-06T14:39:20.344Z</time>
      </trkpt>
      <trkpt lat="47.719440" lon="18.893287">
        <ele>686.727753</ele>
        <time>2026-08-06T14:39:48.334Z</time>
      </trkpt>
      <trkpt lat="47.719371" lon="18.894128">
        <ele>688.278782</ele>
        <time>2026-08-06T14:40:06.237Z</time>
      </trkpt>
      <trkpt lat="47.719157" lon="18.896611">
        <ele>689.945730</ele>
        <time>2026-08-06T14:40:50.978Z</time>
      </trkpt>
      <trkpt lat="47.719124" lon="18.896999">
        <ele>690.147316</ele>
        <time>2026-08-06T14:40:56.337Z</time>
      </trkpt>
      <trkpt lat="47.719085" lon="18.897410">
        <ele>690.092270</ele>
        <time>2026-08-06T14:41:02.005Z</time>
      </trkpt>
      <trkpt lat="47.719077" lon="18.897487">
        <ele>690.081937</ele>
        <time>2026-08-06T14:41:03.061Z</time>
      </trkpt>
      <trkpt lat="47.719059" lon="18.897658">
        <ele>690.058983</ele>
        <time>2026-08-06T14:41:05.367Z</time>
      </trkpt>
      <trkpt lat="47.719051" lon="18.897742">
        <ele>690.047732</ele>
        <time>2026-08-06T14:41:06.492Z</time>
      </trkpt>
      <trkpt lat="47.719024" lon="18.897907">
        <ele>690.025212</ele>
        <time>2026-08-06T14:41:08.722Z</time>
      </trkpt>
      <trkpt lat="47.718988" lon="18.897998">
        <ele>690.011212</ele>
        <time>2026-08-06T14:41:10.086Z</time>
      </trkpt>
      <trkpt lat="47.718928" lon="18.898115">
        <ele>689.991701</ele>
        <time>2026-08-06T14:41:12.026Z</time>
      </trkpt>
      <trkpt lat="47.718875" lon="18.898361">
        <ele>689.957445</ele>
        <time>2026-08-06T14:41:15.521Z</time>
      </trkpt>
      <trkpt lat="47.718895" lon="18.898978">
        <ele>689.875523</ele>
        <time>2026-08-06T14:41:24.700Z</time>
      </trkpt>
      <trkpt lat="47.718875" lon="18.898361">
        <ele>689.797324</ele>
        <time>2026-08-06T14:41:33.980Z</time>
      </trkpt>
      <trkpt lat="47.718928" lon="18.898115">
        <ele>689.803191</ele>
        <time>2026-08-06T14:41:38.304Z</time>
      </trkpt>
      <trkpt lat="47.718988" lon="18.897998">
        <ele>689.806532</ele>
        <time>2026-08-06T14:41:40.848Z</time>
      </trkpt>
      <trkpt lat="47.719024" lon="18.897907">
        <ele>689.808930</ele>
        <time>2026-08-06T14:41:42.718Z</time>
      </trkpt>
      <trkpt lat="47.719051" lon="18.897742">
        <ele>689.812787</ele>
        <time>2026-08-06T14:41:45.683Z</time>
      </trkpt>
      <trkpt lat="47.719059" lon="18.897658">
        <ele>689.814714</ele>
        <time>2026-08-06T14:41:47.141Z</time>
      </trkpt>
      <trkpt lat="47.719077" lon="18.897487">
        <ele>689.818645</ele>
        <time>2026-08-06T14:41:50.087Z</time>
      </trkpt>
      <trkpt lat="47.719085" lon="18.897410">
        <ele>689.820414</ele>
        <time>2026-08-06T14:41:51.387Z</time>
      </trkpt>
      <trkpt lat="47.719124" lon="18.896999">
        <ele>689.829842</ele>
        <time>2026-08-06T14:41:58.282Z</time>
      </trkpt>
      <trkpt lat="47.719157" lon="18.896611">
        <ele>689.838724</ele>
        <time>2026-08-06T14:42:04.715Z</time>
      </trkpt>
      <trkpt lat="47.719371" lon="18.894128">
        <ele>688.017998</ele>
        <time>2026-08-06T14:42:36.927Z</time>
      </trkpt>
      <trkpt lat="47.719440" lon="18.893287">
        <ele>687.088414</ele>
        <time>2026-08-06T14:42:46.730Z</time>
      </trkpt>
      <trkpt lat="47.719549" lon="18.892094">
        <ele>684.458288</ele>
        <time>2026-08-06T14:43:00.021Z</time>
      </trkpt>
      <trkpt lat="47.719557" lon="18.892004">
        <ele>684.245945</ele>
        <time>2026-08-06T14:43:00.995Z</time>
      </trkpt>
      <trkpt lat="47.719586" lon="18.891502">
        <ele>683.067427</ele>
        <time>2026-08-06T14:43:06.400Z</time>
      </trkpt>
      <trkpt lat="47.719536" lon="18.891149">
        <ele>682.223645</ele>
        <time>2026-08-06T14:43:10.229Z</time>
      </trkpt>
      <trkpt lat="47.719433" lon="18.890839">
        <ele>681.414933</ele>
        <time>2026-08-06T14:43:13.879Z</time>
      </trkpt>
      <trkpt lat="47.719112" lon="18.890292">
        <ele>679.657022</ele>
        <time>2026-08-06T14:43:21.496Z</time>
      </trkpt>
      <trkpt lat="47.719004" lon="18.890126">
        <ele>679.082832</ele>
        <time>2026-08-06T14:43:23.924Z</time>
      </trkpt>
      <trkpt lat="47.718866" lon="18.889908">
        <ele>678.338548</ele>
        <time>2026-08-06T14:43:27.051Z</time>
      </trkpt>
      <trkpt lat="47.718628" lon="18.889504">
        <ele>677.003313</ele>
        <time>2026-08-06T14:43:32.697Z</time>
      </trkpt>
      <trkpt lat="47.718454" lon="18.889148">
        <ele>675.909177</ele>
        <time>2026-08-06T14:43:37.370Z</time>
      </trkpt>
      <trkpt lat="47.718288" lon="18.888597">
        <ele>674.408012</ele>
        <time>2026-08-06T14:43:43.923Z</time>
      </trkpt>
      <trkpt lat="47.718128" lon="18.887833">
        <ele>673.527395</ele>
        <time>2026-08-06T14:43:52.938Z</time>
      </trkpt>
      <trkpt lat="47.717831" lon="18.886342">
        <ele>672.333152</ele>
        <time>2026-08-06T14:44:12.953Z</time>
      </trkpt>
      <trkpt lat="47.717612" lon="18.885251">
        <ele>672.163105</ele>
        <time>2026-08-06T14:44:33.026Z</time>
      </trkpt>
      <trkpt lat="47.717591" lon="18.885147">
        <ele>672.194656</ele>
        <time>2026-08-06T14:44:35.005Z</time>
      </trkpt>
      <trkpt lat="47.717493" lon="18.884655">
        <ele>672.343748</ele>
        <time>2026-08-06T14:44:43.446Z</time>
      </trkpt>
      <trkpt lat="47.717337" lon="18.883880">
        <ele>672.578801</ele>
        <time>2026-08-06T14:44:57.368Z</time>
      </trkpt>
      <trkpt lat="47.717309" lon="18.883691">
        <ele>672.635034</ele>
        <time>2026-08-06T14:45:00.635Z</time>
      </trkpt>
      <trkpt lat="47.717286" lon="18.883322">
        <ele>672.742713</ele>
        <time>2026-08-06T14:45:06.612Z</time>
      </trkpt>
      <trkpt lat="47.717314" lon="18.882860">
        <ele>671.894014</ele>
        <time>2026-08-06T14:45:12.755Z</time>
      </trkpt>
      <trkpt lat="47.717476" lon="18.881705">
        <ele>669.661560</ele>
        <time>2026-08-06T14:45:26.782Z</time>
      </trkpt>
      <trkpt lat="47.717535" lon="18.881489">
        <ele>669.220450</ele>
        <time>2026-08-06T14:45:29.393Z</time>
      </trkpt>
      <trkpt lat="47.717644" lon="18.881217">
        <ele>668.621398</ele>
        <time>2026-08-06T14:45:32.777Z</time>
      </trkpt>
      <trkpt lat="47.717893" lon="18.880846">
        <ele>667.533281</ele>
        <time>2026-08-06T14:45:38.108Z</time>
      </trkpt>
      <trkpt lat="47.718606" lon="18.880125">
        <ele>661.082179</ele>
        <time>2026-08-06T14:45:50.198Z</time>
      </trkpt>
      <trkpt lat="47.719239" lon="18.879475">
        <ele>655.326760</ele>
        <time>2026-08-06T14:46:00.892Z</time>
      </trkpt>
      <trkpt lat="47.719354" lon="18.879286">
        <ele>654.111545</ele>
        <time>2026-08-06T14:46:03.317Z</time>
      </trkpt>
      <trkpt lat="47.719396" lon="18.879132">
        <ele>653.573789</ele>
        <time>2026-08-06T14:46:04.908Z</time>
      </trkpt>
      <trkpt lat="47.719411" lon="18.878883">
        <ele>652.764772</ele>
        <time>2026-08-06T14:46:07.326Z</time>
      </trkpt>
      <trkpt lat="47.719395" lon="18.878759">
        <ele>652.356179</ele>
        <time>2026-08-06T14:46:08.570Z</time>
      </trkpt>
      <trkpt lat="47.719306" lon="18.878494">
        <ele>651.397687</ele>
        <time>2026-08-06T14:46:11.517Z</time>
      </trkpt>
      <trkpt lat="47.719212" lon="18.878348">
        <ele>650.743715</ele>
        <time>2026-08-06T14:46:13.612Z</time>
      </trkpt>
      <trkpt lat="47.719049" lon="18.878221">
        <ele>649.858466</ele>
        <time>2026-08-06T14:46:16.525Z</time>
      </trkpt>
      <trkpt lat="47.718552" lon="18.878213">
        <ele>647.467657</ele>
        <time>2026-08-06T14:46:24.758Z</time>
      </trkpt>
      <trkpt lat="47.718339" lon="18.878188">
        <ele>646.439896</ele>
        <time>2026-08-06T14:46:28.208Z</time>
      </trkpt>
      <trkpt lat="47.718124" lon="18.878096">
        <ele>645.313899</ele>
        <time>2026-08-06T14:46:31.786Z</time>
      </trkpt>
      <trkpt lat="47.718039" lon="18.878017">
        <ele>644.721141</ele>
        <time>2026-08-06T14:46:33.354Z</time>
      </trkpt>
      <trkpt lat="47.717897" lon="18.877789">
        <ele>643.485174</ele>
        <time>2026-08-06T14:46:36.550Z</time>
      </trkpt>
      <trkpt lat="47.717803" lon="18.877495">
        <ele>642.190271</ele>
        <time>2026-08-06T14:46:39.852Z</time>
      </trkpt>
      <trkpt lat="47.717776" lon="18.877302">
        <ele>641.406082</ele>
        <time>2026-08-06T14:46:41.818Z</time>
      </trkpt>
      <trkpt lat="47.717700" lon="18.876273">
        <ele>637.288053</ele>
        <time>2026-08-06T14:46:51.867Z</time>
      </trkpt>
      <trkpt lat="47.717642" lon="18.876044">
        <ele>636.314658</ele>
        <time>2026-08-06T14:46:54.201Z</time>
      </trkpt>
      <trkpt lat="47.717501" lon="18.875802">
        <ele>635.041135</ele>
        <time>2026-08-06T14:46:57.238Z</time>
      </trkpt>
      <trkpt lat="47.717246" lon="18.875598">
        <ele>632.845430</ele>
        <time>2026-08-06T14:47:01.357Z</time>
      </trkpt>
      <trkpt lat="47.716569" lon="18.875409">
        <ele>627.554800</ele>
        <time>2026-08-06T14:47:11.260Z</time>
      </trkpt>
      <trkpt lat="47.716062" lon="18.875249">
        <ele>623.573974</ele>
        <time>2026-08-06T14:47:18.562Z</time>
      </trkpt>
      <trkpt lat="47.715711" lon="18.875027">
        <ele>620.571313</ele>
        <time>2026-08-06T14:47:23.811Z</time>
      </trkpt>
      <trkpt lat="47.715362" lon="18.874760">
        <ele>617.105614</ele>
        <time>2026-08-06T14:47:29.196Z</time>
      </trkpt>
      <trkpt lat="47.715242" lon="18.874633">
        <ele>615.804929</ele>
        <time>2026-08-06T14:47:31.222Z</time>
      </trkpt>
      <trkpt lat="47.715127" lon="18.874421">
        <ele>614.187195</ele>
        <time>2026-08-06T14:47:33.736Z</time>
      </trkpt>
      <trkpt lat="47.715081" lon="18.874164">
        <ele>612.607374</ele>
        <time>2026-08-06T14:47:36.187Z</time>
      </trkpt>
      <trkpt lat="47.715084" lon="18.873948">
        <ele>611.323942</ele>
        <time>2026-08-06T14:47:38.183Z</time>
      </trkpt>
      <trkpt lat="47.715159" lon="18.873622">
        <ele>609.277237</ele>
        <time>2026-08-06T14:47:41.373Z</time>
      </trkpt>
      <trkpt lat="47.715646" lon="18.872083">
        <ele>600.012976</ele>
        <time>2026-08-06T14:47:57.422Z</time>
      </trkpt>
      <trkpt lat="47.715796" lon="18.871511">
        <ele>596.869526</ele>
        <time>2026-08-06T14:48:03.231Z</time>
      </trkpt>
      <trkpt lat="47.715833" lon="18.871235">
        <ele>595.428530</ele>
        <time>2026-08-06T14:48:05.892Z</time>
      </trkpt>
      <trkpt lat="47.715891" lon="18.870175">
        <ele>590.690255</ele>
        <time>2026-08-06T14:48:16.058Z</time>
      </trkpt>
      <trkpt lat="47.716100" lon="18.869153">
        <ele>587.670513</ele>
        <time>2026-08-06T14:48:26.918Z</time>
      </trkpt>
      <trkpt lat="47.716312" lon="18.868338">
        <ele>585.200284</ele>
        <time>2026-08-06T14:48:36.746Z</time>
      </trkpt>
      <trkpt lat="47.716374" lon="18.867958">
        <ele>584.094882</ele>
        <time>2026-08-06T14:48:41.444Z</time>
      </trkpt>
      <trkpt lat="47.716373" lon="18.867874">
        <ele>583.878432</ele>
        <time>2026-08-06T14:48:42.453Z</time>
      </trkpt>
      <trkpt lat="47.716330" lon="18.867620">
        <ele>583.244018</ele>
        <time>2026-08-06T14:48:45.621Z</time>
      </trkpt>
      <trkpt lat="47.716219" lon="18.867404">
        <ele>582.585667</ele>
        <time>2026-08-06T14:48:48.834Z</time>
      </trkpt>
      <trkpt lat="47.716038" lon="18.867220">
        <ele>581.796202</ele>
        <time>2026-08-06T14:48:52.513Z</time>
      </trkpt>
      <trkpt lat="47.715932" lon="18.867174">
        <ele>581.398652</ele>
        <time>2026-08-06T14:48:54.335Z</time>
      </trkpt>
      <trkpt lat="47.715833" lon="18.867171">
        <ele>581.042163</ele>
        <time>2026-08-06T14:48:55.940Z</time>
      </trkpt>
      <trkpt lat="47.715785" lon="18.867172">
        <ele>580.869338</ele>
        <time>2026-08-06T14:48:56.706Z</time>
      </trkpt>
      <trkpt lat="47.715713" lon="18.867182">
        <ele>580.608998</ele>
        <time>2026-08-06T14:48:57.868Z</time>
      </trkpt>
      <trkpt lat="47.715641" lon="18.867221">
        <ele>580.333109</ele>
        <time>2026-08-06T14:48:59.068Z</time>
      </trkpt>
      <trkpt lat="47.715576" lon="18.867277">
        <ele>580.062628</ele>
        <time>2026-08-06T14:49:00.256Z</time>
      </trkpt>
      <trkpt lat="47.715508" lon="18.867344">
        <ele>579.768910</ele>
        <time>2026-08-06T14:49:01.532Z</time>
      </trkpt>
      <trkpt lat="47.715447" lon="18.867422">
        <ele>579.479213</ele>
        <time>2026-08-06T14:49:02.790Z</time>
      </trkpt>
      <trkpt lat="47.715391" lon="18.867522">
        <ele>579.164065</ele>
        <time>2026-08-06T14:49:04.152Z</time>
      </trkpt>
      <trkpt lat="47.715358" lon="18.867609">
        <ele>578.922148</ele>
        <time>2026-08-06T14:49:05.191Z</time>
      </trkpt>
      <trkpt lat="47.715325" lon="18.867745">
        <ele>578.571956</ele>
        <time>2026-08-06T14:49:06.687Z</time>
      </trkpt>
      <trkpt lat="47.715297" lon="18.868018">
        <ele>577.903045</ele>
        <time>2026-08-06T14:49:09.519Z</time>
      </trkpt>
      <trkpt lat="47.715305" lon="18.868467">
        <ele>576.328583</ele>
        <time>2026-08-06T14:49:14.037Z</time>
      </trkpt>
      <trkpt lat="47.715279" lon="18.868966">
        <ele>574.290169</ele>
        <time>2026-08-06T14:49:18.954Z</time>
      </trkpt>
      <trkpt lat="47.715235" lon="18.869183">
        <ele>573.367108</ele>
        <time>2026-08-06T14:49:21.172Z</time>
      </trkpt>
      <trkpt lat="47.714907" lon="18.870260">
        <ele>568.552237</ele>
        <time>2026-08-06T14:49:32.705Z</time>
      </trkpt>
      <trkpt lat="47.714803" lon="18.870481">
        <ele>567.453824</ele>
        <time>2026-08-06T14:49:35.334Z</time>
      </trkpt>
      <trkpt lat="47.714678" lon="18.870668">
        <ele>566.409770</ele>
        <time>2026-08-06T14:49:37.898Z</time>
      </trkpt>
      <trkpt lat="47.714187" lon="18.871263">
        <ele>563.009102</ele>
        <time>2026-08-06T14:49:47.158Z</time>
      </trkpt>
      <trkpt lat="47.713776" lon="18.871883">
        <ele>559.865600</ele>
        <time>2026-08-06T14:49:56.025Z</time>
      </trkpt>
      <trkpt lat="47.713299" lon="18.872696">
        <ele>555.767555</ele>
        <time>2026-08-06T14:50:07.086Z</time>
      </trkpt>
      <trkpt lat="47.713196" lon="18.872973">
        <ele>554.397200</ele>
        <time>2026-08-06T14:50:10.358Z</time>
      </trkpt>
      <trkpt lat="47.713125" lon="18.873210">
        <ele>553.273889</ele>
        <time>2026-08-06T14:50:13.016Z</time>
      </trkpt>
      <trkpt lat="47.713076" lon="18.873489">
        <ele>552.025365</ele>
        <time>2026-08-06T14:50:15.961Z</time>
      </trkpt>
      <trkpt lat="47.713052" lon="18.873828">
        <ele>550.549417</ele>
        <time>2026-08-06T14:50:19.369Z</time>
      </trkpt>
      <trkpt lat="47.713065" lon="18.875040">
        <ele>545.288723</ele>
        <time>2026-08-06T14:50:30.739Z</time>
      </trkpt>
      <trkpt lat="47.713038" lon="18.875262">
        <ele>544.204527</ele>
        <time>2026-08-06T14:50:32.826Z</time>
      </trkpt>
      <trkpt lat="47.712978" lon="18.875487">
        <ele>543.041374</ele>
        <time>2026-08-06T14:50:35.074Z</time>
      </trkpt>
      <trkpt lat="47.712714" lon="18.876190">
        <ele>539.172226</ele>
        <time>2026-08-06T14:50:42.708Z</time>
      </trkpt>
      <trkpt lat="47.712508" lon="18.876832">
        <ele>535.753938</ele>
        <time>2026-08-06T14:50:49.617Z</time>
      </trkpt>
      <trkpt lat="47.712397" lon="18.877745">
        <ele>531.438388</ele>
        <time>2026-08-06T14:50:58.765Z</time>
      </trkpt>
      <trkpt lat="47.712306" lon="18.877980">
        <ele>530.282444</ele>
        <time>2026-08-06T14:51:01.523Z</time>
      </trkpt>
      <trkpt lat="47.712210" lon="18.878118">
        <ele>529.436199</ele>
        <time>2026-08-06T14:51:03.550Z</time>
      </trkpt>
      <trkpt lat="47.712110" lon="18.878207">
        <ele>528.697661</ele>
        <time>2026-08-06T14:51:05.299Z</time>
      </trkpt>
      <trkpt lat="47.711496" lon="18.878636">
        <ele>524.398790</ele>
        <time>2026-08-06T14:51:15.209Z</time>
      </trkpt>
      <trkpt lat="47.711322" lon="18.878769">
        <ele>523.159030</ele>
        <time>2026-08-06T14:51:17.982Z</time>
      </trkpt>
      <trkpt lat="47.711152" lon="18.878948">
        <ele>521.838942</ele>
        <time>2026-08-06T14:51:20.908Z</time>
      </trkpt>
      <trkpt lat="47.710333" lon="18.880076">
        <ele>514.081797</ele>
        <time>2026-08-06T14:51:36.839Z</time>
      </trkpt>
      <trkpt lat="47.709502" lon="18.881200">
        <ele>506.266002</ele>
        <time>2026-08-06T14:51:52.985Z</time>
      </trkpt>
      <trkpt lat="47.709263" lon="18.881473">
        <ele>504.208343</ele>
        <time>2026-08-06T14:51:57.317Z</time>
      </trkpt>
      <trkpt lat="47.708365" lon="18.882354">
        <ele>496.863261</ele>
        <time>2026-08-06T14:52:12.798Z</time>
      </trkpt>
      <trkpt lat="47.708048" lon="18.882778">
        <ele>493.738418</ele>
        <time>2026-08-06T14:52:18.962Z</time>
      </trkpt>
      <trkpt lat="47.707324" lon="18.883855">
        <ele>486.104146</ele>
        <time>2026-08-06T14:52:33.400Z</time>
      </trkpt>
      <trkpt lat="47.706871" lon="18.884460">
        <ele>481.713646</ele>
        <time>2026-08-06T14:52:41.955Z</time>
      </trkpt>
      <trkpt lat="47.705896" lon="18.885558">
        <ele>473.629463</ele>
        <time>2026-08-06T14:52:59.380Z</time>
      </trkpt>
      <trkpt lat="47.704866" lon="18.887156">
        <ele>466.041379</ele>
        <time>2026-08-06T14:53:22.282Z</time>
      </trkpt>
      <trkpt lat="47.704119" lon="18.887927">
        <ele>461.831224</ele>
        <time>2026-08-06T14:53:36.366Z</time>
      </trkpt>
      <trkpt lat="47.703886" lon="18.888308">
        <ele>460.120213</ele>
        <time>2026-08-06T14:53:41.717Z</time>
      </trkpt>
      <trkpt lat="47.703701" lon="18.888721">
        <ele>458.471317</ele>
        <time>2026-08-06T14:53:46.822Z</time>
      </trkpt>
      <trkpt lat="47.703687" lon="18.888752">
        <ele>458.347237</ele>
        <time>2026-08-06T14:53:47.211Z</time>
      </trkpt>
      <trkpt lat="47.703349" lon="18.889506">
        <ele>455.336204</ele>
        <time>2026-08-06T14:53:56.339Z</time>
      </trkpt>
      <trkpt lat="47.703081" lon="18.889917">
        <ele>453.303555</ele>
        <time>2026-08-06T14:54:02.056Z</time>
      </trkpt>
      <trkpt lat="47.702791" lon="18.890183">
        <ele>451.184572</ele>
        <time>2026-08-06T14:54:07.124Z</time>
      </trkpt>
      <trkpt lat="47.700827" lon="18.891777">
        <ele>436.723867</ele>
        <time>2026-08-06T14:54:39.525Z</time>
      </trkpt>
      <trkpt lat="47.700009" lon="18.892470">
        <ele>430.310829</ele>
        <time>2026-08-06T14:54:52.959Z</time>
      </trkpt>
      <trkpt lat="47.699811" lon="18.892723">
        <ele>428.783426</ele>
        <time>2026-08-06T14:54:56.687Z</time>
      </trkpt>
      <trkpt lat="47.699677" lon="18.892961">
        <ele>427.561966</ele>
        <time>2026-08-06T14:54:59.657Z</time>
      </trkpt>
      <trkpt lat="47.699548" lon="18.893351">
        <ele>425.851383</ele>
        <time>2026-08-06T14:55:03.816Z</time>
      </trkpt>
      <trkpt lat="47.699373" lon="18.894066">
        <ele>422.856517</ele>
        <time>2026-08-06T14:55:11.292Z</time>
      </trkpt>
      <trkpt lat="47.699368" lon="18.894238">
        <ele>422.178824</ele>
        <time>2026-08-06T14:55:13.061Z</time>
      </trkpt>
      <trkpt lat="47.699405" lon="18.894531">
        <ele>421.005329</ele>
        <time>2026-08-06T14:55:16.201Z</time>
      </trkpt>
      <trkpt lat="47.699504" lon="18.894737">
        <ele>420.008915</ele>
        <time>2026-08-06T14:55:18.942Z</time>
      </trkpt>
      <trkpt lat="47.699648" lon="18.894872">
        <ele>419.350818</ele>
        <time>2026-08-06T14:55:21.707Z</time>
      </trkpt>
      <trkpt lat="47.699814" lon="18.894940">
        <ele>418.711563</ele>
        <time>2026-08-06T14:55:24.551Z</time>
      </trkpt>
      <trkpt lat="47.700192" lon="18.894923">
        <ele>417.307622</ele>
        <time>2026-08-06T14:55:30.808Z</time>
      </trkpt>
      <trkpt lat="47.700505" lon="18.894940">
        <ele>416.144855</ele>
        <time>2026-08-06T14:55:35.944Z</time>
      </trkpt>
      <trkpt lat="47.700618" lon="18.894998">
        <ele>415.701027</ele>
        <time>2026-08-06T14:55:37.913Z</time>
      </trkpt>
      <trkpt lat="47.700724" lon="18.895105">
        <ele>415.225290</ele>
        <time>2026-08-06T14:55:40.018Z</time>
      </trkpt>
      <trkpt lat="47.700811" lon="18.895218">
        <ele>414.796308</ele>
        <time>2026-08-06T14:55:41.907Z</time>
      </trkpt>
      <trkpt lat="47.700886" lon="18.895382">
        <ele>414.300910</ele>
        <time>2026-08-06T14:55:44.056Z</time>
      </trkpt>
      <trkpt lat="47.701014" lon="18.895872">
        <ele>412.815164</ele>
        <time>2026-08-06T14:55:49.463Z</time>
      </trkpt>
      <trkpt lat="47.701192" lon="18.896627">
        <ele>409.552285</ele>
        <time>2026-08-06T14:55:57.319Z</time>
      </trkpt>
      <trkpt lat="47.701304" lon="18.897210">
        <ele>407.079448</ele>
        <time>2026-08-06T14:56:03.257Z</time>
      </trkpt>
      <trkpt lat="47.701363" lon="18.897613">
        <ele>405.397310</ele>
        <time>2026-08-06T14:56:07.361Z</time>
      </trkpt>
      <trkpt lat="47.701374" lon="18.897907">
        <ele>404.196337</ele>
        <time>2026-08-06T14:56:10.243Z</time>
      </trkpt>
      <trkpt lat="47.701344" lon="18.898173">
        <ele>403.096288</ele>
        <time>2026-08-06T14:56:12.871Z</time>
      </trkpt>
      <trkpt lat="47.701282" lon="18.898366">
        <ele>402.177518</ele>
        <time>2026-08-06T14:56:14.934Z</time>
      </trkpt>
      <trkpt lat="47.701097" lon="18.898625">
        <ele>400.109592</ele>
        <time>2026-08-06T14:56:18.544Z</time>
      </trkpt>
      <trkpt lat="47.700965" lon="18.898714">
        <ele>398.930296</ele>
        <time>2026-08-06T14:56:20.601Z</time>
      </trkpt>
      <trkpt lat="47.700911" lon="18.898745">
        <ele>398.459322</ele>
        <time>2026-08-06T14:56:21.410Z</time>
      </trkpt>
      <trkpt lat="47.700640" lon="18.898769">
        <ele>396.250644</ele>
        <time>2026-08-06T14:56:25.223Z</time>
      </trkpt>
      <trkpt lat="47.700043" lon="18.898533">
        <ele>391.224701</ele>
        <time>2026-08-06T14:56:33.817Z</time>
      </trkpt>
      <trkpt lat="47.699702" lon="18.898491">
        <ele>388.440925</ele>
        <time>2026-08-06T14:56:38.503Z</time>
      </trkpt>
      <trkpt lat="47.699560" lon="18.898511">
        <ele>387.268739</ele>
        <time>2026-08-06T14:56:40.457Z</time>
      </trkpt>
      <trkpt lat="47.698656" lon="18.898847">
        <ele>379.487973</ele>
        <time>2026-08-06T14:56:53.404Z</time>
      </trkpt>
      <trkpt lat="47.698329" lon="18.899081">
        <ele>376.457436</ele>
        <time>2026-08-06T14:56:58.487Z</time>
      </trkpt>
      <trkpt lat="47.698229" lon="18.899187">
        <ele>375.431752</ele>
        <time>2026-08-06T14:57:00.206Z</time>
      </trkpt>
      <trkpt lat="47.697956" lon="18.899580">
        <ele>372.301021</ele>
        <time>2026-08-06T14:57:05.552Z</time>
      </trkpt>
      <trkpt lat="47.697682" lon="18.899924">
        <ele>369.592804</ele>
        <time>2026-08-06T14:57:10.607Z</time>
      </trkpt>
      <trkpt lat="47.697379" lon="18.900156">
        <ele>367.019369</ele>
        <time>2026-08-06T14:57:15.433Z</time>
      </trkpt>
      <trkpt lat="47.695856" lon="18.901003">
        <ele>355.153202</ele>
        <time>2026-08-06T14:57:38.493Z</time>
      </trkpt>
      <trkpt lat="47.695833" lon="18.901016">
        <ele>354.984827</ele>
        <time>2026-08-06T14:57:38.838Z</time>
      </trkpt>
      <trkpt lat="47.695608" lon="18.901137">
        <ele>353.347570</ele>
        <time>2026-08-06T14:57:42.264Z</time>
      </trkpt>
      <trkpt lat="47.694744" lon="18.901658">
        <ele>346.967484</ele>
        <time>2026-08-06T14:57:55.666Z</time>
      </trkpt>
      <trkpt lat="47.694214" lon="18.901995">
        <ele>344.687425</ele>
        <time>2026-08-06T14:58:04.275Z</time>
      </trkpt>
      <trkpt lat="47.694125" lon="18.902051">
        <ele>344.315810</ele>
        <time>2026-08-06T14:58:05.774Z</time>
      </trkpt>
      <trkpt lat="47.693994" lon="18.902128">
        <ele>343.774148</ele>
        <time>2026-08-06T14:58:07.977Z</time>
      </trkpt>
      <trkpt lat="47.693825" lon="18.902273">
        <ele>343.023798</ele>
        <time>2026-08-06T14:58:11.075Z</time>
      </trkpt>
      <trkpt lat="47.693678" lon="18.902070">
        <ele>342.252153</ele>
        <time>2026-08-06T14:58:14.296Z</time>
      </trkpt>
      <trkpt lat="47.693507" lon="18.901931">
        <ele>341.502708</ele>
        <time>2026-08-06T14:58:17.489Z</time>
      </trkpt>
      <trkpt lat="47.693466" lon="18.901902">
        <ele>341.328116</ele>
        <time>2026-08-06T14:58:18.242Z</time>
      </trkpt>
      <trkpt lat="47.693362" lon="18.901821">
        <ele>340.876636</ele>
        <time>2026-08-06T14:58:20.236Z</time>
      </trkpt>
      <trkpt lat="47.693183" lon="18.901686">
        <ele>340.104807</ele>
        <time>2026-08-06T14:58:23.748Z</time>
      </trkpt>
      <trkpt lat="47.693021" lon="18.901566">
        <ele>339.774531</ele>
        <time>2026-08-06T14:58:27.031Z</time>
      </trkpt>
      <trkpt lat="47.692956" lon="18.901526">
        <ele>339.702600</ele>
        <time>2026-08-06T14:58:28.356Z</time>
      </trkpt>
      <trkpt lat="47.692710" lon="18.901492">
        <ele>339.450004</ele>
        <time>2026-08-06T14:58:33.120Z</time>
      </trkpt>
      <trkpt lat="47.692575" lon="18.901412">
        <ele>339.301406</ele>
        <time>2026-08-06T14:58:36.073Z</time>
      </trkpt>
      <trkpt lat="47.691671" lon="18.900302">
        <ele>338.102341</ele>
        <time>2026-08-06T14:59:00.049Z</time>
      </trkpt>
      <trkpt lat="47.690670" lon="18.898939">
        <ele>335.558179</ele>
        <time>2026-08-06T14:59:25.041Z</time>
      </trkpt>
      <trkpt lat="47.690420" lon="18.898595">
        <ele>334.912362</ele>
        <time>2026-08-06T14:59:30.524Z</time>
      </trkpt>
      <trkpt lat="47.690384" lon="18.898544">
        <ele>334.818085</ele>
        <time>2026-08-06T14:59:31.336Z</time>
      </trkpt>
      <trkpt lat="47.690221" lon="18.898320">
        <ele>334.602601</ele>
        <time>2026-08-06T14:59:34.872Z</time>
      </trkpt>
      <trkpt lat="47.690124" lon="18.898188">
        <ele>334.548675</ele>
        <time>2026-08-06T14:59:36.980Z</time>
      </trkpt>
      <trkpt lat="47.689768" lon="18.897692">
        <ele>334.348593</ele>
        <time>2026-08-06T14:59:45.186Z</time>
      </trkpt>
      <trkpt lat="47.689655" lon="18.897523">
        <ele>334.282860</ele>
        <time>2026-08-06T14:59:48.154Z</time>
      </trkpt>
      <trkpt lat="47.689616" lon="18.897467">
        <ele>334.260624</ele>
        <time>2026-08-06T14:59:49.200Z</time>
      </trkpt>
      <trkpt lat="47.689502" lon="18.897289">
        <ele>334.192824</ele>
        <time>2026-08-06T14:59:52.624Z</time>
      </trkpt>
      <trkpt lat="47.689432" lon="18.897165">
        <ele>334.148166</ele>
        <time>2026-08-06T14:59:55.150Z</time>
      </trkpt>
      <trkpt lat="47.689318" lon="18.896935">
        <ele>334.069347</ele>
        <time>2026-08-06T15:00:00.171Z</time>
      </trkpt>
      <trkpt lat="47.688985" lon="18.896033">
        <ele>335.379442</ele>
        <time>2026-08-06T15:00:25.100Z</time>
      </trkpt>
      <trkpt lat="47.688855" lon="18.895656">
        <ele>336.627835</ele>
        <time>2026-08-06T15:00:37.162Z</time>
      </trkpt>
      <trkpt lat="47.688746" lon="18.895570">
        <ele>337.168191</ele>
        <time>2026-08-06T15:00:42.533Z</time>
      </trkpt>
      <trkpt lat="47.688613" lon="18.895572">
        <ele>337.750521</ele>
        <time>2026-08-06T15:00:48.359Z</time>
      </trkpt>
      <trkpt lat="47.688383" lon="18.895658">
        <ele>338.788915</ele>
        <time>2026-08-06T15:00:58.593Z</time>
      </trkpt>
      <trkpt lat="47.687837" lon="18.895888">
        <ele>341.273663</ele>
        <time>2026-08-06T15:01:22.350Z</time>
      </trkpt>
      <trkpt lat="47.687651" lon="18.895966">
        <ele>342.200426</ele>
        <time>2026-08-06T15:01:29.747Z</time>
      </trkpt>
      <trkpt lat="47.687073" lon="18.896211">
        <ele>345.488457</ele>
        <time>2026-08-06T15:01:52.083Z</time>
      </trkpt>
      <trkpt lat="47.686199" lon="18.896472">
        <ele>350.365149</ele>
        <time>2026-08-06T15:02:32.376Z</time>
      </trkpt>
      <trkpt lat="47.685716" lon="18.896569">
        <ele>353.600190</ele>
        <time>2026-08-06T15:02:57.827Z</time>
      </trkpt>
      <trkpt lat="47.685442" lon="18.896595">
        <ele>355.714342</ele>
        <time>2026-08-06T15:03:12.935Z</time>
      </trkpt>
      <trkpt lat="47.685048" lon="18.896577">
        <ele>358.749651</ele>
        <time>2026-08-06T15:03:34.947Z</time>
      </trkpt>
      <trkpt lat="47.684989" lon="18.896573">
        <ele>359.204435</ele>
        <time>2026-08-06T15:03:38.327Z</time>
      </trkpt>
      <trkpt lat="47.684523" lon="18.896618">
        <ele>362.800297</ele>
        <time>2026-08-06T15:04:04.681Z</time>
      </trkpt>
      <trkpt lat="47.684246" lon="18.896580">
        <ele>364.942326</ele>
        <time>2026-08-06T15:04:19.111Z</time>
      </trkpt>
      <trkpt lat="47.683998" lon="18.896505">
        <ele>366.597357</ele>
        <time>2026-08-06T15:04:31.510Z</time>
      </trkpt>
      <trkpt lat="47.683512" lon="18.896233">
        <ele>369.760478</ele>
        <time>2026-08-06T15:04:56.022Z</time>
      </trkpt>
      <trkpt lat="47.683242" lon="18.896187">
        <ele>371.415696</ele>
        <time>2026-08-06T15:05:08.510Z</time>
      </trkpt>
      <trkpt lat="47.683015" lon="18.896205">
        <ele>372.800208</ele>
        <time>2026-08-06T15:05:18.944Z</time>
      </trkpt>
      <trkpt lat="47.682756" lon="18.896153">
        <ele>374.391993</ele>
        <time>2026-08-06T15:05:30.894Z</time>
      </trkpt>
      <trkpt lat="47.682389" lon="18.895834">
        <ele>376.650335</ele>
        <time>2026-08-06T15:05:50.028Z</time>
      </trkpt>
      <trkpt lat="47.682014" lon="18.895597">
        <ele>377.612835</ele>
        <time>2026-08-06T15:06:07.501Z</time>
      </trkpt>
      <trkpt lat="47.681788" lon="18.895412">
        <ele>378.222284</ele>
        <time>2026-08-06T15:06:17.489Z</time>
      </trkpt>
      <trkpt lat="47.681452" lon="18.894958">
        <ele>379.295060</ele>
        <time>2026-08-06T15:06:32.369Z</time>
      </trkpt>
      <trkpt lat="47.681277" lon="18.894772">
        <ele>379.803286</ele>
        <time>2026-08-06T15:06:38.028Z</time>
      </trkpt>
      <trkpt lat="47.680735" lon="18.894367">
        <ele>379.096728</ele>
        <time>2026-08-06T15:06:49.733Z</time>
      </trkpt>
      <trkpt lat="47.680640" lon="18.894267">
        <ele>378.297804</ele>
        <time>2026-08-06T15:06:51.649Z</time>
      </trkpt>
      <trkpt lat="47.680548" lon="18.894103">
        <ele>377.311686</ele>
        <time>2026-08-06T15:06:53.913Z</time>
      </trkpt>
      <trkpt lat="47.680232" lon="18.893329">
        <ele>373.130138</ele>
        <time>2026-08-06T15:07:02.732Z</time>
      </trkpt>
      <trkpt lat="47.680026" lon="18.892715">
        <ele>369.961069</ele>
        <time>2026-08-06T15:07:09.056Z</time>
      </trkpt>
      <trkpt lat="47.679411" lon="18.890776">
        <ele>352.933612</ele>
        <time>2026-08-06T15:07:28.074Z</time>
      </trkpt>
      <trkpt lat="47.679300" lon="18.890277">
        <ele>348.418449</ele>
        <time>2026-08-06T15:07:32.732Z</time>
      </trkpt>
      <trkpt lat="47.679285" lon="18.889991">
        <ele>345.953792</ele>
        <time>2026-08-06T15:07:35.273Z</time>
      </trkpt>
      <trkpt lat="47.679320" lon="18.889506">
        <ele>341.786077</ele>
        <time>2026-08-06T15:07:39.577Z</time>
      </trkpt>
      <trkpt lat="47.679415" lon="18.888791">
        <ele>335.564410</ele>
        <time>2026-08-06T15:07:46.001Z</time>
      </trkpt>
      <trkpt lat="47.679455" lon="18.888548">
        <ele>333.428824</ele>
        <time>2026-08-06T15:07:48.206Z</time>
      </trkpt>
      <trkpt lat="47.679439" lon="18.888330">
        <ele>331.556738</ele>
        <time>2026-08-06T15:07:50.141Z</time>
      </trkpt>
      <trkpt lat="47.679124" lon="18.887440">
        <ele>322.972947</ele>
        <time>2026-08-06T15:07:59.111Z</time>
      </trkpt>
      <trkpt lat="47.679055" lon="18.887127">
        <ele>321.200133</ele>
        <time>2026-08-06T15:08:02.093Z</time>
      </trkpt>
      <trkpt lat="47.679039" lon="18.886756">
        <ele>319.384703</ele>
        <time>2026-08-06T15:08:05.539Z</time>
      </trkpt>
      <trkpt lat="47.679032" lon="18.886591">
        <ele>318.577354</ele>
        <time>2026-08-06T15:08:07.104Z</time>
      </trkpt>
      <trkpt lat="47.679006" lon="18.886285">
        <ele>317.071201</ele>
        <time>2026-08-06T15:08:10.065Z</time>
      </trkpt>
      <trkpt lat="47.678922" lon="18.885967">
        <ele>315.403059</ele>
        <time>2026-08-06T15:08:13.427Z</time>
      </trkpt>
      <trkpt lat="47.678686" lon="18.885378">
        <ele>312.055963</ele>
        <time>2026-08-06T15:08:20.440Z</time>
      </trkpt>
      <trkpt lat="47.678303" lon="18.884784">
        <ele>307.981761</ele>
        <time>2026-08-06T15:08:28.748Z</time>
      </trkpt>
      <trkpt lat="47.678094" lon="18.884601">
        <ele>306.154341</ele>
        <time>2026-08-06T15:08:32.268Z</time>
      </trkpt>
      <trkpt lat="47.677932" lon="18.884564">
        <ele>304.919788</ele>
        <time>2026-08-06T15:08:34.611Z</time>
      </trkpt>
      <trkpt lat="47.677706" lon="18.884573">
        <ele>303.216908</ele>
        <time>2026-08-06T15:08:37.807Z</time>
      </trkpt>
      <trkpt lat="47.677627" lon="18.884584">
        <ele>302.619258</ele>
        <time>2026-08-06T15:08:38.918Z</time>
      </trkpt>
      <trkpt lat="47.677580" lon="18.884597">
        <ele>302.259160</ele>
        <time>2026-08-06T15:08:39.591Z</time>
      </trkpt>
      <trkpt lat="47.677284" lon="18.884720">
        <ele>299.944022</ele>
        <time>2026-08-06T15:08:43.883Z</time>
      </trkpt>
      <trkpt lat="47.676752" lon="18.885138">
        <ele>295.287024</ele>
        <time>2026-08-06T15:08:52.175Z</time>
      </trkpt>
      <trkpt lat="47.675949" lon="18.885748">
        <ele>287.056006</ele>
        <time>2026-08-06T15:09:04.634Z</time>
      </trkpt>
      <trkpt lat="47.675685" lon="18.885894">
        <ele>284.485168</ele>
        <time>2026-08-06T15:09:08.502Z</time>
      </trkpt>
      <trkpt lat="47.675143" lon="18.885979">
        <ele>279.510591</ele>
        <time>2026-08-06T15:09:15.963Z</time>
      </trkpt>
      <trkpt lat="47.674280" lon="18.886098">
        <ele>271.503724</ele>
        <time>2026-08-06T15:09:27.848Z</time>
      </trkpt>
      <trkpt lat="47.674202" lon="18.886109">
        <ele>270.779901</ele>
        <time>2026-08-06T15:09:28.933Z</time>
      </trkpt>
      <trkpt lat="47.673300" lon="18.886233">
        <ele>262.400232</ele>
        <time>2026-08-06T15:09:41.422Z</time>
      </trkpt>
      <trkpt lat="47.671657" lon="18.886604">
        <ele>246.737359</ele>
        <time>2026-08-06T15:10:04.171Z</time>
      </trkpt>
      <trkpt lat="47.671486" lon="18.886644">
        <ele>245.163572</ele>
        <time>2026-08-06T15:10:06.521Z</time>
      </trkpt>
      <trkpt lat="47.670310" lon="18.886908">
        <ele>234.667243</ele>
        <time>2026-08-06T15:10:22.828Z</time>
      </trkpt>
      <trkpt lat="47.670186" lon="18.886935">
        <ele>233.561219</ele>
        <time>2026-08-06T15:10:24.588Z</time>
      </trkpt>
      <trkpt lat="47.669995" lon="18.886979">
        <ele>231.855447</ele>
        <time>2026-08-06T15:10:27.291Z</time>
      </trkpt>
      <trkpt lat="47.669921" lon="18.887004">
        <ele>231.185697</ele>
        <time>2026-08-06T15:10:28.362Z</time>
      </trkpt>
      <trkpt lat="47.669651" lon="18.887131">
        <ele>229.142680</ele>
        <time>2026-08-06T15:10:32.386Z</time>
      </trkpt>
      <trkpt lat="47.669628" lon="18.887142">
        <ele>228.996399</ele>
        <time>2026-08-06T15:10:32.727Z</time>
      </trkpt>
      <trkpt lat="47.669401" lon="18.887250">
        <ele>227.553373</ele>
        <time>2026-08-06T15:10:36.156Z</time>
      </trkpt>
      <trkpt lat="47.669154" lon="18.887363">
        <ele>225.988725</ele>
        <time>2026-08-06T15:10:39.924Z</time>
      </trkpt>
      <trkpt lat="47.668537" lon="18.887647">
        <ele>222.078191</ele>
        <time>2026-08-06T15:10:49.459Z</time>
      </trkpt>
      <trkpt lat="47.668468" lon="18.887680">
        <ele>221.639346</ele>
        <time>2026-08-06T15:10:50.519Z</time>
      </trkpt>
      <trkpt lat="47.668211" lon="18.887803">
        <ele>220.004702</ele>
        <time>2026-08-06T15:10:54.558Z</time>
      </trkpt>
      <trkpt lat="47.668155" lon="18.887830">
        <ele>219.648266</ele>
        <time>2026-08-06T15:10:55.449Z</time>
      </trkpt>
      <trkpt lat="47.668000" lon="18.887900">
        <ele>218.879093</ele>
        <time>2026-08-06T15:10:57.936Z</time>
      </trkpt>
      <trkpt lat="47.667771" lon="18.888047">
        <ele>217.916380</ele>
        <time>2026-08-06T15:11:01.764Z</time>
      </trkpt>
      <trkpt lat="47.667631" lon="18.888162">
        <ele>217.298990</ele>
        <time>2026-08-06T15:11:04.241Z</time>
      </trkpt>
      <trkpt lat="47.667426" lon="18.888341">
        <ele>216.381295</ele>
        <time>2026-08-06T15:11:07.911Z</time>
      </trkpt>
      <trkpt lat="47.667388" lon="18.888369">
        <ele>216.217598</ele>
        <time>2026-08-06T15:11:08.575Z</time>
      </trkpt>
      <trkpt lat="47.667280" lon="18.888469">
        <ele>215.726458</ele>
        <time>2026-08-06T15:11:10.566Z</time>
      </trkpt>
      <trkpt lat="47.667130" lon="18.888601">
        <ele>215.053619</ele>
        <time>2026-08-06T15:11:13.331Z</time>
      </trkpt>
      <trkpt lat="47.666995" lon="18.888720">
        <ele>214.447799</ele>
        <time>2026-08-06T15:11:15.821Z</time>
      </trkpt>
      <trkpt lat="47.666650" lon="18.889082">
        <ele>212.817657</ele>
        <time>2026-08-06T15:11:22.708Z</time>
      </trkpt>
      <trkpt lat="47.666630" lon="18.889108">
        <ele>212.715082</ele>
        <time>2026-08-06T15:11:23.178Z</time>
      </trkpt>
      <trkpt lat="47.666531" lon="18.889250">
        <ele>212.226103</ele>
        <time>2026-08-06T15:11:25.546Z</time>
      </trkpt>
      <trkpt lat="47.666454" lon="18.889377">
        <ele>211.930110</ele>
        <time>2026-08-06T15:11:27.545Z</time>
      </trkpt>
      <trkpt lat="47.666389" lon="18.889494">
        <ele>211.667394</ele>
        <time>2026-08-06T15:11:29.308Z</time>
      </trkpt>
      <trkpt lat="47.666331" lon="18.889623">
        <ele>211.398730</ele>
        <time>2026-08-06T15:11:31.097Z</time>
      </trkpt>
      <trkpt lat="47.666262" lon="18.889779">
        <ele>211.075452</ele>
        <time>2026-08-06T15:11:33.206Z</time>
      </trkpt>
      <trkpt lat="47.666119" lon="18.890133">
        <ele>210.360433</ele>
        <time>2026-08-06T15:11:37.871Z</time>
      </trkpt>
      <trkpt lat="47.666046" lon="18.890297">
        <ele>210.019922</ele>
        <time>2026-08-06T15:11:40.114Z</time>
      </trkpt>
      <trkpt lat="47.665913" lon="18.890551">
        <ele>209.462624</ele>
        <time>2026-08-06T15:11:43.825Z</time>
      </trkpt>
      <trkpt lat="47.665606" lon="18.890960">
        <ele>208.401788</ele>
        <time>2026-08-06T15:11:50.903Z</time>
      </trkpt>
      <trkpt lat="47.664479" lon="18.892342">
        <ele>204.455003</ele>
        <time>2026-08-06T15:12:15.383Z</time>
      </trkpt>
      <trkpt lat="47.664277" lon="18.892545">
        <ele>203.788991</ele>
        <time>2026-08-06T15:12:19.443Z</time>
      </trkpt>
      <trkpt lat="47.664089" lon="18.892679">
        <ele>203.219576</ele>
        <time>2026-08-06T15:12:22.923Z</time>
      </trkpt>
      <trkpt lat="47.663935" lon="18.892771">
        <ele>202.766446</ele>
        <time>2026-08-06T15:12:25.671Z</time>
      </trkpt>
      <trkpt lat="47.663682" lon="18.892915">
        <ele>202.040316</ele>
        <time>2026-08-06T15:12:30.230Z</time>
      </trkpt>
      <trkpt lat="47.662959" lon="18.893420">
        <ele>199.899044</ele>
        <time>2026-08-06T15:12:43.568Z</time>
      </trkpt>
      <trkpt lat="47.662832" lon="18.893515">
        <ele>199.517940</ele>
        <time>2026-08-06T15:12:45.899Z</time>
      </trkpt>
      <trkpt lat="47.662513" lon="18.893778">
        <ele>198.540092</ele>
        <time>2026-08-06T15:12:52.017Z</time>
      </trkpt>
      <trkpt lat="47.662184" lon="18.894101">
        <ele>197.496481</ele>
        <time>2026-08-06T15:12:58.783Z</time>
      </trkpt>
      <trkpt lat="47.661906" lon="18.894396">
        <ele>196.606871</ele>
        <time>2026-08-06T15:13:04.729Z</time>
      </trkpt>
      <trkpt lat="47.661863" lon="18.894442">
        <ele>196.468891</ele>
        <time>2026-08-06T15:13:05.635Z</time>
      </trkpt>
      <trkpt lat="47.661533" lon="18.894792">
        <ele>195.413060</ele>
        <time>2026-08-06T15:13:12.497Z</time>
      </trkpt>
      <trkpt lat="47.661291" lon="18.894991">
        <ele>194.692842</ele>
        <time>2026-08-06T15:13:17.145Z</time>
      </trkpt>
      <trkpt lat="47.660990" lon="18.895176">
        <ele>193.844705</ele>
        <time>2026-08-06T15:13:22.611Z</time>
      </trkpt>
      <trkpt lat="47.660777" lon="18.895312">
        <ele>193.240043</ele>
        <time>2026-08-06T15:13:26.446Z</time>
      </trkpt>
      <trkpt lat="47.660441" lon="18.895675">
        <ele>192.120242</ele>
        <time>2026-08-06T15:13:33.304Z</time>
      </trkpt>
      <trkpt lat="47.660033" lon="18.896288">
        <ele>190.556016</ele>
        <time>2026-08-06T15:13:42.713Z</time>
      </trkpt>
      <trkpt lat="47.659867" lon="18.896586">
        <ele>189.854111</ele>
        <time>2026-08-06T15:13:47.050Z</time>
      </trkpt>
      <trkpt lat="47.659552" lon="18.897138">
        <ele>188.540943</ele>
        <time>2026-08-06T15:13:55.442Z</time>
      </trkpt>
      <trkpt lat="47.658431" lon="18.898689">
        <ele>186.186731</ele>
        <time>2026-08-06T15:14:23.737Z</time>
      </trkpt>
      <trkpt lat="47.658280" lon="18.898862">
        <ele>185.900187</ele>
        <time>2026-08-06T15:14:27.394Z</time>
      </trkpt>
      <trkpt lat="47.658076" lon="18.899042">
        <ele>185.550257</ele>
        <time>2026-08-06T15:14:31.922Z</time>
      </trkpt>
      <trkpt lat="47.657162" lon="18.899546">
        <ele>184.139908</ele>
        <time>2026-08-06T15:14:49.918Z</time>
      </trkpt>
      <trkpt lat="47.656837" lon="18.899687">
        <ele>183.650133</ele>
        <time>2026-08-06T15:14:56.111Z</time>
      </trkpt>
      <trkpt lat="47.656030" lon="18.900046">
        <ele>182.312480</ele>
        <time>2026-08-06T15:15:11.425Z</time>
      </trkpt>
      <trkpt lat="47.654553" lon="18.900843">
        <ele>179.561296</ele>
        <time>2026-08-06T15:15:39.725Z</time>
      </trkpt>
      <trkpt lat="47.653107" lon="18.901339">
        <ele>176.538459</ele>
        <time>2026-08-06T15:16:05.347Z</time>
      </trkpt>
      <trkpt lat="47.652437" lon="18.901662">
        <ele>175.749610</ele>
        <time>2026-08-06T15:16:18.134Z</time>
      </trkpt>
      <trkpt lat="47.651895" lon="18.901980">
        <ele>175.152500</ele>
        <time>2026-08-06T15:16:29.424Z</time>
      </trkpt>
      <trkpt lat="47.651691" lon="18.902080">
        <ele>174.932389</ele>
        <time>2026-08-06T15:16:33.964Z</time>
      </trkpt>
      <trkpt lat="47.651484" lon="18.902082">
        <ele>174.720301</ele>
        <time>2026-08-06T15:16:38.403Z</time>
      </trkpt>
      <trkpt lat="47.651230" lon="18.901987">
        <ele>174.608602</ele>
        <time>2026-08-06T15:16:44.142Z</time>
      </trkpt>
      <trkpt lat="47.651159" lon="18.901953">
        <ele>174.642347</ele>
        <time>2026-08-06T15:16:45.769Z</time>
      </trkpt>
      <trkpt lat="47.651011" lon="18.901876">
        <ele>174.713284</ele>
        <time>2026-08-06T15:16:49.171Z</time>
      </trkpt>
      <trkpt lat="47.650777" lon="18.901791">
        <ele>174.822251</ele>
        <time>2026-08-06T15:16:54.355Z</time>
      </trkpt>
      <trkpt lat="47.650695" lon="18.901795">
        <ele>174.859362</ele>
        <time>2026-08-06T15:16:56.152Z</time>
      </trkpt>
      <trkpt lat="47.650542" lon="18.901902">
        <ele>174.935864</ele>
        <time>2026-08-06T15:16:59.952Z</time>
      </trkpt>
      <trkpt lat="47.649614" lon="18.902921">
        <ele>176.041042</ele>
        <time>2026-08-06T15:17:29.113Z</time>
      </trkpt>
      <trkpt lat="47.649397" lon="18.903138">
        <ele>176.982923</ele>
        <time>2026-08-06T15:17:36.990Z</time>
      </trkpt>
      <trkpt lat="47.649010" lon="18.903343">
        <ele>178.462099</ele>
        <time>2026-08-06T15:17:50.929Z</time>
      </trkpt>
      <trkpt lat="47.648284" lon="18.903433">
        <ele>181.084666</ele>
        <time>2026-08-06T15:18:20.566Z</time>
      </trkpt>
      <trkpt lat="47.646929" lon="18.903955">
        <ele>188.300545</ele>
        <time>2026-08-06T15:19:25.349Z</time>
      </trkpt>
      <trkpt lat="47.646600" lon="18.904050">
        <ele>190.121367</ele>
        <time>2026-08-06T15:19:39.924Z</time>
      </trkpt>
      <trkpt lat="47.646149" lon="18.904131">
        <ele>192.122690</ele>
        <time>2026-08-06T15:19:58.606Z</time>
      </trkpt>
      <trkpt lat="47.645470" lon="18.904205">
        <ele>194.040331</ele>
        <time>2026-08-06T15:20:23.693Z</time>
      </trkpt>
      <trkpt lat="47.645075" lon="18.904180">
        <ele>195.153912</ele>
        <time>2026-08-06T15:20:36.415Z</time>
      </trkpt>
      <trkpt lat="47.644512" lon="18.904118">
        <ele>196.686661</ele>
        <time>2026-08-06T15:20:52.164Z</time>
      </trkpt>
      <trkpt lat="47.644366" lon="18.904135">
        <ele>196.688765</ele>
        <time>2026-08-06T15:20:55.855Z</time>
      </trkpt>
      <trkpt lat="47.644307" lon="18.904153">
        <ele>196.689631</ele>
        <time>2026-08-06T15:20:57.318Z</time>
      </trkpt>
      <trkpt lat="47.644133" lon="18.904280">
        <ele>196.692417</ele>
        <time>2026-08-06T15:21:01.906Z</time>
      </trkpt>
      <trkpt lat="47.643555" lon="18.904872">
        <ele>196.702506</ele>
        <time>2026-08-06T15:21:16.873Z</time>
      </trkpt>
      <trkpt lat="47.642373" lon="18.906015">
        <ele>196.446070</ele>
        <time>2026-08-06T15:21:46.126Z</time>
      </trkpt>
      <trkpt lat="47.641636" lon="18.906610">
        <ele>196.142449</ele>
        <time>2026-08-06T15:22:04.316Z</time>
      </trkpt>
      <trkpt lat="47.641076" lon="18.907041">
        <ele>195.613159</ele>
        <time>2026-08-06T15:22:17.451Z</time>
      </trkpt>
      <trkpt lat="47.640246" lon="18.907694">
        <ele>194.577682</ele>
        <time>2026-08-06T15:22:35.244Z</time>
      </trkpt>
      <trkpt lat="47.640089" lon="18.907751">
        <ele>194.399523</ele>
        <time>2026-08-06T15:22:38.176Z</time>
      </trkpt>
      <trkpt lat="47.640011" lon="18.907740">
        <ele>194.313159</ele>
        <time>2026-08-06T15:22:39.571Z</time>
      </trkpt>
      <trkpt lat="47.639854" lon="18.907644">
        <ele>194.125991</ele>
        <time>2026-08-06T15:22:42.628Z</time>
      </trkpt>
      <trkpt lat="47.639109" lon="18.906755">
        <ele>192.147151</ele>
        <time>2026-08-06T15:22:59.773Z</time>
      </trkpt>
      <trkpt lat="47.638771" lon="18.906352">
        <ele>191.229938</ele>
        <time>2026-08-06T15:23:07.272Z</time>
      </trkpt>
      <trkpt lat="47.638661" lon="18.906222">
        <ele>190.932464</ele>
        <time>2026-08-06T15:23:09.688Z</time>
      </trkpt>
      <trkpt lat="47.637016" lon="18.904424">
        <ele>185.407332</ele>
        <time>2026-08-06T15:23:43.586Z</time>
      </trkpt>
      <trkpt lat="47.635750" lon="18.903235">
        <ele>181.858754</ele>
        <time>2026-08-06T15:24:08.587Z</time>
      </trkpt>
      <trkpt lat="47.635401" lon="18.902827">
        <ele>181.062954</ele>
        <time>2026-08-06T15:24:16.558Z</time>
      </trkpt>
      <trkpt lat="47.634694" lon="18.901916">
        <ele>181.880323</ele>
        <time>2026-08-06T15:24:38.200Z</time>
      </trkpt>
      <trkpt lat="47.634621" lon="18.901826">
        <ele>181.963171</ele>
        <time>2026-08-06T15:24:40.967Z</time>
      </trkpt>
      <trkpt lat="47.634456" lon="18.901629">
        <ele>182.148040</ele>
        <time>2026-08-06T15:24:47.631Z</time>
      </trkpt>
      <trkpt lat="47.634245" lon="18.901376">
        <ele>182.384846</ele>
        <time>2026-08-06T15:24:56.427Z</time>
      </trkpt>
      <trkpt lat="47.634154" lon="18.901267">
        <ele>182.486933</ele>
        <time>2026-08-06T15:25:00.204Z</time>
      </trkpt>
      <trkpt lat="47.634125" lon="18.901235">
        <ele>182.518481</ele>
        <time>2026-08-06T15:25:01.416Z</time>
      </trkpt>
      <trkpt lat="47.633833" lon="18.900883">
        <ele>183.414799</ele>
        <time>2026-08-06T15:25:13.825Z</time>
      </trkpt>
      <trkpt lat="47.633137" lon="18.899958">
        <ele>185.879872</ele>
        <time>2026-08-06T15:25:44.293Z</time>
      </trkpt>
      <trkpt lat="47.632507" lon="18.899285">
        <ele>188.039734</ele>
        <time>2026-08-06T15:26:09.912Z</time>
      </trkpt>
      <trkpt lat="47.632007" lon="18.898802">
        <ele>189.899324</ele>
        <time>2026-08-06T15:26:30.571Z</time>
      </trkpt>
      <trkpt lat="47.631576" lon="18.898367">
        <ele>191.524003</ele>
        <time>2026-08-06T15:26:48.906Z</time>
      </trkpt>
      <trkpt lat="47.631524" lon="18.898318">
        <ele>191.716002</ele>
        <time>2026-08-06T15:26:51.071Z</time>
      </trkpt>
      <trkpt lat="47.629606" lon="18.896358">
        <ele>199.260863</ele>
        <time>2026-08-06T15:28:14.692Z</time>
      </trkpt>
      <trkpt lat="47.629585" lon="18.896338">
        <ele>199.321809</ele>
        <time>2026-08-06T15:28:15.535Z</time>
      </trkpt>
      <trkpt lat="47.629325" lon="18.896068">
        <ele>200.096897</ele>
        <time>2026-08-06T15:28:28.338Z</time>
      </trkpt>
      <trkpt lat="47.629276" lon="18.896018">
        <ele>200.242141</ele>
        <time>2026-08-06T15:28:30.265Z</time>
      </trkpt>
      <trkpt lat="47.628294" lon="18.895012">
        <ele>203.156665</ele>
        <time>2026-08-06T15:29:08.671Z</time>
      </trkpt>
      <trkpt lat="47.628035" lon="18.894744">
        <ele>203.196122</ele>
        <time>2026-08-06T15:29:17.279Z</time>
      </trkpt>
      <trkpt lat="47.627851" lon="18.894597">
        <ele>203.111045</ele>
        <time>2026-08-06T15:29:22.175Z</time>
      </trkpt>
      <trkpt lat="47.627741" lon="18.894549">
        <ele>203.064366</ele>
        <time>2026-08-06T15:29:24.719Z</time>
      </trkpt>
      <trkpt lat="47.627596" lon="18.894555">
        <ele>203.005311</ele>
        <time>2026-08-06T15:29:27.884Z</time>
      </trkpt>
      <trkpt lat="47.627505" lon="18.894593">
        <ele>202.966824</ele>
        <time>2026-08-06T15:29:29.916Z</time>
      </trkpt>
      <trkpt lat="47.627355" lon="18.894748">
        <ele>202.892407</ele>
        <time>2026-08-06T15:29:33.742Z</time>
      </trkpt>
      <trkpt lat="47.627134" lon="18.895184">
        <ele>202.742721</ele>
        <time>2026-08-06T15:29:40.989Z</time>
      </trkpt>
      <trkpt lat="47.627065" lon="18.895327">
        <ele>202.694466</ele>
        <time>2026-08-06T15:29:43.139Z</time>
      </trkpt>
      <trkpt lat="47.626686" lon="18.896117">
        <ele>201.859249</ele>
        <time>2026-08-06T15:29:54.203Z</time>
      </trkpt>
      <trkpt lat="47.626230" lon="18.897085">
        <ele>200.217958</ele>
        <time>2026-08-06T15:30:07.779Z</time>
      </trkpt>
      <trkpt lat="47.625860" lon="18.897850">
        <ele>198.909381</ele>
        <time>2026-08-06T15:30:18.978Z</time>
      </trkpt>
      <trkpt lat="47.625724" lon="18.898008">
        <ele>198.744272</ele>
        <time>2026-08-06T15:30:22.115Z</time>
      </trkpt>
      <trkpt lat="47.623655" lon="18.899999">
        <ele>197.126738</ele>
        <time>2026-08-06T15:31:12.322Z</time>
      </trkpt>
      <trkpt lat="47.622181" lon="18.901403">
        <ele>196.830748</ele>
        <time>2026-08-06T15:31:49.540Z</time>
      </trkpt>
      <trkpt lat="47.622075" lon="18.901502">
        <ele>196.848649</ele>
        <time>2026-08-06T15:31:52.418Z</time>
      </trkpt>
      <trkpt lat="47.620323" lon="18.903170">
        <ele>197.419142</ele>
        <time>2026-08-06T15:32:42.926Z</time>
      </trkpt>
      <trkpt lat="47.619700" lon="18.903820">
        <ele>197.585321</ele>
        <time>2026-08-06T15:33:00.298Z</time>
      </trkpt>
      <trkpt lat="47.619251" lon="18.904286">
        <ele>197.324770</ele>
        <time>2026-08-06T15:33:12.595Z</time>
      </trkpt>
      <trkpt lat="47.619075" lon="18.904499">
        <ele>197.216771</ele>
        <time>2026-08-06T15:33:17.596Z</time>
      </trkpt>
      <trkpt lat="47.619002" lon="18.904585">
        <ele>197.172447</ele>
        <time>2026-08-06T15:33:19.593Z</time>
      </trkpt>
      <trkpt lat="47.618957" lon="18.904488">
        <ele>197.134706</ele>
        <time>2026-08-06T15:33:21.824Z</time>
      </trkpt>
      <trkpt lat="47.618930" lon="18.904421">
        <ele>197.109687</ele>
        <time>2026-08-06T15:33:22.925Z</time>
      </trkpt>
      <trkpt lat="47.618925" lon="18.904242">
        <ele>197.052267</ele>
        <time>2026-08-06T15:33:25.406Z</time>
      </trkpt>
      <trkpt lat="47.618910" lon="18.903679">
        <ele>196.871681</ele>
        <time>2026-08-06T15:33:32.811Z</time>
      </trkpt>
      <trkpt lat="47.618909" lon="18.903652">
        <ele>196.863014</ele>
        <time>2026-08-06T15:33:33.274Z</time>
      </trkpt>
      <trkpt lat="47.618743" lon="18.903432">
        <ele>196.658904</ele>
        <time>2026-08-06T15:33:37.343Z</time>
      </trkpt>
      <trkpt lat="47.618238" lon="18.902748">
        <ele>195.527128</ele>
        <time>2026-08-06T15:33:49.446Z</time>
      </trkpt>
      <trkpt lat="47.617959" lon="18.902390">
        <ele>194.916592</ele>
        <time>2026-08-06T15:33:56.094Z</time>
      </trkpt>
      <trkpt lat="47.617791" lon="18.902189">
        <ele>194.559378</ele>
        <time>2026-08-06T15:34:00.023Z</time>
      </trkpt>
      <trkpt lat="47.617525" lon="18.901954">
        <ele>194.046970</ele>
        <time>2026-08-06T15:34:05.810Z</time>
      </trkpt>
      <trkpt lat="47.617276" lon="18.901794">
        <ele>194.009747</ele>
        <time>2026-08-06T15:34:11.217Z</time>
      </trkpt>
      <trkpt lat="47.616980" lon="18.901621">
        <ele>194.460113</ele>
        <time>2026-08-06T15:34:33.281Z</time>
      </trkpt>
      <trkpt lat="47.616957" lon="18.901636">
        <ele>194.495679</ele>
        <time>2026-08-06T15:34:35.043Z</time>
      </trkpt>
      <trkpt lat="47.616884" lon="18.901874">
        <ele>194.745193</ele>
        <time>2026-08-06T15:34:47.300Z</time>
      </trkpt>
      <trkpt lat="47.616854" lon="18.901991">
        <ele>194.864643</ele>
        <time>2026-08-06T15:34:53.172Z</time>
      </trkpt>
      <trkpt lat="47.616804" lon="18.901885">
        <ele>194.988098</ele>
        <time>2026-08-06T15:34:55.477Z</time>
      </trkpt>
      <trkpt lat="47.616679" lon="18.901661">
        <ele>195.265588</ele>
        <time>2026-08-06T15:35:00.618Z</time>
      </trkpt>
      <trkpt lat="47.616627" lon="18.901564">
        <ele>195.383851</ele>
        <time>2026-08-06T15:35:03.152Z</time>
      </trkpt>
      <trkpt lat="47.616531" lon="18.901394">
        <ele>195.595474</ele>
        <time>2026-08-06T15:35:07.875Z</time>
      </trkpt>
      <trkpt lat="47.616446" lon="18.901240">
        <ele>195.785405</ele>
        <time>2026-08-06T15:35:12.326Z</time>
      </trkpt>
      <trkpt lat="47.616385" lon="18.901135">
        <ele>195.917677</ele>
        <time>2026-08-06T15:35:15.481Z</time>
      </trkpt>
      <trkpt lat="47.616150" lon="18.900767">
        <ele>196.475787</ele>
        <time>2026-08-06T15:35:27.937Z</time>
      </trkpt>
      <trkpt lat="47.615929" lon="18.900499">
        <ele>197.729863</ele>
        <time>2026-08-06T15:35:39.189Z</time>
      </trkpt>
      <trkpt lat="47.615828" lon="18.900375">
        <ele>198.305854</ele>
        <time>2026-08-06T15:35:44.648Z</time>
      </trkpt>
      <trkpt lat="47.615470" lon="18.899822">
        <ele>200.576567</ele>
        <time>2026-08-06T15:36:05.917Z</time>
      </trkpt>
      <trkpt lat="47.615364" lon="18.899537">
        <ele>201.540580</ele>
        <time>2026-08-06T15:36:15.033Z</time>
      </trkpt>
      <trkpt lat="47.615232" lon="18.899052">
        <ele>203.089625</ele>
        <time>2026-08-06T15:36:29.323Z</time>
      </trkpt>
      <trkpt lat="47.615201" lon="18.898765">
        <ele>203.950456</ele>
        <time>2026-08-06T15:36:36.912Z</time>
      </trkpt>
      <trkpt lat="47.615180" lon="18.898518">
        <ele>204.781709</ele>
        <time>2026-08-06T15:36:43.459Z</time>
      </trkpt>
      <trkpt lat="47.615117" lon="18.897963">
        <ele>206.821759</ele>
        <time>2026-08-06T15:36:58.976Z</time>
      </trkpt>
      <trkpt lat="47.615081" lon="18.897774">
        <ele>207.533657</ele>
        <time>2026-08-06T15:37:04.477Z</time>
      </trkpt>
      <trkpt lat="47.615057" lon="18.897577">
        <ele>208.259298</ele>
        <time>2026-08-06T15:37:10.165Z</time>
      </trkpt>
      <trkpt lat="47.614994" lon="18.896937">
        <ele>210.603737</ele>
        <time>2026-08-06T15:37:29.538Z</time>
      </trkpt>
      <trkpt lat="47.614723" lon="18.896983">
        <ele>212.070436</ele>
        <time>2026-08-06T15:37:42.499Z</time>
      </trkpt>
      <trkpt lat="47.614558" lon="18.897002">
        <ele>212.960325</ele>
        <time>2026-08-06T15:37:50.290Z</time>
      </trkpt>
      <trkpt lat="47.614428" lon="18.897084">
        <ele>213.719915</ele>
        <time>2026-08-06T15:37:57.134Z</time>
      </trkpt>
      <trkpt lat="47.614358" lon="18.896830">
        <ele>214.240569</ele>
        <time>2026-08-06T15:38:06.270Z</time>
      </trkpt>
      <trkpt lat="47.614118" lon="18.896551">
        <ele>214.877179</ele>
        <time>2026-08-06T15:38:20.813Z</time>
      </trkpt>
      <trkpt lat="47.613719" lon="18.896003">
        <ele>216.012445</ele>
        <time>2026-08-06T15:38:42.448Z</time>
      </trkpt>
      <trkpt lat="47.613151" lon="18.895365">
        <ele>217.499941</ele>
        <time>2026-08-06T15:38:57.277Z</time>
      </trkpt>
      <trkpt lat="47.612843" lon="18.894931">
        <ele>215.902528</ele>
        <time>2026-08-06T15:39:26.866Z</time>
      </trkpt>
      <trkpt lat="47.612799" lon="18.894850">
        <ele>215.523256</ele>
        <time>2026-08-06T15:39:31.700Z</time>
      </trkpt>
      <trkpt lat="47.612781" lon="18.894737">
        <ele>215.099911</ele>
        <time>2026-08-06T15:39:37.151Z</time>
      </trkpt>
      <trkpt lat="47.612802" lon="18.894443">
        <ele>214.021984</ele>
        <time>2026-08-06T15:39:40.038Z</time>
      </trkpt>
      <trkpt lat="47.612859" lon="18.894111">
        <ele>212.772870</ele>
        <time>2026-08-06T15:39:43.346Z</time>
      </trkpt>
      <trkpt lat="47.612955" lon="18.893733">
        <ele>211.300124</ele>
        <time>2026-08-06T15:39:47.200Z</time>
      </trkpt>
      <trkpt lat="47.612999" lon="18.893431">
        <ele>210.173611</ele>
        <time>2026-08-06T15:39:50.174Z</time>
      </trkpt>
      <trkpt lat="47.613017" lon="18.892956">
        <ele>208.439029</ele>
        <time>2026-08-06T15:39:54.794Z</time>
      </trkpt>
      <trkpt lat="47.612904" lon="18.891545">
        <ele>205.377110</ele>
        <time>2026-08-06T15:40:09.956Z</time>
      </trkpt>
      <trkpt lat="47.612833" lon="18.891355">
        <ele>204.941449</ele>
        <time>2026-08-06T15:40:12.584Z</time>
      </trkpt>
      <trkpt lat="47.612648" lon="18.891098">
        <ele>204.187445</ele>
        <time>2026-08-06T15:40:17.139Z</time>
      </trkpt>
      <trkpt lat="47.612619" lon="18.891064">
        <ele>204.077482</ele>
        <time>2026-08-06T15:40:17.779Z</time>
      </trkpt>
      <trkpt lat="47.612581" lon="18.891021">
        <ele>203.935300</ele>
        <time>2026-08-06T15:40:18.635Z</time>
      </trkpt>
      <trkpt lat="47.612484" lon="18.890917">
        <ele>203.579255</ele>
        <time>2026-08-06T15:40:20.745Z</time>
      </trkpt>
      <trkpt lat="47.612412" lon="18.890844">
        <ele>203.319814</ele>
        <time>2026-08-06T15:40:22.350Z</time>
      </trkpt>
      <trkpt lat="47.612353" lon="18.890963">
        <ele>203.023570</ele>
        <time>2026-08-06T15:40:24.144Z</time>
      </trkpt>
      <trkpt lat="47.612157" lon="18.891359">
        <ele>202.330818</ele>
        <time>2026-08-06T15:40:30.417Z</time>
      </trkpt>
      <trkpt lat="47.612142" lon="18.891390">
        <ele>202.293008</ele>
        <time>2026-08-06T15:40:30.918Z</time>
      </trkpt>
      <trkpt lat="47.611854" lon="18.891971">
        <ele>201.578437</ele>
        <time>2026-08-06T15:40:43.503Z</time>
      </trkpt>
      <trkpt lat="47.611325" lon="18.893068">
        <ele>200.241986</ele>
        <time>2026-08-06T15:40:59.850Z</time>
      </trkpt>
      <trkpt lat="47.611159" lon="18.893457">
        <ele>199.771312</ele>
        <time>2026-08-06T15:41:05.683Z</time>
      </trkpt>
      <trkpt lat="47.611047" lon="18.893721">
        <ele>199.438280</ele>
        <time>2026-08-06T15:41:11.169Z</time>
      </trkpt>
      <trkpt lat="47.610999" lon="18.893830">
        <ele>199.299276</ele>
        <time>2026-08-06T15:41:12.835Z</time>
      </trkpt>
      <trkpt lat="47.610867" lon="18.894123">
        <ele>198.923028</ele>
        <time>2026-08-06T15:41:17.251Z</time>
      </trkpt>
      <trkpt lat="47.610661" lon="18.894490">
        <ele>198.413154</ele>
        <time>2026-08-06T15:41:23.118Z</time>
      </trkpt>
      <trkpt lat="47.610434" lon="18.894878">
        <ele>197.864653</ele>
        <time>2026-08-06T15:41:31.824Z</time>
      </trkpt>
      <trkpt lat="47.610062" lon="18.895655">
        <ele>196.770923</ele>
        <time>2026-08-06T15:41:43.176Z</time>
      </trkpt>
      <trkpt lat="47.609868" lon="18.896109">
        <ele>196.039152</ele>
        <time>2026-08-06T15:41:49.425Z</time>
      </trkpt>
      <trkpt lat="47.609591" lon="18.896791">
        <ele>194.955197</ele>
        <time>2026-08-06T15:41:58.656Z</time>
      </trkpt>
      <trkpt lat="47.609369" lon="18.897326">
        <ele>194.099936</ele>
        <time>2026-08-06T15:42:06.182Z</time>
      </trkpt>
      <trkpt lat="47.609123" lon="18.897927">
        <ele>193.221223</ele>
        <time>2026-08-06T15:42:14.568Z</time>
      </trkpt>
      <trkpt lat="47.609035" lon="18.898144">
        <ele>192.953911</ele>
        <time>2026-08-06T15:42:17.675Z</time>
      </trkpt>
      <trkpt lat="47.608991" lon="18.898252">
        <ele>192.820707</ele>
        <time>2026-08-06T15:42:19.231Z</time>
      </trkpt>
      <trkpt lat="47.608915" lon="18.898439">
        <ele>192.590216</ele>
        <time>2026-08-06T15:42:22.098Z</time>
      </trkpt>
      <trkpt lat="47.608897" lon="18.898482">
        <ele>192.536787</ele>
        <time>2026-08-06T15:42:22.729Z</time>
      </trkpt>
      <trkpt lat="47.608888" lon="18.898506">
        <ele>192.507797</ele>
        <time>2026-08-06T15:42:23.079Z</time>
      </trkpt>
      <trkpt lat="47.608750" lon="18.898871">
        <ele>192.066050</ele>
        <time>2026-08-06T15:42:28.636Z</time>
      </trkpt>
      <trkpt lat="47.608722" lon="18.898968">
        <ele>191.954665</ele>
        <time>2026-08-06T15:42:29.970Z</time>
      </trkpt>
      <trkpt lat="47.608381" lon="18.900275">
        <ele>190.478014</ele>
        <time>2026-08-06T15:42:47.131Z</time>
      </trkpt>
      <trkpt lat="47.608010" lon="18.901605">
        <ele>188.979363</ele>
        <time>2026-08-06T15:43:04.587Z</time>
      </trkpt>
      <trkpt lat="47.607867" lon="18.901933">
        <ele>188.572662</ele>
        <time>2026-08-06T15:43:09.504Z</time>
      </trkpt>
      <trkpt lat="47.607553" lon="18.902450">
        <ele>187.836811</ele>
        <time>2026-08-06T15:43:18.439Z</time>
      </trkpt>
      <trkpt lat="47.607526" lon="18.902493">
        <ele>187.761779</ele>
        <time>2026-08-06T15:43:19.186Z</time>
      </trkpt>
      <trkpt lat="47.607028" lon="18.903310">
        <ele>186.355377</ele>
        <time>2026-08-06T15:43:32.719Z</time>
      </trkpt>
      <trkpt lat="47.606751" lon="18.903952">
        <ele>185.382090</ele>
        <time>2026-08-06T15:43:41.535Z</time>
      </trkpt>
      <trkpt lat="47.606622" lon="18.904326">
        <ele>184.845649</ele>
        <time>2026-08-06T15:43:46.389Z</time>
      </trkpt>
      <trkpt lat="47.606602" lon="18.904383">
        <ele>184.763596</ele>
        <time>2026-08-06T15:43:47.124Z</time>
      </trkpt>
      <trkpt lat="47.606344" lon="18.905174">
        <ele>184.037007</ele>
        <time>2026-08-06T15:43:57.497Z</time>
      </trkpt>
      <trkpt lat="47.606268" lon="18.905407">
        <ele>183.860244</ele>
        <time>2026-08-06T15:44:00.595Z</time>
      </trkpt>
      <trkpt lat="47.606249" lon="18.905466">
        <ele>183.815592</ele>
        <time>2026-08-06T15:44:01.409Z</time>
      </trkpt>
      <trkpt lat="47.606141" lon="18.905799">
        <ele>183.563238</ele>
        <time>2026-08-06T15:44:06.044Z</time>
      </trkpt>
      <trkpt lat="47.605896" lon="18.906544">
        <ele>182.997168</ele>
        <time>2026-08-06T15:44:17.833Z</time>
      </trkpt>
      <trkpt lat="47.605798" lon="18.906843">
        <ele>182.770125</ele>
        <time>2026-08-06T15:44:22.999Z</time>
      </trkpt>
      <trkpt lat="47.605314" lon="18.908320">
        <ele>183.001640</ele>
        <time>2026-08-06T15:44:47.580Z</time>
      </trkpt>
      <trkpt lat="47.605096" lon="18.908984">
        <ele>183.165538</ele>
        <time>2026-08-06T15:44:59.527Z</time>
      </trkpt>
      <trkpt lat="47.604357" lon="18.911234">
        <ele>185.456525</ele>
        <time>2026-08-06T15:45:44.286Z</time>
      </trkpt>
      <trkpt lat="47.603935" lon="18.912435">
        <ele>188.456361</ele>
        <time>2026-08-06T15:46:15.658Z</time>
      </trkpt>
      <trkpt lat="47.603817" lon="18.912721">
        <ele>189.505740</ele>
        <time>2026-08-06T15:46:24.604Z</time>
      </trkpt>
      <trkpt lat="47.603224" lon="18.914031">
        <ele>194.445423</ele>
        <time>2026-08-06T15:47:11.226Z</time>
      </trkpt>
      <trkpt lat="47.602785" lon="18.915220">
        <ele>200.477942</ele>
        <time>2026-08-06T15:47:56.839Z</time>
      </trkpt>
      <trkpt lat="47.602439" lon="18.916198">
        <ele>205.392887</ele>
        <time>2026-08-06T15:48:34.980Z</time>
      </trkpt>
      <trkpt lat="47.602232" lon="18.916652">
        <ele>207.047991</ele>
        <time>2026-08-06T15:48:52.477Z</time>
      </trkpt>
      <trkpt lat="47.602149" lon="18.916808">
        <ele>207.476406</ele>
        <time>2026-08-06T15:48:58.425Z</time>
      </trkpt>
      <trkpt lat="47.601731" lon="18.917503">
        <ele>209.484220</ele>
        <time>2026-08-06T15:49:22.507Z</time>
      </trkpt>
      <trkpt lat="47.601316" lon="18.918165">
        <ele>211.432979</ele>
        <time>2026-08-06T15:49:39.786Z</time>
      </trkpt>
      <trkpt lat="47.601387" lon="18.918277">
        <ele>211.764401</ele>
        <time>2026-08-06T15:49:42.512Z</time>
      </trkpt>
      <trkpt lat="47.601167" lon="18.918667">
        <ele>211.914466</ele>
        <time>2026-08-06T15:49:52.596Z</time>
      </trkpt>
      <trkpt lat="47.600205" lon="18.920065">
        <ele>211.116610</ele>
        <time>2026-08-06T15:50:28.611Z</time>
      </trkpt>
      <trkpt lat="47.599609" lon="18.921386">
        <ele>209.770403</ele>
        <time>2026-08-06T15:50:55.596Z</time>
      </trkpt>
      <trkpt lat="47.598625" lon="18.923748">
        <ele>207.030857</ele>
        <time>2026-08-06T15:51:42.608Z</time>
      </trkpt>
      <trkpt lat="47.598552" lon="18.923710">
        <ele>206.913610</ele>
        <time>2026-08-06T15:51:44.519Z</time>
      </trkpt>
      <trkpt lat="47.598376" lon="18.924220">
        <ele>206.328145</ele>
        <time>2026-08-06T15:51:51.628Z</time>
      </trkpt>
      <trkpt lat="47.598276" lon="18.924552">
        <ele>205.956558</ele>
        <time>2026-08-06T15:51:56.045Z</time>
      </trkpt>
      <trkpt lat="47.598254" lon="18.924627">
        <ele>205.872976</ele>
        <time>2026-08-06T15:51:57.076Z</time>
      </trkpt>
      <trkpt lat="47.598219" lon="18.924742">
        <ele>205.744040</ele>
        <time>2026-08-06T15:51:58.580Z</time>
      </trkpt>
      <trkpt lat="47.597741" lon="18.926338">
        <ele>203.418439</ele>
        <time>2026-08-06T15:52:19.752Z</time>
      </trkpt>
      <trkpt lat="47.597526" lon="18.926994">
        <ele>202.445896</ele>
        <time>2026-08-06T15:52:28.193Z</time>
      </trkpt>
      <trkpt lat="47.597428" lon="18.927288">
        <ele>201.926338</ele>
        <time>2026-08-06T15:52:31.951Z</time>
      </trkpt>
      <trkpt lat="47.597405" lon="18.927362">
        <ele>201.764897</ele>
        <time>2026-08-06T15:52:32.864Z</time>
      </trkpt>
      <trkpt lat="47.597259" lon="18.927822">
        <ele>200.757587</ele>
        <time>2026-08-06T15:52:38.636Z</time>
      </trkpt>
      <trkpt lat="47.597174" lon="18.928075">
        <ele>200.197546</ele>
        <time>2026-08-06T15:52:41.828Z</time>
      </trkpt>
      <trkpt lat="47.597095" lon="18.928307">
        <ele>199.682599</ele>
        <time>2026-08-06T15:52:44.756Z</time>
      </trkpt>
      <trkpt lat="47.596991" lon="18.928607">
        <ele>199.014259</ele>
        <time>2026-08-06T15:52:48.540Z</time>
      </trkpt>
      <trkpt lat="47.596971" lon="18.928667">
        <ele>198.881649</ele>
        <time>2026-08-06T15:52:49.294Z</time>
      </trkpt>
      <trkpt lat="47.596855" lon="18.929005">
        <ele>198.130220</ele>
        <time>2026-08-06T15:52:53.474Z</time>
      </trkpt>
      <trkpt lat="47.596837" lon="18.929057">
        <ele>198.014409</ele>
        <time>2026-08-06T15:52:54.124Z</time>
      </trkpt>
      <trkpt lat="47.596365" lon="18.930481">
        <ele>194.355183</ele>
        <time>2026-08-06T15:53:11.248Z</time>
      </trkpt>
      <trkpt lat="47.596345" lon="18.930540">
        <ele>194.191006</ele>
        <time>2026-08-06T15:53:11.950Z</time>
      </trkpt>
      <trkpt lat="47.596335" lon="18.930568">
        <ele>194.112231</ele>
        <time>2026-08-06T15:53:12.284Z</time>
      </trkpt>
      <trkpt lat="47.595900" lon="18.931858">
        <ele>190.526353</ele>
        <time>2026-08-06T15:53:27.577Z</time>
      </trkpt>
      <trkpt lat="47.595838" lon="18.932031">
        <ele>190.079835</ele>
        <time>2026-08-06T15:53:29.664Z</time>
      </trkpt>
      <trkpt lat="47.595283" lon="18.933729">
        <ele>186.243485</ele>
        <time>2026-08-06T15:53:50.373Z</time>
      </trkpt>
      <trkpt lat="47.595112" lon="18.934464">
        <ele>184.706745</ele>
        <time>2026-08-06T15:53:59.437Z</time>
      </trkpt>
      <trkpt lat="47.595062" lon="18.934901">
        <ele>184.030444</ele>
        <time>2026-08-06T15:54:04.669Z</time>
      </trkpt>
      <trkpt lat="47.595054" lon="18.935135">
        <ele>183.672949</ele>
        <time>2026-08-06T15:54:07.437Z</time>
      </trkpt>
      <trkpt lat="47.595050" lon="18.935295">
        <ele>183.428654</ele>
        <time>2026-08-06T15:54:09.349Z</time>
      </trkpt>
      <trkpt lat="47.595000" lon="18.937866">
        <ele>178.979845</ele>
        <time>2026-08-06T15:54:39.273Z</time>
      </trkpt>
      <trkpt lat="47.594978" lon="18.938573">
        <ele>177.452489</ele>
        <time>2026-08-06T15:54:47.140Z</time>
      </trkpt>
      <trkpt lat="47.594947" lon="18.939317">
        <ele>175.843847</ele>
        <time>2026-08-06T15:54:55.195Z</time>
      </trkpt>
      <trkpt lat="47.594909" lon="18.939480">
        <ele>175.471660</ele>
        <time>2026-08-06T15:54:57.016Z</time>
      </trkpt>
      <trkpt lat="47.594843" lon="18.939632">
        <ele>175.081524</ele>
        <time>2026-08-06T15:54:58.901Z</time>
      </trkpt>
      <trkpt lat="47.594800" lon="18.939729">
        <ele>174.803772</ele>
        <time>2026-08-06T15:55:00.105Z</time>
      </trkpt>
      <trkpt lat="47.594774" lon="18.939760">
        <ele>174.681097</ele>
        <time>2026-08-06T15:55:00.601Z</time>
      </trkpt>
      <trkpt lat="47.594599" lon="18.939906">
        <ele>173.942761</ele>
        <time>2026-08-06T15:55:03.660Z</time>
      </trkpt>
      <trkpt lat="47.594462" lon="18.939945">
        <ele>173.429807</ele>
        <time>2026-08-06T15:55:05.768Z</time>
      </trkpt>
      <trkpt lat="47.594316" lon="18.939913">
        <ele>172.887126</ele>
        <time>2026-08-06T15:55:08.015Z</time>
      </trkpt>
      <trkpt lat="47.594115" lon="18.939792">
        <ele>172.089457</ele>
        <time>2026-08-06T15:55:11.312Z</time>
      </trkpt>
      <trkpt lat="47.593652" lon="18.939392">
        <ele>170.119111</ele>
        <time>2026-08-06T15:55:19.654Z</time>
      </trkpt>
      <trkpt lat="47.593324" lon="18.939063">
        <ele>168.663021</ele>
        <time>2026-08-06T15:55:26.065Z</time>
      </trkpt>
      <trkpt lat="47.592960" lon="18.938611">
        <ele>169.287108</ele>
        <time>2026-08-06T15:55:35.137Z</time>
      </trkpt>
      <trkpt lat="47.592677" lon="18.938266">
        <ele>170.092906</ele>
        <time>2026-08-06T15:55:45.361Z</time>
      </trkpt>
      <trkpt lat="47.592538" lon="18.938128">
        <ele>170.460828</ele>
        <time>2026-08-06T15:55:50.855Z</time>
      </trkpt>
      <trkpt lat="47.592365" lon="18.937972">
        <ele>170.906167</ele>
        <time>2026-08-06T15:55:58.097Z</time>
      </trkpt>
      <trkpt lat="47.592209" lon="18.937842">
        <ele>171.299754</ele>
        <time>2026-08-06T15:56:04.903Z</time>
      </trkpt>
      <trkpt lat="47.592154" lon="18.937793">
        <ele>171.440879</ele>
        <time>2026-08-06T15:56:07.539Z</time>
      </trkpt>
      <trkpt lat="47.591982" lon="18.937631">
        <ele>171.889050</ele>
        <time>2026-08-06T15:56:15.994Z</time>
      </trkpt>
      <trkpt lat="47.591941" lon="18.937595">
        <ele>171.993852</ele>
        <time>2026-08-06T15:56:18.053Z</time>
      </trkpt>
      <trkpt lat="47.591289" lon="18.937004">
        <ele>174.837620</ele>
        <time>2026-08-06T15:56:53.151Z</time>
      </trkpt>
      <trkpt lat="47.590907" lon="18.936688">
        <ele>176.648358</ele>
        <time>2026-08-06T15:57:11.382Z</time>
      </trkpt>
      <trkpt lat="47.590686" lon="18.936523">
        <ele>177.672620</ele>
        <time>2026-08-06T15:57:20.648Z</time>
      </trkpt>
      <trkpt lat="47.590416" lon="18.936395">
        <ele>178.846028</ele>
        <time>2026-08-06T15:57:30.423Z</time>
      </trkpt>
      <trkpt lat="47.590231" lon="18.936306">
        <ele>179.651140</ele>
        <time>2026-08-06T15:57:36.407Z</time>
      </trkpt>
      <trkpt lat="47.590041" lon="18.936191">
        <ele>180.099614</ele>
        <time>2026-08-06T15:57:42.241Z</time>
      </trkpt>
      <trkpt lat="47.589728" lon="18.936019">
        <ele>180.688622</ele>
        <time>2026-08-06T15:57:51.664Z</time>
      </trkpt>
      <trkpt lat="47.589704" lon="18.936006">
        <ele>180.733708</ele>
        <time>2026-08-06T15:57:52.382Z</time>
      </trkpt>
      <trkpt lat="47.589667" lon="18.935986">
        <ele>180.803199</ele>
        <time>2026-08-06T15:57:53.422Z</time>
      </trkpt>
      <trkpt lat="47.589551" lon="18.935922">
        <ele>181.021596</ele>
        <time>2026-08-06T15:57:56.692Z</time>
      </trkpt>
      <trkpt lat="47.589529" lon="18.935909">
        <ele>181.063385</ele>
        <time>2026-08-06T15:57:57.277Z</time>
      </trkpt>
      <trkpt lat="47.589522" lon="18.935906">
        <ele>181.076242</ele>
        <time>2026-08-06T15:57:57.449Z</time>
      </trkpt>
      <trkpt lat="47.589354" lon="18.935807">
        <ele>181.395237</ele>
        <time>2026-08-06T15:58:01.962Z</time>
      </trkpt>
      <trkpt lat="47.589206" lon="18.935719">
        <ele>181.676604</ele>
        <time>2026-08-06T15:58:05.903Z</time>
      </trkpt>
      <trkpt lat="47.589042" lon="18.935695">
        <ele>181.967393</ele>
        <time>2026-08-06T15:58:10.157Z</time>
      </trkpt>
      <trkpt lat="47.588915" lon="18.935733">
        <ele>182.196006</ele>
        <time>2026-08-06T15:58:13.683Z</time>
      </trkpt>
      <trkpt lat="47.588869" lon="18.935768">
        <ele>182.287238</ele>
        <time>2026-08-06T15:58:15.187Z</time>
      </trkpt>
      <trkpt lat="47.588751" lon="18.935931">
        <ele>182.571813</ele>
        <time>2026-08-06T15:58:20.042Z</time>
      </trkpt>
      <trkpt lat="47.588666" lon="18.936132">
        <ele>182.854152</ele>
        <time>2026-08-06T15:58:25.097Z</time>
      </trkpt>
      <trkpt lat="47.588584" lon="18.936328">
        <ele>183.405116</ele>
        <time>2026-08-06T15:58:30.204Z</time>
      </trkpt>
      <trkpt lat="47.588568" lon="18.936367">
        <ele>183.557465</ele>
        <time>2026-08-06T15:58:31.258Z</time>
      </trkpt>
      <trkpt lat="47.588449" lon="18.936646">
        <ele>184.659185</ele>
        <time>2026-08-06T15:58:39.195Z</time>
      </trkpt>
      <trkpt lat="47.588292" lon="18.936828">
        <ele>185.645351</ele>
        <time>2026-08-06T15:58:47.026Z</time>
      </trkpt>
      <trkpt lat="47.588052" lon="18.937003">
        <ele>186.968811</ele>
        <time>2026-08-06T15:58:58.313Z</time>
      </trkpt>
      <trkpt lat="47.587896" lon="18.937062">
        <ele>187.765479</ele>
        <time>2026-08-06T15:59:05.192Z</time>
      </trkpt>
      <trkpt lat="47.587347" lon="18.937087">
        <ele>190.483425</ele>
        <time>2026-08-06T15:59:30.221Z</time>
      </trkpt>
      <trkpt lat="47.587140" lon="18.937200">
        <ele>191.574965</ele>
        <time>2026-08-06T15:59:41.016Z</time>
      </trkpt>
      <trkpt lat="47.586994" lon="18.937382">
        <ele>192.786821</ele>
        <time>2026-08-06T15:59:50.461Z</time>
      </trkpt>
      <trkpt lat="47.586424" lon="18.938643">
        <ele>199.964453</ele>
        <time>2026-08-06T16:00:42.157Z</time>
      </trkpt>
      <trkpt lat="47.586288" lon="18.938848">
        <ele>201.324080</ele>
        <time>2026-08-06T16:00:52.016Z</time>
      </trkpt>
      <trkpt lat="47.586033" lon="18.939177">
        <ele>203.693838</ele>
        <time>2026-08-06T16:01:09.298Z</time>
      </trkpt>
      <trkpt lat="47.585787" lon="18.939389">
        <ele>205.663189</ele>
        <time>2026-08-06T16:01:23.996Z</time>
      </trkpt>
      <trkpt lat="47.585418" lon="18.939574">
        <ele>208.336333</ele>
        <time>2026-08-06T16:01:44.316Z</time>
      </trkpt>
      <trkpt lat="47.585071" lon="18.939668">
        <ele>210.757059</ele>
        <time>2026-08-06T16:02:02.528Z</time>
      </trkpt>
      <trkpt lat="47.584739" lon="18.939688">
        <ele>213.037303</ele>
        <time>2026-08-06T16:02:19.573Z</time>
      </trkpt>
      <trkpt lat="47.583800" lon="18.939540">
        <ele>218.220354</ele>
        <time>2026-08-06T16:03:03.805Z</time>
      </trkpt>
      <trkpt lat="47.583161" lon="18.939418">
        <ele>220.509003</ele>
        <time>2026-08-06T16:03:29.363Z</time>
      </trkpt>
      <trkpt lat="47.582530" lon="18.939240">
        <ele>222.790705</ele>
        <time>2026-08-06T16:03:49.940Z</time>
      </trkpt>
      <trkpt lat="47.582487" lon="18.939227">
        <ele>222.946596</ele>
        <time>2026-08-06T16:03:51.159Z</time>
      </trkpt>
      <trkpt lat="47.581613" lon="18.938934">
        <ele>221.574579</ele>
        <time>2026-08-06T16:04:09.333Z</time>
      </trkpt>
      <trkpt lat="47.581580" lon="18.938924">
        <ele>221.507072</ele>
        <time>2026-08-06T16:04:09.906Z</time>
      </trkpt>
      <trkpt lat="47.580409" lon="18.938674">
        <ele>218.720090</ele>
        <time>2026-08-06T16:04:28.580Z</time>
      </trkpt>
      <trkpt lat="47.577886" lon="18.938231">
        <ele>210.376747</ele>
        <time>2026-08-06T16:05:08.896Z</time>
      </trkpt>
      <trkpt lat="47.577846" lon="18.938224">
        <ele>210.274509</ele>
        <time>2026-08-06T16:05:09.602Z</time>
      </trkpt>
      <trkpt lat="47.577742" lon="18.938206">
        <ele>210.008731</ele>
        <time>2026-08-06T16:05:11.423Z</time>
      </trkpt>
      <trkpt lat="47.577373" lon="18.938180">
        <ele>209.071034</ele>
        <time>2026-08-06T16:05:18.132Z</time>
      </trkpt>
      <trkpt lat="47.577187" lon="18.938215">
        <ele>208.595118</ele>
        <time>2026-08-06T16:05:21.737Z</time>
      </trkpt>
      <trkpt lat="47.577023" lon="18.938284">
        <ele>208.373183</ele>
        <time>2026-08-06T16:05:25.200Z</time>
      </trkpt>
      <trkpt lat="47.576694" lon="18.938482">
        <ele>208.867878</ele>
        <time>2026-08-06T16:05:33.248Z</time>
      </trkpt>
      <trkpt lat="47.576619" lon="18.938526">
        <ele>208.980253</ele>
        <time>2026-08-06T16:05:35.184Z</time>
      </trkpt>
      <trkpt lat="47.576565" lon="18.938560">
        <ele>209.061990</ele>
        <time>2026-08-06T16:05:36.609Z</time>
      </trkpt>
      <trkpt lat="47.576300" lon="18.938744">
        <ele>209.469680</ele>
        <time>2026-08-06T16:05:43.738Z</time>
      </trkpt>
      <trkpt lat="47.575985" lon="18.939020">
        <ele>209.979467</ele>
        <time>2026-08-06T16:05:53.867Z</time>
      </trkpt>
      <trkpt lat="47.575816" lon="18.939214">
        <ele>210.277262</ele>
        <time>2026-08-06T16:06:00.646Z</time>
      </trkpt>
      <trkpt lat="47.575649" lon="18.939469">
        <ele>210.611286</ele>
        <time>2026-08-06T16:06:09.148Z</time>
      </trkpt>
      <trkpt lat="47.575613" lon="18.939535">
        <ele>210.691057</ele>
        <time>2026-08-06T16:06:11.282Z</time>
      </trkpt>
      <trkpt lat="47.575561" lon="18.939633">
        <ele>210.814006</ele>
        <time>2026-08-06T16:06:14.483Z</time>
      </trkpt>
      <trkpt lat="47.575257" lon="18.940235">
        <ele>212.564700</ele>
        <time>2026-08-06T16:06:34.547Z</time>
      </trkpt>
      <trkpt lat="47.574871" lon="18.940961">
        <ele>214.716760</ele>
        <time>2026-08-06T16:06:58.329Z</time>
      </trkpt>
      <trkpt lat="47.574720" lon="18.941101">
        <ele>215.331405</ele>
        <time>2026-08-06T16:07:04.646Z</time>
      </trkpt>
      <trkpt lat="47.574438" lon="18.941270">
        <ele>216.381122</ele>
        <time>2026-08-06T16:07:15.092Z</time>
      </trkpt>
      <trkpt lat="47.574334" lon="18.941373">
        <ele>216.812769</ele>
        <time>2026-08-06T16:07:19.255Z</time>
      </trkpt>
      <trkpt lat="47.573927" lon="18.942079">
        <ele>218.403562</ele>
        <time>2026-08-06T16:07:38.365Z</time>
      </trkpt>
      <trkpt lat="47.573008" lon="18.943658">
        <ele>221.935563</ele>
        <time>2026-08-06T16:08:23.136Z</time>
      </trkpt>
      <trkpt lat="47.572791" lon="18.943928">
        <ele>222.771963</ele>
        <time>2026-08-06T16:08:33.111Z</time>
      </trkpt>
      <trkpt lat="47.572172" lon="18.944519">
        <ele>224.945632</ele>
        <time>2026-08-06T16:08:57.765Z</time>
      </trkpt>
      <trkpt lat="47.571725" lon="18.944929">
        <ele>226.497469</ele>
        <time>2026-08-06T16:09:15.716Z</time>
      </trkpt>
      <trkpt lat="47.571532" lon="18.945112">
        <ele>227.317100</ele>
        <time>2026-08-06T16:09:23.852Z</time>
      </trkpt>
      <trkpt lat="47.570807" lon="18.945782">
        <ele>230.639740</ele>
        <time>2026-08-06T16:09:57.275Z</time>
      </trkpt>
      <trkpt lat="47.570439" lon="18.946244">
        <ele>232.515266</ele>
        <time>2026-08-06T16:10:17.201Z</time>
      </trkpt>
      <trkpt lat="47.570154" lon="18.946641">
        <ele>233.856888</ele>
        <time>2026-08-06T16:10:31.801Z</time>
      </trkpt>
      <trkpt lat="47.569919" lon="18.947034">
        <ele>234.459917</ele>
        <time>2026-08-06T16:10:43.338Z</time>
      </trkpt>
      <trkpt lat="47.569645" lon="18.947707">
        <ele>235.362552</ele>
        <time>2026-08-06T16:10:58.929Z</time>
      </trkpt>
      <trkpt lat="47.569570" lon="18.947893">
        <ele>235.611381</ele>
        <time>2026-08-06T16:11:02.881Z</time>
      </trkpt>
      <trkpt lat="47.569507" lon="18.948055">
        <ele>235.826102</ele>
        <time>2026-08-06T16:11:06.191Z</time>
      </trkpt>
      <trkpt lat="47.569394" lon="18.948346">
        <ele>236.211664</ele>
        <time>2026-08-06T16:11:11.814Z</time>
      </trkpt>
      <trkpt lat="47.569004" lon="18.949354">
        <ele>236.911859</ele>
        <time>2026-08-06T16:11:30.080Z</time>
      </trkpt>
      <trkpt lat="47.568902" lon="18.949670">
        <ele>236.981718</ele>
        <time>2026-08-06T16:11:35.999Z</time>
      </trkpt>
      <trkpt lat="47.568760" lon="18.950439">
        <ele>237.140717</ele>
        <time>2026-08-06T16:11:49.290Z</time>
      </trkpt>
      <trkpt lat="47.568668" lon="18.950790">
        <ele>237.215812</ele>
        <time>2026-08-06T16:11:54.982Z</time>
      </trkpt>
      <trkpt lat="47.568150" lon="18.952231">
        <ele>237.238703</ele>
        <time>2026-08-06T16:12:18.751Z</time>
      </trkpt>
      <trkpt lat="47.567932" lon="18.952728">
        <ele>237.202135</ele>
        <time>2026-08-06T16:12:27.796Z</time>
      </trkpt>
      <trkpt lat="47.567124" lon="18.954309">
        <ele>237.119189</ele>
        <time>2026-08-06T16:12:56.497Z</time>
      </trkpt>
      <trkpt lat="47.567071" lon="18.954412">
        <ele>237.115970</ele>
        <time>2026-08-06T16:12:58.272Z</time>
      </trkpt>
      <trkpt lat="47.567030" lon="18.954517">
        <ele>237.112955</ele>
        <time>2026-08-06T16:12:59.884Z</time>
      </trkpt>
      <trkpt lat="47.566675" lon="18.955426">
        <ele>237.086851</ele>
        <time>2026-08-06T16:13:15.532Z</time>
      </trkpt>
      <trkpt lat="47.566438" lon="18.955887">
        <ele>237.296161</ele>
        <time>2026-08-06T16:13:25.103Z</time>
      </trkpt>
      <trkpt lat="47.565940" lon="18.956622">
        <ele>238.088842</ele>
        <time>2026-08-06T16:13:42.612Z</time>
      </trkpt>
      <trkpt lat="47.565847" lon="18.956772">
        <ele>238.243868</ele>
        <time>2026-08-06T16:13:46.502Z</time>
      </trkpt>
      <trkpt lat="47.565586" lon="18.957218">
        <ele>238.693152</ele>
        <time>2026-08-06T16:13:58.283Z</time>
      </trkpt>
      <trkpt lat="47.565407" lon="18.957596">
        <ele>239.044592</ele>
        <time>2026-08-06T16:14:07.549Z</time>
      </trkpt>
      <trkpt lat="47.565010" lon="18.958589">
        <ele>240.193343</ele>
        <time>2026-08-06T16:14:29.859Z</time>
      </trkpt>
      <trkpt lat="47.564746" lon="18.959387">
        <ele>241.094127</ele>
        <time>2026-08-06T16:14:47.354Z</time>
      </trkpt>
      <trkpt lat="47.564723" lon="18.959463">
        <ele>241.178549</ele>
        <time>2026-08-06T16:14:48.947Z</time>
      </trkpt>
      <trkpt lat="47.564227" lon="18.961258">
        <ele>243.127123</ele>
        <time>2026-08-06T16:15:23.462Z</time>
      </trkpt>
      <trkpt lat="47.564109" lon="18.961616">
        <ele>243.525692</ele>
        <time>2026-08-06T16:15:30.875Z</time>
      </trkpt>
      <trkpt lat="47.563953" lon="18.961978">
        <ele>243.955372</ele>
        <time>2026-08-06T16:15:39.348Z</time>
      </trkpt>
      <trkpt lat="47.563888" lon="18.962104">
        <ele>244.114033</ele>
        <time>2026-08-06T16:15:42.586Z</time>
      </trkpt>
      <trkpt lat="47.563827" lon="18.962200">
        <ele>244.245945</ele>
        <time>2026-08-06T16:15:45.336Z</time>
      </trkpt>
      <trkpt lat="47.563737" lon="18.962291">
        <ele>244.407468</ele>
        <time>2026-08-06T16:15:48.717Z</time>
      </trkpt>
      <trkpt lat="47.563335" lon="18.962543">
        <ele>245.357974</ele>
        <time>2026-08-06T16:16:02.411Z</time>
      </trkpt>
      <trkpt lat="47.562844" lon="18.962900">
        <ele>246.594259</ele>
        <time>2026-08-06T16:16:19.943Z</time>
      </trkpt>
      <trkpt lat="47.562787" lon="18.962943">
        <ele>246.738840</ele>
        <time>2026-08-06T16:16:22.005Z</time>
      </trkpt>
      <trkpt lat="47.562746" lon="18.962973">
        <ele>246.842201</ele>
        <time>2026-08-06T16:16:23.529Z</time>
      </trkpt>
      <trkpt lat="47.562112" lon="18.963445">
        <ele>248.446027</ele>
        <time>2026-08-06T16:16:45.823Z</time>
      </trkpt>
      <trkpt lat="47.561883" lon="18.963620">
        <ele>248.939006</ele>
        <time>2026-08-06T16:16:53.643Z</time>
      </trkpt>
      <trkpt lat="47.561537" lon="18.963875">
        <ele>249.651840</ele>
        <time>2026-08-06T16:17:05.040Z</time>
      </trkpt>
      <trkpt lat="47.561012" lon="18.964261">
        <ele>250.732943</ele>
        <time>2026-08-06T16:17:22.386Z</time>
      </trkpt>
      <trkpt lat="47.560935" lon="18.964317">
        <ele>250.891168</ele>
        <time>2026-08-06T16:17:24.927Z</time>
      </trkpt>
      <trkpt lat="47.560253" lon="18.964818">
        <ele>252.336728</ele>
        <time>2026-08-06T16:17:46.817Z</time>
      </trkpt>
      <trkpt lat="47.560175" lon="18.964876">
        <ele>252.513022</ele>
        <time>2026-08-06T16:17:49.315Z</time>
      </trkpt>
      <trkpt lat="47.559545" lon="18.965334">
        <ele>253.930599</ele>
        <time>2026-08-06T16:18:10.288Z</time>
      </trkpt>
      <trkpt lat="47.559441" lon="18.965409">
        <ele>254.164249</ele>
        <time>2026-08-06T16:18:13.822Z</time>
      </trkpt>
      <trkpt lat="47.559284" lon="18.965528">
        <ele>254.520488</ele>
        <time>2026-08-06T16:18:19.263Z</time>
      </trkpt>
      <trkpt lat="47.558652" lon="18.966090">
        <ele>256.102420</ele>
        <time>2026-08-06T16:18:42.631Z</time>
      </trkpt>
      <trkpt lat="47.558505" lon="18.966233">
        <ele>256.521678</ele>
        <time>2026-08-06T16:18:48.211Z</time>
      </trkpt>
      <trkpt lat="47.558032" lon="18.966697">
        <ele>257.874148</ele>
        <time>2026-08-06T16:19:06.565Z</time>
      </trkpt>
      <trkpt lat="47.557903" lon="18.966795">
        <ele>258.219779</ele>
        <time>2026-08-06T16:19:11.194Z</time>
      </trkpt>
      <trkpt lat="47.557659" lon="18.966899">
        <ele>258.825122</ele>
        <time>2026-08-06T16:19:19.192Z</time>
      </trkpt>
      <trkpt lat="47.557616" lon="18.967158">
        <ele>259.254279</ele>
        <time>2026-08-06T16:19:24.816Z</time>
      </trkpt>
      <trkpt lat="47.557522" lon="18.967272">
        <ele>259.543890</ele>
        <time>2026-08-06T16:19:28.662Z</time>
      </trkpt>
      <trkpt lat="47.557410" lon="18.967408">
        <ele>259.872855</ele>
        <time>2026-08-06T16:19:33.239Z</time>
      </trkpt>
      <trkpt lat="47.557105" lon="18.967778">
        <ele>260.669888</ele>
        <time>2026-08-06T16:19:45.509Z</time>
      </trkpt>
      <trkpt lat="47.557060" lon="18.967833">
        <ele>260.787839</ele>
        <time>2026-08-06T16:19:47.331Z</time>
      </trkpt>
      <trkpt lat="47.556475" lon="18.968502">
        <ele>262.282039</ele>
        <time>2026-08-06T16:20:10.199Z</time>
      </trkpt>
      <trkpt lat="47.555296" lon="18.970526">
        <ele>266.136581</ele>
        <time>2026-08-06T16:21:02.239Z</time>
      </trkpt>
      <trkpt lat="47.555222" lon="18.970404">
        <ele>266.378785</ele>
        <time>2026-08-06T16:21:05.495Z</time>
      </trkpt>
      <trkpt lat="47.554741" lon="18.969524">
        <ele>268.764213</ele>
        <time>2026-08-06T16:21:31.864Z</time>
      </trkpt>
      <trkpt lat="47.554682" lon="18.969420">
        <ele>269.170214</ele>
        <time>2026-08-06T16:21:35.731Z</time>
      </trkpt>
      <trkpt lat="47.554658" lon="18.969379">
        <ele>269.332401</ele>
        <time>2026-08-06T16:21:37.298Z</time>
      </trkpt>
      <trkpt lat="47.554243" lon="18.968692">
        <ele>272.087656</ele>
        <time>2026-08-06T16:22:05.400Z</time>
      </trkpt>
      <trkpt lat="47.554042" lon="18.968355">
        <ele>273.431646</ele>
        <time>2026-08-06T16:22:19.871Z</time>
      </trkpt>
      <trkpt lat="47.553942" lon="18.968187">
        <ele>274.101057</ele>
        <time>2026-08-06T16:22:26.670Z</time>
      </trkpt>
      <trkpt lat="47.553477" lon="18.967437">
        <ele>274.839949</ele>
        <time>2026-08-06T16:22:51.209Z</time>
      </trkpt>
      <trkpt lat="47.553423" lon="18.967310">
        <ele>274.722450</ele>
        <time>2026-08-06T16:22:53.891Z</time>
      </trkpt>
      <trkpt lat="47.552520" lon="18.966009">
        <ele>273.261597</ele>
        <time>2026-08-06T16:23:14.669Z</time>
      </trkpt>
      <trkpt lat="47.552053" lon="18.964920">
        <ele>269.673152</ele>
        <time>2026-08-06T16:23:28.029Z</time>
      </trkpt>
      <trkpt lat="47.551477" lon="18.965422">
        <ele>266.859938</ele>
        <time>2026-08-06T16:23:38.432Z</time>
      </trkpt>
      <trkpt lat="47.550646" lon="18.966119">
        <ele>262.747052</ele>
        <time>2026-08-06T16:23:53.241Z</time>
      </trkpt>
      <trkpt lat="47.550379" lon="18.966386">
        <ele>261.346307</ele>
        <time>2026-08-06T16:23:58.170Z</time>
      </trkpt>
      <trkpt lat="47.548894" lon="18.968910">
        <ele>251.658480</ele>
        <time>2026-08-06T16:24:33.207Z</time>
      </trkpt>
      <trkpt lat="47.548471" lon="18.969617">
        <ele>248.587635</ele>
        <time>2026-08-06T16:24:43.218Z</time>
      </trkpt>
      <trkpt lat="47.547866" lon="18.968952">
        <ele>244.459119</ele>
        <time>2026-08-06T16:24:54.691Z</time>
      </trkpt>
      <trkpt lat="47.547805" lon="18.968915">
        <ele>244.097881</ele>
        <time>2026-08-06T16:24:55.660Z</time>
      </trkpt>
      <trkpt lat="47.547705" lon="18.968899">
        <ele>243.546654</ele>
        <time>2026-08-06T16:24:57.131Z</time>
      </trkpt>
      <trkpt lat="47.547417" lon="18.968570">
        <ele>241.553578</ele>
        <time>2026-08-06T16:25:02.343Z</time>
      </trkpt>
      <trkpt lat="47.547184" lon="18.968313">
        <ele>239.860305</ele>
        <time>2026-08-06T16:25:06.498Z</time>
      </trkpt>
      <trkpt lat="47.547030" lon="18.968144">
        <ele>238.523496</ele>
        <time>2026-08-06T16:25:09.232Z</time>
      </trkpt>
      <trkpt lat="47.546771" lon="18.967841">
        <ele>236.221517</ele>
        <time>2026-08-06T16:25:13.952Z</time>
      </trkpt>
      <trkpt lat="47.546099" lon="18.967125">
        <ele>230.447698</ele>
        <time>2026-08-06T16:25:25.746Z</time>
      </trkpt>
      <trkpt lat="47.545454" lon="18.966540">
        <ele>226.183832</ele>
        <time>2026-08-06T16:25:36.520Z</time>
      </trkpt>
      <trkpt lat="47.544810" lon="18.965958">
        <ele>222.957581</ele>
        <time>2026-08-06T16:25:48.184Z</time>
      </trkpt>
      <trkpt lat="47.544773" lon="18.966029">
        <ele>222.698638</ele>
        <time>2026-08-06T16:25:49.329Z</time>
      </trkpt>
      <trkpt lat="47.544704" lon="18.966049">
        <ele>222.397946</ele>
        <time>2026-08-06T16:25:50.586Z</time>
      </trkpt>
      <trkpt lat="47.544623" lon="18.966186">
        <ele>221.872183</ele>
        <time>2026-08-06T16:25:52.879Z</time>
      </trkpt>
      <trkpt lat="47.544511" lon="18.966290">
        <ele>221.306869</ele>
        <time>2026-08-06T16:25:55.386Z</time>
      </trkpt>
      <trkpt lat="47.544399" lon="18.966395">
        <ele>220.740016</ele>
        <time>2026-08-06T16:25:57.971Z</time>
      </trkpt>
      <trkpt lat="47.544146" lon="18.966531">
        <ele>219.829714</ele>
        <time>2026-08-06T16:26:03.356Z</time>
      </trkpt>
      <trkpt lat="47.543956" lon="18.966587">
        <ele>219.395845</ele>
        <time>2026-08-06T16:26:07.577Z</time>
      </trkpt>
      <trkpt lat="47.543063" lon="18.966555">
        <ele>217.395275</ele>
        <time>2026-08-06T16:26:26.311Z</time>
      </trkpt>
      <trkpt lat="47.542675" lon="18.966365">
        <ele>216.480054</ele>
        <time>2026-08-06T16:26:33.747Z</time>
      </trkpt>
      <trkpt lat="47.542278" lon="18.966431">
        <ele>215.592376</ele>
        <time>2026-08-06T16:26:40.903Z</time>
      </trkpt>
      <trkpt lat="47.541800" lon="18.966474">
        <ele>214.535557</ele>
        <time>2026-08-06T16:26:49.685Z</time>
      </trkpt>
      <trkpt lat="47.541510" lon="18.966431">
        <ele>213.892371</ele>
        <time>2026-08-06T16:26:55.158Z</time>
      </trkpt>
      <trkpt lat="47.541366" lon="18.966454">
        <ele>213.572742</ele>
        <time>2026-08-06T16:26:57.959Z</time>
      </trkpt>
      <trkpt lat="47.541040" lon="18.966817">
        <ele>212.672724</ele>
        <time>2026-08-06T16:27:06.101Z</time>
      </trkpt>
      <trkpt lat="47.540904" lon="18.967060">
        <ele>212.202477</ele>
        <time>2026-08-06T16:27:10.882Z</time>
      </trkpt>
      <trkpt lat="47.540812" lon="18.967302">
        <ele>212.131777</ele>
        <time>2026-08-06T16:27:15.725Z</time>
      </trkpt>
      <trkpt lat="47.540763" lon="18.967510">
        <ele>212.169083</ele>
        <time>2026-08-06T16:27:19.985Z</time>
      </trkpt>
      <trkpt lat="47.540639" lon="18.968231">
        <ele>212.295080</ele>
        <time>2026-08-06T16:27:35.362Z</time>
      </trkpt>
      <trkpt lat="47.540581" lon="18.968603">
        <ele>212.359734</ele>
        <time>2026-08-06T16:27:43.000Z</time>
      </trkpt>
      <trkpt lat="47.540549" lon="18.969064">
        <ele>212.438213</ele>
        <time>2026-08-06T16:27:51.664Z</time>
      </trkpt>
      <trkpt lat="47.540447" lon="18.969845">
        <ele>212.251731</ele>
        <time>2026-08-06T16:28:04.358Z</time>
      </trkpt>
      <trkpt lat="47.540196" lon="18.970933">
        <ele>209.941346</ele>
        <time>2026-08-06T16:28:19.528Z</time>
      </trkpt>
      <trkpt lat="47.539976" lon="18.971383">
        <ele>208.824884</ele>
        <time>2026-08-06T16:28:26.237Z</time>
      </trkpt>
      <trkpt lat="47.539905" lon="18.971581">
        <ele>208.374370</ele>
        <time>2026-08-06T16:28:28.882Z</time>
      </trkpt>
      <trkpt lat="47.539922" lon="18.972456">
        <ele>206.315263</ele>
        <time>2026-08-06T16:28:39.074Z</time>
      </trkpt>
      <trkpt lat="47.539886" lon="18.972756">
        <ele>205.385457</ele>
        <time>2026-08-06T16:28:42.627Z</time>
      </trkpt>
      <trkpt lat="47.539614" lon="18.973522">
        <ele>202.744349</ele>
        <time>2026-08-06T16:28:52.807Z</time>
      </trkpt>
      <trkpt lat="47.539343" lon="18.973991">
        <ele>200.860508</ele>
        <time>2026-08-06T16:29:00.084Z</time>
      </trkpt>
      <trkpt lat="47.539166" lon="18.974513">
        <ele>199.077953</ele>
        <time>2026-08-06T16:29:06.949Z</time>
      </trkpt>
      <trkpt lat="47.539079" lon="18.974887">
        <ele>197.810777</ele>
        <time>2026-08-06T16:29:11.591Z</time>
      </trkpt>
      <trkpt lat="47.538774" lon="18.975297">
        <ele>195.855334</ele>
        <time>2026-08-06T16:29:18.716Z</time>
      </trkpt>
      <trkpt lat="47.538452" lon="18.975561">
        <ele>194.108013</ele>
        <time>2026-08-06T16:29:24.981Z</time>
      </trkpt>
      <trkpt lat="47.537737" lon="18.975993">
        <ele>190.474860</ele>
        <time>2026-08-06T16:29:38.108Z</time>
      </trkpt>
      <trkpt lat="47.537625" lon="18.976136">
        <ele>190.053888</ele>
        <time>2026-08-06T16:29:40.684Z</time>
      </trkpt>
      <trkpt lat="47.537167" lon="18.977078">
        <ele>187.822661</ele>
        <time>2026-08-06T16:29:54.931Z</time>
      </trkpt>
      <trkpt lat="47.536988" lon="18.977663">
        <ele>186.588163</ele>
        <time>2026-08-06T16:30:03.614Z</time>
      </trkpt>
      <trkpt lat="47.536843" lon="18.978248">
        <ele>185.395857</ele>
        <time>2026-08-06T16:30:12.466Z</time>
      </trkpt>
      <trkpt lat="47.536651" lon="18.978675">
        <ele>184.820162</ele>
        <time>2026-08-06T16:30:19.666Z</time>
      </trkpt>
      <trkpt lat="47.536272" lon="18.979240">
        <ele>183.926411</ele>
        <time>2026-08-06T16:30:30.741Z</time>
      </trkpt>
      <trkpt lat="47.535845" lon="18.979568">
        <ele>183.126923</ele>
        <time>2026-08-06T16:30:40.670Z</time>
      </trkpt>
      <trkpt lat="47.535562" lon="18.979877">
        <ele>182.542553</ele>
        <time>2026-08-06T16:30:47.936Z</time>
      </trkpt>
      <trkpt lat="47.535347" lon="18.980204">
        <ele>181.845560</ele>
        <time>2026-08-06T16:30:53.965Z</time>
      </trkpt>
      <trkpt lat="47.535077" lon="18.980950">
        <ele>180.438212</ele>
        <time>2026-08-06T16:31:04.745Z</time>
      </trkpt>
      <trkpt lat="47.535056" lon="18.981050">
        <ele>180.264086</ele>
        <time>2026-08-06T16:31:06.109Z</time>
      </trkpt>
      <trkpt lat="47.534880" lon="18.981649">
        <ele>179.177908</ele>
        <time>2026-08-06T16:31:13.617Z</time>
      </trkpt>
      <trkpt lat="47.534853" lon="18.981707">
        <ele>179.060770</ele>
        <time>2026-08-06T16:31:14.419Z</time>
      </trkpt>
      <trkpt lat="47.534734" lon="18.981905">
        <ele>178.620011</ele>
        <time>2026-08-06T16:31:17.453Z</time>
      </trkpt>
      <trkpt lat="47.534555" lon="18.982195">
        <ele>177.968620</ele>
        <time>2026-08-06T16:31:21.923Z</time>
      </trkpt>
      <trkpt lat="47.534465" lon="18.982341">
        <ele>177.675686</ele>
        <time>2026-08-06T16:31:24.142Z</time>
      </trkpt>
      <trkpt lat="47.534247" lon="18.982584">
        <ele>177.076909</ele>
        <time>2026-08-06T16:31:28.647Z</time>
      </trkpt>
      <trkpt lat="47.533627" lon="18.983132">
        <ele>175.492379</ele>
        <time>2026-08-06T16:31:41.232Z</time>
      </trkpt>
      <trkpt lat="47.533191" lon="18.983477">
        <ele>174.407528</ele>
        <time>2026-08-06T16:31:50.047Z</time>
      </trkpt>
      <trkpt lat="47.532867" lon="18.983675">
        <ele>173.662658</ele>
        <time>2026-08-06T16:31:56.225Z</time>
      </trkpt>
      <trkpt lat="47.532591" lon="18.983799">
        <ele>173.068322</ele>
        <time>2026-08-06T16:32:01.284Z</time>
      </trkpt>
      <trkpt lat="47.532157" lon="18.984063">
        <ele>172.101501</ele>
        <time>2026-08-06T16:32:09.559Z</time>
      </trkpt>
      <trkpt lat="47.531264" lon="18.984320">
        <ele>170.256334</ele>
        <time>2026-08-06T16:32:25.406Z</time>
      </trkpt>
      <trkpt lat="47.530721" lon="18.984425">
        <ele>169.448025</ele>
        <time>2026-08-06T16:32:34.868Z</time>
      </trkpt>
      <trkpt lat="47.530033" lon="18.984461">
        <ele>168.431855</ele>
        <time>2026-08-06T16:32:47.548Z</time>
      </trkpt>
      <trkpt lat="47.529840" lon="18.984457">
        <ele>168.146945</ele>
        <time>2026-08-06T16:32:51.620Z</time>
      </trkpt>
      <trkpt lat="47.529603" lon="18.984385">
        <ele>167.789832</ele>
        <time>2026-08-06T16:32:56.638Z</time>
      </trkpt>
      <trkpt lat="47.529303" lon="18.984247">
        <ele>167.256344</ele>
        <time>2026-08-06T16:33:02.768Z</time>
      </trkpt>
      <trkpt lat="47.528923" lon="18.984131">
        <ele>166.569297</ele>
        <time>2026-08-06T16:33:10.113Z</time>
      </trkpt>
      <trkpt lat="47.528834" lon="18.984134">
        <ele>166.411656</ele>
        <time>2026-08-06T16:33:11.762Z</time>
      </trkpt>
      <trkpt lat="47.528663" lon="18.984182">
        <ele>166.103460</ele>
        <time>2026-08-06T16:33:14.973Z</time>
      </trkpt>
      <trkpt lat="47.528553" lon="18.984283">
        <ele>165.874274</ele>
        <time>2026-08-06T16:33:17.318Z</time>
      </trkpt>
      <trkpt lat="47.528453" lon="18.984447">
        <ele>165.610061</ele>
        <time>2026-08-06T16:33:20.010Z</time>
      </trkpt>
      <trkpt lat="47.528192" lon="18.985042">
        <ele>164.761684</ele>
        <time>2026-08-06T16:33:28.185Z</time>
      </trkpt>
      <trkpt lat="47.528137" lon="18.985391">
        <ele>164.290673</ele>
        <time>2026-08-06T16:33:32.102Z</time>
      </trkpt>
      <trkpt lat="47.528172" lon="18.985915">
        <ele>163.491204</ele>
        <time>2026-08-06T16:33:37.868Z</time>
      </trkpt>
      <trkpt lat="47.528114" lon="18.986116">
        <ele>163.159329</ele>
        <time>2026-08-06T16:33:40.340Z</time>
      </trkpt>
      <trkpt lat="47.527398" lon="18.987099">
        <ele>160.963983</ele>
        <time>2026-08-06T16:33:57.455Z</time>
      </trkpt>
      <trkpt lat="47.527186" lon="18.987314">
        <ele>160.425037</ele>
        <time>2026-08-06T16:34:02.096Z</time>
      </trkpt>
      <trkpt lat="47.526710" lon="18.987738">
        <ele>159.982447</ele>
        <time>2026-08-06T16:34:12.375Z</time>
      </trkpt>
      <trkpt lat="47.526456" lon="18.987855">
        <ele>159.770500</ele>
        <time>2026-08-06T16:34:17.484Z</time>
      </trkpt>
      <trkpt lat="47.526300" lon="18.987840">
        <ele>159.645939</ele>
        <time>2026-08-06T16:34:20.574Z</time>
      </trkpt>
      <trkpt lat="47.526180" lon="18.987880">
        <ele>159.547933</ele>
        <time>2026-08-06T16:34:23.016Z</time>
      </trkpt>
      <trkpt lat="47.526091" lon="18.988021">
        <ele>159.444087</ele>
        <time>2026-08-06T16:34:25.664Z</time>
      </trkpt>
      <trkpt lat="47.525416" lon="18.989591">
        <ele>158.858320</ele>
        <time>2026-08-06T16:34:53.602Z</time>
      </trkpt>
      <trkpt lat="47.525209" lon="18.990105">
        <ele>158.770904</ele>
        <time>2026-08-06T16:35:02.705Z</time>
      </trkpt>
      <trkpt lat="47.524738" lon="18.991442">
        <ele>158.392107</ele>
        <time>2026-08-06T16:35:23.711Z</time>
      </trkpt>
      <trkpt lat="47.524485" lon="18.992169">
        <ele>158.014997</ele>
        <time>2026-08-06T16:35:34.554Z</time>
      </trkpt>
      <trkpt lat="47.524097" lon="18.993167">
        <ele>157.484008</ele>
        <time>2026-08-06T16:35:49.924Z</time>
      </trkpt>
      <trkpt lat="47.524029" lon="18.993258">
        <ele>157.421426</ele>
        <time>2026-08-06T16:35:51.744Z</time>
      </trkpt>
      <trkpt lat="47.523973" lon="18.993295">
        <ele>157.383870</ele>
        <time>2026-08-06T16:35:52.978Z</time>
      </trkpt>
      <trkpt lat="47.523942" lon="18.993278">
        <ele>157.367226</ele>
        <time>2026-08-06T16:35:53.627Z</time>
      </trkpt>
      <trkpt lat="47.523844" lon="18.993306">
        <ele>157.316972</ele>
        <time>2026-08-06T16:35:55.653Z</time>
      </trkpt>
      <trkpt lat="47.523793" lon="18.993459">
        <ele>157.258959</ele>
        <time>2026-08-06T16:35:57.995Z</time>
      </trkpt>
      <trkpt lat="47.523819" lon="18.993571">
        <ele>157.218690</ele>
        <time>2026-08-06T16:35:59.677Z</time>
      </trkpt>
      <trkpt lat="47.523827" lon="18.993769">
        <ele>157.151248</ele>
        <time>2026-08-06T16:36:02.540Z</time>
      </trkpt>
      <trkpt lat="47.523793" lon="18.993904">
        <ele>157.102258</ele>
        <time>2026-08-06T16:36:04.656Z</time>
      </trkpt>
      <trkpt lat="47.523700" lon="18.994096">
        <ele>157.021919</ele>
        <time>2026-08-06T16:36:08.259Z</time>
      </trkpt>
      <trkpt lat="47.523492" lon="18.994500">
        <ele>156.849185</ele>
        <time>2026-08-06T16:36:15.895Z</time>
      </trkpt>
      <trkpt lat="47.523348" lon="18.994793">
        <ele>156.725971</ele>
        <time>2026-08-06T16:36:20.948Z</time>
      </trkpt>
      <trkpt lat="47.523026" lon="18.995455">
        <ele>156.347269</ele>
        <time>2026-08-06T16:36:31.841Z</time>
      </trkpt>
      <trkpt lat="47.522953" lon="18.995600">
        <ele>156.136707</ele>
        <time>2026-08-06T16:36:34.156Z</time>
      </trkpt>
      <trkpt lat="47.522660" lon="18.996143">
        <ele>155.327505</ele>
        <time>2026-08-06T16:36:42.950Z</time>
      </trkpt>
      <trkpt lat="47.522433" lon="18.996539">
        <ele>154.722766</ele>
        <time>2026-08-06T16:36:49.161Z</time>
      </trkpt>
      <trkpt lat="47.522332" lon="18.996703">
        <ele>154.464356</ele>
        <time>2026-08-06T16:36:51.721Z</time>
      </trkpt>
      <trkpt lat="47.521878" lon="18.997385">
        <ele>153.351429</ele>
        <time>2026-08-06T16:37:02.878Z</time>
      </trkpt>
      <trkpt lat="47.521574" lon="18.997793">
        <ele>152.679557</ele>
        <time>2026-08-06T16:37:10.002Z</time>
      </trkpt>
      <trkpt lat="47.521295" lon="18.998132">
        <ele>152.088548</ele>
        <time>2026-08-06T16:37:16.314Z</time>
      </trkpt>
      <trkpt lat="47.520856" lon="18.998703">
        <ele>151.131696</ele>
        <time>2026-08-06T16:37:26.694Z</time>
      </trkpt>
      <trkpt lat="47.520169" lon="18.999656">
        <ele>150.221305</ele>
        <time>2026-08-06T16:37:45.863Z</time>
      </trkpt>
      <trkpt lat="47.519750" lon="19.000252">
        <ele>149.973133</ele>
        <time>2026-08-06T16:37:58.890Z</time>
      </trkpt>
      <trkpt lat="47.519429" lon="19.000653">
        <ele>149.793744</ele>
        <time>2026-08-06T16:38:07.774Z</time>
      </trkpt>
      <trkpt lat="47.519152" lon="19.000937">
        <ele>149.600741</ele>
        <time>2026-08-06T16:38:14.715Z</time>
      </trkpt>
      <trkpt lat="47.518854" lon="19.001193">
        <ele>149.174956</ele>
        <time>2026-08-06T16:38:21.444Z</time>
      </trkpt>
      <trkpt lat="47.518577" lon="19.001503">
        <ele>148.745839</ele>
        <time>2026-08-06T16:38:27.838Z</time>
      </trkpt>
      <trkpt lat="47.518362" lon="19.001814">
        <ele>148.374378</ele>
        <time>2026-08-06T16:38:33.233Z</time>
      </trkpt>
      <trkpt lat="47.518153" lon="19.002128">
        <ele>148.006404</ele>
        <time>2026-08-06T16:38:38.561Z</time>
      </trkpt>
      <trkpt lat="47.517708" lon="19.002842">
        <ele>147.635780</ele>
        <time>2026-08-06T16:38:50.946Z</time>
      </trkpt>
      <trkpt lat="47.517419" lon="19.003306">
        <ele>148.010190</ele>
        <time>2026-08-06T16:38:59.375Z</time>
      </trkpt>
      <trkpt lat="47.517157" lon="19.003635">
        <ele>148.311915</ele>
        <time>2026-08-06T16:39:06.456Z</time>
      </trkpt>
      <trkpt lat="47.516490" lon="19.004252">
        <ele>149.002672</ele>
        <time>2026-08-06T16:39:30.011Z</time>
      </trkpt>
      <trkpt lat="47.516767" lon="19.004605">
        <ele>151.364547</ele>
        <time>2026-08-06T16:39:44.964Z</time>
      </trkpt>
      <trkpt lat="47.517118" lon="19.005096">
        <ele>154.762532</ele>
        <time>2026-08-06T16:40:08.894Z</time>
      </trkpt>
      <trkpt lat="47.517206" lon="19.005218">
        <ele>155.610866</ele>
        <time>2026-08-06T16:40:15.434Z</time>
      </trkpt>
      <trkpt lat="47.517350" lon="19.005496">
        <ele>157.275939</ele>
        <time>2026-08-06T16:40:28.919Z</time>
      </trkpt>
      <trkpt lat="47.517446" lon="19.005692">
        <ele>158.426625</ele>
        <time>2026-08-06T16:40:38.418Z</time>
      </trkpt>
      <trkpt lat="47.517471" lon="19.005755">
        <ele>158.773897</ele>
        <time>2026-08-06T16:40:41.244Z</time>
      </trkpt>
      <trkpt lat="47.517640" lon="19.006177">
        <ele>161.105570</ele>
        <time>2026-08-06T16:41:00.797Z</time>
      </trkpt>
      <trkpt lat="47.517729" lon="19.006419">
        <ele>162.545547</ele>
        <time>2026-08-06T16:41:11.396Z</time>
      </trkpt>
      <trkpt lat="47.518021" lon="19.007073">
        <ele>166.941247</ele>
        <time>2026-08-06T16:41:41.463Z</time>
      </trkpt>
      <trkpt lat="47.518031" lon="19.007097">
        <ele>167.099358</ele>
        <time>2026-08-06T16:41:42.550Z</time>
      </trkpt>
      <trkpt lat="47.518120" lon="19.007277">
        <ele>168.350135</ele>
        <time>2026-08-06T16:41:51.461Z</time>
      </trkpt>
      <trkpt lat="47.518260" lon="19.007545">
        <ele>170.249791</ele>
        <time>2026-08-06T16:42:04.336Z</time>
      </trkpt>
      <trkpt lat="47.518402" lon="19.007828">
        <ele>172.226496</ele>
        <time>2026-08-06T16:42:16.729Z</time>
      </trkpt>
      <trkpt lat="47.518610" lon="19.008229">
        <ele>175.061391</ele>
        <time>2026-08-06T16:42:34.709Z</time>
      </trkpt>
      <trkpt lat="47.518777" lon="19.008460">
        <ele>176.971207</ele>
        <time>2026-08-06T16:42:47.204Z</time>
      </trkpt>
      <trkpt lat="47.518948" lon="19.008547">
        <ele>178.528315</ele>
        <time>2026-08-06T16:42:57.125Z</time>
      </trkpt>
      <trkpt lat="47.519123" lon="19.008666">
        <ele>180.186687</ele>
        <time>2026-08-06T16:43:07.430Z</time>
      </trkpt>
      <trkpt lat="47.519260" lon="19.008819">
        <ele>181.664435</ele>
        <time>2026-08-06T16:43:16.620Z</time>
      </trkpt>
      <trkpt lat="47.519410" lon="19.009334">
        <ele>184.926284</ele>
        <time>2026-08-06T16:43:37.620Z</time>
      </trkpt>
      <trkpt lat="47.519508" lon="19.009670">
        <ele>187.054863</ele>
        <time>2026-08-06T16:43:50.909Z</time>
      </trkpt>
      <trkpt lat="47.519596" lon="19.009920">
        <ele>188.694468</ele>
        <time>2026-08-06T16:44:01.300Z</time>
      </trkpt>
      <trkpt lat="47.519730" lon="19.010112">
        <ele>190.300248</ele>
        <time>2026-08-06T16:44:11.968Z</time>
      </trkpt>
      <trkpt lat="47.520034" lon="19.010526">
        <ele>194.159239</ele>
        <time>2026-08-06T16:44:39.159Z</time>
      </trkpt>
      <trkpt lat="47.520264" lon="19.010839">
        <ele>197.315006</ele>
        <time>2026-08-06T16:45:00.611Z</time>
      </trkpt>
      <trkpt lat="47.520487" lon="19.011144">
        <ele>200.381776</ele>
        <time>2026-08-06T16:45:21.114Z</time>
      </trkpt>
      <trkpt lat="47.520897" lon="19.011702">
        <ele>206.007447</ele>
        <time>2026-08-06T16:45:58.006Z</time>
      </trkpt>
      <trkpt lat="47.520958" lon="19.011795">
        <ele>206.891933</ele>
        <time>2026-08-06T16:46:03.277Z</time>
      </trkpt>
      <trkpt lat="47.521116" lon="19.012004">
        <ele>209.032225</ele>
        <time>2026-08-06T16:46:16.115Z</time>
      </trkpt>
      <trkpt lat="47.521313" lon="19.012448">
        <ele>211.236778</ele>
        <time>2026-08-06T16:46:36.502Z</time>
      </trkpt>
      <trkpt lat="47.521506" lon="19.012989">
        <ele>212.915285</ele>
        <time>2026-08-06T16:46:55.539Z</time>
      </trkpt>
      <trkpt lat="47.521770" lon="19.013740">
        <ele>215.237941</ele>
        <time>2026-08-06T16:47:15.900Z</time>
      </trkpt>
      <trkpt lat="47.521859" lon="19.013994">
        <ele>216.022956</ele>
        <time>2026-08-06T16:47:21.828Z</time>
      </trkpt>
      <trkpt lat="47.521918" lon="19.014169">
        <ele>216.559539</ele>
        <time>2026-08-06T16:47:25.585Z</time>
      </trkpt>
      <trkpt lat="47.521957" lon="19.014284">
        <ele>216.912566</ele>
        <time>2026-08-06T16:47:27.923Z</time>
      </trkpt>
      <trkpt lat="47.522124" lon="19.014775">
        <ele>217.267334</ele>
        <time>2026-08-06T16:47:36.690Z</time>
      </trkpt>
      <trkpt lat="47.522219" lon="19.015003">
        <ele>216.983712</ele>
        <time>2026-08-06T16:47:40.260Z</time>
      </trkpt>
      <trkpt lat="47.522579" lon="19.015699">
        <ele>216.055586</ele>
        <time>2026-08-06T16:47:50.803Z</time>
      </trkpt>
      <trkpt lat="47.522717" lon="19.015955">
        <ele>215.708813</ele>
        <time>2026-08-06T16:47:54.559Z</time>
      </trkpt>
      <trkpt lat="47.522891" lon="19.016365">
        <ele>215.196171</ele>
        <time>2026-08-06T16:47:59.912Z</time>
      </trkpt>
      <trkpt lat="47.522950" lon="19.016671">
        <ele>214.859280</ele>
        <time>2026-08-06T16:48:03.461Z</time>
      </trkpt>
      <trkpt lat="47.522981" lon="19.016800">
        <ele>214.731193</ele>
        <time>2026-08-06T16:48:05.016Z</time>
      </trkpt>
      <trkpt lat="47.522961" lon="19.016899">
        <ele>214.655668</ele>
        <time>2026-08-06T16:48:06.215Z</time>
      </trkpt>
      <trkpt lat="47.522922" lon="19.017087">
        <ele>214.511928</ele>
        <time>2026-08-06T16:48:08.519Z</time>
      </trkpt>
      <trkpt lat="47.522904" lon="19.017150">
        <ele>214.461931</ele>
        <time>2026-08-06T16:48:09.337Z</time>
      </trkpt>
      <trkpt lat="47.522866" lon="19.017284">
        <ele>214.355709</ele>
        <time>2026-08-06T16:48:11.087Z</time>
      </trkpt>
      <trkpt lat="47.522824" lon="19.017398">
        <ele>214.260797</ele>
        <time>2026-08-06T16:48:12.687Z</time>
      </trkpt>
      <trkpt lat="47.522641" lon="19.017862">
        <ele>213.868071</ele>
        <time>2026-08-06T16:48:19.667Z</time>
      </trkpt>
      <trkpt lat="47.522372" lon="19.018614">
        <ele>213.246104</ele>
        <time>2026-08-06T16:48:32.217Z</time>
      </trkpt>
      <trkpt lat="47.521572" lon="19.020659">
        <ele>210.295114</ele>
        <time>2026-08-06T16:49:04.228Z</time>
      </trkpt>
      <trkpt lat="47.521522" lon="19.020788">
        <ele>210.084341</ele>
        <time>2026-08-06T16:49:05.824Z</time>
      </trkpt>
      <trkpt lat="47.521445" lon="19.020881">
        <ele>209.875833</ele>
        <time>2026-08-06T16:49:07.379Z</time>
      </trkpt>
      <trkpt lat="47.521408" lon="19.020915">
        <ele>209.784457</ele>
        <time>2026-08-06T16:49:08.046Z</time>
      </trkpt>
      <trkpt lat="47.520855" lon="19.021389">
        <ele>207.331963</ele>
        <time>2026-08-06T16:49:17.726Z</time>
      </trkpt>
      <trkpt lat="47.520388" lon="19.021631">
        <ele>204.383446</ele>
        <time>2026-08-06T16:49:24.923Z</time>
      </trkpt>
      <trkpt lat="47.520189" lon="19.021785">
        <ele>203.045346</ele>
        <time>2026-08-06T16:49:28.168Z</time>
      </trkpt>
      <trkpt lat="47.520029" lon="19.021912">
        <ele>201.963496</ele>
        <time>2026-08-06T16:49:30.807Z</time>
      </trkpt>
      <trkpt lat="47.519941" lon="19.021945">
        <ele>201.422517</ele>
        <time>2026-08-06T16:49:32.122Z</time>
      </trkpt>
      <trkpt lat="47.519831" lon="19.021962">
        <ele>200.763426</ele>
        <time>2026-08-06T16:49:33.737Z</time>
      </trkpt>
      <trkpt lat="47.519787" lon="19.021952">
        <ele>200.498144</ele>
        <time>2026-08-06T16:49:34.384Z</time>
      </trkpt>
      <trkpt lat="47.519727" lon="19.021998">
        <ele>200.095498</ele>
        <time>2026-08-06T16:49:35.385Z</time>
      </trkpt>
      <trkpt lat="47.519706" lon="19.022095">
        <ele>199.685546</ele>
        <time>2026-08-06T16:49:36.382Z</time>
      </trkpt>
      <trkpt lat="47.519723" lon="19.022164">
        <ele>199.389948</ele>
        <time>2026-08-06T16:49:37.116Z</time>
      </trkpt>
      <trkpt lat="47.519762" lon="19.022209">
        <ele>199.095302</ele>
        <time>2026-08-06T16:49:37.847Z</time>
      </trkpt>
      <trkpt lat="47.519704" lon="19.022285">
        <ele>198.633757</ele>
        <time>2026-08-06T16:49:38.976Z</time>
      </trkpt>
      <trkpt lat="47.518964" lon="19.023214">
        <ele>191.629803</ele>
        <time>2026-08-06T16:49:52.954Z</time>
      </trkpt>
      <trkpt lat="47.518714" lon="19.023589">
        <ele>189.035766</ele>
        <time>2026-08-06T16:49:57.971Z</time>
      </trkpt>
      <trkpt lat="47.518448" lon="19.023867">
        <ele>186.662441</ele>
        <time>2026-08-06T16:50:02.541Z</time>
      </trkpt>
      <trkpt lat="47.518111" lon="19.024294">
        <ele>183.315194</ele>
        <time>2026-08-06T16:50:08.725Z</time>
      </trkpt>
      <trkpt lat="47.517258" lon="19.025054">
        <ele>175.595627</ele>
        <time>2026-08-06T16:50:22.648Z</time>
      </trkpt>
      <trkpt lat="47.516636" lon="19.025693">
        <ele>170.444144</ele>
        <time>2026-08-06T16:50:33.354Z</time>
      </trkpt>
      <trkpt lat="47.515891" lon="19.026655">
        <ele>166.344483</ele>
        <time>2026-08-06T16:50:48.304Z</time>
      </trkpt>
      <trkpt lat="47.515815" lon="19.026699">
        <ele>166.006050</ele>
        <time>2026-08-06T16:50:49.692Z</time>
      </trkpt>
      <trkpt lat="47.515788" lon="19.026617">
        <ele>165.750523</ele>
        <time>2026-08-06T16:50:50.765Z</time>
      </trkpt>
      <trkpt lat="47.515727" lon="19.026598">
        <ele>165.492000</ele>
        <time>2026-08-06T16:50:51.880Z</time>
      </trkpt>
      <trkpt lat="47.515679" lon="19.026657">
        <ele>165.233272</ele>
        <time>2026-08-06T16:50:53.012Z</time>
      </trkpt>
      <trkpt lat="47.515674" lon="19.026720">
        <ele>165.055592</ele>
        <time>2026-08-06T16:50:53.793Z</time>
      </trkpt>
      <trkpt lat="47.515712" lon="19.026794">
        <ele>164.795206</ele>
        <time>2026-08-06T16:50:54.989Z</time>
      </trkpt>
      <trkpt lat="47.515775" lon="19.026795">
        <ele>164.533911</ele>
        <time>2026-08-06T16:50:56.171Z</time>
      </trkpt>
      <trkpt lat="47.515830" lon="19.026855">
        <ele>164.250582</ele>
        <time>2026-08-06T16:50:57.511Z</time>
      </trkpt>
      <trkpt lat="47.516689" lon="19.027277">
        <ele>162.413228</ele>
        <time>2026-08-06T16:51:15.995Z</time>
      </trkpt>
      <trkpt lat="47.516990" lon="19.027426">
        <ele>161.857990</ele>
        <time>2026-08-06T16:51:22.174Z</time>
      </trkpt>
      <trkpt lat="47.516657" lon="19.028506">
        <ele>159.945661</ele>
        <time>2026-08-06T16:51:35.867Z</time>
      </trkpt>
      <trkpt lat="47.516173" lon="19.030040">
        <ele>153.076045</ele>
        <time>2026-08-06T16:51:52.836Z</time>
      </trkpt>
      <trkpt lat="47.515683" lon="19.031476">
        <ele>144.044353</ele>
        <time>2026-08-06T16:52:07.961Z</time>
      </trkpt>
      <trkpt lat="47.515576" lon="19.031716">
        <ele>141.995168</ele>
        <time>2026-08-06T16:52:10.562Z</time>
      </trkpt>
      <trkpt lat="47.515517" lon="19.031659">
        <ele>141.251892</ele>
        <time>2026-08-06T16:52:11.500Z</time>
      </trkpt>
      <trkpt lat="47.515503" lon="19.031642">
        <ele>141.060863</ele>
        <time>2026-08-06T16:52:11.737Z</time>
      </trkpt>
      <trkpt lat="47.515447" lon="19.031680">
        <ele>140.410936</ele>
        <time>2026-08-06T16:52:12.562Z</time>
      </trkpt>
      <trkpt lat="47.515305" lon="19.031893">
        <ele>138.278274</ele>
        <time>2026-08-06T16:52:15.235Z</time>
      </trkpt>
      <trkpt lat="47.515215" lon="19.032030">
        <ele>136.916406</ele>
        <time>2026-08-06T16:52:16.944Z</time>
      </trkpt>
      <trkpt lat="47.514908" lon="19.032475">
        <ele>132.383581</ele>
        <time>2026-08-06T16:52:22.655Z</time>
      </trkpt>
      <trkpt lat="47.514561" lon="19.032950">
        <ele>128.711233</ele>
        <time>2026-08-06T16:52:28.968Z</time>
      </trkpt>
      <trkpt lat="47.514532" lon="19.032995">
        <ele>128.435085</ele>
        <time>2026-08-06T16:52:29.536Z</time>
      </trkpt>
      <trkpt lat="47.514514" lon="19.033022">
        <ele>128.266649</ele>
        <time>2026-08-06T16:52:29.876Z</time>
      </trkpt>
      <trkpt lat="47.514381" lon="19.033223">
        <ele>127.017346</ele>
        <time>2026-08-06T16:52:32.469Z</time>
      </trkpt>
      <trkpt lat="47.514021" lon="19.033765">
        <ele>123.642293</ele>
        <time>2026-08-06T16:52:39.786Z</time>
      </trkpt>
      <trkpt lat="47.513736" lon="19.034198">
        <ele>120.957942</ele>
        <time>2026-08-06T16:52:46.384Z</time>
      </trkpt>
      <trkpt lat="47.513776" lon="19.034255">
        <ele>120.592996</ele>
        <time>2026-08-06T16:52:47.731Z</time>
      </trkpt>
      <trkpt lat="47.513810" lon="19.034309">
        <ele>120.265224</ele>
        <time>2026-08-06T16:52:49.018Z</time>
      </trkpt>
      <trkpt lat="47.513761" lon="19.034435">
        <ele>119.619696</ele>
        <time>2026-08-06T16:52:50.802Z</time>
      </trkpt>
      <trkpt lat="47.513794" lon="19.034568">
        <ele>119.041677</ele>
        <time>2026-08-06T16:52:52.639Z</time>
      </trkpt>
      <trkpt lat="47.514189" lon="19.034787">
        <ele>118.338374</ele>
        <time>2026-08-06T16:53:00.687Z</time>
      </trkpt>
      <trkpt lat="47.514409" lon="19.034915">
        <ele>117.944230</ele>
        <time>2026-08-06T16:53:05.231Z</time>
      </trkpt>
      <trkpt lat="47.514466" lon="19.035050">
        <ele>117.764931</ele>
        <time>2026-08-06T16:53:07.250Z</time>
      </trkpt>
      <trkpt lat="47.514470" lon="19.035609">
        <ele>117.135353</ele>
        <time>2026-08-06T16:53:14.437Z</time>
      </trkpt>
      <trkpt lat="47.514461" lon="19.035727">
        <ele>117.001617</ele>
        <time>2026-08-06T16:53:15.964Z</time>
      </trkpt>
      <trkpt lat="47.514467" lon="19.035968">
        <ele>116.730020</ele>
        <time>2026-08-06T16:53:18.972Z</time>
      </trkpt>
      <trkpt lat="47.514486" lon="19.036747">
        <ele>115.733464</ele>
        <time>2026-08-06T16:53:27.895Z</time>
      </trkpt>
      <trkpt lat="47.514506" lon="19.037452">
        <ele>114.484868</ele>
        <time>2026-08-06T16:53:35.989Z</time>
      </trkpt>
      <trkpt lat="47.514547" lon="19.037441">
        <ele>114.375702</ele>
        <time>2026-08-06T16:53:36.707Z</time>
      </trkpt>
      <trkpt lat="47.514588" lon="19.037431">
        <ele>114.266838</ele>
        <time>2026-08-06T16:53:37.388Z</time>
      </trkpt>
      <trkpt lat="47.514634" lon="19.037419">
        <ele>114.144466</ele>
        <time>2026-08-06T16:53:38.192Z</time>
      </trkpt>
      <trkpt lat="47.514675" lon="19.037409">
        <ele>114.035602</ele>
        <time>2026-08-06T16:53:38.956Z</time>
      </trkpt>
      <trkpt lat="47.514721" lon="19.037397">
        <ele>113.913230</ele>
        <time>2026-08-06T16:53:39.763Z</time>
      </trkpt>
      <trkpt lat="47.514780" lon="19.037359">
        <ele>113.744663</ele>
        <time>2026-08-06T16:53:41.233Z</time>
      </trkpt>
      <trkpt lat="47.515052" lon="19.037307">
        <ele>113.026132</ele>
        <time>2026-08-06T16:53:47.596Z</time>
      </trkpt>
      <trkpt lat="47.515153" lon="19.037245">
        <ele>112.739680</ele>
        <time>2026-08-06T16:53:50.225Z</time>
      </trkpt>
      <trkpt lat="47.515172" lon="19.037269">
        <ele>112.674247</ele>
        <time>2026-08-06T16:53:50.624Z</time>
      </trkpt>
      <trkpt lat="47.515124" lon="19.037460">
        <ele>112.313639</ele>
        <time>2026-08-06T16:53:52.950Z</time>
      </trkpt>
      <trkpt lat="47.515146" lon="19.037685">
        <ele>111.911357</ele>
        <time>2026-08-06T16:53:55.433Z</time>
      </trkpt>
      <trkpt lat="47.515165" lon="19.037824">
        <ele>111.660413</ele>
        <time>2026-08-06T16:53:56.964Z</time>
      </trkpt>
      <trkpt lat="47.515215" lon="19.038198">
        <ele>111.023193</ele>
        <time>2026-08-06T16:54:01.069Z</time>
      </trkpt>
      <trkpt lat="47.515216" lon="19.038293">
        <ele>110.872452</ele>
        <time>2026-08-06T16:54:02.163Z</time>
      </trkpt>
      <trkpt lat="47.515171" lon="19.038366">
        <ele>110.715646</ele>
        <time>2026-08-06T16:54:03.266Z</time>
      </trkpt>
      <trkpt lat="47.515016" lon="19.038380">
        <ele>110.350861</ele>
        <time>2026-08-06T16:54:06.039Z</time>
      </trkpt>
      <trkpt lat="47.514949" lon="19.038385">
        <ele>110.193273</ele>
        <time>2026-08-06T16:54:07.266Z</time>
      </trkpt>
      <trkpt lat="47.514832" lon="19.038485">
        <ele>109.875924</ele>
        <time>2026-08-06T16:54:09.619Z</time>
      </trkpt>
      <trkpt lat="47.514788" lon="19.038602">
        <ele>109.663459</ele>
        <time>2026-08-06T16:54:11.184Z</time>
      </trkpt>
      <trkpt lat="47.514786" lon="19.038887">
        <ele>109.211262</ele>
        <time>2026-08-06T16:54:14.543Z</time>
      </trkpt>
      <trkpt lat="47.514763" lon="19.039826">
        <ele>107.720494</ele>
        <time>2026-08-06T16:54:26.290Z</time>
      </trkpt>
      <trkpt lat="47.514745" lon="19.039936">
        <ele>107.540922</ele>
        <time>2026-08-06T16:54:27.757Z</time>
      </trkpt>
      <trkpt lat="47.514849" lon="19.043422">
        <ele>104.751911</ele>
        <time>2026-08-06T16:55:12.465Z</time>
      </trkpt>
      <trkpt lat="47.514873" lon="19.043470">
        <ele>104.796989</ele>
        <time>2026-08-06T16:55:13.425Z</time>
      </trkpt>
      <trkpt lat="47.514863" lon="19.043544">
        <ele>104.853951</ele>
        <time>2026-08-06T16:55:14.603Z</time>
      </trkpt>
      <trkpt lat="47.514853" lon="19.043622">
        <ele>104.913877</ele>
        <time>2026-08-06T16:55:15.831Z</time>
      </trkpt>
      <trkpt lat="47.514822" lon="19.043631">
        <ele>104.949181</ele>
        <time>2026-08-06T16:55:16.615Z</time>
      </trkpt>
      <trkpt lat="47.513903" lon="19.046220">
        <ele>108.642907</ele>
        <time>2026-08-06T16:56:20.496Z</time>
      </trkpt>
      <trkpt lat="47.513595" lon="19.047151">
        <ele>110.844500</ele>
        <time>2026-08-06T16:56:45.661Z</time>
      </trkpt>
      <trkpt lat="47.513432" lon="19.047613">
        <ele>111.951445</ele>
        <time>2026-08-06T16:56:59.490Z</time>
      </trkpt>
      <trkpt lat="47.513384" lon="19.047751">
        <ele>112.354566</ele>
        <time>2026-08-06T16:57:03.783Z</time>
      </trkpt>
      <trkpt lat="47.513365" lon="19.047819">
        <ele>112.550678</ele>
        <time>2026-08-06T16:57:05.885Z</time>
      </trkpt>
      <trkpt lat="47.513382" lon="19.048004">
        <ele>113.048237</ele>
        <time>2026-08-06T16:57:11.274Z</time>
      </trkpt>
      <trkpt lat="47.513388" lon="19.048016">
        <ele>113.088026</ele>
        <time>2026-08-06T16:57:11.684Z</time>
      </trkpt>
      <trkpt lat="47.513349" lon="19.048076">
        <ele>113.309941</ele>
        <time>2026-08-06T16:57:14.019Z</time>
      </trkpt>
      <trkpt lat="47.513291" lon="19.048168">
        <ele>113.645325</ele>
        <time>2026-08-06T16:57:17.763Z</time>
      </trkpt>
      <trkpt lat="47.513231" lon="19.048127">
        <ele>113.906061</ele>
        <time>2026-08-06T16:57:20.540Z</time>
      </trkpt>
      <trkpt lat="47.513209" lon="19.048085">
        <ele>114.047705</ele>
        <time>2026-08-06T16:57:22.003Z</time>
      </trkpt>
      <trkpt lat="47.513180" lon="19.048032">
        <ele>114.229481</ele>
        <time>2026-08-06T16:57:24.121Z</time>
      </trkpt>
      <trkpt lat="47.513134" lon="19.047946">
        <ele>114.521832</ele>
        <time>2026-08-06T16:57:27.214Z</time>
      </trkpt>
      <trkpt lat="47.513101" lon="19.047907">
        <ele>114.688433</ele>
        <time>2026-08-06T16:57:28.865Z</time>
      </trkpt>
      <trkpt lat="47.513063" lon="19.048004">
        <ele>114.987270</ele>
        <time>2026-08-06T16:57:32.139Z</time>
      </trkpt>
      <trkpt lat="47.512793" lon="19.048857">
        <ele>117.497744</ele>
        <time>2026-08-06T16:57:57.446Z</time>
      </trkpt>
      <trkpt lat="47.512650" lon="19.049268">
        <ele>118.729839</ele>
        <time>2026-08-06T16:58:08.082Z</time>
      </trkpt>
      <trkpt lat="47.512512" lon="19.049667">
        <ele>119.230159</ele>
        <time>2026-08-06T16:58:18.018Z</time>
      </trkpt>
      <trkpt lat="47.512408" lon="19.049984">
        <ele>119.388262</ele>
        <time>2026-08-06T16:58:24.978Z</time>
      </trkpt>
      <trkpt lat="47.512213" lon="19.050536">
        <ele>119.667727</ele>
        <time>2026-08-06T16:58:35.932Z</time>
      </trkpt>
      <trkpt lat="47.512150" lon="19.050709">
        <ele>119.755901</ele>
        <time>2026-08-06T16:58:38.966Z</time>
      </trkpt>
      <trkpt lat="47.511715" lon="19.051946">
        <ele>120.076499</ele>
        <time>2026-08-06T16:58:59.065Z</time>
      </trkpt>
      <trkpt lat="47.511660" lon="19.052099">
        <ele>119.910409</ele>
        <time>2026-08-06T16:59:01.415Z</time>
      </trkpt>
      <trkpt lat="47.511316" lon="19.053067">
        <ele>118.862219</ele>
        <time>2026-08-06T16:59:16.131Z</time>
      </trkpt>
      <trkpt lat="47.511266" lon="19.053209">
        <ele>118.708760</ele>
        <time>2026-08-06T16:59:18.173Z</time>
      </trkpt>
      <trkpt lat="47.511217" lon="19.053350">
        <ele>118.556805</ele>
        <time>2026-08-06T16:59:20.092Z</time>
      </trkpt>
      <trkpt lat="47.510918" lon="19.054220">
        <ele>117.671007</ele>
        <time>2026-08-06T16:59:31.420Z</time>
      </trkpt>
      <trkpt lat="47.510845" lon="19.054168">
        <ele>117.607449</ele>
        <time>2026-08-06T16:59:32.807Z</time>
      </trkpt>
      <trkpt lat="47.510519" lon="19.054078">
        <ele>117.347271</ele>
        <time>2026-08-06T16:59:38.861Z</time>
      </trkpt>
      <trkpt lat="47.509761" lon="19.053857">
        <ele>116.741144</ele>
        <time>2026-08-06T16:59:55.350Z</time>
      </trkpt>
      <trkpt lat="47.509600" lon="19.054891">
        <ele>116.135078</ele>
        <time>2026-08-06T17:00:10.542Z</time>
      </trkpt>
      <trkpt lat="47.509588" lon="19.054983">
        <ele>116.070180</ele>
        <time>2026-08-06T17:00:11.822Z</time>
      </trkpt>
      <trkpt lat="47.509397" lon="19.054978">
        <ele>115.874299</ele>
        <time>2026-08-06T17:00:15.797Z</time>
      </trkpt>
      <trkpt lat="47.508761" lon="19.054960">
        <ele>115.222029</ele>
        <time>2026-08-06T17:00:28.680Z</time>
      </trkpt>
      <trkpt lat="47.508410" lon="19.054967">
        <ele>114.862084</ele>
        <time>2026-08-06T17:00:34.666Z</time>
      </trkpt>
      <trkpt lat="47.508103" lon="19.055051">
        <ele>114.541956</ele>
        <time>2026-08-06T17:00:39.873Z</time>
      </trkpt>
      <trkpt lat="47.507862" lon="19.055048">
        <ele>114.663878</ele>
        <time>2026-08-06T17:00:44.239Z</time>
      </trkpt>
      <trkpt lat="47.507792" lon="19.055047">
        <ele>114.737557</ele>
        <time>2026-08-06T17:00:45.635Z</time>
      </trkpt>
      <trkpt lat="47.507099" lon="19.055015">
        <ele>115.467290</ele>
        <time>2026-08-06T17:01:03.240Z</time>
      </trkpt>
      <trkpt lat="47.506931" lon="19.055240">
        <ele>115.705731</ele>
        <time>2026-08-06T17:01:09.899Z</time>
      </trkpt>
      <trkpt lat="47.506873" lon="19.055322">
        <ele>115.790142</ele>
        <time>2026-08-06T17:01:12.396Z</time>
      </trkpt>
      <trkpt lat="47.506785" lon="19.055447">
        <ele>115.918503</ele>
        <time>2026-08-06T17:01:16.290Z</time>
      </trkpt>
      <trkpt lat="47.506438" lon="19.055947">
        <ele>116.438303</ele>
        <time>2026-08-06T17:01:32.811Z</time>
      </trkpt>
      <trkpt lat="47.505953" lon="19.056659">
        <ele>117.282600</ele>
        <time>2026-08-06T17:01:56.040Z</time>
      </trkpt>
      <trkpt lat="47.505473" lon="19.057375">
        <ele>118.124891</ele>
        <time>2026-08-06T17:02:12.277Z</time>
      </trkpt>
      <trkpt lat="47.504998" lon="19.058081">
        <ele>118.566483</ele>
        <time>2026-08-06T17:02:26.238Z</time>
      </trkpt>
      <trkpt lat="47.504564" lon="19.058729">
        <ele>118.510349</ele>
        <time>2026-08-06T17:02:39.582Z</time>
      </trkpt>
      <trkpt lat="47.504064" lon="19.059478">
        <ele>118.445572</ele>
        <time>2026-08-06T17:02:54.604Z</time>
      </trkpt>
      <trkpt lat="47.503439" lon="19.060326">
        <ele>118.887736</ele>
        <time>2026-08-06T17:03:21.612Z</time>
      </trkpt>
      <trkpt lat="47.503416" lon="19.060358">
        <ele>118.909288</ele>
        <time>2026-08-06T17:03:22.634Z</time>
      </trkpt>
      <trkpt lat="47.503327" lon="19.060510">
        <ele>119.002073</ele>
        <time>2026-08-06T17:03:26.725Z</time>
      </trkpt>
      <trkpt lat="47.503031" lon="19.060064">
        <ele>119.290473</ele>
        <time>2026-08-06T17:03:36.544Z</time>
      </trkpt>
      <trkpt lat="47.502824" lon="19.059751">
        <ele>119.492521</ele>
        <time>2026-08-06T17:03:44.543Z</time>
      </trkpt>
      <trkpt lat="47.502499" lon="19.059261">
        <ele>119.659405</ele>
        <time>2026-08-06T17:03:58.206Z</time>
      </trkpt>
      <trkpt lat="47.502448" lon="19.059184">
        <ele>119.659989</ele>
        <time>2026-08-06T17:04:00.156Z</time>
      </trkpt>
      <trkpt lat="47.502108" lon="19.058684">
        <ele>119.663830</ele>
        <time>2026-08-06T17:04:12.234Z</time>
      </trkpt>
      <trkpt lat="47.502054" lon="19.058604">
        <ele>119.664443</ele>
        <time>2026-08-06T17:04:14.033Z</time>
      </trkpt>
      <trkpt lat="47.501775" lon="19.058176">
        <ele>119.667664</ele>
        <time>2026-08-06T17:04:22.623Z</time>
      </trkpt>
      <trkpt lat="47.501588" lon="19.057890">
        <ele>119.669819</ele>
        <time>2026-08-06T17:04:28.200Z</time>
      </trkpt>
      <trkpt lat="47.501492" lon="19.058022">
        <ele>119.670869</ele>
        <time>2026-08-06T17:04:30.822Z</time>
      </trkpt>
      <trkpt lat="47.501087" lon="19.058575">
        <ele>119.672042</ele>
        <time>2026-08-06T17:04:40.687Z</time>
      </trkpt>
      <trkpt lat="47.500538" lon="19.059270">
        <ele>119.672042</ele>
        <time>2026-08-06T17:04:52.536Z</time>
      </trkpt>
      <trkpt lat="47.500030" lon="19.059913">
        <ele>119.672042</ele>
        <time>2026-08-06T17:05:04.107Z</time>
      </trkpt>
      <trkpt lat="47.500006" lon="19.059868">
        <ele>119.672042</ele>
        <time>2026-08-06T17:05:05.076Z</time>
      </trkpt>
      <trkpt lat="47.499890" lon="19.059650">
        <ele>119.672042</ele>
        <time>2026-08-06T17:05:08.446Z</time>
      </trkpt>
    </trkseg>
  </trk>
</gpx>