<?xml version='1.0' encoding='UTF-8'?>
<gpx version="1.1" creator="https://www.komoot.de" xmlns="http://www.topografix.com/GPX/1/1" xmlns:xsi="http://www.w3.org/2001/XMLSchema-instance" xsi:schemaLocation="http://www.topografix.com/GPX/1/1 http://www.topografix.com/GPX/1/1/gpx.xsd">
  <metadata>
    <name>von Bratislava nach Gyor</name>
    <author>
      <link href="https://www.komoot.de">
        <text>komoot</text>
        <type>text/html</type>
      </link>
    </author>
  </metadata>
  <trk>
    <name>von Bratislava nach Gyor</name>
    <type>touring_bicycle</type>
    <trkseg>
      <trkpt lat="48.155642" lon="17.108761">
        <ele>159.476866</ele>
        <time>2026-08-06T12:42:04.167Z</time>
      </trkpt>
      <trkpt lat="48.155698" lon="17.109047">
        <ele>159.476866</ele>
        <time>2026-08-06T12:42:07.674Z</time>
      </trkpt>
      <trkpt lat="48.155810" lon="17.109732">
        <ele>159.476866</ele>
        <time>2026-08-06T12:42:15.763Z</time>
      </trkpt>
      <trkpt lat="48.155945" lon="17.110450">
        <ele>159.091608</ele>
        <time>2026-08-06T12:42:24.119Z</time>
      </trkpt>
      <trkpt lat="48.155961" lon="17.110538">
        <ele>159.004027</ele>
        <time>2026-08-06T12:42:25.191Z</time>
      </trkpt>
      <trkpt lat="48.155910" lon="17.110561">
        <ele>158.927369</ele>
        <time>2026-08-06T12:42:26.161Z</time>
      </trkpt>
      <trkpt lat="48.155819" lon="17.110605">
        <ele>158.789741</ele>
        <time>2026-08-06T12:42:27.849Z</time>
      </trkpt>
      <trkpt lat="48.155749" lon="17.110648">
        <ele>158.680854</ele>
        <time>2026-08-06T12:42:29.255Z</time>
      </trkpt>
      <trkpt lat="48.155690" lon="17.110788">
        <ele>158.521846</ele>
        <time>2026-08-06T12:42:31.316Z</time>
      </trkpt>
      <trkpt lat="48.155666" lon="17.110987">
        <ele>158.327666</ele>
        <time>2026-08-06T12:42:33.896Z</time>
      </trkpt>
      <trkpt lat="48.155577" lon="17.111357">
        <ele>157.949996</ele>
        <time>2026-08-06T12:42:39.040Z</time>
      </trkpt>
      <trkpt lat="48.155491" lon="17.111580">
        <ele>157.702662</ele>
        <time>2026-08-06T12:42:42.353Z</time>
      </trkpt>
      <trkpt lat="48.155423" lon="17.111755">
        <ele>157.508196</ele>
        <time>2026-08-06T12:42:44.863Z</time>
      </trkpt>
      <trkpt lat="48.155383" lon="17.111857">
        <ele>157.394585</ele>
        <time>2026-08-06T12:42:46.371Z</time>
      </trkpt>
      <trkpt lat="48.155303" lon="17.112062">
        <ele>157.166533</ele>
        <time>2026-08-06T12:42:49.311Z</time>
      </trkpt>
      <trkpt lat="48.155281" lon="17.112121">
        <ele>157.101631</ele>
        <time>2026-08-06T12:42:50.151Z</time>
      </trkpt>
      <trkpt lat="48.154942" lon="17.111820">
        <ele>156.476393</ele>
        <time>2026-08-06T12:42:57.917Z</time>
      </trkpt>
      <trkpt lat="48.154769" lon="17.111658">
        <ele>156.134511</ele>
        <time>2026-08-06T12:43:01.998Z</time>
      </trkpt>
      <trkpt lat="48.154657" lon="17.111551">
        <ele>155.911911</ele>
        <time>2026-08-06T12:43:04.620Z</time>
      </trkpt>
      <trkpt lat="48.154591" lon="17.111489">
        <ele>155.781365</ele>
        <time>2026-08-06T12:43:06.094Z</time>
      </trkpt>
      <trkpt lat="48.154499" lon="17.111401">
        <ele>155.598451</ele>
        <time>2026-08-06T12:43:08.134Z</time>
      </trkpt>
      <trkpt lat="48.154235" lon="17.111140">
        <ele>155.068406</ele>
        <time>2026-08-06T12:43:13.585Z</time>
      </trkpt>
      <trkpt lat="48.154139" lon="17.111035">
        <ele>154.869227</ele>
        <time>2026-08-06T12:43:15.607Z</time>
      </trkpt>
      <trkpt lat="48.154073" lon="17.111177">
        <ele>154.675718</ele>
        <time>2026-08-06T12:43:17.580Z</time>
      </trkpt>
      <trkpt lat="48.153662" lon="17.112075">
        <ele>153.214210</ele>
        <time>2026-08-06T12:43:30.530Z</time>
      </trkpt>
      <trkpt lat="48.153369" lon="17.112717">
        <ele>151.833801</ele>
        <time>2026-08-06T12:43:39.131Z</time>
      </trkpt>
      <trkpt lat="48.153192" lon="17.113104">
        <ele>151.001113</ele>
        <time>2026-08-06T12:43:44.403Z</time>
      </trkpt>
      <trkpt lat="48.152982" lon="17.113564">
        <ele>150.011936</ele>
        <time>2026-08-06T12:43:50.780Z</time>
      </trkpt>
      <trkpt lat="48.152933" lon="17.113671">
        <ele>149.781615</ele>
        <time>2026-08-06T12:43:52.221Z</time>
      </trkpt>
      <trkpt lat="48.152872" lon="17.113843">
        <ele>149.435923</ele>
        <time>2026-08-06T12:43:54.382Z</time>
      </trkpt>
      <trkpt lat="48.152812" lon="17.114009">
        <ele>149.100871</ele>
        <time>2026-08-06T12:43:56.462Z</time>
      </trkpt>
      <trkpt lat="48.152490" lon="17.114910">
        <ele>147.265510</ele>
        <time>2026-08-06T12:44:07.266Z</time>
      </trkpt>
      <trkpt lat="48.152307" lon="17.115413">
        <ele>146.236659</ele>
        <time>2026-08-06T12:44:13.563Z</time>
      </trkpt>
      <trkpt lat="48.152286" lon="17.115470">
        <ele>146.119729</ele>
        <time>2026-08-06T12:44:14.318Z</time>
      </trkpt>
      <trkpt lat="48.152003" lon="17.116239">
        <ele>144.542613</ele>
        <time>2026-08-06T12:44:24.768Z</time>
      </trkpt>
      <trkpt lat="48.151892" lon="17.116555">
        <ele>144.074686</ele>
        <time>2026-08-06T12:44:28.861Z</time>
      </trkpt>
      <trkpt lat="48.151810" lon="17.116887">
        <ele>143.757424</ele>
        <time>2026-08-06T12:44:33.079Z</time>
      </trkpt>
      <trkpt lat="48.151815" lon="17.117149">
        <ele>143.522532</ele>
        <time>2026-08-06T12:44:36.332Z</time>
      </trkpt>
      <trkpt lat="48.152084" lon="17.117597">
        <ele>142.982391</ele>
        <time>2026-08-06T12:44:43.885Z</time>
      </trkpt>
      <trkpt lat="48.152167" lon="17.117745">
        <ele>142.809124</ele>
        <time>2026-08-06T12:44:46.362Z</time>
      </trkpt>
      <trkpt lat="48.152174" lon="17.117885">
        <ele>142.683310</ele>
        <time>2026-08-06T12:44:48.247Z</time>
      </trkpt>
      <trkpt lat="48.152154" lon="17.117976">
        <ele>142.597448</ele>
        <time>2026-08-06T12:44:49.526Z</time>
      </trkpt>
      <trkpt lat="48.152077" lon="17.118122">
        <ele>142.430663</ele>
        <time>2026-08-06T12:44:52.050Z</time>
      </trkpt>
      <trkpt lat="48.152044" lon="17.118175">
        <ele>142.365695</ele>
        <time>2026-08-06T12:44:53.015Z</time>
      </trkpt>
      <trkpt lat="48.152007" lon="17.118239">
        <ele>142.289802</ele>
        <time>2026-08-06T12:44:54.126Z</time>
      </trkpt>
      <trkpt lat="48.151981" lon="17.118277">
        <ele>142.241023</ele>
        <time>2026-08-06T12:44:54.825Z</time>
      </trkpt>
      <trkpt lat="48.151692" lon="17.118653">
        <ele>141.847680</ele>
        <time>2026-08-06T12:45:01.791Z</time>
      </trkpt>
      <trkpt lat="48.151543" lon="17.118857">
        <ele>141.890044</ele>
        <time>2026-08-06T12:45:05.478Z</time>
      </trkpt>
      <trkpt lat="48.151451" lon="17.118983">
        <ele>141.916205</ele>
        <time>2026-08-06T12:45:07.812Z</time>
      </trkpt>
      <trkpt lat="48.151369" lon="17.119095">
        <ele>141.939494</ele>
        <time>2026-08-06T12:45:09.969Z</time>
      </trkpt>
      <trkpt lat="48.151243" lon="17.118877">
        <ele>141.979891</ele>
        <time>2026-08-06T12:45:13.998Z</time>
      </trkpt>
      <trkpt lat="48.150865" lon="17.118030">
        <ele>142.122612</ele>
        <time>2026-08-06T12:45:30.993Z</time>
      </trkpt>
      <trkpt lat="48.150813" lon="17.117893">
        <ele>142.144688</ele>
        <time>2026-08-06T12:45:33.968Z</time>
      </trkpt>
      <trkpt lat="48.150795" lon="17.117851">
        <ele>142.151679</ele>
        <time>2026-08-06T12:45:34.944Z</time>
      </trkpt>
      <trkpt lat="48.150599" lon="17.117654">
        <ele>142.201219</ele>
        <time>2026-08-06T12:45:41.701Z</time>
      </trkpt>
      <trkpt lat="48.150506" lon="17.117594">
        <ele>142.297495</ele>
        <time>2026-08-06T12:45:44.696Z</time>
      </trkpt>
      <trkpt lat="48.149987" lon="17.117359">
        <ele>143.042622</ele>
        <time>2026-08-06T12:45:59.699Z</time>
      </trkpt>
      <trkpt lat="48.149619" lon="17.117190">
        <ele>143.571592</ele>
        <time>2026-08-06T12:46:11.851Z</time>
      </trkpt>
      <trkpt lat="48.149537" lon="17.117150">
        <ele>143.690107</ele>
        <time>2026-08-06T12:46:14.527Z</time>
      </trkpt>
      <trkpt lat="48.149134" lon="17.116954">
        <ele>144.272401</ele>
        <time>2026-08-06T12:46:26.884Z</time>
      </trkpt>
      <trkpt lat="48.148919" lon="17.116838">
        <ele>144.586448</ele>
        <time>2026-08-06T12:46:32.888Z</time>
      </trkpt>
      <trkpt lat="48.148763" lon="17.116691">
        <ele>144.503115</ele>
        <time>2026-08-06T12:46:37.267Z</time>
      </trkpt>
      <trkpt lat="48.148346" lon="17.116397">
        <ele>143.793885</ele>
        <time>2026-08-06T12:46:46.375Z</time>
      </trkpt>
      <trkpt lat="48.148271" lon="17.116344">
        <ele>143.666272</ele>
        <time>2026-08-06T12:46:47.827Z</time>
      </trkpt>
      <trkpt lat="48.148164" lon="17.116267">
        <ele>143.483599</ele>
        <time>2026-08-06T12:46:49.862Z</time>
      </trkpt>
      <trkpt lat="48.147572" lon="17.115619">
        <ele>142.355390</ele>
        <time>2026-08-06T12:47:02.454Z</time>
      </trkpt>
      <trkpt lat="48.147466" lon="17.115499">
        <ele>142.150946</ele>
        <time>2026-08-06T12:47:04.677Z</time>
      </trkpt>
      <trkpt lat="48.147281" lon="17.115289">
        <ele>141.846473</ele>
        <time>2026-08-06T12:47:08.519Z</time>
      </trkpt>
      <trkpt lat="48.147018" lon="17.114994">
        <ele>141.564776</ele>
        <time>2026-08-06T12:47:14.180Z</time>
      </trkpt>
      <trkpt lat="48.146773" lon="17.114715">
        <ele>141.300915</ele>
        <time>2026-08-06T12:47:19.721Z</time>
      </trkpt>
      <trkpt lat="48.146689" lon="17.114624">
        <ele>141.212035</ele>
        <time>2026-08-06T12:47:21.666Z</time>
      </trkpt>
      <trkpt lat="48.146056" lon="17.113930">
        <ele>140.539483</ele>
        <time>2026-08-06T12:47:39.707Z</time>
      </trkpt>
      <trkpt lat="48.146022" lon="17.113890">
        <ele>140.502417</ele>
        <time>2026-08-06T12:47:40.686Z</time>
      </trkpt>
      <trkpt lat="48.145628" lon="17.113481">
        <ele>141.406909</ele>
        <time>2026-08-06T12:47:50.714Z</time>
      </trkpt>
      <trkpt lat="48.145230" lon="17.113149">
        <ele>142.858233</ele>
        <time>2026-08-06T12:48:03.475Z</time>
      </trkpt>
      <trkpt lat="48.144915" lon="17.112903">
        <ele>143.989991</ele>
        <time>2026-08-06T12:48:17.718Z</time>
      </trkpt>
      <trkpt lat="48.144843" lon="17.112844">
        <ele>144.251454</ele>
        <time>2026-08-06T12:48:21.104Z</time>
      </trkpt>
      <trkpt lat="48.144787" lon="17.112799">
        <ele>144.453914</ele>
        <time>2026-08-06T12:48:23.858Z</time>
      </trkpt>
      <trkpt lat="48.144686" lon="17.112721">
        <ele>144.815938</ele>
        <time>2026-08-06T12:48:28.767Z</time>
      </trkpt>
      <trkpt lat="48.144656" lon="17.112707">
        <ele>144.916053</ele>
        <time>2026-08-06T12:48:30.185Z</time>
      </trkpt>
      <trkpt lat="48.144521" lon="17.112682">
        <ele>145.349467</ele>
        <time>2026-08-06T12:48:36.360Z</time>
      </trkpt>
      <trkpt lat="48.144092" lon="17.112808">
        <ele>146.488720</ele>
        <time>2026-08-06T12:48:56.444Z</time>
      </trkpt>
      <trkpt lat="48.144058" lon="17.112819">
        <ele>146.555697</ele>
        <time>2026-08-06T12:48:58.019Z</time>
      </trkpt>
      <trkpt lat="48.144030" lon="17.112828">
        <ele>146.610838</ele>
        <time>2026-08-06T12:48:59.425Z</time>
      </trkpt>
      <trkpt lat="48.143790" lon="17.112908">
        <ele>147.084264</ele>
        <time>2026-08-06T12:49:10.239Z</time>
      </trkpt>
      <trkpt lat="48.143433" lon="17.113040">
        <ele>147.792298</ele>
        <time>2026-08-06T12:49:26.011Z</time>
      </trkpt>
      <trkpt lat="48.143359" lon="17.113111">
        <ele>147.961489</ele>
        <time>2026-08-06T12:49:29.239Z</time>
      </trkpt>
      <trkpt lat="48.143292" lon="17.113212">
        <ele>148.144477</ele>
        <time>2026-08-06T12:49:32.474Z</time>
      </trkpt>
      <trkpt lat="48.143164" lon="17.113412">
        <ele>148.500543</ele>
        <time>2026-08-06T12:49:37.272Z</time>
      </trkpt>
      <trkpt lat="48.143103" lon="17.113508">
        <ele>148.670869</ele>
        <time>2026-08-06T12:49:39.103Z</time>
      </trkpt>
      <trkpt lat="48.143056" lon="17.113580">
        <ele>148.800285</ele>
        <time>2026-08-06T12:49:40.265Z</time>
      </trkpt>
      <trkpt lat="48.142559" lon="17.114322">
        <ele>148.288235</ele>
        <time>2026-08-06T12:49:51.404Z</time>
      </trkpt>
      <trkpt lat="48.142103" lon="17.115004">
        <ele>145.588160</ele>
        <time>2026-08-06T12:50:00.937Z</time>
      </trkpt>
      <trkpt lat="48.141965" lon="17.115209">
        <ele>144.773780</ele>
        <time>2026-08-06T12:50:03.781Z</time>
      </trkpt>
      <trkpt lat="48.141866" lon="17.115360">
        <ele>144.181752</ele>
        <time>2026-08-06T12:50:05.902Z</time>
      </trkpt>
      <trkpt lat="48.141798" lon="17.115439">
        <ele>143.821146</ele>
        <time>2026-08-06T12:50:07.222Z</time>
      </trkpt>
      <trkpt lat="48.141769" lon="17.115480">
        <ele>143.654051</ele>
        <time>2026-08-06T12:50:07.856Z</time>
      </trkpt>
      <trkpt lat="48.141365" lon="17.116084">
        <ele>141.795672</ele>
        <time>2026-08-06T12:50:17.382Z</time>
      </trkpt>
      <trkpt lat="48.141287" lon="17.116200">
        <ele>141.656624</ele>
        <time>2026-08-06T12:50:19.380Z</time>
      </trkpt>
      <trkpt lat="48.141212" lon="17.116343">
        <ele>141.503049</ele>
        <time>2026-08-06T12:50:21.645Z</time>
      </trkpt>
      <trkpt lat="48.141077" lon="17.116538">
        <ele>141.265795</ele>
        <time>2026-08-06T12:50:25.104Z</time>
      </trkpt>
      <trkpt lat="48.141012" lon="17.116654">
        <ele>141.137897</ele>
        <time>2026-08-06T12:50:26.918Z</time>
      </trkpt>
      <trkpt lat="48.140963" lon="17.116727">
        <ele>141.050469</ele>
        <time>2026-08-06T12:50:28.093Z</time>
      </trkpt>
      <trkpt lat="48.140938" lon="17.116763">
        <ele>141.006598</ele>
        <time>2026-08-06T12:50:28.701Z</time>
      </trkpt>
      <trkpt lat="48.140841" lon="17.116926">
        <ele>140.822188</ele>
        <time>2026-08-06T12:50:31.318Z</time>
      </trkpt>
      <trkpt lat="48.140658" lon="17.117108">
        <ele>140.544276</ele>
        <time>2026-08-06T12:50:35.582Z</time>
      </trkpt>
      <trkpt lat="48.140382" lon="17.117266">
        <ele>140.170427</ele>
        <time>2026-08-06T12:50:42.329Z</time>
      </trkpt>
      <trkpt lat="48.140257" lon="17.117290">
        <ele>140.010967</ele>
        <time>2026-08-06T12:50:45.291Z</time>
      </trkpt>
      <trkpt lat="48.140059" lon="17.117305">
        <ele>139.760109</ele>
        <time>2026-08-06T12:50:49.544Z</time>
      </trkpt>
      <trkpt lat="48.135876" lon="17.116941">
        <ele>139.938681</ele>
        <time>2026-08-06T12:52:27.979Z</time>
      </trkpt>
      <trkpt lat="48.135842" lon="17.116940">
        <ele>139.933356</ele>
        <time>2026-08-06T12:52:28.720Z</time>
      </trkpt>
      <trkpt lat="48.135841" lon="17.116995">
        <ele>139.927606</ele>
        <time>2026-08-06T12:52:29.495Z</time>
      </trkpt>
      <trkpt lat="48.135840" lon="17.117041">
        <ele>139.922796</ele>
        <time>2026-08-06T12:52:30.145Z</time>
      </trkpt>
      <trkpt lat="48.135838" lon="17.117102">
        <ele>139.916413</ele>
        <time>2026-08-06T12:52:31.016Z</time>
      </trkpt>
      <trkpt lat="48.135829" lon="17.117107">
        <ele>139.914910</ele>
        <time>2026-08-06T12:52:31.231Z</time>
      </trkpt>
      <trkpt lat="48.135762" lon="17.117158">
        <ele>139.903142</ele>
        <time>2026-08-06T12:52:32.828Z</time>
      </trkpt>
      <trkpt lat="48.135729" lon="17.117768">
        <ele>139.839184</ele>
        <time>2026-08-06T12:52:41.469Z</time>
      </trkpt>
      <trkpt lat="48.135724" lon="17.118116">
        <ele>139.802807</ele>
        <time>2026-08-06T12:52:46.349Z</time>
      </trkpt>
      <trkpt lat="48.135783" lon="17.118325">
        <ele>139.779091</ele>
        <time>2026-08-06T12:52:49.523Z</time>
      </trkpt>
      <trkpt lat="48.135686" lon="17.120127">
        <ele>139.417922</ele>
        <time>2026-08-06T12:53:15.236Z</time>
      </trkpt>
      <trkpt lat="48.135602" lon="17.122213">
        <ele>138.935882</ele>
        <time>2026-08-06T12:53:44.148Z</time>
      </trkpt>
      <trkpt lat="48.135518" lon="17.123590">
        <ele>138.594423</ele>
        <time>2026-08-06T12:54:03.321Z</time>
      </trkpt>
      <trkpt lat="48.135446" lon="17.124211">
        <ele>138.490316</ele>
        <time>2026-08-06T12:54:12.373Z</time>
      </trkpt>
      <trkpt lat="48.135290" lon="17.125174">
        <ele>138.468507</ele>
        <time>2026-08-06T12:54:27.226Z</time>
      </trkpt>
      <trkpt lat="48.135149" lon="17.125763">
        <ele>138.454735</ele>
        <time>2026-08-06T12:54:36.923Z</time>
      </trkpt>
      <trkpt lat="48.134681" lon="17.127462">
        <ele>138.314824</ele>
        <time>2026-08-06T12:55:03.685Z</time>
      </trkpt>
      <trkpt lat="48.134616" lon="17.127688">
        <ele>138.284654</ele>
        <time>2026-08-06T12:55:07.153Z</time>
      </trkpt>
      <trkpt lat="48.134469" lon="17.128181">
        <ele>138.218456</ele>
        <time>2026-08-06T12:55:14.774Z</time>
      </trkpt>
      <trkpt lat="48.134310" lon="17.128723">
        <ele>138.145872</ele>
        <time>2026-08-06T12:55:23.097Z</time>
      </trkpt>
      <trkpt lat="48.133312" lon="17.132208">
        <ele>138.431721</ele>
        <time>2026-08-06T12:56:18.463Z</time>
      </trkpt>
      <trkpt lat="48.133180" lon="17.132575">
        <ele>138.687116</ele>
        <time>2026-08-06T12:56:25.177Z</time>
      </trkpt>
      <trkpt lat="48.132982" lon="17.132952">
        <ele>138.981003</ele>
        <time>2026-08-06T12:56:33.712Z</time>
      </trkpt>
      <trkpt lat="48.132634" lon="17.133386">
        <ele>139.396602</ele>
        <time>2026-08-06T12:56:47.091Z</time>
      </trkpt>
      <trkpt lat="48.131964" lon="17.134069">
        <ele>139.630552</ele>
        <time>2026-08-06T12:57:11.273Z</time>
      </trkpt>
      <trkpt lat="48.131849" lon="17.134189">
        <ele>139.635173</ele>
        <time>2026-08-06T12:57:15.006Z</time>
      </trkpt>
      <trkpt lat="48.131765" lon="17.134278">
        <ele>139.638565</ele>
        <time>2026-08-06T12:57:17.656Z</time>
      </trkpt>
      <trkpt lat="48.131629" lon="17.134414">
        <ele>139.643956</ele>
        <time>2026-08-06T12:57:21.604Z</time>
      </trkpt>
      <trkpt lat="48.130958" lon="17.135088">
        <ele>139.670591</ele>
        <time>2026-08-06T12:57:36.814Z</time>
      </trkpt>
      <trkpt lat="48.130574" lon="17.135524">
        <ele>138.870289</ele>
        <time>2026-08-06T12:57:44.887Z</time>
      </trkpt>
      <trkpt lat="48.130293" lon="17.135805">
        <ele>138.299346</ele>
        <time>2026-08-06T12:57:50.615Z</time>
      </trkpt>
      <trkpt lat="48.129854" lon="17.136202">
        <ele>137.432777</ele>
        <time>2026-08-06T12:57:59.738Z</time>
      </trkpt>
      <trkpt lat="48.129549" lon="17.136430">
        <ele>136.856738</ele>
        <time>2026-08-06T12:58:06.141Z</time>
      </trkpt>
      <trkpt lat="48.128752" lon="17.136977">
        <ele>136.419670</ele>
        <time>2026-08-06T12:58:24.392Z</time>
      </trkpt>
      <trkpt lat="48.128201" lon="17.137264">
        <ele>136.253640</ele>
        <time>2026-08-06T12:58:37.431Z</time>
      </trkpt>
      <trkpt lat="48.127419" lon="17.137563">
        <ele>136.007433</ele>
        <time>2026-08-06T12:58:55.291Z</time>
      </trkpt>
      <trkpt lat="48.127050" lon="17.137658">
        <ele>135.882422</ele>
        <time>2026-08-06T12:59:03.048Z</time>
      </trkpt>
      <trkpt lat="48.126376" lon="17.137704">
        <ele>135.657147</ele>
        <time>2026-08-06T12:59:16.696Z</time>
      </trkpt>
      <trkpt lat="48.126108" lon="17.137675">
        <ele>135.567432</ele>
        <time>2026-08-06T12:59:22.078Z</time>
      </trkpt>
      <trkpt lat="48.123408" lon="17.137162">
        <ele>135.583736</ele>
        <time>2026-08-06T13:00:23.104Z</time>
      </trkpt>
      <trkpt lat="48.123244" lon="17.137131">
        <ele>135.607120</ele>
        <time>2026-08-06T13:00:27.075Z</time>
      </trkpt>
      <trkpt lat="48.122561" lon="17.137001">
        <ele>135.704514</ele>
        <time>2026-08-06T13:00:43.481Z</time>
      </trkpt>
      <trkpt lat="48.120358" lon="17.136473">
        <ele>135.650745</ele>
        <time>2026-08-06T13:01:32.318Z</time>
      </trkpt>
      <trkpt lat="48.119698" lon="17.136235">
        <ele>135.694315</ele>
        <time>2026-08-06T13:01:47.206Z</time>
      </trkpt>
      <trkpt lat="48.119226" lon="17.135955">
        <ele>135.726898</ele>
        <time>2026-08-06T13:01:58.628Z</time>
      </trkpt>
      <trkpt lat="48.118821" lon="17.135671">
        <ele>135.786078</ele>
        <time>2026-08-06T13:02:08.993Z</time>
      </trkpt>
      <trkpt lat="48.118326" lon="17.135261">
        <ele>135.995336</ele>
        <time>2026-08-06T13:02:22.516Z</time>
      </trkpt>
      <trkpt lat="48.117257" lon="17.134303">
        <ele>136.431963</ele>
        <time>2026-08-06T13:02:52.313Z</time>
      </trkpt>
      <trkpt lat="48.116772" lon="17.133813">
        <ele>136.522289</ele>
        <time>2026-08-06T13:03:05.830Z</time>
      </trkpt>
      <trkpt lat="48.116078" lon="17.133068">
        <ele>136.654119</ele>
        <time>2026-08-06T13:03:25.093Z</time>
      </trkpt>
      <trkpt lat="48.111114" lon="17.128188">
        <ele>136.734728</ele>
        <time>2026-08-06T13:05:37.571Z</time>
      </trkpt>
      <trkpt lat="48.109879" lon="17.127015">
        <ele>136.547292</ele>
        <time>2026-08-06T13:06:08.925Z</time>
      </trkpt>
      <trkpt lat="48.109685" lon="17.126870">
        <ele>136.514306</ele>
        <time>2026-08-06T13:06:13.700Z</time>
      </trkpt>
      <trkpt lat="48.109248" lon="17.126646">
        <ele>136.441389</ele>
        <time>2026-08-06T13:06:23.947Z</time>
      </trkpt>
      <trkpt lat="48.109077" lon="17.126622">
        <ele>136.414276</ele>
        <time>2026-08-06T13:06:27.778Z</time>
      </trkpt>
      <trkpt lat="48.108930" lon="17.126601">
        <ele>136.390964</ele>
        <time>2026-08-06T13:06:31.069Z</time>
      </trkpt>
      <trkpt lat="48.108507" lon="17.126541">
        <ele>136.323887</ele>
        <time>2026-08-06T13:06:40.417Z</time>
      </trkpt>
      <trkpt lat="48.108525" lon="17.126492">
        <ele>136.317991</ele>
        <time>2026-08-06T13:06:41.228Z</time>
      </trkpt>
      <trkpt lat="48.108675" lon="17.126363">
        <ele>136.290685</ele>
        <time>2026-08-06T13:06:44.880Z</time>
      </trkpt>
      <trkpt lat="48.108776" lon="17.126229">
        <ele>136.269383</ele>
        <time>2026-08-06T13:06:47.696Z</time>
      </trkpt>
      <trkpt lat="48.108854" lon="17.126180">
        <ele>136.255511</ele>
        <time>2026-08-06T13:06:49.443Z</time>
      </trkpt>
      <trkpt lat="48.108842" lon="17.126092">
        <ele>136.243530</ele>
        <time>2026-08-06T13:06:50.663Z</time>
      </trkpt>
      <trkpt lat="48.108787" lon="17.126063">
        <ele>136.231880</ele>
        <time>2026-08-06T13:06:51.850Z</time>
      </trkpt>
      <trkpt lat="48.108654" lon="17.126137">
        <ele>136.203534</ele>
        <time>2026-08-06T13:06:54.733Z</time>
      </trkpt>
      <trkpt lat="48.107669" lon="17.126349">
        <ele>136.004721</ele>
        <time>2026-08-06T13:07:15.397Z</time>
      </trkpt>
      <trkpt lat="48.106831" lon="17.126589">
        <ele>136.080321</ele>
        <time>2026-08-06T13:07:35.196Z</time>
      </trkpt>
      <trkpt lat="48.106457" lon="17.126801">
        <ele>136.305819</ele>
        <time>2026-08-06T13:07:45.072Z</time>
      </trkpt>
      <trkpt lat="48.106161" lon="17.127045">
        <ele>136.496347</ele>
        <time>2026-08-06T13:07:53.354Z</time>
      </trkpt>
      <trkpt lat="48.105916" lon="17.127298">
        <ele>136.664162</ele>
        <time>2026-08-06T13:08:00.957Z</time>
      </trkpt>
      <trkpt lat="48.105685" lon="17.127627">
        <ele>136.843924</ele>
        <time>2026-08-06T13:08:09.152Z</time>
      </trkpt>
      <trkpt lat="48.105362" lon="17.128181">
        <ele>137.069876</ele>
        <time>2026-08-06T13:08:21.184Z</time>
      </trkpt>
      <trkpt lat="48.105105" lon="17.128385">
        <ele>137.193692</ele>
        <time>2026-08-06T13:08:28.002Z</time>
      </trkpt>
      <trkpt lat="48.104698" lon="17.128597">
        <ele>137.377122</ele>
        <time>2026-08-06T13:08:38.166Z</time>
      </trkpt>
      <trkpt lat="48.104119" lon="17.128966">
        <ele>137.644978</ele>
        <time>2026-08-06T13:08:53.503Z</time>
      </trkpt>
      <trkpt lat="48.103433" lon="17.129414">
        <ele>137.596552</ele>
        <time>2026-08-06T13:09:10.852Z</time>
      </trkpt>
      <trkpt lat="48.102753" lon="17.129967">
        <ele>137.501839</ele>
        <time>2026-08-06T13:09:27.633Z</time>
      </trkpt>
      <trkpt lat="48.102157" lon="17.130521">
        <ele>137.141724</ele>
        <time>2026-08-06T13:09:41.578Z</time>
      </trkpt>
      <trkpt lat="48.101714" lon="17.130882">
        <ele>136.680535</ele>
        <time>2026-08-06T13:09:51.256Z</time>
      </trkpt>
      <trkpt lat="48.100803" lon="17.131484">
        <ele>135.795601</ele>
        <time>2026-08-06T13:10:10.465Z</time>
      </trkpt>
      <trkpt lat="48.100494" lon="17.131592">
        <ele>135.675723</ele>
        <time>2026-08-06T13:10:16.713Z</time>
      </trkpt>
      <trkpt lat="48.100484" lon="17.131539">
        <ele>135.661828</ele>
        <time>2026-08-06T13:10:17.447Z</time>
      </trkpt>
      <trkpt lat="48.100435" lon="17.131487">
        <ele>135.639138</ele>
        <time>2026-08-06T13:10:18.659Z</time>
      </trkpt>
      <trkpt lat="48.100142" lon="17.131519">
        <ele>135.528149</ele>
        <time>2026-08-06T13:10:24.604Z</time>
      </trkpt>
      <trkpt lat="48.099748" lon="17.131365">
        <ele>135.374308</ele>
        <time>2026-08-06T13:10:33.243Z</time>
      </trkpt>
      <trkpt lat="48.099464" lon="17.131346">
        <ele>135.266906</ele>
        <time>2026-08-06T13:10:39.432Z</time>
      </trkpt>
      <trkpt lat="48.099218" lon="17.131220">
        <ele>135.168681</ele>
        <time>2026-08-06T13:10:45.167Z</time>
      </trkpt>
      <trkpt lat="48.098845" lon="17.131080">
        <ele>135.133529</ele>
        <time>2026-08-06T13:10:53.925Z</time>
      </trkpt>
      <trkpt lat="48.098632" lon="17.130997">
        <ele>135.133092</ele>
        <time>2026-08-06T13:10:59.089Z</time>
      </trkpt>
      <trkpt lat="48.098469" lon="17.130911">
        <ele>135.132749</ele>
        <time>2026-08-06T13:11:03.118Z</time>
      </trkpt>
      <trkpt lat="48.097758" lon="17.130891">
        <ele>135.131338</ele>
        <time>2026-08-06T13:11:19.063Z</time>
      </trkpt>
      <trkpt lat="48.096707" lon="17.131617">
        <ele>135.107999</ele>
        <time>2026-08-06T13:11:43.437Z</time>
      </trkpt>
      <trkpt lat="48.095545" lon="17.132740">
        <ele>135.089910</ele>
        <time>2026-08-06T13:12:14.984Z</time>
      </trkpt>
      <trkpt lat="48.095287" lon="17.132890">
        <ele>135.100490</ele>
        <time>2026-08-06T13:12:21.748Z</time>
      </trkpt>
      <trkpt lat="48.094855" lon="17.132962">
        <ele>135.117106</ele>
        <time>2026-08-06T13:12:32.282Z</time>
      </trkpt>
      <trkpt lat="48.093890" lon="17.133043">
        <ele>134.825110</ele>
        <time>2026-08-06T13:12:53.050Z</time>
      </trkpt>
      <trkpt lat="48.093133" lon="17.133043">
        <ele>133.720098</ele>
        <time>2026-08-06T13:13:06.729Z</time>
      </trkpt>
      <trkpt lat="48.093019" lon="17.133012">
        <ele>133.550967</ele>
        <time>2026-08-06T13:13:08.730Z</time>
      </trkpt>
      <trkpt lat="48.093023" lon="17.132844">
        <ele>133.387066</ele>
        <time>2026-08-06T13:13:10.695Z</time>
      </trkpt>
      <trkpt lat="48.093037" lon="17.132386">
        <ele>132.940056</ele>
        <time>2026-08-06T13:13:16.037Z</time>
      </trkpt>
      <trkpt lat="48.092582" lon="17.132421">
        <ele>132.396329</ele>
        <time>2026-08-06T13:13:24.120Z</time>
      </trkpt>
      <trkpt lat="48.090830" lon="17.132525">
        <ele>131.216949</ele>
        <time>2026-08-06T13:13:59.809Z</time>
      </trkpt>
      <trkpt lat="48.090196" lon="17.132512">
        <ele>131.335116</ele>
        <time>2026-08-06T13:14:14.438Z</time>
      </trkpt>
      <trkpt lat="48.089258" lon="17.132204">
        <ele>131.514083</ele>
        <time>2026-08-06T13:14:37.491Z</time>
      </trkpt>
      <trkpt lat="48.088931" lon="17.132133">
        <ele>131.523589</ele>
        <time>2026-08-06T13:14:45.153Z</time>
      </trkpt>
      <trkpt lat="48.088568" lon="17.132118">
        <ele>131.515259</ele>
        <time>2026-08-06T13:14:53.350Z</time>
      </trkpt>
      <trkpt lat="48.088253" lon="17.132167">
        <ele>131.507994</ele>
        <time>2026-08-06T13:15:00.386Z</time>
      </trkpt>
      <trkpt lat="48.087628" lon="17.132467">
        <ele>131.492939</ele>
        <time>2026-08-06T13:15:14.416Z</time>
      </trkpt>
      <trkpt lat="48.085777" lon="17.133592">
        <ele>131.223305</ele>
        <time>2026-08-06T13:15:57.710Z</time>
      </trkpt>
      <trkpt lat="48.085245" lon="17.133743">
        <ele>131.150050</ele>
        <time>2026-08-06T13:16:09.579Z</time>
      </trkpt>
      <trkpt lat="48.084913" lon="17.133743">
        <ele>131.105254</ele>
        <time>2026-08-06T13:16:16.817Z</time>
      </trkpt>
      <trkpt lat="48.082625" lon="17.133172">
        <ele>130.991005</ele>
        <time>2026-08-06T13:17:07.158Z</time>
      </trkpt>
      <trkpt lat="48.080321" lon="17.132646">
        <ele>131.891825</ele>
        <time>2026-08-06T13:18:02.580Z</time>
      </trkpt>
      <trkpt lat="48.079707" lon="17.132689">
        <ele>132.308195</ele>
        <time>2026-08-06T13:18:19.423Z</time>
      </trkpt>
      <trkpt lat="48.079448" lon="17.132786">
        <ele>132.489047</ele>
        <time>2026-08-06T13:18:26.850Z</time>
      </trkpt>
      <trkpt lat="48.078495" lon="17.133247">
        <ele>132.906720</ele>
        <time>2026-08-06T13:18:51.053Z</time>
      </trkpt>
      <trkpt lat="48.077407" lon="17.133837">
        <ele>132.164655</ele>
        <time>2026-08-06T13:19:13.390Z</time>
      </trkpt>
      <trkpt lat="48.076292" lon="17.134478">
        <ele>131.620258</ele>
        <time>2026-08-06T13:19:37.093Z</time>
      </trkpt>
      <trkpt lat="48.075955" lon="17.134797">
        <ele>131.482226</ele>
        <time>2026-08-06T13:19:45.748Z</time>
      </trkpt>
      <trkpt lat="48.075509" lon="17.135420">
        <ele>131.271040</ele>
        <time>2026-08-06T13:19:59.337Z</time>
      </trkpt>
      <trkpt lat="48.074554" lon="17.136915">
        <ele>131.429688</ele>
        <time>2026-08-06T13:20:31.019Z</time>
      </trkpt>
      <trkpt lat="48.072971" lon="17.139126">
        <ele>131.463780</ele>
        <time>2026-08-06T13:21:19.279Z</time>
      </trkpt>
      <trkpt lat="48.070250" lon="17.142705">
        <ele>130.973097</ele>
        <time>2026-08-06T13:22:37.865Z</time>
      </trkpt>
      <trkpt lat="48.069322" lon="17.143887">
        <ele>130.822886</ele>
        <time>2026-08-06T13:23:03.844Z</time>
      </trkpt>
      <trkpt lat="48.065610" lon="17.148785">
        <ele>130.886652</ele>
        <time>2026-08-06T13:24:55.259Z</time>
      </trkpt>
      <trkpt lat="48.065252" lon="17.149258">
        <ele>130.840978</ele>
        <time>2026-08-06T13:25:05.527Z</time>
      </trkpt>
      <trkpt lat="48.064497" lon="17.150342">
        <ele>130.650031</ele>
        <time>2026-08-06T13:25:28.068Z</time>
      </trkpt>
      <trkpt lat="48.064189" lon="17.150906">
        <ele>130.501330</ele>
        <time>2026-08-06T13:25:38.639Z</time>
      </trkpt>
      <trkpt lat="48.063943" lon="17.151560">
        <ele>130.348113</ele>
        <time>2026-08-06T13:25:49.275Z</time>
      </trkpt>
      <trkpt lat="48.063126" lon="17.154433">
        <ele>129.232891</ele>
        <time>2026-08-06T13:26:31.374Z</time>
      </trkpt>
      <trkpt lat="48.062950" lon="17.154942">
        <ele>129.151882</ele>
        <time>2026-08-06T13:26:39.190Z</time>
      </trkpt>
      <trkpt lat="48.062694" lon="17.155428">
        <ele>129.111368</ele>
        <time>2026-08-06T13:26:47.858Z</time>
      </trkpt>
      <trkpt lat="48.062325" lon="17.155934">
        <ele>129.062335</ele>
        <time>2026-08-06T13:26:58.893Z</time>
      </trkpt>
      <trkpt lat="48.061997" lon="17.156271">
        <ele>129.023357</ele>
        <time>2026-08-06T13:27:08.160Z</time>
      </trkpt>
      <trkpt lat="48.061759" lon="17.156441">
        <ele>129.031761</ele>
        <time>2026-08-06T13:27:14.419Z</time>
      </trkpt>
      <trkpt lat="48.061079" lon="17.156803">
        <ele>129.310301</ele>
        <time>2026-08-06T13:27:31.806Z</time>
      </trkpt>
      <trkpt lat="48.059394" lon="17.157566">
        <ele>129.946646</ele>
        <time>2026-08-06T13:28:13.521Z</time>
      </trkpt>
      <trkpt lat="48.058747" lon="17.157906">
        <ele>130.172148</ele>
        <time>2026-08-06T13:28:29.428Z</time>
      </trkpt>
      <trkpt lat="48.058380" lon="17.158155">
        <ele>130.310184</ele>
        <time>2026-08-06T13:28:38.898Z</time>
      </trkpt>
      <trkpt lat="48.057760" lon="17.158773">
        <ele>130.647773</ele>
        <time>2026-08-06T13:28:56.891Z</time>
      </trkpt>
      <trkpt lat="48.057697" lon="17.158838">
        <ele>130.682451</ele>
        <time>2026-08-06T13:28:58.733Z</time>
      </trkpt>
      <trkpt lat="48.057671" lon="17.158778">
        <ele>130.704108</ele>
        <time>2026-08-06T13:28:59.906Z</time>
      </trkpt>
      <trkpt lat="48.057591" lon="17.158103">
        <ele>130.911737</ele>
        <time>2026-08-06T13:29:11.038Z</time>
      </trkpt>
      <trkpt lat="48.057222" lon="17.156742">
        <ele>131.134909</ele>
        <time>2026-08-06T13:29:34.687Z</time>
      </trkpt>
      <trkpt lat="48.057225" lon="17.156594">
        <ele>131.140225</ele>
        <time>2026-08-06T13:29:36.959Z</time>
      </trkpt>
      <trkpt lat="48.057313" lon="17.156427">
        <ele>131.147861</ele>
        <time>2026-08-06T13:29:40.185Z</time>
      </trkpt>
      <trkpt lat="48.057888" lon="17.155923">
        <ele>131.183661</ele>
        <time>2026-08-06T13:29:54.916Z</time>
      </trkpt>
      <trkpt lat="48.058319" lon="17.155444">
        <ele>131.087136</ele>
        <time>2026-08-06T13:30:06.089Z</time>
      </trkpt>
      <trkpt lat="48.058397" lon="17.155313">
        <ele>131.020198</ele>
        <time>2026-08-06T13:30:08.470Z</time>
      </trkpt>
      <trkpt lat="48.058501" lon="17.155068">
        <ele>130.909463</ele>
        <time>2026-08-06T13:30:12.366Z</time>
      </trkpt>
      <trkpt lat="48.058616" lon="17.154649">
        <ele>130.736645</ele>
        <time>2026-08-06T13:30:18.471Z</time>
      </trkpt>
      <trkpt lat="48.058626" lon="17.154501">
        <ele>130.679890</ele>
        <time>2026-08-06T13:30:20.477Z</time>
      </trkpt>
      <trkpt lat="48.058559" lon="17.154007">
        <ele>130.487571</ele>
        <time>2026-08-06T13:30:27.242Z</time>
      </trkpt>
      <trkpt lat="48.058607" lon="17.153177">
        <ele>130.172954</ele>
        <time>2026-08-06T13:30:38.472Z</time>
      </trkpt>
      <trkpt lat="48.058536" lon="17.152009">
        <ele>130.001045</ele>
        <time>2026-08-06T13:30:54.645Z</time>
      </trkpt>
      <trkpt lat="48.058502" lon="17.151829">
        <ele>129.973628</ele>
        <time>2026-08-06T13:30:57.278Z</time>
      </trkpt>
      <trkpt lat="48.058092" lon="17.150802">
        <ele>129.798283</ele>
        <time>2026-08-06T13:31:14.787Z</time>
      </trkpt>
      <trkpt lat="48.057829" lon="17.150267">
        <ele>130.006767</ele>
        <time>2026-08-06T13:31:25.132Z</time>
      </trkpt>
      <trkpt lat="48.057778" lon="17.150063">
        <ele>130.097523</ele>
        <time>2026-08-06T13:31:28.642Z</time>
      </trkpt>
      <trkpt lat="48.057709" lon="17.149764">
        <ele>130.229329</ele>
        <time>2026-08-06T13:31:33.823Z</time>
      </trkpt>
      <trkpt lat="48.057667" lon="17.149571">
        <ele>130.313905</ele>
        <time>2026-08-06T13:31:37.250Z</time>
      </trkpt>
      <trkpt lat="48.057632" lon="17.149364">
        <ele>130.402876</ele>
        <time>2026-08-06T13:31:40.987Z</time>
      </trkpt>
      <trkpt lat="48.057564" lon="17.149017">
        <ele>130.553554</ele>
        <time>2026-08-06T13:31:47.369Z</time>
      </trkpt>
      <trkpt lat="48.057419" lon="17.148461">
        <ele>130.802244</ele>
        <time>2026-08-06T13:31:58.100Z</time>
      </trkpt>
      <trkpt lat="48.057418" lon="17.148459">
        <ele>130.803284</ele>
        <time>2026-08-06T13:31:58.138Z</time>
      </trkpt>
      <trkpt lat="48.057275" lon="17.148077">
        <ele>131.032984</ele>
        <time>2026-08-06T13:32:05.919Z</time>
      </trkpt>
      <trkpt lat="48.057221" lon="17.147918">
        <ele>131.149172</ele>
        <time>2026-08-06T13:32:09.121Z</time>
      </trkpt>
      <trkpt lat="48.057215" lon="17.147647">
        <ele>131.325815</ele>
        <time>2026-08-06T13:32:14.082Z</time>
      </trkpt>
      <trkpt lat="48.057468" lon="17.146765">
        <ele>131.951083</ele>
        <time>2026-08-06T13:32:31.725Z</time>
      </trkpt>
      <trkpt lat="48.057486" lon="17.146703">
        <ele>131.995120</ele>
        <time>2026-08-06T13:32:32.905Z</time>
      </trkpt>
      <trkpt lat="48.056933" lon="17.146372">
        <ele>132.575650</ele>
        <time>2026-08-06T13:32:48.300Z</time>
      </trkpt>
      <trkpt lat="48.056908" lon="17.146277">
        <ele>132.642163</ele>
        <time>2026-08-06T13:32:50.086Z</time>
      </trkpt>
      <trkpt lat="48.056921" lon="17.146084">
        <ele>132.730608</ele>
        <time>2026-08-06T13:32:53.491Z</time>
      </trkpt>
      <trkpt lat="48.056898" lon="17.145969">
        <ele>132.782699</ele>
        <time>2026-08-06T13:32:55.601Z</time>
      </trkpt>
      <trkpt lat="48.056819" lon="17.145720">
        <ele>132.902310</ele>
        <time>2026-08-06T13:33:00.458Z</time>
      </trkpt>
      <trkpt lat="48.056755" lon="17.145676">
        <ele>132.948040</ele>
        <time>2026-08-06T13:33:02.339Z</time>
      </trkpt>
      <trkpt lat="48.056606" lon="17.145565">
        <ele>133.056108</ele>
        <time>2026-08-06T13:33:06.701Z</time>
      </trkpt>
      <trkpt lat="48.056632" lon="17.145496">
        <ele>133.090482</ele>
        <time>2026-08-06T13:33:08.827Z</time>
      </trkpt>
      <trkpt lat="48.056142" lon="17.145257">
        <ele>133.425097</ele>
        <time>2026-08-06T13:33:21.374Z</time>
      </trkpt>
      <trkpt lat="48.055900" lon="17.145215">
        <ele>133.583271</ele>
        <time>2026-08-06T13:33:27.269Z</time>
      </trkpt>
      <trkpt lat="48.055647" lon="17.145258">
        <ele>133.748589</ele>
        <time>2026-08-06T13:33:33.436Z</time>
      </trkpt>
      <trkpt lat="48.055491" lon="17.145347">
        <ele>133.838833</ele>
        <time>2026-08-06T13:33:37.391Z</time>
      </trkpt>
      <trkpt lat="48.055325" lon="17.145490">
        <ele>133.897304</ele>
        <time>2026-08-06T13:33:41.898Z</time>
      </trkpt>
      <trkpt lat="48.055301" lon="17.145525">
        <ele>133.907535</ele>
        <time>2026-08-06T13:33:42.672Z</time>
      </trkpt>
      <trkpt lat="48.055099" lon="17.145790">
        <ele>133.989545</ele>
        <time>2026-08-06T13:33:48.888Z</time>
      </trkpt>
      <trkpt lat="48.054779" lon="17.146208">
        <ele>134.119219</ele>
        <time>2026-08-06T13:33:58.617Z</time>
      </trkpt>
      <trkpt lat="48.054158" lon="17.146984">
        <ele>134.366208</ele>
        <time>2026-08-06T13:34:18.154Z</time>
      </trkpt>
      <trkpt lat="48.054074" lon="17.147087">
        <ele>134.370050</ele>
        <time>2026-08-06T13:34:20.673Z</time>
      </trkpt>
      <trkpt lat="48.053408" lon="17.147828">
        <ele>134.354318</ele>
        <time>2026-08-06T13:34:38.796Z</time>
      </trkpt>
      <trkpt lat="48.053109" lon="17.148153">
        <ele>134.347313</ele>
        <time>2026-08-06T13:34:47.199Z</time>
      </trkpt>
      <trkpt lat="48.052807" lon="17.148481">
        <ele>134.340239</ele>
        <time>2026-08-06T13:34:55.432Z</time>
      </trkpt>
      <trkpt lat="48.052597" lon="17.148708">
        <ele>134.313990</ele>
        <time>2026-08-06T13:35:00.864Z</time>
      </trkpt>
      <trkpt lat="48.052292" lon="17.149038">
        <ele>134.241886</ele>
        <time>2026-08-06T13:35:08.597Z</time>
      </trkpt>
      <trkpt lat="48.051562" lon="17.149802">
        <ele>134.071227</ele>
        <time>2026-08-06T13:35:28.728Z</time>
      </trkpt>
      <trkpt lat="48.051489" lon="17.149876">
        <ele>134.054335</ele>
        <time>2026-08-06T13:35:30.630Z</time>
      </trkpt>
      <trkpt lat="48.051139" lon="17.150226">
        <ele>133.935327</ele>
        <time>2026-08-06T13:35:39.348Z</time>
      </trkpt>
      <trkpt lat="48.050938" lon="17.150382">
        <ele>133.806347</ele>
        <time>2026-08-06T13:35:43.948Z</time>
      </trkpt>
      <trkpt lat="48.050213" lon="17.150890">
        <ele>133.350332</ele>
        <time>2026-08-06T13:36:00.241Z</time>
      </trkpt>
      <trkpt lat="48.049778" lon="17.151160">
        <ele>133.082074</ele>
        <time>2026-08-06T13:36:09.664Z</time>
      </trkpt>
      <trkpt lat="48.049718" lon="17.151197">
        <ele>133.045108</ele>
        <time>2026-08-06T13:36:10.962Z</time>
      </trkpt>
      <trkpt lat="48.049396" lon="17.151389">
        <ele>132.858655</ele>
        <time>2026-08-06T13:36:17.918Z</time>
      </trkpt>
      <trkpt lat="48.048395" lon="17.151894">
        <ele>132.311613</ele>
        <time>2026-08-06T13:36:39.243Z</time>
      </trkpt>
      <trkpt lat="48.048043" lon="17.152028">
        <ele>132.123523</ele>
        <time>2026-08-06T13:36:46.693Z</time>
      </trkpt>
      <trkpt lat="48.047558" lon="17.152146">
        <ele>132.027313</ele>
        <time>2026-08-06T13:36:57.295Z</time>
      </trkpt>
      <trkpt lat="48.047010" lon="17.152310">
        <ele>132.010272</ele>
        <time>2026-08-06T13:37:09.573Z</time>
      </trkpt>
      <trkpt lat="48.046879" lon="17.152367">
        <ele>132.006111</ele>
        <time>2026-08-06T13:37:12.673Z</time>
      </trkpt>
      <trkpt lat="48.046542" lon="17.152542">
        <ele>131.995234</ele>
        <time>2026-08-06T13:37:20.873Z</time>
      </trkpt>
      <trkpt lat="48.045791" lon="17.153097">
        <ele>131.920343</ele>
        <time>2026-08-06T13:37:40.212Z</time>
      </trkpt>
      <trkpt lat="48.044312" lon="17.154653">
        <ele>131.559689</ele>
        <time>2026-08-06T13:38:18.636Z</time>
      </trkpt>
      <trkpt lat="48.044217" lon="17.154755">
        <ele>131.517252</ele>
        <time>2026-08-06T13:38:21.009Z</time>
      </trkpt>
      <trkpt lat="48.043665" lon="17.155349">
        <ele>131.270483</ele>
        <time>2026-08-06T13:38:34.829Z</time>
      </trkpt>
      <trkpt lat="48.043364" lon="17.155705">
        <ele>131.131230</ele>
        <time>2026-08-06T13:38:42.761Z</time>
      </trkpt>
      <trkpt lat="48.043051" lon="17.156069">
        <ele>131.111015</ele>
        <time>2026-08-06T13:38:51.118Z</time>
      </trkpt>
      <trkpt lat="48.042948" lon="17.156177">
        <ele>131.141694</ele>
        <time>2026-08-06T13:38:53.949Z</time>
      </trkpt>
      <trkpt lat="48.042750" lon="17.156382">
        <ele>131.200424</ele>
        <time>2026-08-06T13:38:59.657Z</time>
      </trkpt>
      <trkpt lat="48.042323" lon="17.156807">
        <ele>131.325515</ele>
        <time>2026-08-06T13:39:12.092Z</time>
      </trkpt>
      <trkpt lat="48.040968" lon="17.158269">
        <ele>131.480386</ele>
        <time>2026-08-06T13:39:51.849Z</time>
      </trkpt>
      <trkpt lat="48.041058" lon="17.158496">
        <ele>131.476767</ele>
        <time>2026-08-06T13:39:55.813Z</time>
      </trkpt>
      <trkpt lat="48.041061" lon="17.158563">
        <ele>131.475846</ele>
        <time>2026-08-06T13:39:56.802Z</time>
      </trkpt>
      <trkpt lat="48.041064" lon="17.158639">
        <ele>131.474803</ele>
        <time>2026-08-06T13:39:57.936Z</time>
      </trkpt>
      <trkpt lat="48.041017" lon="17.158748">
        <ele>131.473024</ele>
        <time>2026-08-06T13:39:59.841Z</time>
      </trkpt>
      <trkpt lat="48.040382" lon="17.159436">
        <ele>131.333517</ele>
        <time>2026-08-06T13:40:16.546Z</time>
      </trkpt>
      <trkpt lat="48.039792" lon="17.160065">
        <ele>131.020424</ele>
        <time>2026-08-06T13:40:31.532Z</time>
      </trkpt>
      <trkpt lat="48.039150" lon="17.160766">
        <ele>130.687289</ele>
        <time>2026-08-06T13:40:49.195Z</time>
      </trkpt>
      <trkpt lat="48.038446" lon="17.161525">
        <ele>130.747330</ele>
        <time>2026-08-06T13:41:09.949Z</time>
      </trkpt>
      <trkpt lat="48.038356" lon="17.161622">
        <ele>130.755005</ele>
        <time>2026-08-06T13:41:12.692Z</time>
      </trkpt>
      <trkpt lat="48.037463" lon="17.162502">
        <ele>130.709870</ele>
        <time>2026-08-06T13:41:38.067Z</time>
      </trkpt>
      <trkpt lat="48.036567" lon="17.163349">
        <ele>130.315921</ele>
        <time>2026-08-06T13:42:00.712Z</time>
      </trkpt>
      <trkpt lat="48.036546" lon="17.163305">
        <ele>130.302487</ele>
        <time>2026-08-06T13:42:01.462Z</time>
      </trkpt>
      <trkpt lat="48.036417" lon="17.162979">
        <ele>130.208350</ele>
        <time>2026-08-06T13:42:06.829Z</time>
      </trkpt>
      <trkpt lat="48.036251" lon="17.163121">
        <ele>130.139874</ele>
        <time>2026-08-06T13:42:10.754Z</time>
      </trkpt>
      <trkpt lat="48.035607" lon="17.163669">
        <ele>130.021889</ele>
        <time>2026-08-06T13:42:26.275Z</time>
      </trkpt>
      <trkpt lat="48.033898" lon="17.164887">
        <ele>130.013678</ele>
        <time>2026-08-06T13:43:08.912Z</time>
      </trkpt>
      <trkpt lat="48.032436" lon="17.165866">
        <ele>130.212424</ele>
        <time>2026-08-06T13:43:46.269Z</time>
      </trkpt>
      <trkpt lat="48.032415" lon="17.166121">
        <ele>130.218021</ele>
        <time>2026-08-06T13:43:50.093Z</time>
      </trkpt>
      <trkpt lat="48.031957" lon="17.170931">
        <ele>129.969104</ele>
        <time>2026-08-06T13:45:00.376Z</time>
      </trkpt>
      <trkpt lat="48.031397" lon="17.176848">
        <ele>129.859388</ele>
        <time>2026-08-06T13:46:29.734Z</time>
      </trkpt>
      <trkpt lat="48.030784" lon="17.181961">
        <ele>129.085173</ele>
        <time>2026-08-06T13:47:43.428Z</time>
      </trkpt>
      <trkpt lat="48.030749" lon="17.182203">
        <ele>129.055921</ele>
        <time>2026-08-06T13:47:47.180Z</time>
      </trkpt>
      <trkpt lat="48.030724" lon="17.182333">
        <ele>129.039940</ele>
        <time>2026-08-06T13:47:49.216Z</time>
      </trkpt>
      <trkpt lat="48.030673" lon="17.182646">
        <ele>129.001880</ele>
        <time>2026-08-06T13:47:53.888Z</time>
      </trkpt>
      <trkpt lat="48.030626" lon="17.182974">
        <ele>128.962249</ele>
        <time>2026-08-06T13:47:58.694Z</time>
      </trkpt>
      <trkpt lat="48.030594" lon="17.183442">
        <ele>128.906670</ele>
        <time>2026-08-06T13:48:05.485Z</time>
      </trkpt>
      <trkpt lat="48.030547" lon="17.183946">
        <ele>128.904115</ele>
        <time>2026-08-06T13:48:12.912Z</time>
      </trkpt>
      <trkpt lat="48.030460" lon="17.184410">
        <ele>128.908642</ele>
        <time>2026-08-06T13:48:20.041Z</time>
      </trkpt>
      <trkpt lat="48.029992" lon="17.186077">
        <ele>128.943031</ele>
        <time>2026-08-06T13:48:46.866Z</time>
      </trkpt>
      <trkpt lat="48.029024" lon="17.189511">
        <ele>130.042938</ele>
        <time>2026-08-06T13:49:48.367Z</time>
      </trkpt>
      <trkpt lat="48.028715" lon="17.190599">
        <ele>130.243814</ele>
        <time>2026-08-06T13:50:06.340Z</time>
      </trkpt>
      <trkpt lat="48.028515" lon="17.191313">
        <ele>130.299811</ele>
        <time>2026-08-06T13:50:17.444Z</time>
      </trkpt>
      <trkpt lat="48.028479" lon="17.191439">
        <ele>130.293952</ele>
        <time>2026-08-06T13:50:19.394Z</time>
      </trkpt>
      <trkpt lat="48.028328" lon="17.192007">
        <ele>130.267817</ele>
        <time>2026-08-06T13:50:28.231Z</time>
      </trkpt>
      <trkpt lat="48.027645" lon="17.194337">
        <ele>130.221476</ele>
        <time>2026-08-06T13:51:05.805Z</time>
      </trkpt>
      <trkpt lat="48.027511" lon="17.194830">
        <ele>130.233407</ele>
        <time>2026-08-06T13:51:13.792Z</time>
      </trkpt>
      <trkpt lat="48.027501" lon="17.194870">
        <ele>130.234364</ele>
        <time>2026-08-06T13:51:14.439Z</time>
      </trkpt>
      <trkpt lat="48.027066" lon="17.196373">
        <ele>130.250662</ele>
        <time>2026-08-06T13:51:39.205Z</time>
      </trkpt>
      <trkpt lat="48.027055" lon="17.196503">
        <ele>130.248038</ele>
        <time>2026-08-06T13:51:41.128Z</time>
      </trkpt>
      <trkpt lat="48.027005" lon="17.196704">
        <ele>130.243744</ele>
        <time>2026-08-06T13:51:44.297Z</time>
      </trkpt>
      <trkpt lat="48.027036" lon="17.196766">
        <ele>130.242194</ele>
        <time>2026-08-06T13:51:45.439Z</time>
      </trkpt>
      <trkpt lat="48.027101" lon="17.196850">
        <ele>130.239621</ele>
        <time>2026-08-06T13:51:47.342Z</time>
      </trkpt>
      <trkpt lat="48.027575" lon="17.197222">
        <ele>130.223593</ele>
        <time>2026-08-06T13:51:59.102Z</time>
      </trkpt>
      <trkpt lat="48.027533" lon="17.197322">
        <ele>130.221229</ele>
        <time>2026-08-06T13:52:00.916Z</time>
      </trkpt>
      <trkpt lat="48.026972" lon="17.198961">
        <ele>130.302907</ele>
        <time>2026-08-06T13:52:29.363Z</time>
      </trkpt>
      <trkpt lat="48.026943" lon="17.199046">
        <ele>130.311255</ele>
        <time>2026-08-06T13:52:30.894Z</time>
      </trkpt>
      <trkpt lat="48.027690" lon="17.199753">
        <ele>130.426898</ele>
        <time>2026-08-06T13:52:51.432Z</time>
      </trkpt>
      <trkpt lat="48.027785" lon="17.199843">
        <ele>130.441609</ele>
        <time>2026-08-06T13:52:53.986Z</time>
      </trkpt>
      <trkpt lat="48.028003" lon="17.200043">
        <ele>130.417758</ele>
        <time>2026-08-06T13:52:59.712Z</time>
      </trkpt>
      <trkpt lat="48.028342" lon="17.200337">
        <ele>130.380923</ele>
        <time>2026-08-06T13:53:08.526Z</time>
      </trkpt>
      <trkpt lat="48.028312" lon="17.200430">
        <ele>130.374433</ele>
        <time>2026-08-06T13:53:10.108Z</time>
      </trkpt>
      <trkpt lat="48.028123" lon="17.201073">
        <ele>130.330284</ele>
        <time>2026-08-06T13:53:20.671Z</time>
      </trkpt>
      <trkpt lat="48.027448" lon="17.203821">
        <ele>129.783513</ele>
        <time>2026-08-06T13:54:01.466Z</time>
      </trkpt>
      <trkpt lat="48.027373" lon="17.204125">
        <ele>129.704689</ele>
        <time>2026-08-06T13:54:05.659Z</time>
      </trkpt>
      <trkpt lat="48.027217" lon="17.204758">
        <ele>129.767971</ele>
        <time>2026-08-06T13:54:15.330Z</time>
      </trkpt>
      <trkpt lat="48.027257" lon="17.204912">
        <ele>129.845189</ele>
        <time>2026-08-06T13:54:17.810Z</time>
      </trkpt>
      <trkpt lat="48.027345" lon="17.204923">
        <ele>129.906906</ele>
        <time>2026-08-06T13:54:19.836Z</time>
      </trkpt>
      <trkpt lat="48.027328" lon="17.205164">
        <ele>130.020175</ele>
        <time>2026-08-06T13:54:23.502Z</time>
      </trkpt>
      <trkpt lat="48.027323" lon="17.205381">
        <ele>130.121662</ele>
        <time>2026-08-06T13:54:26.820Z</time>
      </trkpt>
      <trkpt lat="48.027314" lon="17.205803">
        <ele>130.319006</ele>
        <time>2026-08-06T13:54:33.697Z</time>
      </trkpt>
      <trkpt lat="48.027305" lon="17.206052">
        <ele>130.435559</ele>
        <time>2026-08-06T13:54:38.214Z</time>
      </trkpt>
      <trkpt lat="48.027384" lon="17.206221">
        <ele>130.531934</ele>
        <time>2026-08-06T13:54:42.203Z</time>
      </trkpt>
      <trkpt lat="48.027237" lon="17.206222">
        <ele>130.634672</ele>
        <time>2026-08-06T13:54:46.696Z</time>
      </trkpt>
      <trkpt lat="48.026596" lon="17.206167">
        <ele>131.039555</ele>
        <time>2026-08-06T13:55:05.516Z</time>
      </trkpt>
      <trkpt lat="48.025627" lon="17.206084">
        <ele>131.574851</ele>
        <time>2026-08-06T13:55:28.908Z</time>
      </trkpt>
      <trkpt lat="48.024121" lon="17.205967">
        <ele>131.365768</ele>
        <time>2026-08-06T13:56:01.280Z</time>
      </trkpt>
      <trkpt lat="48.022803" lon="17.205889">
        <ele>130.466305</ele>
        <time>2026-08-06T13:56:27.059Z</time>
      </trkpt>
      <trkpt lat="48.022154" lon="17.205962">
        <ele>129.841443</ele>
        <time>2026-08-06T13:56:39.603Z</time>
      </trkpt>
      <trkpt lat="48.021571" lon="17.206102">
        <ele>129.274534</ele>
        <time>2026-08-06T13:56:51.042Z</time>
      </trkpt>
      <trkpt lat="48.020690" lon="17.206442">
        <ele>128.702895</ele>
        <time>2026-08-06T13:57:08.708Z</time>
      </trkpt>
      <trkpt lat="48.020261" lon="17.206677">
        <ele>128.426453</ele>
        <time>2026-08-06T13:57:17.895Z</time>
      </trkpt>
      <trkpt lat="48.019850" lon="17.206947">
        <ele>128.154827</ele>
        <time>2026-08-06T13:57:27.736Z</time>
      </trkpt>
      <trkpt lat="48.019284" lon="17.207390">
        <ele>127.992667</ele>
        <time>2026-08-06T13:57:42.158Z</time>
      </trkpt>
      <trkpt lat="48.019098" lon="17.207541">
        <ele>127.944231</ele>
        <time>2026-08-06T13:57:46.661Z</time>
      </trkpt>
      <trkpt lat="48.018928" lon="17.207667">
        <ele>127.900809</ele>
        <time>2026-08-06T13:57:50.572Z</time>
      </trkpt>
      <trkpt lat="48.018827" lon="17.207647">
        <ele>127.877494</ele>
        <time>2026-08-06T13:57:52.652Z</time>
      </trkpt>
      <trkpt lat="48.018805" lon="17.207595">
        <ele>127.868076</ele>
        <time>2026-08-06T13:57:53.489Z</time>
      </trkpt>
      <trkpt lat="48.018792" lon="17.207327">
        <ele>127.826945</ele>
        <time>2026-08-06T13:57:57.132Z</time>
      </trkpt>
      <trkpt lat="48.018910" lon="17.206214">
        <ele>127.761054</ele>
        <time>2026-08-06T13:58:13.399Z</time>
      </trkpt>
      <trkpt lat="48.018861" lon="17.205835">
        <ele>127.801788</ele>
        <time>2026-08-06T13:58:18.714Z</time>
      </trkpt>
      <trkpt lat="48.018830" lon="17.205707">
        <ele>127.816153</ele>
        <time>2026-08-06T13:58:20.684Z</time>
      </trkpt>
      <trkpt lat="48.018718" lon="17.205194">
        <ele>127.873098</ele>
        <time>2026-08-06T13:58:28.658Z</time>
      </trkpt>
      <trkpt lat="48.018697" lon="17.205098">
        <ele>127.883756</ele>
        <time>2026-08-06T13:58:30.341Z</time>
      </trkpt>
      <trkpt lat="48.018132" lon="17.205392">
        <ele>127.978136</ele>
        <time>2026-08-06T13:58:45.624Z</time>
      </trkpt>
      <trkpt lat="48.016633" lon="17.206502">
        <ele>128.545036</ele>
        <time>2026-08-06T13:59:25.443Z</time>
      </trkpt>
      <trkpt lat="48.016289" lon="17.206813">
        <ele>128.638516</ele>
        <time>2026-08-06T13:59:34.275Z</time>
      </trkpt>
      <trkpt lat="48.015158" lon="17.207944">
        <ele>128.599608</ele>
        <time>2026-08-06T14:00:04.146Z</time>
      </trkpt>
      <trkpt lat="48.014623" lon="17.208628">
        <ele>128.493813</ele>
        <time>2026-08-06T14:00:19.930Z</time>
      </trkpt>
      <trkpt lat="48.014002" lon="17.209526">
        <ele>128.281887</ele>
        <time>2026-08-06T14:00:38.449Z</time>
      </trkpt>
      <trkpt lat="48.013388" lon="17.210664">
        <ele>128.118221</ele>
        <time>2026-08-06T14:00:58.589Z</time>
      </trkpt>
      <trkpt lat="48.012191" lon="17.213510">
        <ele>128.289244</ele>
        <time>2026-08-06T14:01:49.068Z</time>
      </trkpt>
      <trkpt lat="48.012079" lon="17.213498">
        <ele>128.323134</ele>
        <time>2026-08-06T14:01:51.776Z</time>
      </trkpt>
      <trkpt lat="48.010509" lon="17.212428">
        <ele>128.872878</ele>
        <time>2026-08-06T14:02:34.242Z</time>
      </trkpt>
      <trkpt lat="48.010101" lon="17.212205">
        <ele>129.017551</ele>
        <time>2026-08-06T14:02:44.374Z</time>
      </trkpt>
      <trkpt lat="48.008170" lon="17.210901">
        <ele>129.084166</ele>
        <time>2026-08-06T14:03:30.791Z</time>
      </trkpt>
      <trkpt lat="48.006438" lon="17.209544">
        <ele>128.611573</ele>
        <time>2026-08-06T14:04:13.490Z</time>
      </trkpt>
      <trkpt lat="48.005979" lon="17.209108">
        <ele>128.038027</ele>
        <time>2026-08-06T14:04:23.748Z</time>
      </trkpt>
      <trkpt lat="48.005795" lon="17.209031">
        <ele>127.836517</ele>
        <time>2026-08-06T14:04:27.317Z</time>
      </trkpt>
      <trkpt lat="48.005570" lon="17.209080">
        <ele>127.596726</ele>
        <time>2026-08-06T14:04:31.519Z</time>
      </trkpt>
      <trkpt lat="48.005413" lon="17.209059">
        <ele>127.430492</ele>
        <time>2026-08-06T14:04:34.427Z</time>
      </trkpt>
      <trkpt lat="48.005324" lon="17.208973">
        <ele>127.318725</ele>
        <time>2026-08-06T14:04:36.387Z</time>
      </trkpt>
      <trkpt lat="48.004778" lon="17.208197">
        <ele>126.671582</ele>
        <time>2026-08-06T14:04:50.679Z</time>
      </trkpt>
      <trkpt lat="48.003607" lon="17.206617">
        <ele>126.057136</ele>
        <time>2026-08-06T14:05:24.541Z</time>
      </trkpt>
      <trkpt lat="48.002768" lon="17.205493">
        <ele>126.126354</ele>
        <time>2026-08-06T14:05:49.533Z</time>
      </trkpt>
      <trkpt lat="48.002195" lon="17.204739">
        <ele>126.182595</ele>
        <time>2026-08-06T14:06:07.407Z</time>
      </trkpt>
      <trkpt lat="48.001863" lon="17.204265">
        <ele>126.257311</ele>
        <time>2026-08-06T14:06:17.882Z</time>
      </trkpt>
      <trkpt lat="48.001754" lon="17.204027">
        <ele>126.288714</ele>
        <time>2026-08-06T14:06:23.620Z</time>
      </trkpt>
      <trkpt lat="48.001655" lon="17.203762">
        <ele>126.321761</ele>
        <time>2026-08-06T14:06:28.204Z</time>
      </trkpt>
      <trkpt lat="48.001588" lon="17.203667">
        <ele>126.336790</ele>
        <time>2026-08-06T14:06:30.261Z</time>
      </trkpt>
      <trkpt lat="48.001306" lon="17.203431">
        <ele>126.389384</ele>
        <time>2026-08-06T14:06:37.369Z</time>
      </trkpt>
      <trkpt lat="48.001123" lon="17.203309">
        <ele>126.421992</ele>
        <time>2026-08-06T14:06:41.835Z</time>
      </trkpt>
      <trkpt lat="48.000731" lon="17.203048">
        <ele>126.696650</ele>
        <time>2026-08-06T14:06:51.590Z</time>
      </trkpt>
      <trkpt lat="48.000480" lon="17.202835">
        <ele>127.048596</ele>
        <time>2026-08-06T14:06:58.519Z</time>
      </trkpt>
      <trkpt lat="48.000147" lon="17.202336">
        <ele>127.623584</ele>
        <time>2026-08-06T14:07:11.391Z</time>
      </trkpt>
      <trkpt lat="47.999799" lon="17.202065">
        <ele>128.102057</ele>
        <time>2026-08-06T14:07:22.611Z</time>
      </trkpt>
      <trkpt lat="47.999627" lon="17.201942">
        <ele>128.334553</ele>
        <time>2026-08-06T14:07:28.278Z</time>
      </trkpt>
      <trkpt lat="47.999487" lon="17.201812">
        <ele>128.535525</ele>
        <time>2026-08-06T14:07:33.418Z</time>
      </trkpt>
      <trkpt lat="47.999363" lon="17.201692">
        <ele>128.702238</ele>
        <time>2026-08-06T14:07:39.030Z</time>
      </trkpt>
      <trkpt lat="47.999050" lon="17.201170">
        <ele>129.150891</ele>
        <time>2026-08-06T14:07:56.405Z</time>
      </trkpt>
      <trkpt lat="47.998951" lon="17.200909">
        <ele>129.342931</ele>
        <time>2026-08-06T14:08:03.551Z</time>
      </trkpt>
      <trkpt lat="47.998710" lon="17.200626">
        <ele>129.636124</ele>
        <time>2026-08-06T14:08:14.007Z</time>
      </trkpt>
      <trkpt lat="47.998696" lon="17.200548">
        <ele>129.687817</ele>
        <time>2026-08-06T14:08:15.786Z</time>
      </trkpt>
      <trkpt lat="47.998653" lon="17.200438">
        <ele>129.769362</ele>
        <time>2026-08-06T14:08:18.406Z</time>
      </trkpt>
      <trkpt lat="47.998436" lon="17.200189">
        <ele>130.031074</ele>
        <time>2026-08-06T14:08:26.690Z</time>
      </trkpt>
      <trkpt lat="47.998336" lon="17.200071">
        <ele>130.152958</ele>
        <time>2026-08-06T14:08:30.499Z</time>
      </trkpt>
      <trkpt lat="47.998248" lon="17.200228">
        <ele>130.284053</ele>
        <time>2026-08-06T14:08:34.513Z</time>
      </trkpt>
      <trkpt lat="47.998185" lon="17.200148">
        <ele>130.363136</ele>
        <time>2026-08-06T14:08:36.867Z</time>
      </trkpt>
      <trkpt lat="47.998161" lon="17.200207">
        <ele>130.343639</ele>
        <time>2026-08-06T14:08:37.901Z</time>
      </trkpt>
      <trkpt lat="47.998042" lon="17.200486">
        <ele>130.151242</ele>
        <time>2026-08-06T14:08:42.618Z</time>
      </trkpt>
      <trkpt lat="47.997144" lon="17.202659">
        <ele>128.640169</ele>
        <time>2026-08-06T14:09:15.379Z</time>
      </trkpt>
      <trkpt lat="47.997097" lon="17.202774">
        <ele>128.547803</ele>
        <time>2026-08-06T14:09:17.034Z</time>
      </trkpt>
      <trkpt lat="47.996993" lon="17.202991">
        <ele>128.364847</ele>
        <time>2026-08-06T14:09:20.332Z</time>
      </trkpt>
      <trkpt lat="47.996683" lon="17.203430">
        <ele>127.927374</ele>
        <time>2026-08-06T14:09:28.192Z</time>
      </trkpt>
      <trkpt lat="47.995917" lon="17.204392">
        <ele>126.956157</ele>
        <time>2026-08-06T14:09:47.724Z</time>
      </trkpt>
      <trkpt lat="47.995226" lon="17.205280">
        <ele>126.781854</ele>
        <time>2026-08-06T14:10:07.054Z</time>
      </trkpt>
      <trkpt lat="47.995142" lon="17.205442">
        <ele>126.755625</ele>
        <time>2026-08-06T14:10:10.103Z</time>
      </trkpt>
      <trkpt lat="47.995105" lon="17.205568">
        <ele>126.738015</ele>
        <time>2026-08-06T14:10:12.217Z</time>
      </trkpt>
      <trkpt lat="47.995033" lon="17.205890">
        <ele>126.694564</ele>
        <time>2026-08-06T14:10:17.450Z</time>
      </trkpt>
      <trkpt lat="47.994759" lon="17.207009">
        <ele>126.540619</ele>
        <time>2026-08-06T14:10:35.791Z</time>
      </trkpt>
      <trkpt lat="47.994637" lon="17.207549">
        <ele>126.466398</ele>
        <time>2026-08-06T14:10:44.138Z</time>
      </trkpt>
      <trkpt lat="47.994450" lon="17.208519">
        <ele>126.334942</ele>
        <time>2026-08-06T14:10:58.266Z</time>
      </trkpt>
      <trkpt lat="47.994131" lon="17.210262">
        <ele>126.135378</ele>
        <time>2026-08-06T14:11:23.266Z</time>
      </trkpt>
      <trkpt lat="47.994106" lon="17.210393">
        <ele>126.121266</ele>
        <time>2026-08-06T14:11:25.239Z</time>
      </trkpt>
      <trkpt lat="47.993958" lon="17.211049">
        <ele>126.049547</ele>
        <time>2026-08-06T14:11:35.493Z</time>
      </trkpt>
      <trkpt lat="47.993750" lon="17.211574">
        <ele>126.013176</ele>
        <time>2026-08-06T14:11:45.002Z</time>
      </trkpt>
      <trkpt lat="47.993451" lon="17.212304">
        <ele>126.169898</ele>
        <time>2026-08-06T14:11:58.817Z</time>
      </trkpt>
      <trkpt lat="47.993396" lon="17.212369">
        <ele>126.189085</ele>
        <time>2026-08-06T14:12:00.457Z</time>
      </trkpt>
      <trkpt lat="47.993327" lon="17.212394">
        <ele>126.208512</ele>
        <time>2026-08-06T14:12:02.038Z</time>
      </trkpt>
      <trkpt lat="47.992980" lon="17.212382">
        <ele>126.303484</ele>
        <time>2026-08-06T14:12:09.857Z</time>
      </trkpt>
      <trkpt lat="47.992984" lon="17.213566">
        <ele>126.504793</ele>
        <time>2026-08-06T14:12:28.453Z</time>
      </trkpt>
      <trkpt lat="47.992961" lon="17.214257">
        <ele>126.570313</ele>
        <time>2026-08-06T14:12:39.531Z</time>
      </trkpt>
      <trkpt lat="47.992948" lon="17.214495">
        <ele>126.592928</ele>
        <time>2026-08-06T14:12:43.098Z</time>
      </trkpt>
      <trkpt lat="47.992874" lon="17.215432">
        <ele>126.682280</ele>
        <time>2026-08-06T14:12:56.932Z</time>
      </trkpt>
      <trkpt lat="47.992842" lon="17.215795">
        <ele>126.716955</ele>
        <time>2026-08-06T14:13:02.425Z</time>
      </trkpt>
      <trkpt lat="47.992766" lon="17.216350">
        <ele>126.788799</ele>
        <time>2026-08-06T14:13:10.998Z</time>
      </trkpt>
      <trkpt lat="47.992624" lon="17.216805">
        <ele>126.867367</ele>
        <time>2026-08-06T14:13:18.700Z</time>
      </trkpt>
      <trkpt lat="47.992170" lon="17.217896">
        <ele>127.068422</ele>
        <time>2026-08-06T14:13:39.025Z</time>
      </trkpt>
      <trkpt lat="47.992082" lon="17.218246">
        <ele>127.126934</ele>
        <time>2026-08-06T14:13:45.192Z</time>
      </trkpt>
      <trkpt lat="47.992023" lon="17.218732">
        <ele>127.135122</ele>
        <time>2026-08-06T14:13:52.998Z</time>
      </trkpt>
      <trkpt lat="47.991585" lon="17.228786">
        <ele>126.056377</ele>
        <time>2026-08-06T14:16:18.145Z</time>
      </trkpt>
      <trkpt lat="47.991560" lon="17.229295">
        <ele>126.010349</ele>
        <time>2026-08-06T14:16:25.586Z</time>
      </trkpt>
      <trkpt lat="47.991379" lon="17.233137">
        <ele>125.827855</ele>
        <time>2026-08-06T14:17:22.533Z</time>
      </trkpt>
      <trkpt lat="47.991290" lon="17.233691">
        <ele>125.780542</ele>
        <time>2026-08-06T14:17:30.680Z</time>
      </trkpt>
      <trkpt lat="47.991012" lon="17.234628">
        <ele>125.718275</ele>
        <time>2026-08-06T14:17:45.340Z</time>
      </trkpt>
      <trkpt lat="47.990893" lon="17.235032">
        <ele>125.741771</ele>
        <time>2026-08-06T14:17:51.716Z</time>
      </trkpt>
      <trkpt lat="47.990749" lon="17.235820">
        <ele>125.785253</ele>
        <time>2026-08-06T14:18:03.990Z</time>
      </trkpt>
      <trkpt lat="47.990705" lon="17.236372">
        <ele>125.814845</ele>
        <time>2026-08-06T14:18:12.672Z</time>
      </trkpt>
      <trkpt lat="47.990691" lon="17.237500">
        <ele>125.890509</ele>
        <time>2026-08-06T14:18:30.355Z</time>
      </trkpt>
      <trkpt lat="47.990691" lon="17.237611">
        <ele>125.900518</ele>
        <time>2026-08-06T14:18:32.100Z</time>
      </trkpt>
      <trkpt lat="47.990685" lon="17.238253">
        <ele>125.958418</ele>
        <time>2026-08-06T14:18:41.821Z</time>
      </trkpt>
      <trkpt lat="47.990671" lon="17.238556">
        <ele>125.985807</ele>
        <time>2026-08-06T14:18:46.191Z</time>
      </trkpt>
      <trkpt lat="47.990606" lon="17.239109">
        <ele>126.036439</ele>
        <time>2026-08-06T14:18:54.456Z</time>
      </trkpt>
      <trkpt lat="47.990426" lon="17.239914">
        <ele>126.112489</ele>
        <time>2026-08-06T14:19:07.607Z</time>
      </trkpt>
      <trkpt lat="47.990313" lon="17.240252">
        <ele>126.145648</ele>
        <time>2026-08-06T14:19:13.669Z</time>
      </trkpt>
      <trkpt lat="47.990117" lon="17.240761">
        <ele>126.197184</ele>
        <time>2026-08-06T14:19:22.520Z</time>
      </trkpt>
      <trkpt lat="47.989894" lon="17.241214">
        <ele>126.246537</ele>
        <time>2026-08-06T14:19:30.995Z</time>
      </trkpt>
      <trkpt lat="47.989666" lon="17.241597">
        <ele>126.291523</ele>
        <time>2026-08-06T14:19:39.098Z</time>
      </trkpt>
      <trkpt lat="47.989279" lon="17.242139">
        <ele>126.268145</ele>
        <time>2026-08-06T14:19:51.076Z</time>
      </trkpt>
      <trkpt lat="47.987876" lon="17.243894">
        <ele>125.688911</ele>
        <time>2026-08-06T14:20:29.536Z</time>
      </trkpt>
      <trkpt lat="47.987201" lon="17.244739">
        <ele>125.161551</ele>
        <time>2026-08-06T14:20:47.323Z</time>
      </trkpt>
      <trkpt lat="47.986780" lon="17.245343">
        <ele>124.812019</ele>
        <time>2026-08-06T14:20:58.937Z</time>
      </trkpt>
      <trkpt lat="47.986514" lon="17.245793">
        <ele>124.641765</ele>
        <time>2026-08-06T14:21:07.017Z</time>
      </trkpt>
      <trkpt lat="47.986214" lon="17.246478">
        <ele>124.430234</ele>
        <time>2026-08-06T14:21:18.272Z</time>
      </trkpt>
      <trkpt lat="47.985971" lon="17.247206">
        <ele>124.220021</ele>
        <time>2026-08-06T14:21:29.460Z</time>
      </trkpt>
      <trkpt lat="47.985754" lon="17.248567">
        <ele>124.246595</ele>
        <time>2026-08-06T14:21:50.380Z</time>
      </trkpt>
      <trkpt lat="47.985648" lon="17.249416">
        <ele>124.423348</ele>
        <time>2026-08-06T14:22:05.381Z</time>
      </trkpt>
      <trkpt lat="47.985527" lon="17.250265">
        <ele>124.601000</ele>
        <time>2026-08-06T14:22:18.869Z</time>
      </trkpt>
      <trkpt lat="47.985437" lon="17.250584">
        <ele>124.604332</ele>
        <time>2026-08-06T14:22:24.057Z</time>
      </trkpt>
      <trkpt lat="47.985340" lon="17.250826">
        <ele>124.578784</ele>
        <time>2026-08-06T14:22:28.235Z</time>
      </trkpt>
      <trkpt lat="47.985158" lon="17.251156">
        <ele>124.540057</ele>
        <time>2026-08-06T14:22:34.392Z</time>
      </trkpt>
      <trkpt lat="47.984907" lon="17.251518">
        <ele>124.492849</ele>
        <time>2026-08-06T14:22:41.578Z</time>
      </trkpt>
      <trkpt lat="47.981161" lon="17.256122">
        <ele>123.913148</ele>
        <time>2026-08-06T14:24:26.748Z</time>
      </trkpt>
      <trkpt lat="47.980899" lon="17.256465">
        <ele>123.946116</ele>
        <time>2026-08-06T14:24:34.814Z</time>
      </trkpt>
      <trkpt lat="47.980673" lon="17.256812">
        <ele>123.976787</ele>
        <time>2026-08-06T14:24:42.325Z</time>
      </trkpt>
      <trkpt lat="47.980364" lon="17.257509">
        <ele>124.029747</ele>
        <time>2026-08-06T14:24:55.311Z</time>
      </trkpt>
      <trkpt lat="47.978968" lon="17.261517">
        <ele>124.010017</ele>
        <time>2026-08-06T14:26:02.809Z</time>
      </trkpt>
      <trkpt lat="47.977882" lon="17.264747">
        <ele>123.650781</ele>
        <time>2026-08-06T14:26:54.840Z</time>
      </trkpt>
      <trkpt lat="47.972665" lon="17.279656">
        <ele>123.620604</ele>
        <time>2026-08-06T14:31:04.774Z</time>
      </trkpt>
      <trkpt lat="47.972627" lon="17.279758">
        <ele>123.638517</ele>
        <time>2026-08-06T14:31:06.620Z</time>
      </trkpt>
      <trkpt lat="47.972452" lon="17.280228">
        <ele>123.721046</ele>
        <time>2026-08-06T14:31:15.111Z</time>
      </trkpt>
      <trkpt lat="47.972303" lon="17.280474">
        <ele>123.771953</ele>
        <time>2026-08-06T14:31:20.385Z</time>
      </trkpt>
      <trkpt lat="47.969597" lon="17.283587">
        <ele>124.725217</ele>
        <time>2026-08-06T14:32:40.758Z</time>
      </trkpt>
      <trkpt lat="47.968858" lon="17.284424">
        <ele>124.943488</ele>
        <time>2026-08-06T14:33:01.841Z</time>
      </trkpt>
      <trkpt lat="47.968453" lon="17.284959">
        <ele>124.916664</ele>
        <time>2026-08-06T14:33:13.883Z</time>
      </trkpt>
      <trkpt lat="47.968086" lon="17.285569">
        <ele>124.886715</ele>
        <time>2026-08-06T14:33:25.802Z</time>
      </trkpt>
      <trkpt lat="47.967971" lon="17.285781">
        <ele>124.876751</ele>
        <time>2026-08-06T14:33:29.772Z</time>
      </trkpt>
      <trkpt lat="47.967585" lon="17.286431">
        <ele>124.853839</ele>
        <time>2026-08-06T14:33:42.410Z</time>
      </trkpt>
      <trkpt lat="47.967342" lon="17.286813">
        <ele>124.901743</ele>
        <time>2026-08-06T14:33:50.161Z</time>
      </trkpt>
      <trkpt lat="47.966848" lon="17.287623">
        <ele>125.001354</ele>
        <time>2026-08-06T14:34:06.856Z</time>
      </trkpt>
      <trkpt lat="47.966629" lon="17.287902">
        <ele>125.040440</ele>
        <time>2026-08-06T14:34:13.817Z</time>
      </trkpt>
      <trkpt lat="47.966483" lon="17.288013">
        <ele>125.062685</ele>
        <time>2026-08-06T14:34:17.724Z</time>
      </trkpt>
      <trkpt lat="47.966371" lon="17.288044">
        <ele>125.078152</ele>
        <time>2026-08-06T14:34:20.393Z</time>
      </trkpt>
      <trkpt lat="47.966118" lon="17.287955">
        <ele>125.090032</ele>
        <time>2026-08-06T14:34:26.466Z</time>
      </trkpt>
      <trkpt lat="47.965817" lon="17.287764">
        <ele>125.086460</ele>
        <time>2026-08-06T14:34:33.942Z</time>
      </trkpt>
      <trkpt lat="47.965461" lon="17.287565">
        <ele>125.082309</ele>
        <time>2026-08-06T14:34:42.363Z</time>
      </trkpt>
      <trkpt lat="47.965091" lon="17.287358">
        <ele>125.077994</ele>
        <time>2026-08-06T14:34:51.088Z</time>
      </trkpt>
      <trkpt lat="47.964861" lon="17.287172">
        <ele>125.075137</ele>
        <time>2026-08-06T14:34:56.659Z</time>
      </trkpt>
      <trkpt lat="47.964566" lon="17.286864">
        <ele>125.068325</ele>
        <time>2026-08-06T14:35:04.234Z</time>
      </trkpt>
      <trkpt lat="47.963914" lon="17.286043">
        <ele>125.030004</ele>
        <time>2026-08-06T14:35:22.997Z</time>
      </trkpt>
      <trkpt lat="47.963890" lon="17.286001">
        <ele>125.028342</ele>
        <time>2026-08-06T14:35:23.809Z</time>
      </trkpt>
      <trkpt lat="47.963636" lon="17.285639">
        <ele>125.012566</ele>
        <time>2026-08-06T14:35:31.732Z</time>
      </trkpt>
      <trkpt lat="47.962922" lon="17.284824">
        <ele>124.947617</ele>
        <time>2026-08-06T14:35:51.961Z</time>
      </trkpt>
      <trkpt lat="47.961199" lon="17.282895">
        <ele>124.429170</ele>
        <time>2026-08-06T14:36:38.533Z</time>
      </trkpt>
      <trkpt lat="47.961064" lon="17.282793">
        <ele>124.355986</ele>
        <time>2026-08-06T14:36:41.581Z</time>
      </trkpt>
      <trkpt lat="47.960480" lon="17.282624">
        <ele>124.068242</ele>
        <time>2026-08-06T14:36:53.176Z</time>
      </trkpt>
      <trkpt lat="47.959950" lon="17.282400">
        <ele>123.820391</ele>
        <time>2026-08-06T14:37:04.218Z</time>
      </trkpt>
      <trkpt lat="47.959628" lon="17.282169">
        <ele>123.671415</ele>
        <time>2026-08-06T14:37:11.505Z</time>
      </trkpt>
      <trkpt lat="47.959365" lon="17.282018">
        <ele>123.553908</ele>
        <time>2026-08-06T14:37:17.395Z</time>
      </trkpt>
      <trkpt lat="47.959056" lon="17.281880">
        <ele>123.419405</ele>
        <time>2026-08-06T14:37:24.221Z</time>
      </trkpt>
      <trkpt lat="47.955335" lon="17.280544">
        <ele>122.610066</ele>
        <time>2026-08-06T14:38:46.477Z</time>
      </trkpt>
      <trkpt lat="47.955102" lon="17.280476">
        <ele>122.578214</ele>
        <time>2026-08-06T14:38:51.792Z</time>
      </trkpt>
      <trkpt lat="47.954707" lon="17.280440">
        <ele>122.585569</ele>
        <time>2026-08-06T14:39:00.749Z</time>
      </trkpt>
      <trkpt lat="47.954522" lon="17.280458">
        <ele>122.597494</ele>
        <time>2026-08-06T14:39:04.963Z</time>
      </trkpt>
      <trkpt lat="47.954310" lon="17.280527">
        <ele>122.611451</ele>
        <time>2026-08-06T14:39:09.935Z</time>
      </trkpt>
      <trkpt lat="47.953985" lon="17.280700">
        <ele>122.633644</ele>
        <time>2026-08-06T14:39:17.826Z</time>
      </trkpt>
      <trkpt lat="47.949971" lon="17.283989">
        <ele>122.572214</ele>
        <time>2026-08-06T14:40:59.454Z</time>
      </trkpt>
      <trkpt lat="47.949451" lon="17.284361">
        <ele>122.486365</ele>
        <time>2026-08-06T14:41:12.173Z</time>
      </trkpt>
      <trkpt lat="47.949129" lon="17.284490">
        <ele>122.436727</ele>
        <time>2026-08-06T14:41:19.244Z</time>
      </trkpt>
      <trkpt lat="47.948837" lon="17.284537">
        <ele>122.393001</ele>
        <time>2026-08-06T14:41:25.458Z</time>
      </trkpt>
      <trkpt lat="47.948504" lon="17.284494">
        <ele>122.343236</ele>
        <time>2026-08-06T14:41:32.537Z</time>
      </trkpt>
      <trkpt lat="47.948066" lon="17.284340">
        <ele>122.369513</ele>
        <time>2026-08-06T14:41:42.112Z</time>
      </trkpt>
      <trkpt lat="47.945572" lon="17.283402">
        <ele>122.587957</ele>
        <time>2026-08-06T14:42:41.276Z</time>
      </trkpt>
      <trkpt lat="47.942982" lon="17.282339">
        <ele>122.395338</ele>
        <time>2026-08-06T14:43:40.427Z</time>
      </trkpt>
      <trkpt lat="47.941058" lon="17.281564">
        <ele>121.837489</ele>
        <time>2026-08-06T14:44:21.685Z</time>
      </trkpt>
      <trkpt lat="47.939008" lon="17.280711">
        <ele>121.721255</ele>
        <time>2026-08-06T14:45:08.744Z</time>
      </trkpt>
      <trkpt lat="47.938715" lon="17.280591">
        <ele>121.752434</ele>
        <time>2026-08-06T14:45:15.497Z</time>
      </trkpt>
      <trkpt lat="47.938074" lon="17.280341">
        <ele>121.820421</ele>
        <time>2026-08-06T14:45:31.010Z</time>
      </trkpt>
      <trkpt lat="47.937657" lon="17.280198">
        <ele>122.037032</ele>
        <time>2026-08-06T14:45:41.200Z</time>
      </trkpt>
      <trkpt lat="47.937336" lon="17.280162">
        <ele>122.207217</ele>
        <time>2026-08-06T14:45:48.961Z</time>
      </trkpt>
      <trkpt lat="47.936867" lon="17.280206">
        <ele>122.455658</ele>
        <time>2026-08-06T14:46:00.947Z</time>
      </trkpt>
      <trkpt lat="47.936503" lon="17.280172">
        <ele>122.648475</ele>
        <time>2026-08-06T14:46:10.139Z</time>
      </trkpt>
      <trkpt lat="47.936027" lon="17.279973">
        <ele>122.849425</ele>
        <time>2026-08-06T14:46:21.916Z</time>
      </trkpt>
      <trkpt lat="47.935850" lon="17.279850">
        <ele>122.906870</ele>
        <time>2026-08-06T14:46:26.511Z</time>
      </trkpt>
      <trkpt lat="47.935783" lon="17.279719">
        <ele>122.939358</ele>
        <time>2026-08-06T14:46:29.115Z</time>
      </trkpt>
      <trkpt lat="47.935761" lon="17.279548">
        <ele>122.973682</ele>
        <time>2026-08-06T14:46:31.856Z</time>
      </trkpt>
      <trkpt lat="47.936027" lon="17.278475">
        <ele>123.199209</ele>
        <time>2026-08-06T14:46:49.775Z</time>
      </trkpt>
      <trkpt lat="47.935993" lon="17.278305">
        <ele>123.234181</ele>
        <time>2026-08-06T14:46:52.504Z</time>
      </trkpt>
      <trkpt lat="47.935924" lon="17.278143">
        <ele>123.272022</ele>
        <time>2026-08-06T14:46:55.429Z</time>
      </trkpt>
      <trkpt lat="47.935843" lon="17.278033">
        <ele>123.301495</ele>
        <time>2026-08-06T14:46:57.899Z</time>
      </trkpt>
      <trkpt lat="47.935514" lon="17.277752">
        <ele>123.192385</ele>
        <time>2026-08-06T14:47:06.410Z</time>
      </trkpt>
      <trkpt lat="47.935295" lon="17.277611">
        <ele>123.123732</ele>
        <time>2026-08-06T14:47:11.576Z</time>
      </trkpt>
      <trkpt lat="47.934970" lon="17.277439">
        <ele>123.024475</ele>
        <time>2026-08-06T14:47:18.830Z</time>
      </trkpt>
      <trkpt lat="47.934551" lon="17.277227">
        <ele>122.897125</ele>
        <time>2026-08-06T14:47:27.811Z</time>
      </trkpt>
      <trkpt lat="47.934369" lon="17.277135">
        <ele>122.841814</ele>
        <time>2026-08-06T14:47:31.694Z</time>
      </trkpt>
      <trkpt lat="47.933841" lon="17.276887">
        <ele>122.675329</ele>
        <time>2026-08-06T14:47:43.036Z</time>
      </trkpt>
      <trkpt lat="47.933515" lon="17.276730">
        <ele>122.569855</ele>
        <time>2026-08-06T14:47:50.310Z</time>
      </trkpt>
      <trkpt lat="47.932811" lon="17.276402">
        <ele>122.342771</ele>
        <time>2026-08-06T14:48:06.188Z</time>
      </trkpt>
      <trkpt lat="47.932605" lon="17.276383">
        <ele>122.279220</ele>
        <time>2026-08-06T14:48:10.697Z</time>
      </trkpt>
      <trkpt lat="47.932495" lon="17.276413">
        <ele>122.244789</ele>
        <time>2026-08-06T14:48:13.148Z</time>
      </trkpt>
      <trkpt lat="47.931718" lon="17.276860">
        <ele>121.789298</ele>
        <time>2026-08-06T14:48:30.792Z</time>
      </trkpt>
      <trkpt lat="47.930766" lon="17.277492">
        <ele>121.199385</ele>
        <time>2026-08-06T14:48:51.458Z</time>
      </trkpt>
      <trkpt lat="47.928730" lon="17.279176">
        <ele>119.888770</ele>
        <time>2026-08-06T14:49:37.574Z</time>
      </trkpt>
      <trkpt lat="47.926052" lon="17.281388">
        <ele>120.870385</ele>
        <time>2026-08-06T14:50:50.547Z</time>
      </trkpt>
      <trkpt lat="47.924685" lon="17.282485">
        <ele>122.413129</ele>
        <time>2026-08-06T14:51:32.343Z</time>
      </trkpt>
      <trkpt lat="47.924253" lon="17.282710">
        <ele>122.671695</ele>
        <time>2026-08-06T14:51:44.229Z</time>
      </trkpt>
      <trkpt lat="47.923677" lon="17.282807">
        <ele>122.765612</ele>
        <time>2026-08-06T14:51:58.630Z</time>
      </trkpt>
      <trkpt lat="47.923461" lon="17.282818">
        <ele>122.800630</ele>
        <time>2026-08-06T14:52:03.662Z</time>
      </trkpt>
      <trkpt lat="47.923278" lon="17.282811">
        <ele>122.830290</ele>
        <time>2026-08-06T14:52:07.775Z</time>
      </trkpt>
      <trkpt lat="47.922797" lon="17.282802">
        <ele>122.908229</ele>
        <time>2026-08-06T14:52:18.068Z</time>
      </trkpt>
      <trkpt lat="47.921507" lon="17.282733">
        <ele>121.826768</ele>
        <time>2026-08-06T14:52:42.453Z</time>
      </trkpt>
      <trkpt lat="47.920673" lon="17.282735">
        <ele>121.231351</ele>
        <time>2026-08-06T14:52:58.862Z</time>
      </trkpt>
      <trkpt lat="47.920046" lon="17.282795">
        <ele>121.144483</ele>
        <time>2026-08-06T14:53:12.237Z</time>
      </trkpt>
      <trkpt lat="47.919979" lon="17.282801">
        <ele>121.135203</ele>
        <time>2026-08-06T14:53:13.795Z</time>
      </trkpt>
      <trkpt lat="47.915359" lon="17.283507">
        <ele>121.438395</ele>
        <time>2026-08-06T14:54:59.629Z</time>
      </trkpt>
      <trkpt lat="47.914916" lon="17.283576">
        <ele>121.455147</ele>
        <time>2026-08-06T14:55:09.305Z</time>
      </trkpt>
      <trkpt lat="47.909596" lon="17.284403">
        <ele>121.346383</ele>
        <time>2026-08-06T14:57:09.140Z</time>
      </trkpt>
      <trkpt lat="47.909356" lon="17.284405">
        <ele>121.221293</ele>
        <time>2026-08-06T14:57:14.063Z</time>
      </trkpt>
      <trkpt lat="47.908811" lon="17.284257">
        <ele>120.932570</ele>
        <time>2026-08-06T14:57:25.147Z</time>
      </trkpt>
      <trkpt lat="47.908552" lon="17.284091">
        <ele>120.785648</ele>
        <time>2026-08-06T14:57:30.578Z</time>
      </trkpt>
      <trkpt lat="47.908180" lon="17.283752">
        <ele>120.611047</ele>
        <time>2026-08-06T14:57:38.796Z</time>
      </trkpt>
      <trkpt lat="47.907185" lon="17.282641">
        <ele>120.198142</ele>
        <time>2026-08-06T14:58:05.075Z</time>
      </trkpt>
      <trkpt lat="47.906694" lon="17.282093">
        <ele>120.056993</ele>
        <time>2026-08-06T14:58:19.637Z</time>
      </trkpt>
      <trkpt lat="47.902473" lon="17.277382">
        <ele>119.457765</ele>
        <time>2026-08-06T15:00:13.260Z</time>
      </trkpt>
      <trkpt lat="47.902243" lon="17.277047">
        <ele>119.634225</ele>
        <time>2026-08-06T15:00:20.997Z</time>
      </trkpt>
      <trkpt lat="47.902099" lon="17.276766">
        <ele>119.764384</ele>
        <time>2026-08-06T15:00:26.885Z</time>
      </trkpt>
      <trkpt lat="47.901353" lon="17.275143">
        <ele>120.346621</ele>
        <time>2026-08-06T15:01:00.742Z</time>
      </trkpt>
      <trkpt lat="47.901291" lon="17.275011">
        <ele>120.353168</ele>
        <time>2026-08-06T15:01:03.400Z</time>
      </trkpt>
      <trkpt lat="47.900065" lon="17.272368">
        <ele>120.283002</ele>
        <time>2026-08-06T15:01:49.761Z</time>
      </trkpt>
      <trkpt lat="47.899941" lon="17.272169">
        <ele>120.245597</ele>
        <time>2026-08-06T15:01:53.553Z</time>
      </trkpt>
      <trkpt lat="47.899679" lon="17.271846">
        <ele>120.175792</ele>
        <time>2026-08-06T15:02:00.753Z</time>
      </trkpt>
      <trkpt lat="47.899277" lon="17.271441">
        <ele>120.076168</ele>
        <time>2026-08-06T15:02:11.205Z</time>
      </trkpt>
      <trkpt lat="47.898964" lon="17.271289">
        <ele>119.971863</ele>
        <time>2026-08-06T15:02:18.384Z</time>
      </trkpt>
      <trkpt lat="47.898563" lon="17.271177">
        <ele>119.836878</ele>
        <time>2026-08-06T15:02:27.699Z</time>
      </trkpt>
      <trkpt lat="47.898178" lon="17.271211">
        <ele>119.709269</ele>
        <time>2026-08-06T15:02:36.456Z</time>
      </trkpt>
      <trkpt lat="47.897463" lon="17.271483">
        <ele>119.467599</ele>
        <time>2026-08-06T15:02:51.134Z</time>
      </trkpt>
      <trkpt lat="47.897170" lon="17.271553">
        <ele>119.398413</ele>
        <time>2026-08-06T15:02:56.554Z</time>
      </trkpt>
      <trkpt lat="47.896918" lon="17.271546">
        <ele>119.339647</ele>
        <time>2026-08-06T15:03:01.417Z</time>
      </trkpt>
      <trkpt lat="47.896192" lon="17.271381">
        <ele>119.168420</ele>
        <time>2026-08-06T15:03:17.323Z</time>
      </trkpt>
      <trkpt lat="47.895871" lon="17.271314">
        <ele>119.092847</ele>
        <time>2026-08-06T15:03:24.847Z</time>
      </trkpt>
      <trkpt lat="47.895499" lon="17.271240">
        <ele>119.182939</ele>
        <time>2026-08-06T15:03:33.994Z</time>
      </trkpt>
      <trkpt lat="47.894924" lon="17.271170">
        <ele>119.537997</ele>
        <time>2026-08-06T15:03:49.822Z</time>
      </trkpt>
      <trkpt lat="47.894818" lon="17.271162">
        <ele>119.603318</ele>
        <time>2026-08-06T15:03:52.696Z</time>
      </trkpt>
      <trkpt lat="47.894551" lon="17.271151">
        <ele>119.767705</ele>
        <time>2026-08-06T15:03:59.392Z</time>
      </trkpt>
      <trkpt lat="47.893810" lon="17.271205">
        <ele>120.167465</ele>
        <time>2026-08-06T15:04:16.234Z</time>
      </trkpt>
      <trkpt lat="47.893340" lon="17.271325">
        <ele>120.196998</ele>
        <time>2026-08-06T15:04:27.161Z</time>
      </trkpt>
      <trkpt lat="47.892808" lon="17.271553">
        <ele>120.231282</ele>
        <time>2026-08-06T15:04:39.927Z</time>
      </trkpt>
      <trkpt lat="47.892260" lon="17.271917">
        <ele>120.268437</ele>
        <time>2026-08-06T15:04:53.413Z</time>
      </trkpt>
      <trkpt lat="47.891482" lon="17.272470">
        <ele>119.975838</ele>
        <time>2026-08-06T15:05:11.096Z</time>
      </trkpt>
      <trkpt lat="47.891399" lon="17.272529">
        <ele>119.941576</ele>
        <time>2026-08-06T15:05:12.910Z</time>
      </trkpt>
      <trkpt lat="47.891331" lon="17.272477">
        <ele>119.913099</ele>
        <time>2026-08-06T15:05:14.476Z</time>
      </trkpt>
      <trkpt lat="47.891135" lon="17.272116">
        <ele>119.797036</ele>
        <time>2026-08-06T15:05:20.868Z</time>
      </trkpt>
      <trkpt lat="47.890914" lon="17.271667">
        <ele>119.657865</ele>
        <time>2026-08-06T15:05:28.941Z</time>
      </trkpt>
      <trkpt lat="47.890810" lon="17.271452">
        <ele>119.601390</ele>
        <time>2026-08-06T15:05:32.938Z</time>
      </trkpt>
      <trkpt lat="47.890530" lon="17.270906">
        <ele>119.587203</ele>
        <time>2026-08-06T15:05:42.707Z</time>
      </trkpt>
      <trkpt lat="47.890512" lon="17.270869">
        <ele>119.586259</ele>
        <time>2026-08-06T15:05:43.336Z</time>
      </trkpt>
      <trkpt lat="47.890182" lon="17.270215">
        <ele>119.569366</ele>
        <time>2026-08-06T15:05:55.183Z</time>
      </trkpt>
      <trkpt lat="47.889842" lon="17.269542">
        <ele>119.551974</ele>
        <time>2026-08-06T15:06:08.290Z</time>
      </trkpt>
      <trkpt lat="47.889456" lon="17.268776">
        <ele>119.800813</ele>
        <time>2026-08-06T15:06:23.034Z</time>
      </trkpt>
      <trkpt lat="47.889255" lon="17.268359">
        <ele>119.983786</ele>
        <time>2026-08-06T15:06:31.352Z</time>
      </trkpt>
      <trkpt lat="47.888909" lon="17.267578">
        <ele>120.317292</ele>
        <time>2026-08-06T15:06:47.635Z</time>
      </trkpt>
      <trkpt lat="47.888266" lon="17.268165">
        <ele>120.522699</ele>
        <time>2026-08-06T15:07:06.051Z</time>
      </trkpt>
      <trkpt lat="47.886624" lon="17.269658">
        <ele>120.590122</ele>
        <time>2026-08-06T15:07:47.679Z</time>
      </trkpt>
      <trkpt lat="47.885660" lon="17.270533">
        <ele>120.586289</ele>
        <time>2026-08-06T15:08:13.229Z</time>
      </trkpt>
      <trkpt lat="47.884620" lon="17.271318">
        <ele>120.538326</ele>
        <time>2026-08-06T15:08:39.126Z</time>
      </trkpt>
      <trkpt lat="47.883982" lon="17.271738">
        <ele>120.506025</ele>
        <time>2026-08-06T15:08:53.898Z</time>
      </trkpt>
      <trkpt lat="47.883951" lon="17.271759">
        <ele>120.504448</ele>
        <time>2026-08-06T15:08:54.605Z</time>
      </trkpt>
      <trkpt lat="47.883032" lon="17.272310">
        <ele>120.890134</ele>
        <time>2026-08-06T15:09:17.533Z</time>
      </trkpt>
      <trkpt lat="47.882925" lon="17.272354">
        <ele>120.935490</ele>
        <time>2026-08-06T15:09:20.330Z</time>
      </trkpt>
      <trkpt lat="47.882660" lon="17.272424">
        <ele>121.045464</ele>
        <time>2026-08-06T15:09:27.120Z</time>
      </trkpt>
      <trkpt lat="47.882405" lon="17.272458">
        <ele>121.150082</ele>
        <time>2026-08-06T15:09:33.570Z</time>
      </trkpt>
      <trkpt lat="47.882007" lon="17.272454">
        <ele>121.341262</ele>
        <time>2026-08-06T15:09:43.611Z</time>
      </trkpt>
      <trkpt lat="47.881711" lon="17.272426">
        <ele>121.508440</ele>
        <time>2026-08-06T15:09:51.156Z</time>
      </trkpt>
      <trkpt lat="47.881291" lon="17.272293">
        <ele>121.750457</ele>
        <time>2026-08-06T15:10:01.615Z</time>
      </trkpt>
      <trkpt lat="47.881048" lon="17.272116">
        <ele>121.902896</ele>
        <time>2026-08-06T15:10:08.064Z</time>
      </trkpt>
      <trkpt lat="47.880637" lon="17.271704">
        <ele>122.182048</ele>
        <time>2026-08-06T15:10:19.963Z</time>
      </trkpt>
      <trkpt lat="47.880521" lon="17.271609">
        <ele>122.251701</ele>
        <time>2026-08-06T15:10:23.296Z</time>
      </trkpt>
      <trkpt lat="47.880340" lon="17.271550">
        <ele>122.259265</ele>
        <time>2026-08-06T15:10:27.923Z</time>
      </trkpt>
      <trkpt lat="47.880212" lon="17.271537">
        <ele>122.264502</ele>
        <time>2026-08-06T15:10:30.988Z</time>
      </trkpt>
      <trkpt lat="47.880204" lon="17.271642">
        <ele>122.267396</ele>
        <time>2026-08-06T15:10:33.202Z</time>
      </trkpt>
      <trkpt lat="47.880130" lon="17.271755">
        <ele>122.271720</ele>
        <time>2026-08-06T15:10:36.462Z</time>
      </trkpt>
      <trkpt lat="47.879863" lon="17.271854">
        <ele>122.282953</ele>
        <time>2026-08-06T15:10:44.771Z</time>
      </trkpt>
      <trkpt lat="47.879671" lon="17.271937">
        <ele>122.291114</ele>
        <time>2026-08-06T15:10:50.822Z</time>
      </trkpt>
      <trkpt lat="47.879323" lon="17.272087">
        <ele>122.305903</ele>
        <time>2026-08-06T15:11:01.264Z</time>
      </trkpt>
      <trkpt lat="47.879212" lon="17.272323">
        <ele>122.313795</ele>
        <time>2026-08-06T15:11:06.589Z</time>
      </trkpt>
      <trkpt lat="47.878825" lon="17.273328">
        <ele>122.231085</ele>
        <time>2026-08-06T15:11:23.098Z</time>
      </trkpt>
      <trkpt lat="47.878804" lon="17.273428">
        <ele>122.218154</ele>
        <time>2026-08-06T15:11:24.615Z</time>
      </trkpt>
      <trkpt lat="47.878883" lon="17.273715">
        <ele>122.179871</ele>
        <time>2026-08-06T15:11:29.033Z</time>
      </trkpt>
      <trkpt lat="47.878754" lon="17.273771">
        <ele>122.155151</ele>
        <time>2026-08-06T15:11:32.003Z</time>
      </trkpt>
      <trkpt lat="47.878703" lon="17.273798">
        <ele>122.145193</ele>
        <time>2026-08-06T15:11:33.139Z</time>
      </trkpt>
      <trkpt lat="47.878742" lon="17.273905">
        <ele>122.130166</ele>
        <time>2026-08-06T15:11:35.485Z</time>
      </trkpt>
      <trkpt lat="47.878957" lon="17.274453">
        <ele>122.051821</ele>
        <time>2026-08-06T15:11:47.591Z</time>
      </trkpt>
      <trkpt lat="47.878986" lon="17.274502">
        <ele>122.043757</ele>
        <time>2026-08-06T15:11:48.884Z</time>
      </trkpt>
      <trkpt lat="47.879059" lon="17.274536">
        <ele>122.029686</ele>
        <time>2026-08-06T15:11:51.075Z</time>
      </trkpt>
      <trkpt lat="47.879595" lon="17.275305">
        <ele>122.404470</ele>
        <time>2026-08-06T15:12:15.338Z</time>
      </trkpt>
      <trkpt lat="47.879838" lon="17.275676">
        <ele>122.664684</ele>
        <time>2026-08-06T15:12:26.771Z</time>
      </trkpt>
      <trkpt lat="47.879852" lon="17.275699">
        <ele>122.680269</ele>
        <time>2026-08-06T15:12:27.287Z</time>
      </trkpt>
      <trkpt lat="47.880023" lon="17.275966">
        <ele>122.865522</ele>
        <time>2026-08-06T15:12:33.613Z</time>
      </trkpt>
      <trkpt lat="47.880089" lon="17.276164">
        <ele>122.976471</ele>
        <time>2026-08-06T15:12:37.402Z</time>
      </trkpt>
      <trkpt lat="47.880141" lon="17.276657">
        <ele>123.226893</ele>
        <time>2026-08-06T15:12:45.999Z</time>
      </trkpt>
      <trkpt lat="47.880144" lon="17.276882">
        <ele>123.339407</ele>
        <time>2026-08-06T15:12:49.897Z</time>
      </trkpt>
      <trkpt lat="47.880108" lon="17.277138">
        <ele>123.292692</ele>
        <time>2026-08-06T15:12:54.349Z</time>
      </trkpt>
      <trkpt lat="47.879956" lon="17.277796">
        <ele>123.168399</ele>
        <time>2026-08-06T15:13:05.501Z</time>
      </trkpt>
      <trkpt lat="47.879909" lon="17.277984">
        <ele>123.132565</ele>
        <time>2026-08-06T15:13:08.467Z</time>
      </trkpt>
      <trkpt lat="47.879863" lon="17.278167">
        <ele>123.097662</ele>
        <time>2026-08-06T15:13:11.315Z</time>
      </trkpt>
      <trkpt lat="47.879315" lon="17.280264">
        <ele>122.131631</ele>
        <time>2026-08-06T15:13:40.729Z</time>
      </trkpt>
      <trkpt lat="47.879187" lon="17.280706">
        <ele>121.751396</ele>
        <time>2026-08-06T15:13:48.779Z</time>
      </trkpt>
      <trkpt lat="47.879119" lon="17.280985">
        <ele>121.516949</ele>
        <time>2026-08-06T15:13:53.808Z</time>
      </trkpt>
      <trkpt lat="47.879091" lon="17.281160">
        <ele>121.374858</ele>
        <time>2026-08-06T15:13:56.829Z</time>
      </trkpt>
      <trkpt lat="47.879026" lon="17.281578">
        <ele>121.035971</ele>
        <time>2026-08-06T15:14:04.044Z</time>
      </trkpt>
      <trkpt lat="47.879017" lon="17.282119">
        <ele>120.705488</ele>
        <time>2026-08-06T15:14:13.197Z</time>
      </trkpt>
      <trkpt lat="47.879057" lon="17.282470">
        <ele>120.627714</ele>
        <time>2026-08-06T15:14:19.366Z</time>
      </trkpt>
      <trkpt lat="47.879157" lon="17.282983">
        <ele>120.511014</ele>
        <time>2026-08-06T15:14:29.305Z</time>
      </trkpt>
      <trkpt lat="47.879158" lon="17.283143">
        <ele>120.476061</ele>
        <time>2026-08-06T15:14:32.431Z</time>
      </trkpt>
      <trkpt lat="47.879327" lon="17.283524">
        <ele>120.376278</ele>
        <time>2026-08-06T15:14:39.409Z</time>
      </trkpt>
      <trkpt lat="47.880833" lon="17.286005">
        <ele>120.237579</ele>
        <time>2026-08-06T15:15:30.045Z</time>
      </trkpt>
      <trkpt lat="47.882047" lon="17.287966">
        <ele>120.136042</ele>
        <time>2026-08-06T15:16:09.162Z</time>
      </trkpt>
      <trkpt lat="47.882614" lon="17.288744">
        <ele>120.132458</ele>
        <time>2026-08-06T15:16:26.278Z</time>
      </trkpt>
      <trkpt lat="47.883100" lon="17.289526">
        <ele>120.150737</ele>
        <time>2026-08-06T15:16:42.544Z</time>
      </trkpt>
      <trkpt lat="47.883615" lon="17.290321">
        <ele>120.076619</ele>
        <time>2026-08-06T15:16:59.124Z</time>
      </trkpt>
      <trkpt lat="47.883765" lon="17.290525">
        <ele>119.982843</ele>
        <time>2026-08-06T15:17:03.540Z</time>
      </trkpt>
      <trkpt lat="47.883937" lon="17.290845">
        <ele>119.855807</ele>
        <time>2026-08-06T15:17:09.402Z</time>
      </trkpt>
      <trkpt lat="47.884921" lon="17.292482">
        <ele>119.223498</ele>
        <time>2026-08-06T15:17:39.006Z</time>
      </trkpt>
      <trkpt lat="47.884957" lon="17.292578">
        <ele>119.199845</ele>
        <time>2026-08-06T15:17:40.513Z</time>
      </trkpt>
      <trkpt lat="47.884971" lon="17.292708">
        <ele>119.171530</ele>
        <time>2026-08-06T15:17:42.215Z</time>
      </trkpt>
      <trkpt lat="47.884980" lon="17.293066">
        <ele>119.094486</ele>
        <time>2026-08-06T15:17:47.063Z</time>
      </trkpt>
      <trkpt lat="47.885092" lon="17.293320">
        <ele>119.029113</ele>
        <time>2026-08-06T15:17:51.205Z</time>
      </trkpt>
      <trkpt lat="47.885156" lon="17.293382">
        <ele>119.004639</ele>
        <time>2026-08-06T15:17:52.872Z</time>
      </trkpt>
      <trkpt lat="47.885226" lon="17.293466">
        <ele>118.975825</ele>
        <time>2026-08-06T15:17:54.701Z</time>
      </trkpt>
      <trkpt lat="47.885354" lon="17.293899">
        <ele>118.874062</ele>
        <time>2026-08-06T15:18:01.599Z</time>
      </trkpt>
      <trkpt lat="47.885417" lon="17.294498">
        <ele>118.769844</ele>
        <time>2026-08-06T15:18:10.973Z</time>
      </trkpt>
      <trkpt lat="47.885432" lon="17.295034">
        <ele>118.877425</ele>
        <time>2026-08-06T15:18:19.541Z</time>
      </trkpt>
      <trkpt lat="47.885409" lon="17.295843">
        <ele>119.039804</ele>
        <time>2026-08-06T15:18:33.134Z</time>
      </trkpt>
      <trkpt lat="47.885408" lon="17.298046">
        <ele>119.112943</ele>
        <time>2026-08-06T15:19:06.621Z</time>
      </trkpt>
      <trkpt lat="47.885374" lon="17.298590">
        <ele>119.005959</ele>
        <time>2026-08-06T15:19:13.978Z</time>
      </trkpt>
      <trkpt lat="47.885368" lon="17.299873">
        <ele>118.794144</ele>
        <time>2026-08-06T15:19:31.486Z</time>
      </trkpt>
      <trkpt lat="47.885332" lon="17.300589">
        <ele>119.019215</ele>
        <time>2026-08-06T15:19:42.206Z</time>
      </trkpt>
      <trkpt lat="47.885353" lon="17.301307">
        <ele>119.244497</ele>
        <time>2026-08-06T15:19:54.117Z</time>
      </trkpt>
      <trkpt lat="47.885312" lon="17.303578">
        <ele>119.659658</ele>
        <time>2026-08-06T15:20:33.579Z</time>
      </trkpt>
      <trkpt lat="47.885302" lon="17.307176">
        <ele>119.242791</ele>
        <time>2026-08-06T15:21:22.855Z</time>
      </trkpt>
      <trkpt lat="47.885278" lon="17.307635">
        <ele>119.131788</ele>
        <time>2026-08-06T15:21:29.401Z</time>
      </trkpt>
      <trkpt lat="47.885216" lon="17.312891">
        <ele>120.236669</ele>
        <time>2026-08-06T15:22:53.373Z</time>
      </trkpt>
      <trkpt lat="47.885208" lon="17.314485">
        <ele>120.368153</ele>
        <time>2026-08-06T15:23:17.853Z</time>
      </trkpt>
      <trkpt lat="47.885174" lon="17.314676">
        <ele>120.376980</ele>
        <time>2026-08-06T15:23:20.886Z</time>
      </trkpt>
      <trkpt lat="47.885174" lon="17.314892">
        <ele>120.386628</ele>
        <time>2026-08-06T15:23:24.200Z</time>
      </trkpt>
      <trkpt lat="47.885188" lon="17.315014">
        <ele>120.392156</ele>
        <time>2026-08-06T15:23:26.108Z</time>
      </trkpt>
      <trkpt lat="47.885278" lon="17.315261">
        <ele>120.404712</ele>
        <time>2026-08-06T15:23:30.383Z</time>
      </trkpt>
      <trkpt lat="47.885434" lon="17.315509">
        <ele>120.419899</ele>
        <time>2026-08-06T15:23:35.379Z</time>
      </trkpt>
      <trkpt lat="47.885594" lon="17.315694">
        <ele>120.410183</ele>
        <time>2026-08-06T15:23:39.693Z</time>
      </trkpt>
      <trkpt lat="47.885751" lon="17.315824">
        <ele>120.323829</ele>
        <time>2026-08-06T15:23:43.444Z</time>
      </trkpt>
      <trkpt lat="47.885893" lon="17.315866">
        <ele>120.254217</ele>
        <time>2026-08-06T15:23:46.399Z</time>
      </trkpt>
      <trkpt lat="47.886093" lon="17.315811">
        <ele>120.156423</ele>
        <time>2026-08-06T15:23:50.440Z</time>
      </trkpt>
      <trkpt lat="47.886128" lon="17.315786">
        <ele>120.137762</ele>
        <time>2026-08-06T15:23:51.213Z</time>
      </trkpt>
      <trkpt lat="47.886171" lon="17.315777">
        <ele>120.116882</ele>
        <time>2026-08-06T15:23:52.086Z</time>
      </trkpt>
      <trkpt lat="47.887148" lon="17.316219">
        <ele>119.625937</ele>
        <time>2026-08-06T15:24:12.821Z</time>
      </trkpt>
      <trkpt lat="47.887350" lon="17.316322">
        <ele>119.560209</ele>
        <time>2026-08-06T15:24:17.149Z</time>
      </trkpt>
      <trkpt lat="47.887415" lon="17.316396">
        <ele>119.555146</ele>
        <time>2026-08-06T15:24:18.831Z</time>
      </trkpt>
      <trkpt lat="47.887484" lon="17.316585">
        <ele>119.546212</ele>
        <time>2026-08-06T15:24:21.856Z</time>
      </trkpt>
      <trkpt lat="47.887501" lon="17.316674">
        <ele>119.542370</ele>
        <time>2026-08-06T15:24:23.648Z</time>
      </trkpt>
      <trkpt lat="47.887488" lon="17.316850">
        <ele>119.535019</ele>
        <time>2026-08-06T15:24:27.047Z</time>
      </trkpt>
      <trkpt lat="47.887205" lon="17.317819">
        <ele>119.491139</ele>
        <time>2026-08-06T15:24:48.129Z</time>
      </trkpt>
      <trkpt lat="47.887143" lon="17.318212">
        <ele>119.474378</ele>
        <time>2026-08-06T15:24:56.223Z</time>
      </trkpt>
      <trkpt lat="47.887144" lon="17.318687">
        <ele>119.454657</ele>
        <time>2026-08-06T15:25:05.547Z</time>
      </trkpt>
      <trkpt lat="47.887220" lon="17.319280">
        <ele>119.545871</ele>
        <time>2026-08-06T15:25:17.606Z</time>
      </trkpt>
      <trkpt lat="47.887398" lon="17.320345">
        <ele>119.714661</ele>
        <time>2026-08-06T15:25:40.013Z</time>
      </trkpt>
      <trkpt lat="47.887516" lon="17.321244">
        <ele>119.855536</ele>
        <time>2026-08-06T15:25:58.886Z</time>
      </trkpt>
      <trkpt lat="47.887622" lon="17.322378">
        <ele>119.964772</ele>
        <time>2026-08-06T15:26:21.628Z</time>
      </trkpt>
      <trkpt lat="47.887611" lon="17.322530">
        <ele>119.978749</ele>
        <time>2026-08-06T15:26:24.577Z</time>
      </trkpt>
      <trkpt lat="47.887626" lon="17.322658">
        <ele>119.990628</ele>
        <time>2026-08-06T15:26:27.137Z</time>
      </trkpt>
      <trkpt lat="47.887834" lon="17.323218">
        <ele>120.049153</ele>
        <time>2026-08-06T15:26:39.634Z</time>
      </trkpt>
      <trkpt lat="47.888091" lon="17.323561">
        <ele>120.096173</ele>
        <time>2026-08-06T15:26:49.851Z</time>
      </trkpt>
      <trkpt lat="47.888514" lon="17.324002">
        <ele>120.373308</ele>
        <time>2026-08-06T15:27:05.632Z</time>
      </trkpt>
      <trkpt lat="47.888769" lon="17.324215">
        <ele>120.564218</ele>
        <time>2026-08-06T15:27:14.811Z</time>
      </trkpt>
      <trkpt lat="47.888882" lon="17.324361">
        <ele>120.661878</ele>
        <time>2026-08-06T15:27:19.588Z</time>
      </trkpt>
      <trkpt lat="47.889057" lon="17.324582">
        <ele>120.811665</ele>
        <time>2026-08-06T15:27:26.977Z</time>
      </trkpt>
      <trkpt lat="47.889095" lon="17.324686">
        <ele>120.863541</ele>
        <time>2026-08-06T15:27:29.584Z</time>
      </trkpt>
      <trkpt lat="47.889223" lon="17.324986">
        <ele>121.019286</ele>
        <time>2026-08-06T15:27:37.431Z</time>
      </trkpt>
      <trkpt lat="47.889690" lon="17.325935">
        <ele>121.436927</ele>
        <time>2026-08-06T15:28:03.763Z</time>
      </trkpt>
      <trkpt lat="47.890054" lon="17.326904">
        <ele>121.731308</ele>
        <time>2026-08-06T15:28:26.979Z</time>
      </trkpt>
      <trkpt lat="47.890049" lon="17.327032">
        <ele>121.765291</ele>
        <time>2026-08-06T15:28:29.521Z</time>
      </trkpt>
      <trkpt lat="47.890199" lon="17.327449">
        <ele>121.890712</ele>
        <time>2026-08-06T15:28:36.907Z</time>
      </trkpt>
      <trkpt lat="47.890717" lon="17.328395">
        <ele>121.856520</ele>
        <time>2026-08-06T15:28:55.345Z</time>
      </trkpt>
      <trkpt lat="47.890917" lon="17.328805">
        <ele>121.768907</ele>
        <time>2026-08-06T15:29:04.960Z</time>
      </trkpt>
      <trkpt lat="47.890978" lon="17.328986">
        <ele>121.733902</ele>
        <time>2026-08-06T15:29:08.780Z</time>
      </trkpt>
      <trkpt lat="47.891069" lon="17.329595">
        <ele>121.626086</ele>
        <time>2026-08-06T15:29:20.638Z</time>
      </trkpt>
      <trkpt lat="47.891100" lon="17.329909">
        <ele>121.571242</ele>
        <time>2026-08-06T15:29:26.718Z</time>
      </trkpt>
      <trkpt lat="47.891114" lon="17.330056">
        <ele>121.545586</ele>
        <time>2026-08-06T15:29:29.592Z</time>
      </trkpt>
      <trkpt lat="47.891178" lon="17.332054">
        <ele>121.011216</ele>
        <time>2026-08-06T15:30:06.309Z</time>
      </trkpt>
      <trkpt lat="47.891151" lon="17.332100">
        <ele>120.994688</ele>
        <time>2026-08-06T15:30:07.377Z</time>
      </trkpt>
      <trkpt lat="47.890583" lon="17.332302">
        <ele>120.813527</ele>
        <time>2026-08-06T15:30:23.637Z</time>
      </trkpt>
      <trkpt lat="47.890183" lon="17.332589">
        <ele>120.829461</ele>
        <time>2026-08-06T15:30:33.521Z</time>
      </trkpt>
      <trkpt lat="47.889608" lon="17.332985">
        <ele>120.852196</ele>
        <time>2026-08-06T15:30:48.101Z</time>
      </trkpt>
      <trkpt lat="47.887385" lon="17.334363">
        <ele>120.944979</ele>
        <time>2026-08-06T15:31:42.706Z</time>
      </trkpt>
      <trkpt lat="47.887416" lon="17.334459">
        <ele>120.911936</ele>
        <time>2026-08-06T15:31:44.286Z</time>
      </trkpt>
      <trkpt lat="47.887487" lon="17.334412">
        <ele>120.876013</ele>
        <time>2026-08-06T15:31:45.939Z</time>
      </trkpt>
      <trkpt lat="47.887430" lon="17.343921">
        <ele>118.097025</ele>
        <time>2026-08-06T15:33:57.281Z</time>
      </trkpt>
      <trkpt lat="47.887374" lon="17.355740">
        <ele>117.479850</ele>
        <time>2026-08-06T15:36:52.456Z</time>
      </trkpt>
      <trkpt lat="47.887388" lon="17.358415">
        <ele>116.404650</ele>
        <time>2026-08-06T15:37:27.322Z</time>
      </trkpt>
      <trkpt lat="47.887437" lon="17.364900">
        <ele>118.379030</ele>
        <time>2026-08-06T15:39:15.497Z</time>
      </trkpt>
      <trkpt lat="47.887492" lon="17.374189">
        <ele>118.346977</ele>
        <time>2026-08-06T15:41:32.351Z</time>
      </trkpt>
      <trkpt lat="47.887335" lon="17.377487">
        <ele>117.863377</ele>
        <time>2026-08-06T15:42:19.500Z</time>
      </trkpt>
      <trkpt lat="47.887273" lon="17.378417">
        <ele>117.811123</ele>
        <time>2026-08-06T15:42:32.894Z</time>
      </trkpt>
      <trkpt lat="47.887121" lon="17.379884">
        <ele>117.749415</ele>
        <time>2026-08-06T15:42:55.118Z</time>
      </trkpt>
      <trkpt lat="47.887067" lon="17.380600">
        <ele>117.814596</ele>
        <time>2026-08-06T15:43:06.223Z</time>
      </trkpt>
      <trkpt lat="47.886995" lon="17.382243">
        <ele>117.963547</ele>
        <time>2026-08-06T15:43:31.437Z</time>
      </trkpt>
      <trkpt lat="47.886534" lon="17.386455">
        <ele>118.154339</ele>
        <time>2026-08-06T15:44:35.665Z</time>
      </trkpt>
      <trkpt lat="47.886224" lon="17.389284">
        <ele>118.272527</ele>
        <time>2026-08-06T15:45:19.749Z</time>
      </trkpt>
      <trkpt lat="47.886157" lon="17.390814">
        <ele>118.333432</ele>
        <time>2026-08-06T15:45:41.861Z</time>
      </trkpt>
      <trkpt lat="47.886173" lon="17.391453">
        <ele>118.381478</ele>
        <time>2026-08-06T15:45:51.569Z</time>
      </trkpt>
      <trkpt lat="47.886208" lon="17.391828">
        <ele>118.409927</ele>
        <time>2026-08-06T15:45:57.659Z</time>
      </trkpt>
      <trkpt lat="47.886513" lon="17.393682">
        <ele>118.362998</ele>
        <time>2026-08-06T15:46:27.121Z</time>
      </trkpt>
      <trkpt lat="47.886536" lon="17.393818">
        <ele>118.335191</ele>
        <time>2026-08-06T15:46:29.044Z</time>
      </trkpt>
      <trkpt lat="47.886580" lon="17.394102">
        <ele>118.277403</ele>
        <time>2026-08-06T15:46:33.126Z</time>
      </trkpt>
      <trkpt lat="47.886606" lon="17.394521">
        <ele>118.193979</ele>
        <time>2026-08-06T15:46:38.781Z</time>
      </trkpt>
      <trkpt lat="47.886514" lon="17.397247">
        <ele>117.922324</ele>
        <time>2026-08-06T15:47:16.610Z</time>
      </trkpt>
      <trkpt lat="47.886513" lon="17.397287">
        <ele>117.921146</ele>
        <time>2026-08-06T15:47:17.267Z</time>
      </trkpt>
      <trkpt lat="47.886508" lon="17.397931">
        <ele>117.902194</ele>
        <time>2026-08-06T15:47:27.754Z</time>
      </trkpt>
      <trkpt lat="47.886550" lon="17.398437">
        <ele>117.902168</ele>
        <time>2026-08-06T15:47:36.220Z</time>
      </trkpt>
      <trkpt lat="47.886596" lon="17.398701">
        <ele>117.931993</ele>
        <time>2026-08-06T15:47:40.775Z</time>
      </trkpt>
      <trkpt lat="47.886779" lon="17.399492">
        <ele>118.023483</ele>
        <time>2026-08-06T15:47:54.421Z</time>
      </trkpt>
      <trkpt lat="47.887203" lon="17.401108">
        <ele>118.235602</ele>
        <time>2026-08-06T15:48:19.441Z</time>
      </trkpt>
      <trkpt lat="47.887289" lon="17.401407">
        <ele>118.298085</ele>
        <time>2026-08-06T15:48:24.370Z</time>
      </trkpt>
      <trkpt lat="47.887346" lon="17.401739">
        <ele>118.363904</ele>
        <time>2026-08-06T15:48:29.776Z</time>
      </trkpt>
      <trkpt lat="47.887333" lon="17.402208">
        <ele>118.454054</ele>
        <time>2026-08-06T15:48:37.273Z</time>
      </trkpt>
      <trkpt lat="47.887225" lon="17.403154">
        <ele>118.638352</ele>
        <time>2026-08-06T15:48:52.846Z</time>
      </trkpt>
      <trkpt lat="47.887220" lon="17.403657">
        <ele>118.682871</ele>
        <time>2026-08-06T15:49:01.106Z</time>
      </trkpt>
      <trkpt lat="47.887227" lon="17.403879">
        <ele>118.664145</ele>
        <time>2026-08-06T15:49:04.714Z</time>
      </trkpt>
      <trkpt lat="47.887258" lon="17.404102">
        <ele>118.644957</ele>
        <time>2026-08-06T15:49:08.267Z</time>
      </trkpt>
      <trkpt lat="47.887328" lon="17.404259">
        <ele>118.629072</ele>
        <time>2026-08-06T15:49:11.101Z</time>
      </trkpt>
      <trkpt lat="47.886815" lon="17.405000">
        <ele>118.539336</ele>
        <time>2026-08-06T15:49:26.173Z</time>
      </trkpt>
      <trkpt lat="47.886435" lon="17.405543">
        <ele>118.473209</ele>
        <time>2026-08-06T15:49:37.073Z</time>
      </trkpt>
      <trkpt lat="47.886071" lon="17.406063">
        <ele>118.402050</ele>
        <time>2026-08-06T15:49:47.436Z</time>
      </trkpt>
      <trkpt lat="47.885311" lon="17.406749">
        <ele>118.276543</ele>
        <time>2026-08-06T15:50:06.723Z</time>
      </trkpt>
      <trkpt lat="47.884706" lon="17.407149">
        <ele>118.268281</ele>
        <time>2026-08-06T15:50:21.900Z</time>
      </trkpt>
      <trkpt lat="47.884097" lon="17.407281">
        <ele>118.389393</ele>
        <time>2026-08-06T15:50:36.784Z</time>
      </trkpt>
      <trkpt lat="47.883950" lon="17.407440">
        <ele>118.425132</ele>
        <time>2026-08-06T15:50:41.150Z</time>
      </trkpt>
      <trkpt lat="47.883892" lon="17.407544">
        <ele>118.442984</ele>
        <time>2026-08-06T15:50:43.320Z</time>
      </trkpt>
      <trkpt lat="47.883682" lon="17.408057">
        <ele>118.522308</ele>
        <time>2026-08-06T15:50:52.830Z</time>
      </trkpt>
      <trkpt lat="47.882308" lon="17.411617">
        <ele>117.318641</ele>
        <time>2026-08-06T15:51:49.515Z</time>
      </trkpt>
      <trkpt lat="47.882057" lon="17.412254">
        <ele>117.011580</ele>
        <time>2026-08-06T15:51:59.243Z</time>
      </trkpt>
      <trkpt lat="47.881871" lon="17.412735">
        <ele>116.780817</ele>
        <time>2026-08-06T15:52:06.608Z</time>
      </trkpt>
      <trkpt lat="47.881329" lon="17.414150">
        <ele>116.401058</ele>
        <time>2026-08-06T15:52:28.972Z</time>
      </trkpt>
      <trkpt lat="47.878844" lon="17.420568">
        <ele>115.254276</ele>
        <time>2026-08-06T15:54:15.772Z</time>
      </trkpt>
      <trkpt lat="47.878661" lon="17.421064">
        <ele>115.227859</ele>
        <time>2026-08-06T15:54:24.110Z</time>
      </trkpt>
      <trkpt lat="47.878615" lon="17.421307">
        <ele>115.216076</ele>
        <time>2026-08-06T15:54:27.858Z</time>
      </trkpt>
      <trkpt lat="47.878639" lon="17.421785">
        <ele>115.193708</ele>
        <time>2026-08-06T15:54:35.035Z</time>
      </trkpt>
      <trkpt lat="47.879078" lon="17.425773">
        <ele>115.426836</ele>
        <time>2026-08-06T15:55:36.403Z</time>
      </trkpt>
      <trkpt lat="47.879085" lon="17.426067">
        <ele>115.461398</ele>
        <time>2026-08-06T15:55:40.869Z</time>
      </trkpt>
      <trkpt lat="47.879017" lon="17.426541">
        <ele>115.518345</ele>
        <time>2026-08-06T15:55:48.256Z</time>
      </trkpt>
      <trkpt lat="47.877986" lon="17.430822">
        <ele>116.024135</ele>
        <time>2026-08-06T15:56:58.798Z</time>
      </trkpt>
      <trkpt lat="47.877917" lon="17.431023">
        <ele>116.016784</ele>
        <time>2026-08-06T15:57:02.418Z</time>
      </trkpt>
      <trkpt lat="47.877538" lon="17.431722">
        <ele>115.987522</ele>
        <time>2026-08-06T15:57:16.550Z</time>
      </trkpt>
      <trkpt lat="47.877141" lon="17.432628">
        <ele>115.906282</ele>
        <time>2026-08-06T15:57:31.550Z</time>
      </trkpt>
      <trkpt lat="47.876819" lon="17.433467">
        <ele>115.491698</ele>
        <time>2026-08-06T15:57:44.006Z</time>
      </trkpt>
      <trkpt lat="47.876511" lon="17.434176">
        <ele>115.129403</ele>
        <time>2026-08-06T15:57:54.885Z</time>
      </trkpt>
      <trkpt lat="47.875654" lon="17.435797">
        <ele>114.790154</ele>
        <time>2026-08-06T15:58:25.454Z</time>
      </trkpt>
      <trkpt lat="47.875385" lon="17.436207">
        <ele>114.783243</ele>
        <time>2026-08-06T15:58:34.031Z</time>
      </trkpt>
      <trkpt lat="47.875162" lon="17.436471">
        <ele>114.778128</ele>
        <time>2026-08-06T15:58:40.493Z</time>
      </trkpt>
      <trkpt lat="47.874978" lon="17.436631">
        <ele>114.774302</ele>
        <time>2026-08-06T15:58:45.344Z</time>
      </trkpt>
      <trkpt lat="47.874700" lon="17.436789">
        <ele>114.810283</ele>
        <time>2026-08-06T15:58:52.107Z</time>
      </trkpt>
      <trkpt lat="47.874233" lon="17.437000">
        <ele>114.879112</ele>
        <time>2026-08-06T15:59:03.040Z</time>
      </trkpt>
      <trkpt lat="47.873576" lon="17.437434">
        <ele>114.980472</ele>
        <time>2026-08-06T15:59:19.691Z</time>
      </trkpt>
      <trkpt lat="47.872030" lon="17.438130">
        <ele>115.118676</ele>
        <time>2026-08-06T15:59:56.452Z</time>
      </trkpt>
      <trkpt lat="47.871737" lon="17.438316">
        <ele>115.141355</ele>
        <time>2026-08-06T16:00:03.285Z</time>
      </trkpt>
      <trkpt lat="47.871514" lon="17.438524">
        <ele>115.168986</ele>
        <time>2026-08-06T16:00:08.964Z</time>
      </trkpt>
      <trkpt lat="47.871384" lon="17.438689">
        <ele>115.204290</ele>
        <time>2026-08-06T16:00:12.690Z</time>
      </trkpt>
      <trkpt lat="47.870767" lon="17.439591">
        <ele>115.382977</ele>
        <time>2026-08-06T16:00:32.315Z</time>
      </trkpt>
      <trkpt lat="47.870164" lon="17.440249">
        <ele>115.531054</ele>
        <time>2026-08-06T16:00:50.399Z</time>
      </trkpt>
      <trkpt lat="47.869867" lon="17.440619">
        <ele>115.560393</ele>
        <time>2026-08-06T16:00:59.547Z</time>
      </trkpt>
      <trkpt lat="47.869765" lon="17.440889">
        <ele>115.576149</ele>
        <time>2026-08-06T16:01:04.390Z</time>
      </trkpt>
      <trkpt lat="47.869687" lon="17.441239">
        <ele>115.594902</ele>
        <time>2026-08-06T16:01:10.048Z</time>
      </trkpt>
      <trkpt lat="47.868648" lon="17.447015">
        <ele>115.787406</ele>
        <time>2026-08-06T16:02:39.252Z</time>
      </trkpt>
      <trkpt lat="47.867844" lon="17.451487">
        <ele>115.665620</ele>
        <time>2026-08-06T16:03:47.955Z</time>
      </trkpt>
      <trkpt lat="47.867737" lon="17.451758">
        <ele>115.649906</ele>
        <time>2026-08-06T16:03:52.730Z</time>
      </trkpt>
      <trkpt lat="47.867552" lon="17.451907">
        <ele>115.634242</ele>
        <time>2026-08-06T16:03:57.476Z</time>
      </trkpt>
      <trkpt lat="47.866362" lon="17.452195">
        <ele>115.401458</ele>
        <time>2026-08-06T16:04:23.367Z</time>
      </trkpt>
      <trkpt lat="47.866224" lon="17.452225">
        <ele>115.360037</ele>
        <time>2026-08-06T16:04:26.235Z</time>
      </trkpt>
      <trkpt lat="47.865790" lon="17.452369">
        <ele>115.227980</ele>
        <time>2026-08-06T16:04:35.433Z</time>
      </trkpt>
      <trkpt lat="47.865522" lon="17.452551">
        <ele>115.140510</ele>
        <time>2026-08-06T16:04:41.522Z</time>
      </trkpt>
      <trkpt lat="47.864746" lon="17.453183">
        <ele>115.139393</ele>
        <time>2026-08-06T16:05:00.608Z</time>
      </trkpt>
      <trkpt lat="47.864307" lon="17.453538">
        <ele>115.206321</ele>
        <time>2026-08-06T16:05:11.624Z</time>
      </trkpt>
      <trkpt lat="47.863900" lon="17.453862">
        <ele>115.268151</ele>
        <time>2026-08-06T16:05:22.500Z</time>
      </trkpt>
      <trkpt lat="47.863583" lon="17.454117">
        <ele>115.380321</ele>
        <time>2026-08-06T16:05:31.527Z</time>
      </trkpt>
      <trkpt lat="47.863457" lon="17.454214">
        <ele>115.469468</ele>
        <time>2026-08-06T16:05:35.211Z</time>
      </trkpt>
      <trkpt lat="47.862804" lon="17.454746">
        <ele>115.937274</ele>
        <time>2026-08-06T16:05:54.180Z</time>
      </trkpt>
      <trkpt lat="47.862290" lon="17.455179">
        <ele>116.308420</ele>
        <time>2026-08-06T16:06:09.024Z</time>
      </trkpt>
      <trkpt lat="47.861975" lon="17.455530">
        <ele>116.431669</ele>
        <time>2026-08-06T16:06:18.240Z</time>
      </trkpt>
      <trkpt lat="47.862013" lon="17.456365">
        <ele>116.436982</ele>
        <time>2026-08-06T16:06:30.257Z</time>
      </trkpt>
      <trkpt lat="47.862009" lon="17.456791">
        <ele>116.439686</ele>
        <time>2026-08-06T16:06:36.391Z</time>
      </trkpt>
      <trkpt lat="47.862020" lon="17.457620">
        <ele>116.444949</ele>
        <time>2026-08-06T16:06:48.790Z</time>
      </trkpt>
      <trkpt lat="47.862019" lon="17.457705">
        <ele>116.445489</ele>
        <time>2026-08-06T16:06:50.069Z</time>
      </trkpt>
      <trkpt lat="47.862020" lon="17.457881">
        <ele>116.446606</ele>
        <time>2026-08-06T16:06:52.752Z</time>
      </trkpt>
      <trkpt lat="47.862021" lon="17.457997">
        <ele>116.452368</ele>
        <time>2026-08-06T16:06:54.500Z</time>
      </trkpt>
      <trkpt lat="47.862035" lon="17.458543">
        <ele>116.487492</ele>
        <time>2026-08-06T16:07:02.881Z</time>
      </trkpt>
      <trkpt lat="47.862119" lon="17.460849">
        <ele>116.612260</ele>
        <time>2026-08-06T16:07:38.038Z</time>
      </trkpt>
      <trkpt lat="47.862096" lon="17.461268">
        <ele>116.601231</ele>
        <time>2026-08-06T16:07:44.123Z</time>
      </trkpt>
      <trkpt lat="47.861916" lon="17.462388">
        <ele>116.571019</ele>
        <time>2026-08-06T16:08:00.967Z</time>
      </trkpt>
      <trkpt lat="47.861914" lon="17.462617">
        <ele>116.565011</ele>
        <time>2026-08-06T16:08:04.363Z</time>
      </trkpt>
      <trkpt lat="47.861995" lon="17.462911">
        <ele>116.556674</ele>
        <time>2026-08-06T16:08:09.166Z</time>
      </trkpt>
      <trkpt lat="47.862300" lon="17.463660">
        <ele>116.500112</ele>
        <time>2026-08-06T16:08:22.419Z</time>
      </trkpt>
      <trkpt lat="47.862348" lon="17.463918">
        <ele>116.477479</ele>
        <time>2026-08-06T16:08:26.385Z</time>
      </trkpt>
      <trkpt lat="47.862373" lon="17.464208">
        <ele>116.452762</ele>
        <time>2026-08-06T16:08:30.680Z</time>
      </trkpt>
      <trkpt lat="47.862354" lon="17.464398">
        <ele>116.436523</ele>
        <time>2026-08-06T16:08:33.498Z</time>
      </trkpt>
      <trkpt lat="47.862130" lon="17.465195">
        <ele>116.363474</ele>
        <time>2026-08-06T16:08:46.012Z</time>
      </trkpt>
      <trkpt lat="47.861907" lon="17.465809">
        <ele>116.240785</ele>
        <time>2026-08-06T16:08:55.907Z</time>
      </trkpt>
      <trkpt lat="47.861852" lon="17.465760">
        <ele>116.203694</ele>
        <time>2026-08-06T16:08:57.225Z</time>
      </trkpt>
      <trkpt lat="47.860540" lon="17.464829">
        <ele>115.362540</ele>
        <time>2026-08-06T16:09:26.681Z</time>
      </trkpt>
      <trkpt lat="47.859934" lon="17.464536">
        <ele>115.018010</ele>
        <time>2026-08-06T16:09:39.385Z</time>
      </trkpt>
      <trkpt lat="47.859869" lon="17.464613">
        <ele>114.974006</ele>
        <time>2026-08-06T16:09:41.001Z</time>
      </trkpt>
      <trkpt lat="47.859078" lon="17.464311">
        <ele>114.541258</ele>
        <time>2026-08-06T16:10:03.272Z</time>
      </trkpt>
      <trkpt lat="47.858280" lon="17.463933">
        <ele>114.166947</ele>
        <time>2026-08-06T16:10:27.075Z</time>
      </trkpt>
      <trkpt lat="47.857549" lon="17.463666">
        <ele>113.888390</ele>
        <time>2026-08-06T16:10:48.193Z</time>
      </trkpt>
      <trkpt lat="47.855933" lon="17.463101">
        <ele>113.458607</ele>
        <time>2026-08-06T16:11:33.731Z</time>
      </trkpt>
      <trkpt lat="47.853485" lon="17.462174">
        <ele>113.672268</ele>
        <time>2026-08-06T16:12:50.382Z</time>
      </trkpt>
      <trkpt lat="47.850954" lon="17.461346">
        <ele>113.289466</ele>
        <time>2026-08-06T16:14:03.729Z</time>
      </trkpt>
      <trkpt lat="47.850878" lon="17.461315">
        <ele>113.287453</ele>
        <time>2026-08-06T16:14:06.006Z</time>
      </trkpt>
      <trkpt lat="47.850681" lon="17.461237">
        <ele>113.282244</ele>
        <time>2026-08-06T16:14:13.528Z</time>
      </trkpt>
      <trkpt lat="47.849883" lon="17.460915">
        <ele>113.282432</ele>
        <time>2026-08-06T16:14:37.962Z</time>
      </trkpt>
      <trkpt lat="47.849391" lon="17.460495">
        <ele>113.418646</ele>
        <time>2026-08-06T16:14:56.041Z</time>
      </trkpt>
      <trkpt lat="47.848500" lon="17.459822">
        <ele>113.658618</ele>
        <time>2026-08-06T16:15:26.265Z</time>
      </trkpt>
      <trkpt lat="47.847907" lon="17.459506">
        <ele>113.593527</ele>
        <time>2026-08-06T16:15:44.405Z</time>
      </trkpt>
      <trkpt lat="47.847688" lon="17.459429">
        <ele>113.545567</ele>
        <time>2026-08-06T16:15:50.718Z</time>
      </trkpt>
      <trkpt lat="47.847495" lon="17.459417">
        <ele>113.504394</ele>
        <time>2026-08-06T16:15:56.121Z</time>
      </trkpt>
      <trkpt lat="47.847280" lon="17.459483">
        <ele>113.457606</ele>
        <time>2026-08-06T16:16:02.185Z</time>
      </trkpt>
      <trkpt lat="47.847051" lon="17.459632">
        <ele>113.404346</ele>
        <time>2026-08-06T16:16:09.107Z</time>
      </trkpt>
      <trkpt lat="47.845238" lon="17.461455">
        <ele>112.980097</ele>
        <time>2026-08-06T16:17:11.426Z</time>
      </trkpt>
      <trkpt lat="47.845102" lon="17.461554">
        <ele>112.978422</ele>
        <time>2026-08-06T16:17:15.860Z</time>
      </trkpt>
      <trkpt lat="47.844981" lon="17.461593">
        <ele>112.986456</ele>
        <time>2026-08-06T16:17:19.498Z</time>
      </trkpt>
      <trkpt lat="47.844548" lon="17.461594">
        <ele>113.014553</ele>
        <time>2026-08-06T16:17:32.287Z</time>
      </trkpt>
      <trkpt lat="47.844329" lon="17.461386">
        <ele>113.031406</ele>
        <time>2026-08-06T16:17:39.989Z</time>
      </trkpt>
      <trkpt lat="47.842911" lon="17.459315">
        <ele>113.302127</ele>
        <time>2026-08-06T16:18:38.990Z</time>
      </trkpt>
      <trkpt lat="47.839989" lon="17.454909">
        <ele>114.638556</ele>
        <time>2026-08-06T16:20:46.159Z</time>
      </trkpt>
      <trkpt lat="47.839849" lon="17.454758">
        <ele>114.700162</ele>
        <time>2026-08-06T16:20:51.567Z</time>
      </trkpt>
      <trkpt lat="47.839622" lon="17.454633">
        <ele>114.783995</ele>
        <time>2026-08-06T16:20:59.165Z</time>
      </trkpt>
      <trkpt lat="47.839389" lon="17.454618">
        <ele>114.864784</ele>
        <time>2026-08-06T16:21:06.485Z</time>
      </trkpt>
      <trkpt lat="47.839274" lon="17.454654">
        <ele>114.905490</ele>
        <time>2026-08-06T16:21:10.162Z</time>
      </trkpt>
      <trkpt lat="47.839230" lon="17.454615">
        <ele>114.923226</ele>
        <time>2026-08-06T16:21:11.446Z</time>
      </trkpt>
      <trkpt lat="47.839189" lon="17.454541">
        <ele>114.945536</ele>
        <time>2026-08-06T16:21:13.082Z</time>
      </trkpt>
      <trkpt lat="47.837816" lon="17.455902">
        <ele>115.346452</ele>
        <time>2026-08-06T16:22:03.168Z</time>
      </trkpt>
      <trkpt lat="47.836717" lon="17.457054">
        <ele>115.413805</ele>
        <time>2026-08-06T16:22:42.164Z</time>
      </trkpt>
      <trkpt lat="47.836561" lon="17.457254">
        <ele>115.401444</ele>
        <time>2026-08-06T16:22:48.181Z</time>
      </trkpt>
      <trkpt lat="47.836193" lon="17.457866">
        <ele>115.368319</ele>
        <time>2026-08-06T16:23:04.188Z</time>
      </trkpt>
      <trkpt lat="47.835849" lon="17.458438">
        <ele>115.337356</ele>
        <time>2026-08-06T16:23:18.972Z</time>
      </trkpt>
      <trkpt lat="47.835168" lon="17.459621">
        <ele>115.321144</ele>
        <time>2026-08-06T16:23:49.644Z</time>
      </trkpt>
      <trkpt lat="47.834830" lon="17.460104">
        <ele>115.325692</ele>
        <time>2026-08-06T16:24:03.458Z</time>
      </trkpt>
      <trkpt lat="47.834734" lon="17.460292">
        <ele>115.327232</ele>
        <time>2026-08-06T16:24:08.149Z</time>
      </trkpt>
      <trkpt lat="47.834670" lon="17.460338">
        <ele>115.327922</ele>
        <time>2026-08-06T16:24:10.254Z</time>
      </trkpt>
      <trkpt lat="47.834547" lon="17.460358">
        <ele>115.329123</ele>
        <time>2026-08-06T16:24:13.902Z</time>
      </trkpt>
      <trkpt lat="47.834560" lon="17.460455">
        <ele>115.329768</ele>
        <time>2026-08-06T16:24:15.418Z</time>
      </trkpt>
      <trkpt lat="47.834584" lon="17.460650">
        <ele>115.331060</ele>
        <time>2026-08-06T16:24:18.404Z</time>
      </trkpt>
      <trkpt lat="47.834566" lon="17.461004">
        <ele>115.284380</ele>
        <time>2026-08-06T16:24:23.706Z</time>
      </trkpt>
      <trkpt lat="47.834499" lon="17.461289">
        <ele>115.209374</ele>
        <time>2026-08-06T16:24:28.162Z</time>
      </trkpt>
      <trkpt lat="47.834429" lon="17.461473">
        <ele>115.156842</ele>
        <time>2026-08-06T16:24:31.233Z</time>
      </trkpt>
      <trkpt lat="47.834421" lon="17.461496">
        <ele>115.150407</ele>
        <time>2026-08-06T16:24:31.612Z</time>
      </trkpt>
      <trkpt lat="47.833823" lon="17.462730">
        <ele>114.772370</ele>
        <time>2026-08-06T16:24:52.434Z</time>
      </trkpt>
      <trkpt lat="47.832817" lon="17.464757">
        <ele>114.359334</ele>
        <time>2026-08-06T16:25:27.286Z</time>
      </trkpt>
      <trkpt lat="47.832752" lon="17.464885">
        <ele>114.335795</ele>
        <time>2026-08-06T16:25:29.849Z</time>
      </trkpt>
      <trkpt lat="47.832577" lon="17.465277">
        <ele>114.258425</ele>
        <time>2026-08-06T16:25:37.500Z</time>
      </trkpt>
      <trkpt lat="47.832368" lon="17.465877">
        <ele>114.039075</ele>
        <time>2026-08-06T16:25:48.796Z</time>
      </trkpt>
      <trkpt lat="47.832179" lon="17.466576">
        <ele>113.794541</ele>
        <time>2026-08-06T16:26:00.915Z</time>
      </trkpt>
      <trkpt lat="47.831974" lon="17.467366">
        <ele>113.519699</ele>
        <time>2026-08-06T16:26:11.288Z</time>
      </trkpt>
      <trkpt lat="47.831839" lon="17.467890">
        <ele>113.368370</ele>
        <time>2026-08-06T16:26:18.093Z</time>
      </trkpt>
      <trkpt lat="47.831728" lon="17.468325">
        <ele>113.287196</ele>
        <time>2026-08-06T16:26:23.690Z</time>
      </trkpt>
      <trkpt lat="47.831705" lon="17.468407">
        <ele>113.271694</ele>
        <time>2026-08-06T16:26:24.739Z</time>
      </trkpt>
      <trkpt lat="47.831668" lon="17.468417">
        <ele>113.261923</ele>
        <time>2026-08-06T16:26:25.451Z</time>
      </trkpt>
      <trkpt lat="47.831620" lon="17.468486">
        <ele>113.244590</ele>
        <time>2026-08-06T16:26:26.640Z</time>
      </trkpt>
      <trkpt lat="47.828825" lon="17.479236">
        <ele>111.533076</ele>
        <time>2026-08-06T16:29:15.219Z</time>
      </trkpt>
      <trkpt lat="47.828619" lon="17.479786">
        <ele>111.532465</ele>
        <time>2026-08-06T16:29:24.663Z</time>
      </trkpt>
      <trkpt lat="47.828488" lon="17.480068">
        <ele>111.538942</ele>
        <time>2026-08-06T16:29:29.907Z</time>
      </trkpt>
      <trkpt lat="47.826868" lon="17.483262">
        <ele>113.138153</ele>
        <time>2026-08-06T16:30:35.888Z</time>
      </trkpt>
      <trkpt lat="47.825447" lon="17.486006">
        <ele>115.038991</ele>
        <time>2026-08-06T16:31:36.119Z</time>
      </trkpt>
      <trkpt lat="47.825507" lon="17.486077">
        <ele>115.104888</ele>
        <time>2026-08-06T16:31:38.072Z</time>
      </trkpt>
      <trkpt lat="47.824862" lon="17.487344">
        <ele>115.562537</ele>
        <time>2026-08-06T16:32:04.858Z</time>
      </trkpt>
      <trkpt lat="47.824673" lon="17.487795">
        <ele>115.657585</ele>
        <time>2026-08-06T16:32:13.627Z</time>
      </trkpt>
      <trkpt lat="47.824597" lon="17.488037">
        <ele>115.705350</ele>
        <time>2026-08-06T16:32:17.642Z</time>
      </trkpt>
      <trkpt lat="47.824508" lon="17.488484">
        <ele>115.788705</ele>
        <time>2026-08-06T16:32:24.175Z</time>
      </trkpt>
      <trkpt lat="47.824486" lon="17.489106">
        <ele>115.703043</ele>
        <time>2026-08-06T16:32:32.572Z</time>
      </trkpt>
      <trkpt lat="47.824501" lon="17.489390">
        <ele>115.599775</ele>
        <time>2026-08-06T16:32:36.387Z</time>
      </trkpt>
      <trkpt lat="47.824565" lon="17.489790">
        <ele>115.450715</ele>
        <time>2026-08-06T16:32:41.893Z</time>
      </trkpt>
      <trkpt lat="47.824717" lon="17.490336">
        <ele>115.236452</ele>
        <time>2026-08-06T16:32:49.710Z</time>
      </trkpt>
      <trkpt lat="47.824737" lon="17.490385">
        <ele>115.215665</ele>
        <time>2026-08-06T16:32:50.475Z</time>
      </trkpt>
      <trkpt lat="47.824807" lon="17.490576">
        <ele>115.136784</ele>
        <time>2026-08-06T16:32:53.315Z</time>
      </trkpt>
      <trkpt lat="47.824826" lon="17.490621">
        <ele>115.117514</ele>
        <time>2026-08-06T16:32:54.005Z</time>
      </trkpt>
      <trkpt lat="47.825324" lon="17.491901">
        <ele>114.936542</ele>
        <time>2026-08-06T16:33:15.324Z</time>
      </trkpt>
      <trkpt lat="47.825937" lon="17.493482">
        <ele>115.106689</ele>
        <time>2026-08-06T16:33:44.485Z</time>
      </trkpt>
      <trkpt lat="47.825936" lon="17.493630">
        <ele>115.101261</ele>
        <time>2026-08-06T16:33:46.734Z</time>
      </trkpt>
      <trkpt lat="47.825958" lon="17.493676">
        <ele>115.091937</ele>
        <time>2026-08-06T16:33:47.641Z</time>
      </trkpt>
      <trkpt lat="47.826039" lon="17.493922">
        <ele>115.046703</ele>
        <time>2026-08-06T16:33:51.800Z</time>
      </trkpt>
      <trkpt lat="47.825980" lon="17.494101">
        <ele>115.013783</ele>
        <time>2026-08-06T16:33:54.782Z</time>
      </trkpt>
      <trkpt lat="47.825960" lon="17.494476">
        <ele>114.951679</ele>
        <time>2026-08-06T16:34:00.286Z</time>
      </trkpt>
      <trkpt lat="47.826013" lon="17.494538">
        <ele>114.935107</ele>
        <time>2026-08-06T16:34:01.763Z</time>
      </trkpt>
      <trkpt lat="47.825885" lon="17.494736">
        <ele>114.889729</ele>
        <time>2026-08-06T16:34:05.711Z</time>
      </trkpt>
      <trkpt lat="47.825778" lon="17.494818">
        <ele>114.860140</ele>
        <time>2026-08-06T16:34:08.239Z</time>
      </trkpt>
      <trkpt lat="47.824455" lon="17.495735">
        <ele>114.410912</ele>
        <time>2026-08-06T16:34:38.010Z</time>
      </trkpt>
      <trkpt lat="47.824425" lon="17.495680">
        <ele>114.392989</ele>
        <time>2026-08-06T16:34:38.987Z</time>
      </trkpt>
      <trkpt lat="47.823009" lon="17.496636">
        <ele>113.860384</ele>
        <time>2026-08-06T16:35:12.130Z</time>
      </trkpt>
      <trkpt lat="47.822589" lon="17.496784">
        <ele>113.744081</ele>
        <time>2026-08-06T16:35:21.450Z</time>
      </trkpt>
      <trkpt lat="47.821700" lon="17.497095">
        <ele>113.497558</ele>
        <time>2026-08-06T16:35:40.822Z</time>
      </trkpt>
      <trkpt lat="47.821152" lon="17.497448">
        <ele>113.330228</ele>
        <time>2026-08-06T16:35:53.389Z</time>
      </trkpt>
      <trkpt lat="47.820987" lon="17.497567">
        <ele>113.278849</ele>
        <time>2026-08-06T16:35:57.188Z</time>
      </trkpt>
      <trkpt lat="47.820914" lon="17.497583">
        <ele>113.258170</ele>
        <time>2026-08-06T16:35:58.712Z</time>
      </trkpt>
      <trkpt lat="47.820872" lon="17.497623">
        <ele>113.244198</ele>
        <time>2026-08-06T16:35:59.738Z</time>
      </trkpt>
      <trkpt lat="47.820864" lon="17.497673">
        <ele>113.234526</ele>
        <time>2026-08-06T16:36:00.458Z</time>
      </trkpt>
      <trkpt lat="47.820867" lon="17.497770">
        <ele>113.216253</ele>
        <time>2026-08-06T16:36:01.795Z</time>
      </trkpt>
      <trkpt lat="47.819861" lon="17.498770">
        <ele>113.119753</ele>
        <time>2026-08-06T16:36:27.912Z</time>
      </trkpt>
      <trkpt lat="47.819546" lon="17.499035">
        <ele>113.210940</ele>
        <time>2026-08-06T16:36:36.246Z</time>
      </trkpt>
      <trkpt lat="47.819028" lon="17.499404">
        <ele>113.355669</ele>
        <time>2026-08-06T16:36:49.832Z</time>
      </trkpt>
      <trkpt lat="47.818573" lon="17.499646">
        <ele>113.483043</ele>
        <time>2026-08-06T16:37:01.644Z</time>
      </trkpt>
      <trkpt lat="47.818067" lon="17.499839">
        <ele>113.653156</ele>
        <time>2026-08-06T16:37:14.387Z</time>
      </trkpt>
      <trkpt lat="47.817838" lon="17.499830">
        <ele>113.727763</ele>
        <time>2026-08-06T16:37:19.873Z</time>
      </trkpt>
      <trkpt lat="47.817641" lon="17.499995">
        <ele>113.801373</ele>
        <time>2026-08-06T16:37:25.215Z</time>
      </trkpt>
      <trkpt lat="47.817186" lon="17.500096">
        <ele>113.951195</ele>
        <time>2026-08-06T16:37:35.990Z</time>
      </trkpt>
      <trkpt lat="47.814296" lon="17.500990">
        <ele>114.009545</ele>
        <time>2026-08-06T16:38:41.432Z</time>
      </trkpt>
      <trkpt lat="47.814022" lon="17.501119">
        <ele>114.002967</ele>
        <time>2026-08-06T16:38:47.753Z</time>
      </trkpt>
      <trkpt lat="47.813817" lon="17.501137">
        <ele>113.998266</ele>
        <time>2026-08-06T16:38:52.260Z</time>
      </trkpt>
      <trkpt lat="47.809677" lon="17.502410">
        <ele>113.917997</ele>
        <time>2026-08-06T16:40:25.818Z</time>
      </trkpt>
      <trkpt lat="47.800551" lon="17.505219">
        <ele>114.031049</ele>
        <time>2026-08-06T16:43:54.495Z</time>
      </trkpt>
      <trkpt lat="47.798323" lon="17.506015">
        <ele>113.439702</ele>
        <time>2026-08-06T16:44:42.256Z</time>
      </trkpt>
      <trkpt lat="47.797960" lon="17.506262">
        <ele>113.338112</ele>
        <time>2026-08-06T16:44:50.836Z</time>
      </trkpt>
      <trkpt lat="47.797439" lon="17.506814">
        <ele>113.269024</ele>
        <time>2026-08-06T16:45:04.999Z</time>
      </trkpt>
      <trkpt lat="47.797326" lon="17.506970">
        <ele>113.287464</ele>
        <time>2026-08-06T16:45:08.498Z</time>
      </trkpt>
      <trkpt lat="47.797181" lon="17.507294">
        <ele>113.318756</ele>
        <time>2026-08-06T16:45:14.445Z</time>
      </trkpt>
      <trkpt lat="47.797115" lon="17.507519">
        <ele>113.338490</ele>
        <time>2026-08-06T16:45:18.219Z</time>
      </trkpt>
      <trkpt lat="47.796127" lon="17.509903">
        <ele>113.594639</ele>
        <time>2026-08-06T16:46:01.395Z</time>
      </trkpt>
      <trkpt lat="47.795940" lon="17.510301">
        <ele>113.644742</ele>
        <time>2026-08-06T16:46:08.963Z</time>
      </trkpt>
      <trkpt lat="47.794841" lon="17.511738">
        <ele>113.350178</ele>
        <time>2026-08-06T16:46:41.742Z</time>
      </trkpt>
      <trkpt lat="47.792610" lon="17.514794">
        <ele>111.509783</ele>
        <time>2026-08-06T16:47:40.824Z</time>
      </trkpt>
      <trkpt lat="47.792047" lon="17.515377">
        <ele>111.693193</ele>
        <time>2026-08-06T16:47:56.792Z</time>
      </trkpt>
      <trkpt lat="47.791522" lon="17.515853">
        <ele>111.857587</ele>
        <time>2026-08-06T16:48:12.583Z</time>
      </trkpt>
      <trkpt lat="47.791339" lon="17.516003">
        <ele>111.935837</ele>
        <time>2026-08-06T16:48:18.205Z</time>
      </trkpt>
      <trkpt lat="47.791159" lon="17.516081">
        <ele>112.070169</ele>
        <time>2026-08-06T16:48:23.353Z</time>
      </trkpt>
      <trkpt lat="47.789303" lon="17.517755">
        <ele>113.273578</ele>
        <time>2026-08-06T16:49:17.302Z</time>
      </trkpt>
      <trkpt lat="47.787388" lon="17.519418">
        <ele>113.282922</ele>
        <time>2026-08-06T16:50:05.460Z</time>
      </trkpt>
      <trkpt lat="47.783431" lon="17.522914">
        <ele>112.515079</ele>
        <time>2026-08-06T16:51:44.743Z</time>
      </trkpt>
      <trkpt lat="47.779464" lon="17.526567">
        <ele>111.926419</ele>
        <time>2026-08-06T16:53:26.250Z</time>
      </trkpt>
      <trkpt lat="47.779089" lon="17.526890">
        <ele>111.879490</ele>
        <time>2026-08-06T16:53:35.898Z</time>
      </trkpt>
      <trkpt lat="47.778753" lon="17.527242">
        <ele>111.790028</ele>
        <time>2026-08-06T16:53:44.838Z</time>
      </trkpt>
      <trkpt lat="47.777447" lon="17.528437">
        <ele>111.454232</ele>
        <time>2026-08-06T16:54:16.983Z</time>
      </trkpt>
      <trkpt lat="47.775072" lon="17.530680">
        <ele>111.671635</ele>
        <time>2026-08-06T16:55:21.918Z</time>
      </trkpt>
      <trkpt lat="47.774970" lon="17.530765">
        <ele>111.672194</ele>
        <time>2026-08-06T16:55:24.368Z</time>
      </trkpt>
      <trkpt lat="47.774229" lon="17.531409">
        <ele>111.670222</ele>
        <time>2026-08-06T16:55:42.316Z</time>
      </trkpt>
      <trkpt lat="47.774103" lon="17.531532">
        <ele>111.667572</ele>
        <time>2026-08-06T16:55:45.468Z</time>
      </trkpt>
      <trkpt lat="47.773970" lon="17.531727">
        <ele>111.664288</ele>
        <time>2026-08-06T16:55:49.422Z</time>
      </trkpt>
      <trkpt lat="47.773334" lon="17.533344">
        <ele>111.653014</ele>
        <time>2026-08-06T16:56:18.357Z</time>
      </trkpt>
      <trkpt lat="47.773161" lon="17.533728">
        <ele>111.696135</ele>
        <time>2026-08-06T16:56:25.570Z</time>
      </trkpt>
      <trkpt lat="47.772461" lon="17.535452">
        <ele>111.884016</ele>
        <time>2026-08-06T16:56:55.755Z</time>
      </trkpt>
      <trkpt lat="47.771836" lon="17.536983">
        <ele>112.352950</ele>
        <time>2026-08-06T16:57:24.483Z</time>
      </trkpt>
      <trkpt lat="47.771439" lon="17.537904">
        <ele>112.624441</ele>
        <time>2026-08-06T16:57:42.579Z</time>
      </trkpt>
      <trkpt lat="47.771059" lon="17.538496">
        <ele>112.662233</ele>
        <time>2026-08-06T16:57:55.663Z</time>
      </trkpt>
      <trkpt lat="47.770620" lon="17.538953">
        <ele>112.699035</ele>
        <time>2026-08-06T16:58:07.671Z</time>
      </trkpt>
      <trkpt lat="47.769649" lon="17.539850">
        <ele>112.736984</ele>
        <time>2026-08-06T16:58:32.053Z</time>
      </trkpt>
      <trkpt lat="47.768649" lon="17.540753">
        <ele>112.723595</ele>
        <time>2026-08-06T16:58:58.253Z</time>
      </trkpt>
      <trkpt lat="47.768424" lon="17.540923">
        <ele>112.712401</ele>
        <time>2026-08-06T16:59:04.061Z</time>
      </trkpt>
      <trkpt lat="47.768207" lon="17.541015">
        <ele>112.695359</ele>
        <time>2026-08-06T16:59:09.190Z</time>
      </trkpt>
      <trkpt lat="47.768090" lon="17.541036">
        <ele>112.686458</ele>
        <time>2026-08-06T16:59:12.682Z</time>
      </trkpt>
      <trkpt lat="47.767986" lon="17.541029">
        <ele>112.678596</ele>
        <time>2026-08-06T16:59:15.784Z</time>
      </trkpt>
      <trkpt lat="47.767614" lon="17.540891">
        <ele>112.649640</ele>
        <time>2026-08-06T16:59:27.001Z</time>
      </trkpt>
      <trkpt lat="47.767561" lon="17.540933">
        <ele>112.645104</ele>
        <time>2026-08-06T16:59:28.742Z</time>
      </trkpt>
      <trkpt lat="47.766174" lon="17.540396">
        <ele>112.579273</ele>
        <time>2026-08-06T16:59:59.343Z</time>
      </trkpt>
      <trkpt lat="47.765590" lon="17.540203">
        <ele>112.572816</ele>
        <time>2026-08-06T17:00:12.586Z</time>
      </trkpt>
      <trkpt lat="47.765290" lon="17.540164">
        <ele>112.569565</ele>
        <time>2026-08-06T17:00:19.515Z</time>
      </trkpt>
      <trkpt lat="47.765096" lon="17.540184">
        <ele>112.567466</ele>
        <time>2026-08-06T17:00:24.077Z</time>
      </trkpt>
      <trkpt lat="47.764745" lon="17.540323">
        <ele>112.593206</ele>
        <time>2026-08-06T17:00:32.634Z</time>
      </trkpt>
      <trkpt lat="47.763833" lon="17.540882">
        <ele>112.675846</ele>
        <time>2026-08-06T17:00:55.133Z</time>
      </trkpt>
      <trkpt lat="47.762999" lon="17.541438">
        <ele>112.564308</ele>
        <time>2026-08-06T17:01:15.017Z</time>
      </trkpt>
      <trkpt lat="47.762753" lon="17.541647">
        <ele>112.459716</ele>
        <time>2026-08-06T17:01:20.871Z</time>
      </trkpt>
      <trkpt lat="47.762181" lon="17.542221">
        <ele>112.204974</ele>
        <time>2026-08-06T17:01:34.993Z</time>
      </trkpt>
      <trkpt lat="47.762106" lon="17.542191">
        <ele>112.176301</ele>
        <time>2026-08-06T17:01:36.597Z</time>
      </trkpt>
      <trkpt lat="47.761870" lon="17.542445">
        <ele>112.068756</ele>
        <time>2026-08-06T17:01:42.682Z</time>
      </trkpt>
      <trkpt lat="47.761678" lon="17.542717">
        <ele>111.963027</ele>
        <time>2026-08-06T17:01:48.256Z</time>
      </trkpt>
      <trkpt lat="47.761426" lon="17.543149">
        <ele>111.807609</ele>
        <time>2026-08-06T17:01:56.311Z</time>
      </trkpt>
      <trkpt lat="47.761061" lon="17.543986">
        <ele>111.536515</ele>
        <time>2026-08-06T17:02:10.257Z</time>
      </trkpt>
      <trkpt lat="47.760392" lon="17.545406">
        <ele>111.176601</ele>
        <time>2026-08-06T17:02:34.630Z</time>
      </trkpt>
      <trkpt lat="47.760227" lon="17.545821">
        <ele>111.101398</ele>
        <time>2026-08-06T17:02:41.390Z</time>
      </trkpt>
      <trkpt lat="47.759387" lon="17.548221">
        <ele>110.406990</ele>
        <time>2026-08-06T17:03:21.037Z</time>
      </trkpt>
      <trkpt lat="47.759206" lon="17.548629">
        <ele>110.240386</ele>
        <time>2026-08-06T17:03:27.645Z</time>
      </trkpt>
      <trkpt lat="47.758986" lon="17.549034">
        <ele>110.062922</ele>
        <time>2026-08-06T17:03:34.443Z</time>
      </trkpt>
      <trkpt lat="47.757844" lon="17.550905">
        <ele>108.630635</ele>
        <time>2026-08-06T17:04:06.302Z</time>
      </trkpt>
      <trkpt lat="47.757692" lon="17.551228">
        <ele>108.464372</ele>
        <time>2026-08-06T17:04:11.833Z</time>
      </trkpt>
      <trkpt lat="47.756675" lon="17.552904">
        <ele>109.873388</ele>
        <time>2026-08-06T17:04:52.556Z</time>
      </trkpt>
      <trkpt lat="47.756286" lon="17.553554">
        <ele>110.359296</ele>
        <time>2026-08-06T17:05:09.009Z</time>
      </trkpt>
      <trkpt lat="47.756143" lon="17.553844">
        <ele>110.543087</ele>
        <time>2026-08-06T17:05:15.658Z</time>
      </trkpt>
      <trkpt lat="47.755957" lon="17.554235">
        <ele>110.787865</ele>
        <time>2026-08-06T17:05:24.388Z</time>
      </trkpt>
      <trkpt lat="47.755204" lon="17.556253">
        <ele>111.472982</ele>
        <time>2026-08-06T17:06:00.140Z</time>
      </trkpt>
      <trkpt lat="47.754365" lon="17.558594">
        <ele>111.613630</ele>
        <time>2026-08-06T17:06:38.996Z</time>
      </trkpt>
      <trkpt lat="47.753710" lon="17.560523">
        <ele>111.911113</ele>
        <time>2026-08-06T17:07:13.623Z</time>
      </trkpt>
      <trkpt lat="47.753091" lon="17.562223">
        <ele>112.172722</ele>
        <time>2026-08-06T17:07:43.360Z</time>
      </trkpt>
      <trkpt lat="47.752588" lon="17.563458">
        <ele>112.203659</ele>
        <time>2026-08-06T17:08:05.500Z</time>
      </trkpt>
      <trkpt lat="47.752385" lon="17.563828">
        <ele>112.199531</ele>
        <time>2026-08-06T17:08:12.814Z</time>
      </trkpt>
      <trkpt lat="47.752242" lon="17.564081">
        <ele>112.196674</ele>
        <time>2026-08-06T17:08:17.768Z</time>
      </trkpt>
      <trkpt lat="47.750555" lon="17.566700">
        <ele>111.860164</ele>
        <time>2026-08-06T17:09:10.130Z</time>
      </trkpt>
      <trkpt lat="47.749886" lon="17.567623">
        <ele>111.842765</ele>
        <time>2026-08-06T17:09:30.327Z</time>
      </trkpt>
      <trkpt lat="47.749694" lon="17.567839">
        <ele>111.838175</ele>
        <time>2026-08-06T17:09:35.788Z</time>
      </trkpt>
      <trkpt lat="47.749274" lon="17.568311">
        <ele>111.821161</ele>
        <time>2026-08-06T17:09:47.677Z</time>
      </trkpt>
      <trkpt lat="47.749119" lon="17.568476">
        <ele>111.778034</ele>
        <time>2026-08-06T17:09:51.991Z</time>
      </trkpt>
      <trkpt lat="47.749079" lon="17.568523">
        <ele>111.766500</ele>
        <time>2026-08-06T17:09:53.130Z</time>
      </trkpt>
      <trkpt lat="47.746747" lon="17.571004">
        <ele>111.005274</ele>
        <time>2026-08-06T17:10:53.492Z</time>
      </trkpt>
      <trkpt lat="47.746675" lon="17.571051">
        <ele>110.980901</ele>
        <time>2026-08-06T17:10:55.042Z</time>
      </trkpt>
      <trkpt lat="47.745286" lon="17.572507">
        <ele>110.845900</ele>
        <time>2026-08-06T17:11:31.651Z</time>
      </trkpt>
      <trkpt lat="47.745140" lon="17.572561">
        <ele>110.843807</ele>
        <time>2026-08-06T17:11:35.203Z</time>
      </trkpt>
      <trkpt lat="47.744938" lon="17.572811">
        <ele>110.840150</ele>
        <time>2026-08-06T17:11:41.525Z</time>
      </trkpt>
      <trkpt lat="47.744831" lon="17.572930">
        <ele>110.875590</ele>
        <time>2026-08-06T17:11:46.758Z</time>
      </trkpt>
      <trkpt lat="47.744767" lon="17.573098">
        <ele>110.941570</ele>
        <time>2026-08-06T17:11:49.913Z</time>
      </trkpt>
      <trkpt lat="47.744229" lon="17.573761">
        <ele>111.296641</ele>
        <time>2026-08-06T17:12:07.290Z</time>
      </trkpt>
      <trkpt lat="47.743642" lon="17.574526">
        <ele>111.693278</ele>
        <time>2026-08-06T17:12:26.312Z</time>
      </trkpt>
      <trkpt lat="47.742864" lon="17.575280">
        <ele>111.948070</ele>
        <time>2026-08-06T17:12:47.870Z</time>
      </trkpt>
      <trkpt lat="47.742079" lon="17.575983">
        <ele>112.168265</ele>
        <time>2026-08-06T17:13:09.252Z</time>
      </trkpt>
      <trkpt lat="47.741658" lon="17.576319">
        <ele>112.126084</ele>
        <time>2026-08-06T17:13:19.985Z</time>
      </trkpt>
      <trkpt lat="47.741206" lon="17.576622">
        <ele>112.053509</ele>
        <time>2026-08-06T17:13:30.747Z</time>
      </trkpt>
      <trkpt lat="47.740970" lon="17.576880">
        <ele>112.010633</ele>
        <time>2026-08-06T17:13:37.003Z</time>
      </trkpt>
      <trkpt lat="47.740735" lon="17.577168">
        <ele>111.966057</ele>
        <time>2026-08-06T17:13:43.326Z</time>
      </trkpt>
      <trkpt lat="47.739975" lon="17.578282">
        <ele>111.910437</ele>
        <time>2026-08-06T17:14:06.012Z</time>
      </trkpt>
      <trkpt lat="47.739879" lon="17.578421">
        <ele>111.908379</ele>
        <time>2026-08-06T17:14:09.126Z</time>
      </trkpt>
      <trkpt lat="47.739602" lon="17.578798">
        <ele>111.902609</ele>
        <time>2026-08-06T17:14:17.816Z</time>
      </trkpt>
      <trkpt lat="47.739448" lon="17.579033">
        <ele>111.899219</ele>
        <time>2026-08-06T17:14:22.942Z</time>
      </trkpt>
      <trkpt lat="47.739205" lon="17.579315">
        <ele>111.894113</ele>
        <time>2026-08-06T17:14:30.044Z</time>
      </trkpt>
      <trkpt lat="47.738953" lon="17.579541">
        <ele>111.875130</ele>
        <time>2026-08-06T17:14:36.788Z</time>
      </trkpt>
      <trkpt lat="47.737945" lon="17.580170">
        <ele>111.804617</ele>
        <time>2026-08-06T17:15:00.705Z</time>
      </trkpt>
      <trkpt lat="47.737720" lon="17.580375">
        <ele>111.787596</ele>
        <time>2026-08-06T17:15:06.215Z</time>
      </trkpt>
      <trkpt lat="47.736933" lon="17.581208">
        <ele>111.502368</ele>
        <time>2026-08-06T17:15:26.874Z</time>
      </trkpt>
      <trkpt lat="47.736429" lon="17.581723">
        <ele>111.297934</ele>
        <time>2026-08-06T17:15:39.668Z</time>
      </trkpt>
      <trkpt lat="47.736338" lon="17.581810">
        <ele>111.261768</ele>
        <time>2026-08-06T17:15:41.919Z</time>
      </trkpt>
      <trkpt lat="47.735498" lon="17.582949">
        <ele>110.884869</ele>
        <time>2026-08-06T17:16:05.628Z</time>
      </trkpt>
      <trkpt lat="47.734480" lon="17.584460">
        <ele>110.322272</ele>
        <time>2026-08-06T17:16:36.322Z</time>
      </trkpt>
      <trkpt lat="47.734439" lon="17.584518">
        <ele>110.294174</ele>
        <time>2026-08-06T17:16:37.450Z</time>
      </trkpt>
      <trkpt lat="47.734165" lon="17.584863">
        <ele>110.115906</ele>
        <time>2026-08-06T17:16:44.557Z</time>
      </trkpt>
      <trkpt lat="47.733573" lon="17.585722">
        <ele>109.705207</ele>
        <time>2026-08-06T17:17:01.117Z</time>
      </trkpt>
      <trkpt lat="47.733116" lon="17.586468">
        <ele>109.691629</ele>
        <time>2026-08-06T17:17:15.518Z</time>
      </trkpt>
      <trkpt lat="47.732814" lon="17.587060">
        <ele>109.693354</ele>
        <time>2026-08-06T17:17:26.954Z</time>
      </trkpt>
      <trkpt lat="47.732698" lon="17.587432">
        <ele>109.694307</ele>
        <time>2026-08-06T17:17:33.447Z</time>
      </trkpt>
      <trkpt lat="47.732689" lon="17.587583">
        <ele>109.694658</ele>
        <time>2026-08-06T17:17:35.863Z</time>
      </trkpt>
      <trkpt lat="47.732684" lon="17.587705">
        <ele>109.694942</ele>
        <time>2026-08-06T17:17:37.813Z</time>
      </trkpt>
      <trkpt lat="47.732684" lon="17.587777">
        <ele>109.695109</ele>
        <time>2026-08-06T17:17:38.963Z</time>
      </trkpt>
      <trkpt lat="47.732682" lon="17.587904">
        <ele>109.695404</ele>
        <time>2026-08-06T17:17:40.993Z</time>
      </trkpt>
      <trkpt lat="47.732672" lon="17.588154">
        <ele>109.717754</ele>
        <time>2026-08-06T17:17:44.985Z</time>
      </trkpt>
      <trkpt lat="47.732625" lon="17.588334">
        <ele>109.743856</ele>
        <time>2026-08-06T17:17:47.979Z</time>
      </trkpt>
      <trkpt lat="47.732617" lon="17.588531">
        <ele>109.770536</ele>
        <time>2026-08-06T17:17:50.961Z</time>
      </trkpt>
      <trkpt lat="47.731542" lon="17.590761">
        <ele>110.203468</ele>
        <time>2026-08-06T17:18:33.329Z</time>
      </trkpt>
      <trkpt lat="47.731152" lon="17.591655">
        <ele>110.453507</ele>
        <time>2026-08-06T17:18:50.850Z</time>
      </trkpt>
      <trkpt lat="47.729555" lon="17.595085">
        <ele>111.200836</ele>
        <time>2026-08-06T17:19:56.320Z</time>
      </trkpt>
      <trkpt lat="47.729465" lon="17.595267">
        <ele>111.211200</ele>
        <time>2026-08-06T17:19:59.762Z</time>
      </trkpt>
      <trkpt lat="47.729178" lon="17.595919">
        <ele>111.246950</ele>
        <time>2026-08-06T17:20:11.551Z</time>
      </trkpt>
      <trkpt lat="47.727674" lon="17.599674">
        <ele>111.432238</ele>
        <time>2026-08-06T17:21:16.879Z</time>
      </trkpt>
      <trkpt lat="47.726920" lon="17.601529">
        <ele>111.823847</ele>
        <time>2026-08-06T17:21:51.784Z</time>
      </trkpt>
      <trkpt lat="47.726402" lon="17.602745">
        <ele>111.780768</ele>
        <time>2026-08-06T17:22:13.751Z</time>
      </trkpt>
      <trkpt lat="47.726376" lon="17.602807">
        <ele>111.778582</ele>
        <time>2026-08-06T17:22:14.813Z</time>
      </trkpt>
      <trkpt lat="47.725071" lon="17.605250">
        <ele>111.294474</ele>
        <time>2026-08-06T17:22:58.865Z</time>
      </trkpt>
      <trkpt lat="47.724342" lon="17.606538">
        <ele>111.053128</ele>
        <time>2026-08-06T17:23:30.670Z</time>
      </trkpt>
      <trkpt lat="47.723819" lon="17.607576">
        <ele>110.940317</ele>
        <time>2026-08-06T17:23:49.477Z</time>
      </trkpt>
      <trkpt lat="47.723071" lon="17.608921">
        <ele>111.183689</ele>
        <time>2026-08-06T17:24:16.863Z</time>
      </trkpt>
      <trkpt lat="47.722556" lon="17.609666">
        <ele>111.399067</ele>
        <time>2026-08-06T17:24:34.063Z</time>
      </trkpt>
      <trkpt lat="47.722227" lon="17.610145">
        <ele>111.406883</ele>
        <time>2026-08-06T17:24:48.392Z</time>
      </trkpt>
      <trkpt lat="47.721983" lon="17.610632">
        <ele>111.352950</ele>
        <time>2026-08-06T17:25:00.480Z</time>
      </trkpt>
      <trkpt lat="47.721868" lon="17.611425">
        <ele>111.280898</ele>
        <time>2026-08-06T17:25:15.936Z</time>
      </trkpt>
      <trkpt lat="47.721829" lon="17.611507">
        <ele>111.271978</ele>
        <time>2026-08-06T17:25:17.847Z</time>
      </trkpt>
      <trkpt lat="47.721351" lon="17.611769">
        <ele>111.193084</ele>
        <time>2026-08-06T17:25:28.284Z</time>
      </trkpt>
      <trkpt lat="47.721264" lon="17.611811">
        <ele>111.149887</ele>
        <time>2026-08-06T17:25:30.150Z</time>
      </trkpt>
      <trkpt lat="47.721088" lon="17.612165">
        <ele>111.010044</ele>
        <time>2026-08-06T17:25:36.116Z</time>
      </trkpt>
      <trkpt lat="47.721018" lon="17.612299">
        <ele>110.956146</ele>
        <time>2026-08-06T17:25:38.398Z</time>
      </trkpt>
      <trkpt lat="47.720956" lon="17.612423">
        <ele>110.907063</ele>
        <time>2026-08-06T17:25:40.457Z</time>
      </trkpt>
      <trkpt lat="47.720801" lon="17.612770">
        <ele>110.774735</ele>
        <time>2026-08-06T17:25:46.114Z</time>
      </trkpt>
      <trkpt lat="47.720619" lon="17.613052">
        <ele>110.650584</ele>
        <time>2026-08-06T17:25:51.533Z</time>
      </trkpt>
      <trkpt lat="47.720382" lon="17.613352">
        <ele>110.503580</ele>
        <time>2026-08-06T17:25:57.999Z</time>
      </trkpt>
      <trkpt lat="47.719880" lon="17.613886">
        <ele>110.400698</ele>
        <time>2026-08-06T17:26:11.153Z</time>
      </trkpt>
      <trkpt lat="47.718963" lon="17.614687">
        <ele>110.539575</ele>
        <time>2026-08-06T17:26:35.439Z</time>
      </trkpt>
      <trkpt lat="47.718600" lon="17.614925">
        <ele>110.591379</ele>
        <time>2026-08-06T17:26:45.006Z</time>
      </trkpt>
      <trkpt lat="47.718512" lon="17.615015">
        <ele>110.612966</ele>
        <time>2026-08-06T17:26:47.544Z</time>
      </trkpt>
      <trkpt lat="47.718018" lon="17.615657">
        <ele>110.760188</ele>
        <time>2026-08-06T17:27:03.192Z</time>
      </trkpt>
      <trkpt lat="47.717873" lon="17.615728">
        <ele>110.794439</ele>
        <time>2026-08-06T17:27:06.820Z</time>
      </trkpt>
      <trkpt lat="47.717811" lon="17.615805">
        <ele>110.812566</ele>
        <time>2026-08-06T17:27:08.707Z</time>
      </trkpt>
      <trkpt lat="47.716121" lon="17.618509">
        <ele>110.974857</ele>
        <time>2026-08-06T17:28:04.245Z</time>
      </trkpt>
      <trkpt lat="47.714546" lon="17.620843">
        <ele>110.759205</ele>
        <time>2026-08-06T17:28:52.590Z</time>
      </trkpt>
      <trkpt lat="47.714302" lon="17.621241">
        <ele>110.694421</ele>
        <time>2026-08-06T17:29:00.576Z</time>
      </trkpt>
      <trkpt lat="47.714221" lon="17.621328">
        <ele>110.676550</ele>
        <time>2026-08-06T17:29:02.716Z</time>
      </trkpt>
      <trkpt lat="47.713686" lon="17.621956">
        <ele>110.554639</ele>
        <time>2026-08-06T17:29:17.419Z</time>
      </trkpt>
      <trkpt lat="47.713564" lon="17.622292">
        <ele>110.508700</ele>
        <time>2026-08-06T17:29:22.916Z</time>
      </trkpt>
      <trkpt lat="47.713383" lon="17.622911">
        <ele>110.564747</ele>
        <time>2026-08-06T17:29:32.168Z</time>
      </trkpt>
      <trkpt lat="47.713356" lon="17.623020">
        <ele>110.582443</ele>
        <time>2026-08-06T17:29:33.814Z</time>
      </trkpt>
      <trkpt lat="47.712637" lon="17.626300">
        <ele>111.093959</ele>
        <time>2026-08-06T17:30:29.527Z</time>
      </trkpt>
      <trkpt lat="47.712424" lon="17.626910">
        <ele>111.191749</ele>
        <time>2026-08-06T17:30:40.123Z</time>
      </trkpt>
      <trkpt lat="47.712251" lon="17.627289">
        <ele>111.256916</ele>
        <time>2026-08-06T17:30:46.956Z</time>
      </trkpt>
      <trkpt lat="47.712120" lon="17.627513">
        <ele>111.256938</ele>
        <time>2026-08-06T17:30:51.290Z</time>
      </trkpt>
      <trkpt lat="47.711572" lon="17.628292">
        <ele>111.128740</ele>
        <time>2026-08-06T17:31:07.380Z</time>
      </trkpt>
      <trkpt lat="47.709809" lon="17.630177">
        <ele>110.868264</ele>
        <time>2026-08-06T17:31:54.607Z</time>
      </trkpt>
      <trkpt lat="47.709191" lon="17.630700">
        <ele>110.832895</ele>
        <time>2026-08-06T17:32:10.321Z</time>
      </trkpt>
      <trkpt lat="47.708363" lon="17.631149">
        <ele>110.894889</ele>
        <time>2026-08-06T17:32:30.245Z</time>
      </trkpt>
      <trkpt lat="47.707163" lon="17.631766">
        <ele>110.838672</ele>
        <time>2026-08-06T17:32:58.855Z</time>
      </trkpt>
      <trkpt lat="47.706651" lon="17.631993">
        <ele>110.723049</ele>
        <time>2026-08-06T17:33:10.362Z</time>
      </trkpt>
      <trkpt lat="47.706517" lon="17.631991">
        <ele>110.694049</ele>
        <time>2026-08-06T17:33:13.197Z</time>
      </trkpt>
      <trkpt lat="47.704864" lon="17.631014">
        <ele>110.484425</ele>
        <time>2026-08-06T17:33:50.144Z</time>
      </trkpt>
      <trkpt lat="47.704171" lon="17.630806">
        <ele>110.490941</ele>
        <time>2026-08-06T17:34:06.941Z</time>
      </trkpt>
      <trkpt lat="47.703758" lon="17.630637">
        <ele>110.810494</ele>
        <time>2026-08-06T17:34:17.701Z</time>
      </trkpt>
      <trkpt lat="47.703484" lon="17.630585">
        <ele>111.016550</ele>
        <time>2026-08-06T17:34:24.866Z</time>
      </trkpt>
      <trkpt lat="47.701663" lon="17.630023">
        <ele>112.160597</ele>
        <time>2026-08-06T17:35:12.408Z</time>
      </trkpt>
      <trkpt lat="47.701654" lon="17.630079">
        <ele>112.178145</ele>
        <time>2026-08-06T17:35:13.604Z</time>
      </trkpt>
      <trkpt lat="47.701642" lon="17.630139">
        <ele>112.197223</ele>
        <time>2026-08-06T17:35:14.925Z</time>
      </trkpt>
      <trkpt lat="47.701543" lon="17.630108">
        <ele>112.243043</ele>
        <time>2026-08-06T17:35:17.296Z</time>
      </trkpt>
      <trkpt lat="47.700864" lon="17.629890">
        <ele>112.557649</ele>
        <time>2026-08-06T17:35:33.249Z</time>
      </trkpt>
      <trkpt lat="47.700770" lon="17.629858">
        <ele>112.598415</ele>
        <time>2026-08-06T17:35:35.408Z</time>
      </trkpt>
      <trkpt lat="47.699895" lon="17.629574">
        <ele>112.463704</ele>
        <time>2026-08-06T17:35:54.832Z</time>
      </trkpt>
      <trkpt lat="47.699691" lon="17.629548">
        <ele>112.432908</ele>
        <time>2026-08-06T17:35:59.236Z</time>
      </trkpt>
      <trkpt lat="47.698047" lon="17.629431">
        <ele>112.301864</ele>
        <time>2026-08-06T17:36:34.372Z</time>
      </trkpt>
      <trkpt lat="47.697555" lon="17.629399">
        <ele>112.288035</ele>
        <time>2026-08-06T17:36:45.700Z</time>
      </trkpt>
      <trkpt lat="47.697065" lon="17.629487">
        <ele>112.261521</ele>
        <time>2026-08-06T17:36:57.283Z</time>
      </trkpt>
      <trkpt lat="47.696962" lon="17.629510">
        <ele>112.249171</ele>
        <time>2026-08-06T17:36:59.725Z</time>
      </trkpt>
      <trkpt lat="47.696407" lon="17.629647">
        <ele>112.182461</ele>
        <time>2026-08-06T17:37:12.406Z</time>
      </trkpt>
      <trkpt lat="47.695767" lon="17.629904">
        <ele>112.103852</ele>
        <time>2026-08-06T17:37:26.487Z</time>
      </trkpt>
      <trkpt lat="47.695683" lon="17.629947">
        <ele>112.093317</ele>
        <time>2026-08-06T17:37:28.291Z</time>
      </trkpt>
      <trkpt lat="47.695197" lon="17.630202">
        <ele>112.220215</ele>
        <time>2026-08-06T17:37:38.931Z</time>
      </trkpt>
      <trkpt lat="47.695132" lon="17.630225">
        <ele>112.257944</ele>
        <time>2026-08-06T17:37:40.333Z</time>
      </trkpt>
      <trkpt lat="47.694697" lon="17.630232">
        <ele>112.503578</ele>
        <time>2026-08-06T17:37:52.825Z</time>
      </trkpt>
      <trkpt lat="47.694580" lon="17.630244">
        <ele>112.569799</ele>
        <time>2026-08-06T17:37:56.368Z</time>
      </trkpt>
      <trkpt lat="47.694555" lon="17.630207">
        <ele>112.589724</ele>
        <time>2026-08-06T17:37:57.274Z</time>
      </trkpt>
      <trkpt lat="47.694525" lon="17.630177">
        <ele>112.610143</ele>
        <time>2026-08-06T17:37:58.170Z</time>
      </trkpt>
      <trkpt lat="47.694483" lon="17.630132">
        <ele>112.639382</ele>
        <time>2026-08-06T17:37:59.514Z</time>
      </trkpt>
      <trkpt lat="47.694428" lon="17.630132">
        <ele>112.670437</ele>
        <time>2026-08-06T17:38:00.986Z</time>
      </trkpt>
      <trkpt lat="47.694376" lon="17.630220">
        <ele>112.714942</ele>
        <time>2026-08-06T17:38:03.093Z</time>
      </trkpt>
      <trkpt lat="47.694360" lon="17.630238">
        <ele>112.726274</ele>
        <time>2026-08-06T17:38:03.656Z</time>
      </trkpt>
      <trkpt lat="47.694303" lon="17.630298">
        <ele>112.765718</ele>
        <time>2026-08-06T17:38:05.594Z</time>
      </trkpt>
      <trkpt lat="47.694286" lon="17.630317">
        <ele>112.777730</ele>
        <time>2026-08-06T17:38:06.189Z</time>
      </trkpt>
      <trkpt lat="47.694235" lon="17.630339">
        <ele>112.807716</ele>
        <time>2026-08-06T17:38:07.697Z</time>
      </trkpt>
      <trkpt lat="47.694040" lon="17.630296">
        <ele>112.919028</ele>
        <time>2026-08-06T17:38:13.363Z</time>
      </trkpt>
      <trkpt lat="47.693945" lon="17.630197">
        <ele>112.984549</ele>
        <time>2026-08-06T17:38:16.808Z</time>
      </trkpt>
      <trkpt lat="47.693860" lon="17.630212">
        <ele>113.032881</ele>
        <time>2026-08-06T17:38:19.363Z</time>
      </trkpt>
      <trkpt lat="47.692888" lon="17.630819">
        <ele>113.168594</ele>
        <time>2026-08-06T17:38:48.787Z</time>
      </trkpt>
      <trkpt lat="47.691907" lon="17.631437">
        <ele>113.248273</ele>
        <time>2026-08-06T17:39:08.510Z</time>
      </trkpt>
      <trkpt lat="47.691761" lon="17.631549">
        <ele>113.251315</ele>
        <time>2026-08-06T17:39:11.344Z</time>
      </trkpt>
      <trkpt lat="47.691673" lon="17.631610">
        <ele>113.253113</ele>
        <time>2026-08-06T17:39:13.675Z</time>
      </trkpt>
      <trkpt lat="47.691638" lon="17.631634">
        <ele>113.253826</ele>
        <time>2026-08-06T17:39:14.602Z</time>
      </trkpt>
      <trkpt lat="47.691492" lon="17.631760">
        <ele>113.256952</ele>
        <time>2026-08-06T17:39:17.656Z</time>
      </trkpt>
      <trkpt lat="47.691228" lon="17.631913">
        <ele>113.262199</ele>
        <time>2026-08-06T17:39:23.039Z</time>
      </trkpt>
      <trkpt lat="47.690143" lon="17.632571">
        <ele>114.107367</ele>
        <time>2026-08-06T17:39:57.173Z</time>
      </trkpt>
      <trkpt lat="47.689954" lon="17.632685">
        <ele>114.574448</ele>
        <time>2026-08-06T17:40:06.541Z</time>
      </trkpt>
      <trkpt lat="47.689810" lon="17.632701">
        <ele>114.905097</ele>
        <time>2026-08-06T17:40:12.933Z</time>
      </trkpt>
      <trkpt lat="47.689774" lon="17.632728">
        <ele>114.997439</ele>
        <time>2026-08-06T17:40:14.692Z</time>
      </trkpt>
      <trkpt lat="47.689520" lon="17.632886">
        <ele>115.627973</ele>
        <time>2026-08-06T17:40:25.991Z</time>
      </trkpt>
      <trkpt lat="47.689180" lon="17.633084">
        <ele>116.464181</ele>
        <time>2026-08-06T17:40:39.803Z</time>
      </trkpt>
      <trkpt lat="47.689170" lon="17.633089">
        <ele>116.488341</ele>
        <time>2026-08-06T17:40:40.207Z</time>
      </trkpt>
      <trkpt lat="47.688849" lon="17.633305">
        <ele>117.295250</ele>
        <time>2026-08-06T17:40:53.442Z</time>
      </trkpt>
      <trkpt lat="47.688349" lon="17.633646">
        <ele>117.596521</ele>
        <time>2026-08-06T17:41:12.042Z</time>
      </trkpt>
      <trkpt lat="47.688117" lon="17.633809">
        <ele>117.698321</ele>
        <time>2026-08-06T17:41:19.332Z</time>
      </trkpt>
      <trkpt lat="47.687798" lon="17.634051">
        <ele>117.840403</ele>
        <time>2026-08-06T17:41:29.559Z</time>
      </trkpt>
      <trkpt lat="47.687773" lon="17.634068">
        <ele>117.851309</ele>
        <time>2026-08-06T17:41:30.372Z</time>
      </trkpt>
      <trkpt lat="47.687466" lon="17.634262">
        <ele>117.983645</ele>
        <time>2026-08-06T17:41:38.463Z</time>
      </trkpt>
      <trkpt lat="47.687215" lon="17.634411">
        <ele>118.090864</ele>
        <time>2026-08-06T17:41:45.257Z</time>
      </trkpt>
      <trkpt lat="47.687510" lon="17.635260">
        <ele>117.741358</ele>
        <time>2026-08-06T17:41:58.502Z</time>
      </trkpt>
      <trkpt lat="47.687593" lon="17.635500">
        <ele>117.629476</ele>
        <time>2026-08-06T17:42:01.965Z</time>
      </trkpt>
      <trkpt lat="47.687776" lon="17.636026">
        <ele>117.383961</ele>
        <time>2026-08-06T17:42:09.689Z</time>
      </trkpt>
      <trkpt lat="47.687796" lon="17.636084">
        <ele>117.356940</ele>
        <time>2026-08-06T17:42:10.833Z</time>
      </trkpt>
      <trkpt lat="47.687712" lon="17.636207">
        <ele>117.284287</ele>
        <time>2026-08-06T17:42:13.971Z</time>
      </trkpt>
      <trkpt lat="47.687649" lon="17.636334">
        <ele>117.218872</ele>
        <time>2026-08-06T17:42:16.799Z</time>
      </trkpt>
      <trkpt lat="47.687698" lon="17.636382">
        <ele>117.182718</ele>
        <time>2026-08-06T17:42:18.362Z</time>
      </trkpt>
      <trkpt lat="47.687737" lon="17.636447">
        <ele>117.146613</ele>
        <time>2026-08-06T17:42:19.969Z</time>
      </trkpt>
      <trkpt lat="47.687757" lon="17.636493">
        <ele>117.123907</ele>
        <time>2026-08-06T17:42:20.744Z</time>
      </trkpt>
      <trkpt lat="47.687890" lon="17.636827">
        <ele>117.001232</ele>
        <time>2026-08-06T17:42:26.019Z</time>
      </trkpt>
      <trkpt lat="47.687914" lon="17.636892">
        <ele>117.001232</ele>
        <time>2026-08-06T17:42:27.033Z</time>
      </trkpt>
      <trkpt lat="47.688080" lon="17.637331">
        <ele>117.001232</ele>
        <time>2026-08-06T17:42:33.828Z</time>
      </trkpt>
      <trkpt lat="47.688096" lon="17.637372">
        <ele>117.001232</ele>
        <time>2026-08-06T17:42:34.443Z</time>
      </trkpt>
      <trkpt lat="47.687876" lon="17.637561">
        <ele>117.001232</ele>
        <time>2026-08-06T17:42:39.673Z</time>
      </trkpt>
      <trkpt lat="47.687726" lon="17.637682">
        <ele>117.001232</ele>
        <time>2026-08-06T17:42:43.171Z</time>
      </trkpt>
      <trkpt lat="47.687291" lon="17.638027">
        <ele>117.001232</ele>
        <time>2026-08-06T17:42:53.569Z</time>
      </trkpt>
      <trkpt lat="47.687068" lon="17.638204">
        <ele>117.001232</ele>
        <time>2026-08-06T17:42:58.945Z</time>
      </trkpt>
      <trkpt lat="47.686904" lon="17.637732">
        <ele>117.001232</ele>
        <time>2026-08-06T17:43:06.452Z</time>
      </trkpt>
    </trkseg>
  </trk>
</gpx>