<?xml version='1.0' encoding='UTF-8'?>
<gpx version="1.1" creator="https://www.komoot.de" xmlns="http://www.topografix.com/GPX/1/1" xmlns:xsi="http://www.w3.org/2001/XMLSchema-instance" xsi:schemaLocation="http://www.topografix.com/GPX/1/1 http://www.topografix.com/GPX/1/1/gpx.xsd">
  <metadata>
    <name>ST_6.2_Alt_NoviSad_nach_Belgrade</name>
    <author>
      <link href="https://www.komoot.de">
        <text>komoot</text>
        <type>text/html</type>
      </link>
    </author>
  </metadata>
  <trk>
    <name>ST_6.2_Alt_NoviSad_nach_Belgrade</name>
    <type>touring_bicycle</type>
    <trkseg>
      <trkpt lat="45.254912" lon="19.847451">
        <ele>82.269570</ele>
        <time>2026-08-06T13:09:35.258Z</time>
      </trkpt>
      <trkpt lat="45.254912" lon="19.847451">
        <ele>82.269570</ele>
        <time>2026-08-06T13:09:35.268Z</time>
      </trkpt>
      <trkpt lat="45.254596" lon="19.847054">
        <ele>82.269570</ele>
        <time>2026-08-06T13:09:46.177Z</time>
      </trkpt>
      <trkpt lat="45.254552" lon="19.846998">
        <ele>82.269570</ele>
        <time>2026-08-06T13:09:47.705Z</time>
      </trkpt>
      <trkpt lat="45.254511" lon="19.847075">
        <ele>82.269570</ele>
        <time>2026-08-06T13:09:49.462Z</time>
      </trkpt>
      <trkpt lat="45.254063" lon="19.847980">
        <ele>82.571268</ele>
        <time>2026-08-06T13:10:09.604Z</time>
      </trkpt>
      <trkpt lat="45.253968" lon="19.848659">
        <ele>82.914471</ele>
        <time>2026-08-06T13:10:22.206Z</time>
      </trkpt>
      <trkpt lat="45.253873" lon="19.849337">
        <ele>83.257188</ele>
        <time>2026-08-06T13:10:34.798Z</time>
      </trkpt>
      <trkpt lat="45.253968" lon="19.850388">
        <ele>83.279920</ele>
        <time>2026-08-06T13:10:52.366Z</time>
      </trkpt>
      <trkpt lat="45.253983" lon="19.850552">
        <ele>83.194588</ele>
        <time>2026-08-06T13:10:54.657Z</time>
      </trkpt>
      <trkpt lat="45.254076" lon="19.851509">
        <ele>82.696111</ele>
        <time>2026-08-06T13:11:07.554Z</time>
      </trkpt>
      <trkpt lat="45.254164" lon="19.852428">
        <ele>82.217319</ele>
        <time>2026-08-06T13:11:20.205Z</time>
      </trkpt>
      <trkpt lat="45.254168" lon="19.852467">
        <ele>82.182463</ele>
        <time>2026-08-06T13:11:20.722Z</time>
      </trkpt>
      <trkpt lat="45.254181" lon="19.852605">
        <ele>82.059327</ele>
        <time>2026-08-06T13:11:22.610Z</time>
      </trkpt>
      <trkpt lat="45.254195" lon="19.852753">
        <ele>81.927258</ele>
        <time>2026-08-06T13:11:24.575Z</time>
      </trkpt>
      <trkpt lat="45.254198" lon="19.852787">
        <ele>81.896953</ele>
        <time>2026-08-06T13:11:25.041Z</time>
      </trkpt>
      <trkpt lat="45.254306" lon="19.853914">
        <ele>80.891037</ele>
        <time>2026-08-06T13:11:39.887Z</time>
      </trkpt>
      <trkpt lat="45.254400" lon="19.854920">
        <ele>79.993524</ele>
        <time>2026-08-06T13:11:53.425Z</time>
      </trkpt>
      <trkpt lat="45.254415" lon="19.855046">
        <ele>79.890416</ele>
        <time>2026-08-06T13:11:55.041Z</time>
      </trkpt>
      <trkpt lat="45.254460" lon="19.855514">
        <ele>79.525940</ele>
        <time>2026-08-06T13:12:01.251Z</time>
      </trkpt>
      <trkpt lat="45.254734" lon="19.858395">
        <ele>78.312983</ele>
        <time>2026-08-06T13:12:40.511Z</time>
      </trkpt>
      <trkpt lat="45.254853" lon="19.859571">
        <ele>78.737916</ele>
        <time>2026-08-06T13:13:00.763Z</time>
      </trkpt>
      <trkpt lat="45.254887" lon="19.859919">
        <ele>78.863575</ele>
        <time>2026-08-06T13:13:08.625Z</time>
      </trkpt>
      <trkpt lat="45.254920" lon="19.860307">
        <ele>79.531376</ele>
        <time>2026-08-06T13:13:18.095Z</time>
      </trkpt>
      <trkpt lat="45.254935" lon="19.860457">
        <ele>79.863782</ele>
        <time>2026-08-06T13:13:21.918Z</time>
      </trkpt>
      <trkpt lat="45.254920" lon="19.861025">
        <ele>81.110858</ele>
        <time>2026-08-06T13:13:36.797Z</time>
      </trkpt>
      <trkpt lat="45.254847" lon="19.861660">
        <ele>82.522512</ele>
        <time>2026-08-06T13:13:53.995Z</time>
      </trkpt>
      <trkpt lat="45.254842" lon="19.861703">
        <ele>82.618133</ele>
        <time>2026-08-06T13:13:55.183Z</time>
      </trkpt>
      <trkpt lat="45.254730" lon="19.862671">
        <ele>84.546325</ele>
        <time>2026-08-06T13:14:20.224Z</time>
      </trkpt>
      <trkpt lat="45.254722" lon="19.862737">
        <ele>84.568568</ele>
        <time>2026-08-06T13:14:21.463Z</time>
      </trkpt>
      <trkpt lat="45.254676" lon="19.863098">
        <ele>84.690414</ele>
        <time>2026-08-06T13:14:28.498Z</time>
      </trkpt>
      <trkpt lat="45.254669" lon="19.863156">
        <ele>84.709958</ele>
        <time>2026-08-06T13:14:29.400Z</time>
      </trkpt>
      <trkpt lat="45.254624" lon="19.863570">
        <ele>84.849088</ele>
        <time>2026-08-06T13:14:36.194Z</time>
      </trkpt>
      <trkpt lat="45.254614" lon="19.863612">
        <ele>84.863814</ele>
        <time>2026-08-06T13:14:36.920Z</time>
      </trkpt>
      <trkpt lat="45.254531" lon="19.863870">
        <ele>84.958027</ele>
        <time>2026-08-06T13:14:41.307Z</time>
      </trkpt>
      <trkpt lat="45.254508" lon="19.863856">
        <ele>84.969833</ele>
        <time>2026-08-06T13:14:42.042Z</time>
      </trkpt>
      <trkpt lat="45.254446" lon="19.863959">
        <ele>85.014843</ele>
        <time>2026-08-06T13:14:48.642Z</time>
      </trkpt>
      <trkpt lat="45.254330" lon="19.864201">
        <ele>85.112082</ele>
        <time>2026-08-06T13:14:53.227Z</time>
      </trkpt>
      <trkpt lat="45.254009" lon="19.864840">
        <ele>85.344546</ele>
        <time>2026-08-06T13:15:08.428Z</time>
      </trkpt>
      <trkpt lat="45.253840" lon="19.865123">
        <ele>85.272766</ele>
        <time>2026-08-06T13:15:15.301Z</time>
      </trkpt>
      <trkpt lat="45.253252" lon="19.865924">
        <ele>85.048926</ele>
        <time>2026-08-06T13:15:38.644Z</time>
      </trkpt>
      <trkpt lat="45.253204" lon="19.866000">
        <ele>85.029177</ele>
        <time>2026-08-06T13:15:40.765Z</time>
      </trkpt>
      <trkpt lat="45.252974" lon="19.866436">
        <ele>84.923795</ele>
        <time>2026-08-06T13:15:52.107Z</time>
      </trkpt>
      <trkpt lat="45.252776" lon="19.866974">
        <ele>84.700416</ele>
        <time>2026-08-06T13:16:04.197Z</time>
      </trkpt>
      <trkpt lat="45.252684" lon="19.867229">
        <ele>84.537018</ele>
        <time>2026-08-06T13:16:09.715Z</time>
      </trkpt>
      <trkpt lat="45.252584" lon="19.867377">
        <ele>84.420037</ele>
        <time>2026-08-06T13:16:13.605Z</time>
      </trkpt>
      <trkpt lat="45.252558" lon="19.867513">
        <ele>84.339674</ele>
        <time>2026-08-06T13:16:15.578Z</time>
      </trkpt>
      <trkpt lat="45.252466" lon="19.867987">
        <ele>84.059288</ele>
        <time>2026-08-06T13:16:22.388Z</time>
      </trkpt>
      <trkpt lat="45.252440" lon="19.868253">
        <ele>83.906146</ele>
        <time>2026-08-06T13:16:26.042Z</time>
      </trkpt>
      <trkpt lat="45.252330" lon="19.870390">
        <ele>82.334140</ele>
        <time>2026-08-06T13:16:54.455Z</time>
      </trkpt>
      <trkpt lat="45.252303" lon="19.870872">
        <ele>81.924239</ele>
        <time>2026-08-06T13:17:00.874Z</time>
      </trkpt>
      <trkpt lat="45.252251" lon="19.871599">
        <ele>81.304760</ele>
        <time>2026-08-06T13:17:10.574Z</time>
      </trkpt>
      <trkpt lat="45.252215" lon="19.871752">
        <ele>81.188425</ele>
        <time>2026-08-06T13:17:12.726Z</time>
      </trkpt>
      <trkpt lat="45.252096" lon="19.872034">
        <ele>80.991174</ele>
        <time>2026-08-06T13:17:17.148Z</time>
      </trkpt>
      <trkpt lat="45.251933" lon="19.872267">
        <ele>80.794104</ele>
        <time>2026-08-06T13:17:21.610Z</time>
      </trkpt>
      <trkpt lat="45.251859" lon="19.872376">
        <ele>80.703256</ele>
        <time>2026-08-06T13:17:23.659Z</time>
      </trkpt>
      <trkpt lat="45.251905" lon="19.872451">
        <ele>80.643579</ele>
        <time>2026-08-06T13:17:28.577Z</time>
      </trkpt>
      <trkpt lat="45.251852" lon="19.872539">
        <ele>80.574099</ele>
        <time>2026-08-06T13:17:30.156Z</time>
      </trkpt>
      <trkpt lat="45.251204" lon="19.873384">
        <ele>79.824456</ele>
        <time>2026-08-06T13:17:47.550Z</time>
      </trkpt>
      <trkpt lat="45.251181" lon="19.873416">
        <ele>79.797019</ele>
        <time>2026-08-06T13:17:48.158Z</time>
      </trkpt>
      <trkpt lat="45.250789" lon="19.873956">
        <ele>79.574328</ele>
        <time>2026-08-06T13:17:59.429Z</time>
      </trkpt>
      <trkpt lat="45.250609" lon="19.874205">
        <ele>79.499366</ele>
        <time>2026-08-06T13:18:04.869Z</time>
      </trkpt>
      <trkpt lat="45.250462" lon="19.874408">
        <ele>79.438198</ele>
        <time>2026-08-06T13:18:09.437Z</time>
      </trkpt>
      <trkpt lat="45.250382" lon="19.874515">
        <ele>79.405413</ele>
        <time>2026-08-06T13:18:11.843Z</time>
      </trkpt>
      <trkpt lat="45.249851" lon="19.875242">
        <ele>79.185376</ele>
        <time>2026-08-06T13:18:27.493Z</time>
      </trkpt>
      <trkpt lat="45.249713" lon="19.875361">
        <ele>79.142067</ele>
        <time>2026-08-06T13:18:30.918Z</time>
      </trkpt>
      <trkpt lat="45.249344" lon="19.875871">
        <ele>79.012359</ele>
        <time>2026-08-06T13:18:42.017Z</time>
      </trkpt>
      <trkpt lat="45.249080" lon="19.876261">
        <ele>78.916399</ele>
        <time>2026-08-06T13:18:50.069Z</time>
      </trkpt>
      <trkpt lat="45.248762" lon="19.876747">
        <ele>78.798719</ele>
        <time>2026-08-06T13:18:59.670Z</time>
      </trkpt>
      <trkpt lat="45.248744" lon="19.876778">
        <ele>78.791592</ele>
        <time>2026-08-06T13:19:00.271Z</time>
      </trkpt>
      <trkpt lat="45.248568" lon="19.877031">
        <ele>78.728507</ele>
        <time>2026-08-06T13:19:05.489Z</time>
      </trkpt>
      <trkpt lat="45.248048" lon="19.877823">
        <ele>78.835850</ele>
        <time>2026-08-06T13:19:23.160Z</time>
      </trkpt>
      <trkpt lat="45.247945" lon="19.878035">
        <ele>78.866644</ele>
        <time>2026-08-06T13:19:27.482Z</time>
      </trkpt>
      <trkpt lat="45.247639" lon="19.878344">
        <ele>78.930400</ele>
        <time>2026-08-06T13:19:36.112Z</time>
      </trkpt>
      <trkpt lat="45.247419" lon="19.878580">
        <ele>78.977215</ele>
        <time>2026-08-06T13:19:42.519Z</time>
      </trkpt>
      <trkpt lat="45.246903" lon="19.879108">
        <ele>79.099978</ele>
        <time>2026-08-06T13:19:57.341Z</time>
      </trkpt>
      <trkpt lat="45.246392" lon="19.879589">
        <ele>79.227918</ele>
        <time>2026-08-06T13:20:11.089Z</time>
      </trkpt>
      <trkpt lat="45.245624" lon="19.880136">
        <ele>79.425278</ele>
        <time>2026-08-06T13:20:31.042Z</time>
      </trkpt>
      <trkpt lat="45.245203" lon="19.880418">
        <ele>79.680025</ele>
        <time>2026-08-06T13:20:41.955Z</time>
      </trkpt>
      <trkpt lat="45.244672" lon="19.880775">
        <ele>80.001552</ele>
        <time>2026-08-06T13:20:56.019Z</time>
      </trkpt>
      <trkpt lat="45.243962" lon="19.881252">
        <ele>80.472039</ele>
        <time>2026-08-06T13:21:16.160Z</time>
      </trkpt>
      <trkpt lat="45.243729" lon="19.881411">
        <ele>80.726376</ele>
        <time>2026-08-06T13:21:22.883Z</time>
      </trkpt>
      <trkpt lat="45.243299" lon="19.881638">
        <ele>81.177733</ele>
        <time>2026-08-06T13:21:34.996Z</time>
      </trkpt>
      <trkpt lat="45.243021" lon="19.881824">
        <ele>81.480087</ele>
        <time>2026-08-06T13:21:43.169Z</time>
      </trkpt>
      <trkpt lat="45.242598" lon="19.882170">
        <ele>81.960366</ele>
        <time>2026-08-06T13:21:56.104Z</time>
      </trkpt>
      <trkpt lat="45.242521" lon="19.882251">
        <ele>82.054645</ele>
        <time>2026-08-06T13:21:58.628Z</time>
      </trkpt>
      <trkpt lat="45.242431" lon="19.882345">
        <ele>82.161844</ele>
        <time>2026-08-06T13:22:01.498Z</time>
      </trkpt>
      <trkpt lat="45.242345" lon="19.882440">
        <ele>82.248808</ele>
        <time>2026-08-06T13:22:04.225Z</time>
      </trkpt>
      <trkpt lat="45.241961" lon="19.882920">
        <ele>82.657122</ele>
        <time>2026-08-06T13:22:17.522Z</time>
      </trkpt>
      <trkpt lat="45.241858" lon="19.883064">
        <ele>82.772486</ele>
        <time>2026-08-06T13:22:21.293Z</time>
      </trkpt>
      <trkpt lat="45.241502" lon="19.883540">
        <ele>83.162759</ele>
        <time>2026-08-06T13:22:33.481Z</time>
      </trkpt>
      <trkpt lat="45.241413" lon="19.883712">
        <ele>83.282723</ele>
        <time>2026-08-06T13:22:37.185Z</time>
      </trkpt>
      <trkpt lat="45.241325" lon="19.883824">
        <ele>83.377042</ele>
        <time>2026-08-06T13:22:40.179Z</time>
      </trkpt>
      <trkpt lat="45.241227" lon="19.883948">
        <ele>83.481807</ele>
        <time>2026-08-06T13:22:43.468Z</time>
      </trkpt>
      <trkpt lat="45.241213" lon="19.883966">
        <ele>83.496880</ele>
        <time>2026-08-06T13:22:43.943Z</time>
      </trkpt>
      <trkpt lat="45.241084" lon="19.884109">
        <ele>83.629365</ele>
        <time>2026-08-06T13:22:48.064Z</time>
      </trkpt>
      <trkpt lat="45.240872" lon="19.884320">
        <ele>83.845247</ele>
        <time>2026-08-06T13:22:54.557Z</time>
      </trkpt>
      <trkpt lat="45.239735" lon="19.885234">
        <ele>84.934767</ele>
        <time>2026-08-06T13:23:27.472Z</time>
      </trkpt>
      <trkpt lat="45.239367" lon="19.885525">
        <ele>85.351627</ele>
        <time>2026-08-06T13:23:39.150Z</time>
      </trkpt>
      <trkpt lat="45.239283" lon="19.885592">
        <ele>85.458290</ele>
        <time>2026-08-06T13:23:41.791Z</time>
      </trkpt>
      <trkpt lat="45.239241" lon="19.885626">
        <ele>85.511813</ele>
        <time>2026-08-06T13:23:43.055Z</time>
      </trkpt>
      <trkpt lat="45.238613" lon="19.886130">
        <ele>86.310428</ele>
        <time>2026-08-06T13:24:01.946Z</time>
      </trkpt>
      <trkpt lat="45.238101" lon="19.886532">
        <ele>86.958143</ele>
        <time>2026-08-06T13:24:17.561Z</time>
      </trkpt>
      <trkpt lat="45.237844" lon="19.886736">
        <ele>87.496593</ele>
        <time>2026-08-06T13:24:25.444Z</time>
      </trkpt>
      <trkpt lat="45.237667" lon="19.886876">
        <ele>87.951109</ele>
        <time>2026-08-06T13:24:31.051Z</time>
      </trkpt>
      <trkpt lat="45.237339" lon="19.887143">
        <ele>88.799256</ele>
        <time>2026-08-06T13:24:42.265Z</time>
      </trkpt>
      <trkpt lat="45.237014" lon="19.887406">
        <ele>89.638425</ele>
        <time>2026-08-06T13:24:54.541Z</time>
      </trkpt>
      <trkpt lat="45.236755" lon="19.887617">
        <ele>90.308284</ele>
        <time>2026-08-06T13:25:04.847Z</time>
      </trkpt>
      <trkpt lat="45.236552" lon="19.887778">
        <ele>90.829902</ele>
        <time>2026-08-06T13:25:12.814Z</time>
      </trkpt>
      <trkpt lat="45.236528" lon="19.887798">
        <ele>90.892330</ele>
        <time>2026-08-06T13:25:13.757Z</time>
      </trkpt>
      <trkpt lat="45.236041" lon="19.888183">
        <ele>91.793028</ele>
        <time>2026-08-06T13:25:32.451Z</time>
      </trkpt>
      <trkpt lat="45.235875" lon="19.888315">
        <ele>92.075011</ele>
        <time>2026-08-06T13:25:38.610Z</time>
      </trkpt>
      <trkpt lat="45.235662" lon="19.888485">
        <ele>92.437152</ele>
        <time>2026-08-06T13:25:45.999Z</time>
      </trkpt>
      <trkpt lat="45.235131" lon="19.888987">
        <ele>93.382627</ele>
        <time>2026-08-06T13:26:02.134Z</time>
      </trkpt>
      <trkpt lat="45.234874" lon="19.889306">
        <ele>93.795180</ele>
        <time>2026-08-06T13:26:09.611Z</time>
      </trkpt>
      <trkpt lat="45.234575" lon="19.889675">
        <ele>93.886533</ele>
        <time>2026-08-06T13:26:18.114Z</time>
      </trkpt>
      <trkpt lat="45.234479" lon="19.889796">
        <ele>93.916135</ele>
        <time>2026-08-06T13:26:20.906Z</time>
      </trkpt>
      <trkpt lat="45.234259" lon="19.890072">
        <ele>93.983833</ele>
        <time>2026-08-06T13:26:27.540Z</time>
      </trkpt>
      <trkpt lat="45.234040" lon="19.890348">
        <ele>94.051358</ele>
        <time>2026-08-06T13:26:34.285Z</time>
      </trkpt>
      <trkpt lat="45.233846" lon="19.890593">
        <ele>94.111230</ele>
        <time>2026-08-06T13:26:40.211Z</time>
      </trkpt>
      <trkpt lat="45.233394" lon="19.891171">
        <ele>94.254912</ele>
        <time>2026-08-06T13:26:55.448Z</time>
      </trkpt>
      <trkpt lat="45.233277" lon="19.891320">
        <ele>94.293259</ele>
        <time>2026-08-06T13:26:59.490Z</time>
      </trkpt>
      <trkpt lat="45.233134" lon="19.891498">
        <ele>94.339658</ele>
        <time>2026-08-06T13:27:04.308Z</time>
      </trkpt>
      <trkpt lat="45.232754" lon="19.891988">
        <ele>94.464902</ele>
        <time>2026-08-06T13:27:16.138Z</time>
      </trkpt>
      <trkpt lat="45.232566" lon="19.892234">
        <ele>94.527281</ele>
        <time>2026-08-06T13:27:21.664Z</time>
      </trkpt>
      <trkpt lat="45.232321" lon="19.892530">
        <ele>94.605770</ele>
        <time>2026-08-06T13:27:28.616Z</time>
      </trkpt>
      <trkpt lat="45.232127" lon="19.892772">
        <ele>94.588604</ele>
        <time>2026-08-06T13:27:34.432Z</time>
      </trkpt>
      <trkpt lat="45.231997" lon="19.892938">
        <ele>94.539188</ele>
        <time>2026-08-06T13:27:38.439Z</time>
      </trkpt>
      <trkpt lat="45.231831" lon="19.893128">
        <ele>94.478925</ele>
        <time>2026-08-06T13:27:43.087Z</time>
      </trkpt>
      <trkpt lat="45.231342" lon="19.893640">
        <ele>94.307200</ele>
        <time>2026-08-06T13:27:55.596Z</time>
      </trkpt>
      <trkpt lat="45.231063" lon="19.893899">
        <ele>94.212985</ele>
        <time>2026-08-06T13:28:02.697Z</time>
      </trkpt>
      <trkpt lat="45.230947" lon="19.894007">
        <ele>94.173779</ele>
        <time>2026-08-06T13:28:05.526Z</time>
      </trkpt>
      <trkpt lat="45.229996" lon="19.894900">
        <ele>94.972728</ele>
        <time>2026-08-06T13:28:29.173Z</time>
      </trkpt>
      <trkpt lat="45.229099" lon="19.895683">
        <ele>96.320622</ele>
        <time>2026-08-06T13:29:01.883Z</time>
      </trkpt>
      <trkpt lat="45.228630" lon="19.896115">
        <ele>97.896751</ele>
        <time>2026-08-06T13:29:22.256Z</time>
      </trkpt>
      <trkpt lat="45.228430" lon="19.896264">
        <ele>98.533522</ele>
        <time>2026-08-06T13:29:30.446Z</time>
      </trkpt>
      <trkpt lat="45.227997" lon="19.896498">
        <ele>99.839728</ele>
        <time>2026-08-06T13:29:47.031Z</time>
      </trkpt>
      <trkpt lat="45.227669" lon="19.896631">
        <ele>100.789600</ele>
        <time>2026-08-06T13:29:58.192Z</time>
      </trkpt>
      <trkpt lat="45.227039" lon="19.896870">
        <ele>101.413999</ele>
        <time>2026-08-06T13:30:14.856Z</time>
      </trkpt>
      <trkpt lat="45.226812" lon="19.896987">
        <ele>101.645235</ele>
        <time>2026-08-06T13:30:20.366Z</time>
      </trkpt>
      <trkpt lat="45.226252" lon="19.897397">
        <ele>102.248538</ele>
        <time>2026-08-06T13:30:35.800Z</time>
      </trkpt>
      <trkpt lat="45.226147" lon="19.897503">
        <ele>102.371901</ele>
        <time>2026-08-06T13:30:38.977Z</time>
      </trkpt>
      <trkpt lat="45.225588" lon="19.898025">
        <ele>103.384952</ele>
        <time>2026-08-06T13:30:56.326Z</time>
      </trkpt>
      <trkpt lat="45.224268" lon="19.899255">
        <ele>105.935297</ele>
        <time>2026-08-06T13:31:44.677Z</time>
      </trkpt>
      <trkpt lat="45.223647" lon="19.899842">
        <ele>107.000053</ele>
        <time>2026-08-06T13:32:05.643Z</time>
      </trkpt>
      <trkpt lat="45.223618" lon="19.899871">
        <ele>107.050678</ele>
        <time>2026-08-06T13:32:06.524Z</time>
      </trkpt>
      <trkpt lat="45.223276" lon="19.900212">
        <ele>107.647126</ele>
        <time>2026-08-06T13:32:17.844Z</time>
      </trkpt>
      <trkpt lat="45.223024" lon="19.900464">
        <ele>108.077670</ele>
        <time>2026-08-06T13:32:25.978Z</time>
      </trkpt>
      <trkpt lat="45.222990" lon="19.900497">
        <ele>108.115643</ele>
        <time>2026-08-06T13:32:26.990Z</time>
      </trkpt>
      <trkpt lat="45.222494" lon="19.900992">
        <ele>108.674640</ele>
        <time>2026-08-06T13:32:42.515Z</time>
      </trkpt>
      <trkpt lat="45.221886" lon="19.901572">
        <ele>109.350015</ele>
        <time>2026-08-06T13:33:01.257Z</time>
      </trkpt>
      <trkpt lat="45.221076" lon="19.902377">
        <ele>109.994327</ele>
        <time>2026-08-06T13:33:27.535Z</time>
      </trkpt>
      <trkpt lat="45.220774" lon="19.902710">
        <ele>110.173234</ele>
        <time>2026-08-06T13:33:37.570Z</time>
      </trkpt>
      <trkpt lat="45.220395" lon="19.903236">
        <ele>110.421208</ele>
        <time>2026-08-06T13:33:50.561Z</time>
      </trkpt>
      <trkpt lat="45.219962" lon="19.904047">
        <ele>109.321484</ele>
        <time>2026-08-06T13:34:05.339Z</time>
      </trkpt>
      <trkpt lat="45.218895" lon="19.906059">
        <ele>102.849111</ele>
        <time>2026-08-06T13:34:33.458Z</time>
      </trkpt>
      <trkpt lat="45.218115" lon="19.907456">
        <ele>95.226025</ele>
        <time>2026-08-06T13:34:51.335Z</time>
      </trkpt>
      <trkpt lat="45.217237" lon="19.908988">
        <ele>88.387955</ele>
        <time>2026-08-06T13:35:11.948Z</time>
      </trkpt>
      <trkpt lat="45.216916" lon="19.909461">
        <ele>86.177729</ele>
        <time>2026-08-06T13:35:19.779Z</time>
      </trkpt>
      <trkpt lat="45.216250" lon="19.910196">
        <ele>84.599194</ele>
        <time>2026-08-06T13:35:33.922Z</time>
      </trkpt>
      <trkpt lat="45.215739" lon="19.910691">
        <ele>83.664802</ele>
        <time>2026-08-06T13:35:46.104Z</time>
      </trkpt>
      <trkpt lat="45.215475" lon="19.910937">
        <ele>83.187824</ele>
        <time>2026-08-06T13:35:52.224Z</time>
      </trkpt>
      <trkpt lat="45.215333" lon="19.911068">
        <ele>83.060485</ele>
        <time>2026-08-06T13:35:55.482Z</time>
      </trkpt>
      <trkpt lat="45.215237" lon="19.911156">
        <ele>83.152170</ele>
        <time>2026-08-06T13:35:57.683Z</time>
      </trkpt>
      <trkpt lat="45.215023" lon="19.911353">
        <ele>83.356807</ele>
        <time>2026-08-06T13:36:04.394Z</time>
      </trkpt>
      <trkpt lat="45.214360" lon="19.912012">
        <ele>84.006178</ele>
        <time>2026-08-06T13:36:27.869Z</time>
      </trkpt>
      <trkpt lat="45.214293" lon="19.912093">
        <ele>84.076786</ele>
        <time>2026-08-06T13:36:30.151Z</time>
      </trkpt>
      <trkpt lat="45.214161" lon="19.912257">
        <ele>84.217527</ele>
        <time>2026-08-06T13:36:34.620Z</time>
      </trkpt>
      <trkpt lat="45.213926" lon="19.912586">
        <ele>84.453634</ele>
        <time>2026-08-06T13:36:43.061Z</time>
      </trkpt>
      <trkpt lat="45.213684" lon="19.913017">
        <ele>84.381979</ele>
        <time>2026-08-06T13:36:52.163Z</time>
      </trkpt>
      <trkpt lat="45.213561" lon="19.913288">
        <ele>84.340066</ele>
        <time>2026-08-06T13:36:57.023Z</time>
      </trkpt>
      <trkpt lat="45.213463" lon="19.913491">
        <ele>84.308072</ele>
        <time>2026-08-06T13:37:00.361Z</time>
      </trkpt>
      <trkpt lat="45.213030" lon="19.914469">
        <ele>84.157895</ele>
        <time>2026-08-06T13:37:16.428Z</time>
      </trkpt>
      <trkpt lat="45.212644" lon="19.915367">
        <ele>84.586951</ele>
        <time>2026-08-06T13:37:33.862Z</time>
      </trkpt>
      <trkpt lat="45.211984" lon="19.916886">
        <ele>85.583203</ele>
        <time>2026-08-06T13:38:08.594Z</time>
      </trkpt>
      <trkpt lat="45.211206" lon="19.918781">
        <ele>86.296514</ele>
        <time>2026-08-06T13:38:45.730Z</time>
      </trkpt>
      <trkpt lat="45.211077" lon="19.918896">
        <ele>86.366836</ele>
        <time>2026-08-06T13:38:49.085Z</time>
      </trkpt>
      <trkpt lat="45.210949" lon="19.919088">
        <ele>86.445771</ele>
        <time>2026-08-06T13:38:53.137Z</time>
      </trkpt>
      <trkpt lat="45.210414" lon="19.919893">
        <ele>86.759095</ele>
        <time>2026-08-06T13:39:09.745Z</time>
      </trkpt>
      <trkpt lat="45.209917" lon="19.920754">
        <ele>87.074241</ele>
        <time>2026-08-06T13:39:28.466Z</time>
      </trkpt>
      <trkpt lat="45.209595" lon="19.921321">
        <ele>88.262170</ele>
        <time>2026-08-06T13:39:43.221Z</time>
      </trkpt>
      <trkpt lat="45.208871" lon="19.922612">
        <ele>91.611490</ele>
        <time>2026-08-06T13:40:25.162Z</time>
      </trkpt>
      <trkpt lat="45.208535" lon="19.923158">
        <ele>93.118927</ele>
        <time>2026-08-06T13:40:43.978Z</time>
      </trkpt>
      <trkpt lat="45.207633" lon="19.924563">
        <ele>97.154980</ele>
        <time>2026-08-06T13:41:30.624Z</time>
      </trkpt>
      <trkpt lat="45.207470" lon="19.924820">
        <ele>97.764681</ele>
        <time>2026-08-06T13:41:38.450Z</time>
      </trkpt>
      <trkpt lat="45.207028" lon="19.925668">
        <ele>98.314965</ele>
        <time>2026-08-06T13:42:00.145Z</time>
      </trkpt>
      <trkpt lat="45.206614" lon="19.926400">
        <ele>98.804653</ele>
        <time>2026-08-06T13:42:14.674Z</time>
      </trkpt>
      <trkpt lat="45.206104" lon="19.927079">
        <ele>98.530466</ele>
        <time>2026-08-06T13:42:27.999Z</time>
      </trkpt>
      <trkpt lat="45.205804" lon="19.927580">
        <ele>97.854164</ele>
        <time>2026-08-06T13:42:39.450Z</time>
      </trkpt>
      <trkpt lat="45.205707" lon="19.927655">
        <ele>97.692903</ele>
        <time>2026-08-06T13:42:42.153Z</time>
      </trkpt>
      <trkpt lat="45.205602" lon="19.927660">
        <ele>97.539526</ele>
        <time>2026-08-06T13:42:44.334Z</time>
      </trkpt>
      <trkpt lat="45.205502" lon="19.927606">
        <ele>97.383325</ele>
        <time>2026-08-06T13:42:46.321Z</time>
      </trkpt>
      <trkpt lat="45.205429" lon="19.927494">
        <ele>97.226386</ele>
        <time>2026-08-06T13:42:48.226Z</time>
      </trkpt>
      <trkpt lat="45.205271" lon="19.927141">
        <ele>96.796214</ele>
        <time>2026-08-06T13:42:52.974Z</time>
      </trkpt>
      <trkpt lat="45.205169" lon="19.927011">
        <ele>96.596075</ele>
        <time>2026-08-06T13:42:55.130Z</time>
      </trkpt>
      <trkpt lat="45.205117" lon="19.926995">
        <ele>96.518396</ele>
        <time>2026-08-06T13:42:55.950Z</time>
      </trkpt>
      <trkpt lat="45.205058" lon="19.927024">
        <ele>96.423509</ele>
        <time>2026-08-06T13:42:56.942Z</time>
      </trkpt>
      <trkpt lat="45.205033" lon="19.927042">
        <ele>96.328169</ele>
        <time>2026-08-06T13:42:57.381Z</time>
      </trkpt>
      <trkpt lat="45.205003" lon="19.927091">
        <ele>96.172616</ele>
        <time>2026-08-06T13:42:58.118Z</time>
      </trkpt>
      <trkpt lat="45.205001" lon="19.927305">
        <ele>95.659772</ele>
        <time>2026-08-06T13:43:00.517Z</time>
      </trkpt>
      <trkpt lat="45.205045" lon="19.928105">
        <ele>93.736935</ele>
        <time>2026-08-06T13:43:09.426Z</time>
      </trkpt>
      <trkpt lat="45.205026" lon="19.928283">
        <ele>93.305534</ele>
        <time>2026-08-06T13:43:11.356Z</time>
      </trkpt>
      <trkpt lat="45.204888" lon="19.928773">
        <ele>92.041039</ele>
        <time>2026-08-06T13:43:16.956Z</time>
      </trkpt>
      <trkpt lat="45.204336" lon="19.929695">
        <ele>89.973898</ele>
        <time>2026-08-06T13:43:31.919Z</time>
      </trkpt>
      <trkpt lat="45.204173" lon="19.930028">
        <ele>89.692675</ele>
        <time>2026-08-06T13:43:38.623Z</time>
      </trkpt>
      <trkpt lat="45.204058" lon="19.930286">
        <ele>89.480933</ele>
        <time>2026-08-06T13:43:43.644Z</time>
      </trkpt>
      <trkpt lat="45.203989" lon="19.930518">
        <ele>89.306276</ele>
        <time>2026-08-06T13:43:47.472Z</time>
      </trkpt>
      <trkpt lat="45.203950" lon="19.930596">
        <ele>89.239940</ele>
        <time>2026-08-06T13:43:48.864Z</time>
      </trkpt>
      <trkpt lat="45.203745" lon="19.931017">
        <ele>88.885001</ele>
        <time>2026-08-06T13:43:56.212Z</time>
      </trkpt>
      <trkpt lat="45.203688" lon="19.931175">
        <ele>88.761887</ele>
        <time>2026-08-06T13:43:58.752Z</time>
      </trkpt>
      <trkpt lat="45.203441" lon="19.932098">
        <ele>87.950079</ele>
        <time>2026-08-06T13:44:11.285Z</time>
      </trkpt>
      <trkpt lat="45.203302" lon="19.932519">
        <ele>87.539571</ele>
        <time>2026-08-06T13:44:16.951Z</time>
      </trkpt>
      <trkpt lat="45.203072" lon="19.933191">
        <ele>86.879931</ele>
        <time>2026-08-06T13:44:27.412Z</time>
      </trkpt>
      <trkpt lat="45.202921" lon="19.933580">
        <ele>86.487788</ele>
        <time>2026-08-06T13:44:33.350Z</time>
      </trkpt>
      <trkpt lat="45.202861" lon="19.933674">
        <ele>86.375797</ele>
        <time>2026-08-06T13:44:35.048Z</time>
      </trkpt>
      <trkpt lat="45.202716" lon="19.933702">
        <ele>86.308920</ele>
        <time>2026-08-06T13:44:37.709Z</time>
      </trkpt>
      <trkpt lat="45.202427" lon="19.933567">
        <ele>86.390508</ele>
        <time>2026-08-06T13:44:43.595Z</time>
      </trkpt>
      <trkpt lat="45.202360" lon="19.933814">
        <ele>86.440517</ele>
        <time>2026-08-06T13:44:47.567Z</time>
      </trkpt>
      <trkpt lat="45.202346" lon="19.933861">
        <ele>86.450159</ele>
        <time>2026-08-06T13:44:48.329Z</time>
      </trkpt>
      <trkpt lat="45.202197" lon="19.934425">
        <ele>86.563970</ele>
        <time>2026-08-06T13:44:58.571Z</time>
      </trkpt>
      <trkpt lat="45.202177" lon="19.934577">
        <ele>86.593186</ele>
        <time>2026-08-06T13:45:01.513Z</time>
      </trkpt>
      <trkpt lat="45.202158" lon="19.934569">
        <ele>86.598501</ele>
        <time>2026-08-06T13:45:02.112Z</time>
      </trkpt>
      <trkpt lat="45.201819" lon="19.934425">
        <ele>86.693392</ele>
        <time>2026-08-06T13:45:11.651Z</time>
      </trkpt>
      <trkpt lat="45.201704" lon="19.934871">
        <ele>86.820513</ele>
        <time>2026-08-06T13:45:20.313Z</time>
      </trkpt>
      <trkpt lat="45.201599" lon="19.935105">
        <ele>87.030732</ele>
        <time>2026-08-06T13:45:25.512Z</time>
      </trkpt>
      <trkpt lat="45.201521" lon="19.935194">
        <ele>87.138364</ele>
        <time>2026-08-06T13:45:28.498Z</time>
      </trkpt>
      <trkpt lat="45.201333" lon="19.935331">
        <ele>87.365639</ele>
        <time>2026-08-06T13:45:34.725Z</time>
      </trkpt>
      <trkpt lat="45.201078" lon="19.935814">
        <ele>87.822980</ele>
        <time>2026-08-06T13:45:46.762Z</time>
      </trkpt>
      <trkpt lat="45.200844" lon="19.936139">
        <ele>88.175086</ele>
        <time>2026-08-06T13:45:55.948Z</time>
      </trkpt>
      <trkpt lat="45.200339" lon="19.936752">
        <ele>88.920930</ele>
        <time>2026-08-06T13:46:11.894Z</time>
      </trkpt>
      <trkpt lat="45.200106" lon="19.937157">
        <ele>89.384045</ele>
        <time>2026-08-06T13:46:19.730Z</time>
      </trkpt>
      <trkpt lat="45.200056" lon="19.937288">
        <ele>89.516009</ele>
        <time>2026-08-06T13:46:22.269Z</time>
      </trkpt>
      <trkpt lat="45.200034" lon="19.937347">
        <ele>89.575136</ele>
        <time>2026-08-06T13:46:23.447Z</time>
      </trkpt>
      <trkpt lat="45.199765" lon="19.937986">
        <ele>90.234456</ele>
        <time>2026-08-06T13:46:37.074Z</time>
      </trkpt>
      <trkpt lat="45.199277" lon="19.938423">
        <ele>90.959813</ele>
        <time>2026-08-06T13:46:53.878Z</time>
      </trkpt>
      <trkpt lat="45.198954" lon="19.938746">
        <ele>92.817563</ele>
        <time>2026-08-06T13:47:08.336Z</time>
      </trkpt>
      <trkpt lat="45.198641" lon="19.939100">
        <ele>94.716727</ele>
        <time>2026-08-06T13:47:25.643Z</time>
      </trkpt>
      <trkpt lat="45.197592" lon="19.940277">
        <ele>100.758839</ele>
        <time>2026-08-06T13:48:25.798Z</time>
      </trkpt>
      <trkpt lat="45.197395" lon="19.940503">
        <ele>101.727383</ele>
        <time>2026-08-06T13:48:36.400Z</time>
      </trkpt>
      <trkpt lat="45.196095" lon="19.941989">
        <ele>105.396183</ele>
        <time>2026-08-06T13:49:34.761Z</time>
      </trkpt>
      <trkpt lat="45.195914" lon="19.942211">
        <ele>104.877907</ele>
        <time>2026-08-06T13:49:40.531Z</time>
      </trkpt>
      <trkpt lat="45.195591" lon="19.942747">
        <ele>103.801250</ele>
        <time>2026-08-06T13:49:49.146Z</time>
      </trkpt>
      <trkpt lat="45.195971" lon="19.943379">
        <ele>102.532956</ele>
        <time>2026-08-06T13:49:58.191Z</time>
      </trkpt>
      <trkpt lat="45.196221" lon="19.943742">
        <ele>99.775543</ele>
        <time>2026-08-06T13:50:03.352Z</time>
      </trkpt>
      <trkpt lat="45.196474" lon="19.944082">
        <ele>96.950760</ele>
        <time>2026-08-06T13:50:08.266Z</time>
      </trkpt>
      <trkpt lat="45.196643" lon="19.944322">
        <ele>95.012501</ele>
        <time>2026-08-06T13:50:11.641Z</time>
      </trkpt>
      <trkpt lat="45.197005" lon="19.944676">
        <ele>91.448508</ele>
        <time>2026-08-06T13:50:17.954Z</time>
      </trkpt>
      <trkpt lat="45.197389" lon="19.945014">
        <ele>87.857895</ele>
        <time>2026-08-06T13:50:24.678Z</time>
      </trkpt>
      <trkpt lat="45.196481" lon="19.947314">
        <ele>82.482783</ele>
        <time>2026-08-06T13:50:56.343Z</time>
      </trkpt>
      <trkpt lat="45.195271" lon="19.949236">
        <ele>80.382954</ele>
        <time>2026-08-06T13:51:31.882Z</time>
      </trkpt>
      <trkpt lat="45.195038" lon="19.949579">
        <ele>80.198199</ele>
        <time>2026-08-06T13:51:37.944Z</time>
      </trkpt>
      <trkpt lat="45.194979" lon="19.949712">
        <ele>80.137253</ele>
        <time>2026-08-06T13:51:39.965Z</time>
      </trkpt>
      <trkpt lat="45.194982" lon="19.949804">
        <ele>80.101537</ele>
        <time>2026-08-06T13:51:41.101Z</time>
      </trkpt>
      <trkpt lat="45.194481" lon="19.950232">
        <ele>79.779724</ele>
        <time>2026-08-06T13:51:51.847Z</time>
      </trkpt>
      <trkpt lat="45.194070" lon="19.950583">
        <ele>79.515744</ele>
        <time>2026-08-06T13:52:02.508Z</time>
      </trkpt>
      <trkpt lat="45.193284" lon="19.951257">
        <ele>80.698175</ele>
        <time>2026-08-06T13:52:30.603Z</time>
      </trkpt>
      <trkpt lat="45.193200" lon="19.951327">
        <ele>80.853656</ele>
        <time>2026-08-06T13:52:33.499Z</time>
      </trkpt>
      <trkpt lat="45.193070" lon="19.951431">
        <ele>81.091850</ele>
        <time>2026-08-06T13:52:37.831Z</time>
      </trkpt>
      <trkpt lat="45.192561" lon="19.951847">
        <ele>82.029373</ele>
        <time>2026-08-06T13:52:55.145Z</time>
      </trkpt>
      <trkpt lat="45.192112" lon="19.952225">
        <ele>83.108380</ele>
        <time>2026-08-06T13:53:09.465Z</time>
      </trkpt>
      <trkpt lat="45.191755" lon="19.952535">
        <ele>84.075539</ele>
        <time>2026-08-06T13:53:20.053Z</time>
      </trkpt>
      <trkpt lat="45.191542" lon="19.952708">
        <ele>84.642662</ele>
        <time>2026-08-06T13:53:26.620Z</time>
      </trkpt>
      <trkpt lat="45.191096" lon="19.953011">
        <ele>85.785306</ele>
        <time>2026-08-06T13:53:43.618Z</time>
      </trkpt>
      <trkpt lat="45.190740" lon="19.953153">
        <ele>86.860111</ele>
        <time>2026-08-06T13:53:57.795Z</time>
      </trkpt>
      <trkpt lat="45.190395" lon="19.953212">
        <ele>88.705569</ele>
        <time>2026-08-06T13:54:12.043Z</time>
      </trkpt>
      <trkpt lat="45.189100" lon="19.953334">
        <ele>95.598096</ele>
        <time>2026-08-06T13:55:11.021Z</time>
      </trkpt>
      <trkpt lat="45.188372" lon="19.953397">
        <ele>99.746377</ele>
        <time>2026-08-06T13:55:43.761Z</time>
      </trkpt>
      <trkpt lat="45.186141" lon="19.953562">
        <ele>112.211353</ele>
        <time>2026-08-06T13:57:25.278Z</time>
      </trkpt>
      <trkpt lat="45.184401" lon="19.953500">
        <ele>121.280214</ele>
        <time>2026-08-06T13:58:38.163Z</time>
      </trkpt>
      <trkpt lat="45.182609" lon="19.953415">
        <ele>130.770030</ele>
        <time>2026-08-06T13:59:56.012Z</time>
      </trkpt>
      <trkpt lat="45.180955" lon="19.953331">
        <ele>140.489134</ele>
        <time>2026-08-06T14:01:10.469Z</time>
      </trkpt>
      <trkpt lat="45.180640" lon="19.953270">
        <ele>142.471373</ele>
        <time>2026-08-06T14:01:26.073Z</time>
      </trkpt>
      <trkpt lat="45.179057" lon="19.952765">
        <ele>152.201980</ele>
        <time>2026-08-06T14:02:46.664Z</time>
      </trkpt>
      <trkpt lat="45.177527" lon="19.952259">
        <ele>161.383652</ele>
        <time>2026-08-06T14:03:50.209Z</time>
      </trkpt>
      <trkpt lat="45.177175" lon="19.952202">
        <ele>163.450020</ele>
        <time>2026-08-06T14:04:06.384Z</time>
      </trkpt>
      <trkpt lat="45.176333" lon="19.952172">
        <ele>168.330995</ele>
        <time>2026-08-06T14:04:50.102Z</time>
      </trkpt>
      <trkpt lat="45.175818" lon="19.951975">
        <ele>171.353340</ele>
        <time>2026-08-06T14:05:17.405Z</time>
      </trkpt>
      <trkpt lat="45.175459" lon="19.951704">
        <ele>173.657602</ele>
        <time>2026-08-06T14:05:36.731Z</time>
      </trkpt>
      <trkpt lat="45.174841" lon="19.951082">
        <ele>177.751126</ele>
        <time>2026-08-06T14:06:05.769Z</time>
      </trkpt>
      <trkpt lat="45.174696" lon="19.950968">
        <ele>178.317042</ele>
        <time>2026-08-06T14:06:11.148Z</time>
      </trkpt>
      <trkpt lat="45.174221" lon="19.950716">
        <ele>180.048209</ele>
        <time>2026-08-06T14:06:27.386Z</time>
      </trkpt>
      <trkpt lat="45.174037" lon="19.950657">
        <ele>180.692165</ele>
        <time>2026-08-06T14:06:33.752Z</time>
      </trkpt>
      <trkpt lat="45.173705" lon="19.950609">
        <ele>181.831363</ele>
        <time>2026-08-06T14:06:45.714Z</time>
      </trkpt>
      <trkpt lat="45.173378" lon="19.950630">
        <ele>182.948765</ele>
        <time>2026-08-06T14:06:57.973Z</time>
      </trkpt>
      <trkpt lat="45.173094" lon="19.950703">
        <ele>184.035599</ele>
        <time>2026-08-06T14:07:09.370Z</time>
      </trkpt>
      <trkpt lat="45.172628" lon="19.950950">
        <ele>186.232065</ele>
        <time>2026-08-06T14:07:29.166Z</time>
      </trkpt>
      <trkpt lat="45.172204" lon="19.951341">
        <ele>188.464973</ele>
        <time>2026-08-06T14:07:49.853Z</time>
      </trkpt>
      <trkpt lat="45.172059" lon="19.951525">
        <ele>189.323982</ele>
        <time>2026-08-06T14:07:57.616Z</time>
      </trkpt>
      <trkpt lat="45.171872" lon="19.951831">
        <ele>190.584510</ele>
        <time>2026-08-06T14:08:08.742Z</time>
      </trkpt>
      <trkpt lat="45.171750" lon="19.952100">
        <ele>191.582861</ele>
        <time>2026-08-06T14:08:17.255Z</time>
      </trkpt>
      <trkpt lat="45.171281" lon="19.953407">
        <ele>196.393691</ele>
        <time>2026-08-06T14:09:00.716Z</time>
      </trkpt>
      <trkpt lat="45.171076" lon="19.953785">
        <ele>197.958111</ele>
        <time>2026-08-06T14:09:15.184Z</time>
      </trkpt>
      <trkpt lat="45.170927" lon="19.954004">
        <ele>198.956493</ele>
        <time>2026-08-06T14:09:23.863Z</time>
      </trkpt>
      <trkpt lat="45.170608" lon="19.954370">
        <ele>200.586058</ele>
        <time>2026-08-06T14:09:40.011Z</time>
      </trkpt>
      <trkpt lat="45.170146" lon="19.954795">
        <ele>202.407643</ele>
        <time>2026-08-06T14:10:00.072Z</time>
      </trkpt>
      <trkpt lat="45.169848" lon="19.955063">
        <ele>203.574885</ele>
        <time>2026-08-06T14:10:12.025Z</time>
      </trkpt>
      <trkpt lat="45.169161" lon="19.955657">
        <ele>206.359632</ele>
        <time>2026-08-06T14:10:38.061Z</time>
      </trkpt>
      <trkpt lat="45.168198" lon="19.956499">
        <ele>211.290085</ele>
        <time>2026-08-06T14:11:19.436Z</time>
      </trkpt>
      <trkpt lat="45.167934" lon="19.956640">
        <ele>212.519557</ele>
        <time>2026-08-06T14:11:31.959Z</time>
      </trkpt>
      <trkpt lat="45.167561" lon="19.956769">
        <ele>214.446623</ele>
        <time>2026-08-06T14:11:50.783Z</time>
      </trkpt>
      <trkpt lat="45.167069" lon="19.956825">
        <ele>217.678357</ele>
        <time>2026-08-06T14:12:16.613Z</time>
      </trkpt>
      <trkpt lat="45.166576" lon="19.956766">
        <ele>220.917753</ele>
        <time>2026-08-06T14:12:43.211Z</time>
      </trkpt>
      <trkpt lat="45.164791" lon="19.956507">
        <ele>230.253502</ele>
        <time>2026-08-06T14:14:02.186Z</time>
      </trkpt>
      <trkpt lat="45.164452" lon="19.956466">
        <ele>231.734910</ele>
        <time>2026-08-06T14:14:13.290Z</time>
      </trkpt>
      <trkpt lat="45.164167" lon="19.956485">
        <ele>232.977208</ele>
        <time>2026-08-06T14:14:22.468Z</time>
      </trkpt>
      <trkpt lat="45.163695" lon="19.956638">
        <ele>235.232818</ele>
        <time>2026-08-06T14:14:38.230Z</time>
      </trkpt>
      <trkpt lat="45.163413" lon="19.956810">
        <ele>236.679554</ele>
        <time>2026-08-06T14:14:48.723Z</time>
      </trkpt>
      <trkpt lat="45.162401" lon="19.957665">
        <ele>242.326245</ele>
        <time>2026-08-06T14:15:42.307Z</time>
      </trkpt>
      <trkpt lat="45.162032" lon="19.957919">
        <ele>244.660164</ele>
        <time>2026-08-06T14:16:04.185Z</time>
      </trkpt>
      <trkpt lat="45.160844" lon="19.958435">
        <ele>251.730016</ele>
        <time>2026-08-06T14:17:02.375Z</time>
      </trkpt>
      <trkpt lat="45.160592" lon="19.958117">
        <ele>252.325806</ele>
        <time>2026-08-06T14:17:18.104Z</time>
      </trkpt>
      <trkpt lat="45.160475" lon="19.958011">
        <ele>252.479046</ele>
        <time>2026-08-06T14:17:24.016Z</time>
      </trkpt>
      <trkpt lat="45.160283" lon="19.957952">
        <ele>252.695883</ele>
        <time>2026-08-06T14:17:31.831Z</time>
      </trkpt>
      <trkpt lat="45.159916" lon="19.957771">
        <ele>253.124752</ele>
        <time>2026-08-06T14:17:45.685Z</time>
      </trkpt>
      <trkpt lat="45.159208" lon="19.957657">
        <ele>253.911224</ele>
        <time>2026-08-06T14:18:10.660Z</time>
      </trkpt>
      <trkpt lat="45.158905" lon="19.957526">
        <ele>254.600863</ele>
        <time>2026-08-06T14:18:24.134Z</time>
      </trkpt>
      <trkpt lat="45.158781" lon="19.957504">
        <ele>254.913567</ele>
        <time>2026-08-06T14:18:29.749Z</time>
      </trkpt>
      <trkpt lat="45.158526" lon="19.957370">
        <ele>255.594050</ele>
        <time>2026-08-06T14:18:42.405Z</time>
      </trkpt>
      <trkpt lat="45.158379" lon="19.957338">
        <ele>255.966196</ele>
        <time>2026-08-06T14:18:49.540Z</time>
      </trkpt>
      <trkpt lat="45.157993" lon="19.957344">
        <ele>256.932140</ele>
        <time>2026-08-06T14:19:08.718Z</time>
      </trkpt>
      <trkpt lat="45.156999" lon="19.957191">
        <ele>259.238874</ele>
        <time>2026-08-06T14:19:59.856Z</time>
      </trkpt>
      <trkpt lat="45.156409" lon="19.957227">
        <ele>260.410051</ele>
        <time>2026-08-06T14:20:26.917Z</time>
      </trkpt>
      <trkpt lat="45.156266" lon="19.957168">
        <ele>260.705410</ele>
        <time>2026-08-06T14:20:33.416Z</time>
      </trkpt>
      <trkpt lat="45.155997" lon="19.956852">
        <ele>261.398164</ele>
        <time>2026-08-06T14:20:48.306Z</time>
      </trkpt>
      <trkpt lat="45.155724" lon="19.956650">
        <ele>262.008852</ele>
        <time>2026-08-06T14:21:00.963Z</time>
      </trkpt>
      <trkpt lat="45.155637" lon="19.956556">
        <ele>262.114186</ele>
        <time>2026-08-06T14:21:05.358Z</time>
      </trkpt>
      <trkpt lat="45.155488" lon="19.956240">
        <ele>262.287212</ele>
        <time>2026-08-06T14:21:15.882Z</time>
      </trkpt>
      <trkpt lat="45.155235" lon="19.955803">
        <ele>262.544572</ele>
        <time>2026-08-06T14:21:31.013Z</time>
      </trkpt>
      <trkpt lat="45.154757" lon="19.955094">
        <ele>262.991050</ele>
        <time>2026-08-06T14:21:57.488Z</time>
      </trkpt>
      <trkpt lat="45.154604" lon="19.954787">
        <ele>263.162165</ele>
        <time>2026-08-06T14:22:08.224Z</time>
      </trkpt>
      <trkpt lat="45.154477" lon="19.954390">
        <ele>263.691148</ele>
        <time>2026-08-06T14:22:21.100Z</time>
      </trkpt>
      <trkpt lat="45.154406" lon="19.953944">
        <ele>264.393195</ele>
        <time>2026-08-06T14:22:35.023Z</time>
      </trkpt>
      <trkpt lat="45.154303" lon="19.953615">
        <ele>264.945905</ele>
        <time>2026-08-06T14:22:46.418Z</time>
      </trkpt>
      <trkpt lat="45.154100" lon="19.953315">
        <ele>265.584304</ele>
        <time>2026-08-06T14:23:00.046Z</time>
      </trkpt>
      <trkpt lat="45.154043" lon="19.953026">
        <ele>266.045083</ele>
        <time>2026-08-06T14:23:10.175Z</time>
      </trkpt>
      <trkpt lat="45.153997" lon="19.952928">
        <ele>266.225844</ele>
        <time>2026-08-06T14:23:14.201Z</time>
      </trkpt>
      <trkpt lat="45.153887" lon="19.952788">
        <ele>266.547674</ele>
        <time>2026-08-06T14:23:21.397Z</time>
      </trkpt>
      <trkpt lat="45.153813" lon="19.952755">
        <ele>266.716577</ele>
        <time>2026-08-06T14:23:25.152Z</time>
      </trkpt>
      <trkpt lat="45.153250" lon="19.952869">
        <ele>267.709674</ele>
        <time>2026-08-06T14:23:53.572Z</time>
      </trkpt>
      <trkpt lat="45.153099" lon="19.952237">
        <ele>268.426906</ele>
        <time>2026-08-06T14:24:09.408Z</time>
      </trkpt>
      <trkpt lat="45.152987" lon="19.951771">
        <ele>268.956077</ele>
        <time>2026-08-06T14:24:19.750Z</time>
      </trkpt>
      <trkpt lat="45.152955" lon="19.951638">
        <ele>269.107123</ele>
        <time>2026-08-06T14:24:22.479Z</time>
      </trkpt>
      <trkpt lat="45.152776" lon="19.950798">
        <ele>269.571993</ele>
        <time>2026-08-06T14:24:35.872Z</time>
      </trkpt>
      <trkpt lat="45.152715" lon="19.950608">
        <ele>269.169986</ele>
        <time>2026-08-06T14:24:38.555Z</time>
      </trkpt>
      <trkpt lat="45.152480" lon="19.949869">
        <ele>267.608929</ele>
        <time>2026-08-06T14:24:48.021Z</time>
      </trkpt>
      <trkpt lat="45.152234" lon="19.949110">
        <ele>266.000370</ele>
        <time>2026-08-06T14:24:57.234Z</time>
      </trkpt>
      <trkpt lat="45.152053" lon="19.948590">
        <ele>264.913135</ele>
        <time>2026-08-06T14:25:03.754Z</time>
      </trkpt>
      <trkpt lat="45.151836" lon="19.947834">
        <ele>263.892900</ele>
        <time>2026-08-06T14:25:13.586Z</time>
      </trkpt>
      <trkpt lat="45.151616" lon="19.947098">
        <ele>262.893709</ele>
        <time>2026-08-06T14:25:23.844Z</time>
      </trkpt>
      <trkpt lat="45.151534" lon="19.946690">
        <ele>262.363421</ele>
        <time>2026-08-06T14:25:29.114Z</time>
      </trkpt>
      <trkpt lat="45.151498" lon="19.946282">
        <ele>261.849462</ele>
        <time>2026-08-06T14:25:34.659Z</time>
      </trkpt>
      <trkpt lat="45.151340" lon="19.946308">
        <ele>262.084107</ele>
        <time>2026-08-06T14:25:38.004Z</time>
      </trkpt>
      <trkpt lat="45.151235" lon="19.946031">
        <ele>262.648155</ele>
        <time>2026-08-06T14:25:43.148Z</time>
      </trkpt>
      <trkpt lat="45.151171" lon="19.945866">
        <ele>262.985908</ele>
        <time>2026-08-06T14:25:46.511Z</time>
      </trkpt>
      <trkpt lat="45.151116" lon="19.945622">
        <ele>263.445359</ele>
        <time>2026-08-06T14:25:51.548Z</time>
      </trkpt>
      <trkpt lat="45.151055" lon="19.945070">
        <ele>264.447512</ele>
        <time>2026-08-06T14:26:03.460Z</time>
      </trkpt>
      <trkpt lat="45.151035" lon="19.944624">
        <ele>265.249078</ele>
        <time>2026-08-06T14:26:14.482Z</time>
      </trkpt>
      <trkpt lat="45.151081" lon="19.944178">
        <ele>266.057538</ele>
        <time>2026-08-06T14:26:27.899Z</time>
      </trkpt>
      <trkpt lat="45.151247" lon="19.943399">
        <ele>268.914285</ele>
        <time>2026-08-06T14:26:56.534Z</time>
      </trkpt>
      <trkpt lat="45.151258" lon="19.943311">
        <ele>269.267145</ele>
        <time>2026-08-06T14:26:59.784Z</time>
      </trkpt>
      <trkpt lat="45.151234" lon="19.943189">
        <ele>269.767218</ele>
        <time>2026-08-06T14:27:04.390Z</time>
      </trkpt>
      <trkpt lat="45.151179" lon="19.943074">
        <ele>270.315825</ele>
        <time>2026-08-06T14:27:09.465Z</time>
      </trkpt>
      <trkpt lat="45.150204" lon="19.941687">
        <ele>276.229757</ele>
        <time>2026-08-06T14:28:10.607Z</time>
      </trkpt>
      <trkpt lat="45.150048" lon="19.941476">
        <ele>276.085618</ele>
        <time>2026-08-06T14:28:16.756Z</time>
      </trkpt>
      <trkpt lat="45.149958" lon="19.941412">
        <ele>276.018303</ele>
        <time>2026-08-06T14:28:19.292Z</time>
      </trkpt>
      <trkpt lat="45.149640" lon="19.941347">
        <ele>275.803497</ele>
        <time>2026-08-06T14:28:25.875Z</time>
      </trkpt>
      <trkpt lat="45.149448" lon="19.941315">
        <ele>275.674247</ele>
        <time>2026-08-06T14:28:29.270Z</time>
      </trkpt>
      <trkpt lat="45.148547" lon="19.941251">
        <ele>274.325103</ele>
        <time>2026-08-06T14:28:43.165Z</time>
      </trkpt>
      <trkpt lat="45.148073" lon="19.941349">
        <ele>272.412960</ele>
        <time>2026-08-06T14:28:50.464Z</time>
      </trkpt>
      <trkpt lat="45.147843" lon="19.941320">
        <ele>271.491214</ele>
        <time>2026-08-06T14:28:54.062Z</time>
      </trkpt>
      <trkpt lat="45.147714" lon="19.941233">
        <ele>270.920981</ele>
        <time>2026-08-06T14:28:56.303Z</time>
      </trkpt>
      <trkpt lat="45.147192" lon="19.940689">
        <ele>268.334925</ele>
        <time>2026-08-06T14:29:06.597Z</time>
      </trkpt>
      <trkpt lat="45.147047" lon="19.940606">
        <ele>267.785376</ele>
        <time>2026-08-06T14:29:09.161Z</time>
      </trkpt>
      <trkpt lat="45.146888" lon="19.940575">
        <ele>267.289395</ele>
        <time>2026-08-06T14:29:11.821Z</time>
      </trkpt>
      <trkpt lat="45.146669" lon="19.940596">
        <ele>266.611075</ele>
        <time>2026-08-06T14:29:15.512Z</time>
      </trkpt>
      <trkpt lat="45.146493" lon="19.940633">
        <ele>266.061236</ele>
        <time>2026-08-06T14:29:18.477Z</time>
      </trkpt>
      <trkpt lat="45.146276" lon="19.940725">
        <ele>265.361304</ele>
        <time>2026-08-06T14:29:22.231Z</time>
      </trkpt>
      <trkpt lat="45.145646" lon="19.941079">
        <ele>263.267099</ele>
        <time>2026-08-06T14:29:33.122Z</time>
      </trkpt>
      <trkpt lat="45.145372" lon="19.941274">
        <ele>262.433766</ele>
        <time>2026-08-06T14:29:38.138Z</time>
      </trkpt>
      <trkpt lat="45.144926" lon="19.941652">
        <ele>261.950087</ele>
        <time>2026-08-06T14:29:47.116Z</time>
      </trkpt>
      <trkpt lat="45.144613" lon="19.941813">
        <ele>261.640149</ele>
        <time>2026-08-06T14:29:53.398Z</time>
      </trkpt>
      <trkpt lat="45.143575" lon="19.942365">
        <ele>260.603611</ele>
        <time>2026-08-06T14:30:19.487Z</time>
      </trkpt>
      <trkpt lat="45.143285" lon="19.942443">
        <ele>260.322568</ele>
        <time>2026-08-06T14:30:27.203Z</time>
      </trkpt>
      <trkpt lat="45.141729" lon="19.942749">
        <ele>257.694026</ele>
        <time>2026-08-06T14:30:56.512Z</time>
      </trkpt>
      <trkpt lat="45.141402" lon="19.942760">
        <ele>256.072367</ele>
        <time>2026-08-06T14:31:01.563Z</time>
      </trkpt>
      <trkpt lat="45.140073" lon="19.942744">
        <ele>249.343936</ele>
        <time>2026-08-06T14:31:20.915Z</time>
      </trkpt>
      <trkpt lat="45.139727" lon="19.942736">
        <ele>247.284822</ele>
        <time>2026-08-06T14:31:25.942Z</time>
      </trkpt>
      <trkpt lat="45.139105" lon="19.942818">
        <ele>243.567700</ele>
        <time>2026-08-06T14:31:35.140Z</time>
      </trkpt>
      <trkpt lat="45.138411" lon="19.942947">
        <ele>239.412585</ele>
        <time>2026-08-06T14:31:45.516Z</time>
      </trkpt>
      <trkpt lat="45.137232" lon="19.943240">
        <ele>233.242655</ele>
        <time>2026-08-06T14:32:03.052Z</time>
      </trkpt>
      <trkpt lat="45.136725" lon="19.943473">
        <ele>230.495384</ele>
        <time>2026-08-06T14:32:11.216Z</time>
      </trkpt>
      <trkpt lat="45.136030" lon="19.944026">
        <ele>228.647407</ele>
        <time>2026-08-06T14:32:24.816Z</time>
      </trkpt>
      <trkpt lat="45.135797" lon="19.944179">
        <ele>228.107418</ele>
        <time>2026-08-06T14:32:29.733Z</time>
      </trkpt>
      <trkpt lat="45.135171" lon="19.944355">
        <ele>226.765365</ele>
        <time>2026-08-06T14:32:42.399Z</time>
      </trkpt>
      <trkpt lat="45.134311" lon="19.944571">
        <ele>223.153302</ele>
        <time>2026-08-06T14:32:56.975Z</time>
      </trkpt>
      <trkpt lat="45.131519" lon="19.945561">
        <ele>208.971008</ele>
        <time>2026-08-06T14:33:39.079Z</time>
      </trkpt>
      <trkpt lat="45.130175" lon="19.946100">
        <ele>209.505946</ele>
        <time>2026-08-06T14:34:18.961Z</time>
      </trkpt>
      <trkpt lat="45.129891" lon="19.946134">
        <ele>209.625159</ele>
        <time>2026-08-06T14:34:27.985Z</time>
      </trkpt>
      <trkpt lat="45.129306" lon="19.946081">
        <ele>208.348682</ele>
        <time>2026-08-06T14:34:41.712Z</time>
      </trkpt>
      <trkpt lat="45.128682" lon="19.945875">
        <ele>206.499223</ele>
        <time>2026-08-06T14:34:52.045Z</time>
      </trkpt>
      <trkpt lat="45.128236" lon="19.945451">
        <ele>204.949025</ele>
        <time>2026-08-06T14:35:00.229Z</time>
      </trkpt>
      <trkpt lat="45.128053" lon="19.945313">
        <ele>204.261238</ele>
        <time>2026-08-06T14:35:03.317Z</time>
      </trkpt>
      <trkpt lat="45.127816" lon="19.945209">
        <ele>203.071056</ele>
        <time>2026-08-06T14:35:06.974Z</time>
      </trkpt>
      <trkpt lat="45.127148" lon="19.945018">
        <ele>199.801960</ele>
        <time>2026-08-06T14:35:17.061Z</time>
      </trkpt>
      <trkpt lat="45.126911" lon="19.945002">
        <ele>198.663731</ele>
        <time>2026-08-06T14:35:20.716Z</time>
      </trkpt>
      <trkpt lat="45.126058" lon="19.945079">
        <ele>194.684854</ele>
        <time>2026-08-06T14:35:34.182Z</time>
      </trkpt>
      <trkpt lat="45.125508" lon="19.945049">
        <ele>192.292255</ele>
        <time>2026-08-06T14:35:42.949Z</time>
      </trkpt>
      <trkpt lat="45.124300" lon="19.944922">
        <ele>186.705991</ele>
        <time>2026-08-06T14:36:01.494Z</time>
      </trkpt>
      <trkpt lat="45.124224" lon="19.944914">
        <ele>186.269724</ele>
        <time>2026-08-06T14:36:02.629Z</time>
      </trkpt>
      <trkpt lat="45.123808" lon="19.944853">
        <ele>183.875583</ele>
        <time>2026-08-06T14:36:08.729Z</time>
      </trkpt>
      <trkpt lat="45.123302" lon="19.944657">
        <ele>180.872704</ele>
        <time>2026-08-06T14:36:16.330Z</time>
      </trkpt>
      <trkpt lat="45.122808" lon="19.944304">
        <ele>177.720693</ele>
        <time>2026-08-06T14:36:24.414Z</time>
      </trkpt>
      <trkpt lat="45.122124" lon="19.943722">
        <ele>175.035827</ele>
        <time>2026-08-06T14:36:36.690Z</time>
      </trkpt>
      <trkpt lat="45.122021" lon="19.943758">
        <ele>174.678815</ele>
        <time>2026-08-06T14:36:38.417Z</time>
      </trkpt>
      <trkpt lat="45.121497" lon="19.943804">
        <ele>172.912011</ele>
        <time>2026-08-06T14:36:47.367Z</time>
      </trkpt>
      <trkpt lat="45.121173" lon="19.943871">
        <ele>171.810103</ele>
        <time>2026-08-06T14:36:53.216Z</time>
      </trkpt>
      <trkpt lat="45.119070" lon="19.944606">
        <ele>168.989140</ele>
        <time>2026-08-06T14:37:33.968Z</time>
      </trkpt>
      <trkpt lat="45.118516" lon="19.944891">
        <ele>168.376550</ele>
        <time>2026-08-06T14:37:45.300Z</time>
      </trkpt>
      <trkpt lat="45.117895" lon="19.945247">
        <ele>167.680274</ele>
        <time>2026-08-06T14:37:58.242Z</time>
      </trkpt>
      <trkpt lat="45.116328" lon="19.945788">
        <ele>166.143899</ele>
        <time>2026-08-06T14:38:30.085Z</time>
      </trkpt>
      <trkpt lat="45.115828" lon="19.945891">
        <ele>165.701208</ele>
        <time>2026-08-06T14:38:39.625Z</time>
      </trkpt>
      <trkpt lat="45.115300" lon="19.945928">
        <ele>165.356718</ele>
        <time>2026-08-06T14:38:49.437Z</time>
      </trkpt>
      <trkpt lat="45.115077" lon="19.946000">
        <ele>165.207677</ele>
        <time>2026-08-06T14:38:53.655Z</time>
      </trkpt>
      <trkpt lat="45.114888" lon="19.946106">
        <ele>165.075221</ele>
        <time>2026-08-06T14:38:57.361Z</time>
      </trkpt>
      <trkpt lat="45.114009" lon="19.946773">
        <ele>165.743599</ele>
        <time>2026-08-06T14:39:18.932Z</time>
      </trkpt>
      <trkpt lat="45.113594" lon="19.947258">
        <ele>168.013738</ele>
        <time>2026-08-06T14:39:37.812Z</time>
      </trkpt>
      <trkpt lat="45.113369" lon="19.947654">
        <ele>169.527830</ele>
        <time>2026-08-06T14:39:53.393Z</time>
      </trkpt>
      <trkpt lat="45.113258" lon="19.947960">
        <ele>170.552494</ele>
        <time>2026-08-06T14:40:05.266Z</time>
      </trkpt>
      <trkpt lat="45.113113" lon="19.948598">
        <ele>172.519400</ele>
        <time>2026-08-06T14:40:30.035Z</time>
      </trkpt>
      <trkpt lat="45.113093" lon="19.949041">
        <ele>173.732835</ele>
        <time>2026-08-06T14:40:45.612Z</time>
      </trkpt>
      <trkpt lat="45.113106" lon="19.949347">
        <ele>174.570814</ele>
        <time>2026-08-06T14:40:55.488Z</time>
      </trkpt>
      <trkpt lat="45.113156" lon="19.949722">
        <ele>175.614028</ele>
        <time>2026-08-06T14:41:06.698Z</time>
      </trkpt>
      <trkpt lat="45.113576" lon="19.951706">
        <ele>179.634417</ele>
        <time>2026-08-06T14:41:48.833Z</time>
      </trkpt>
      <trkpt lat="45.113612" lon="19.952065">
        <ele>179.856901</ele>
        <time>2026-08-06T14:41:54.913Z</time>
      </trkpt>
      <trkpt lat="45.113645" lon="19.952498">
        <ele>180.124122</ele>
        <time>2026-08-06T14:42:02.428Z</time>
      </trkpt>
      <trkpt lat="45.114030" lon="19.957119">
        <ele>181.627741</ele>
        <time>2026-08-06T14:43:23.200Z</time>
      </trkpt>
      <trkpt lat="45.114306" lon="19.959925">
        <ele>179.856039</ele>
        <time>2026-08-06T14:44:02.214Z</time>
      </trkpt>
      <trkpt lat="45.114355" lon="19.960411">
        <ele>179.320317</ele>
        <time>2026-08-06T14:44:08.043Z</time>
      </trkpt>
      <trkpt lat="45.114510" lon="19.961963">
        <ele>178.265428</ele>
        <time>2026-08-06T14:44:27.372Z</time>
      </trkpt>
      <trkpt lat="45.114551" lon="19.962376">
        <ele>178.106804</ele>
        <time>2026-08-06T14:44:33.210Z</time>
      </trkpt>
      <trkpt lat="45.114536" lon="19.962595">
        <ele>178.023119</ele>
        <time>2026-08-06T14:44:36.576Z</time>
      </trkpt>
      <trkpt lat="45.114483" lon="19.962806">
        <ele>177.937937</ele>
        <time>2026-08-06T14:44:40.253Z</time>
      </trkpt>
      <trkpt lat="45.113595" lon="19.964996">
        <ele>178.276550</ele>
        <time>2026-08-06T14:45:27.897Z</time>
      </trkpt>
      <trkpt lat="45.112869" lon="19.966784">
        <ele>177.928817</ele>
        <time>2026-08-06T14:45:56.918Z</time>
      </trkpt>
      <trkpt lat="45.109824" lon="19.974368">
        <ele>173.060844</ele>
        <time>2026-08-06T14:47:59.020Z</time>
      </trkpt>
      <trkpt lat="45.107301" lon="19.980715">
        <ele>166.281525</ele>
        <time>2026-08-06T14:49:35.238Z</time>
      </trkpt>
      <trkpt lat="45.106778" lon="19.982008">
        <ele>163.401129</ele>
        <time>2026-08-06T14:49:53.644Z</time>
      </trkpt>
      <trkpt lat="45.106132" lon="19.983847">
        <ele>157.476830</ele>
        <time>2026-08-06T14:50:16.267Z</time>
      </trkpt>
      <trkpt lat="45.105948" lon="19.984371">
        <ele>154.854220</ele>
        <time>2026-08-06T14:50:22.235Z</time>
      </trkpt>
      <trkpt lat="45.105678" lon="19.984925">
        <ele>151.837381</ele>
        <time>2026-08-06T14:50:29.023Z</time>
      </trkpt>
      <trkpt lat="45.105434" lon="19.985258">
        <ele>149.686459</ele>
        <time>2026-08-06T14:50:33.814Z</time>
      </trkpt>
      <trkpt lat="45.105313" lon="19.985359">
        <ele>148.794834</ele>
        <time>2026-08-06T14:50:35.815Z</time>
      </trkpt>
      <trkpt lat="45.104963" lon="19.985454">
        <ele>146.983675</ele>
        <time>2026-08-06T14:50:40.887Z</time>
      </trkpt>
      <trkpt lat="45.104658" lon="19.985576">
        <ele>145.577714</ele>
        <time>2026-08-06T14:50:45.468Z</time>
      </trkpt>
      <trkpt lat="45.104537" lon="19.985706">
        <ele>144.904037</ele>
        <time>2026-08-06T14:50:47.688Z</time>
      </trkpt>
      <trkpt lat="45.104471" lon="19.985941">
        <ele>144.112090</ele>
        <time>2026-08-06T14:50:50.360Z</time>
      </trkpt>
      <trkpt lat="45.104453" lon="19.987015">
        <ele>140.748222</ele>
        <time>2026-08-06T14:51:02.528Z</time>
      </trkpt>
      <trkpt lat="45.104441" lon="19.987260">
        <ele>140.075513</ele>
        <time>2026-08-06T14:51:05.714Z</time>
      </trkpt>
      <trkpt lat="45.104424" lon="19.987535">
        <ele>140.365769</ele>
        <time>2026-08-06T14:51:09.617Z</time>
      </trkpt>
      <trkpt lat="45.104417" lon="19.987649">
        <ele>140.486087</ele>
        <time>2026-08-06T14:51:11.273Z</time>
      </trkpt>
      <trkpt lat="45.104315" lon="19.988034">
        <ele>140.918474</ele>
        <time>2026-08-06T14:51:18.430Z</time>
      </trkpt>
      <trkpt lat="45.104161" lon="19.988282">
        <ele>141.265787</ele>
        <time>2026-08-06T14:51:25.284Z</time>
      </trkpt>
      <trkpt lat="45.103273" lon="19.989214">
        <ele>143.428360</ele>
        <time>2026-08-06T14:52:02.539Z</time>
      </trkpt>
      <trkpt lat="45.103087" lon="19.989359">
        <ele>144.645051</ele>
        <time>2026-08-06T14:52:10.958Z</time>
      </trkpt>
      <trkpt lat="45.102855" lon="19.989455">
        <ele>146.030203</ele>
        <time>2026-08-06T14:52:21.225Z</time>
      </trkpt>
      <trkpt lat="45.102155" lon="19.989748">
        <ele>150.213356</ele>
        <time>2026-08-06T14:52:56.709Z</time>
      </trkpt>
      <trkpt lat="45.102078" lon="19.989811">
        <ele>150.722949</ele>
        <time>2026-08-06T14:53:01.423Z</time>
      </trkpt>
      <trkpt lat="45.102004" lon="19.989925">
        <ele>151.349467</ele>
        <time>2026-08-06T14:53:07.232Z</time>
      </trkpt>
      <trkpt lat="45.101736" lon="19.990625">
        <ele>154.188097</ele>
        <time>2026-08-06T14:53:38.113Z</time>
      </trkpt>
      <trkpt lat="45.101607" lon="19.990955">
        <ele>155.332823</ele>
        <time>2026-08-06T14:53:51.186Z</time>
      </trkpt>
      <trkpt lat="45.101332" lon="19.991903">
        <ele>158.443078</ele>
        <time>2026-08-06T14:54:20.439Z</time>
      </trkpt>
      <trkpt lat="45.101785" lon="19.993882">
        <ele>161.584043</ele>
        <time>2026-08-06T14:54:59.417Z</time>
      </trkpt>
      <trkpt lat="45.101994" lon="19.994745">
        <ele>162.148582</ele>
        <time>2026-08-06T14:55:15.337Z</time>
      </trkpt>
      <trkpt lat="45.102809" lon="19.998121">
        <ele>162.760999</ele>
        <time>2026-08-06T14:56:14.735Z</time>
      </trkpt>
      <trkpt lat="45.103044" lon="19.998994">
        <ele>162.458488</ele>
        <time>2026-08-06T14:56:28.491Z</time>
      </trkpt>
      <trkpt lat="45.103136" lon="19.999364">
        <ele>162.331477</ele>
        <time>2026-08-06T14:56:33.861Z</time>
      </trkpt>
      <trkpt lat="45.103155" lon="19.999424">
        <ele>162.310186</ele>
        <time>2026-08-06T14:56:34.743Z</time>
      </trkpt>
      <trkpt lat="45.104042" lon="20.003133">
        <ele>160.247550</ele>
        <time>2026-08-06T14:57:26.817Z</time>
      </trkpt>
      <trkpt lat="45.104159" lon="20.003625">
        <ele>160.364823</ele>
        <time>2026-08-06T14:57:37.219Z</time>
      </trkpt>
      <trkpt lat="45.104361" lon="20.004440">
        <ele>160.559938</ele>
        <time>2026-08-06T14:57:55.336Z</time>
      </trkpt>
      <trkpt lat="45.105262" lon="20.008078">
        <ele>160.373143</ele>
        <time>2026-08-06T14:58:55.098Z</time>
      </trkpt>
      <trkpt lat="45.105824" lon="20.010329">
        <ele>159.613926</ele>
        <time>2026-08-06T14:59:28.126Z</time>
      </trkpt>
      <trkpt lat="45.106590" lon="20.013398">
        <ele>158.876334</ele>
        <time>2026-08-06T15:00:18.655Z</time>
      </trkpt>
      <trkpt lat="45.108171" lon="20.019781">
        <ele>156.610012</ele>
        <time>2026-08-06T15:01:55.220Z</time>
      </trkpt>
      <trkpt lat="45.109558" lon="20.025396">
        <ele>157.123814</ele>
        <time>2026-08-06T15:03:33.178Z</time>
      </trkpt>
      <trkpt lat="45.109780" lon="20.026275">
        <ele>157.191563</ele>
        <time>2026-08-06T15:03:48.349Z</time>
      </trkpt>
      <trkpt lat="45.109857" lon="20.026589">
        <ele>157.106990</ele>
        <time>2026-08-06T15:03:53.608Z</time>
      </trkpt>
      <trkpt lat="45.110029" lon="20.027251">
        <ele>156.889975</ele>
        <time>2026-08-06T15:04:03.872Z</time>
      </trkpt>
      <trkpt lat="45.110142" lon="20.027689">
        <ele>156.746512</ele>
        <time>2026-08-06T15:04:10.601Z</time>
      </trkpt>
      <trkpt lat="45.110250" lon="20.028107">
        <ele>156.609576</ele>
        <time>2026-08-06T15:04:17.268Z</time>
      </trkpt>
      <trkpt lat="45.110299" lon="20.028297">
        <ele>156.547346</ele>
        <time>2026-08-06T15:04:20.329Z</time>
      </trkpt>
      <trkpt lat="45.110485" lon="20.029016">
        <ele>156.088433</ele>
        <time>2026-08-06T15:04:31.196Z</time>
      </trkpt>
      <trkpt lat="45.110687" lon="20.029796">
        <ele>155.257114</ele>
        <time>2026-08-06T15:04:42.416Z</time>
      </trkpt>
      <trkpt lat="45.110875" lon="20.030525">
        <ele>154.480538</ele>
        <time>2026-08-06T15:04:52.344Z</time>
      </trkpt>
      <trkpt lat="45.111044" lon="20.031191">
        <ele>153.750848</ele>
        <time>2026-08-06T15:05:01.140Z</time>
      </trkpt>
      <trkpt lat="45.111188" lon="20.031767">
        <ele>152.990518</ele>
        <time>2026-08-06T15:05:08.489Z</time>
      </trkpt>
      <trkpt lat="45.111255" lon="20.032037">
        <ele>152.634407</ele>
        <time>2026-08-06T15:05:12.015Z</time>
      </trkpt>
      <trkpt lat="45.112741" lon="20.037993">
        <ele>145.258811</ele>
        <time>2026-08-06T15:06:32.452Z</time>
      </trkpt>
      <trkpt lat="45.114580" lon="20.045462">
        <ele>141.704122</ele>
        <time>2026-08-06T15:08:26.681Z</time>
      </trkpt>
      <trkpt lat="45.115733" lon="20.050176">
        <ele>137.177286</ele>
        <time>2026-08-06T15:09:32.261Z</time>
      </trkpt>
      <trkpt lat="45.115923" lon="20.050929">
        <ele>136.060963</ele>
        <time>2026-08-06T15:09:42.672Z</time>
      </trkpt>
      <trkpt lat="45.116073" lon="20.051493">
        <ele>135.137822</ele>
        <time>2026-08-06T15:09:50.525Z</time>
      </trkpt>
      <trkpt lat="45.116503" lon="20.052822">
        <ele>132.662483</ele>
        <time>2026-08-06T15:10:08.151Z</time>
      </trkpt>
      <trkpt lat="45.116702" lon="20.053186">
        <ele>131.111604</ele>
        <time>2026-08-06T15:10:13.230Z</time>
      </trkpt>
      <trkpt lat="45.117344" lon="20.054077">
        <ele>126.822613</ele>
        <time>2026-08-06T15:10:26.531Z</time>
      </trkpt>
      <trkpt lat="45.117511" lon="20.054351">
        <ele>125.603187</ele>
        <time>2026-08-06T15:10:30.272Z</time>
      </trkpt>
      <trkpt lat="45.117644" lon="20.054650">
        <ele>124.455295</ele>
        <time>2026-08-06T15:10:33.979Z</time>
      </trkpt>
      <trkpt lat="45.117802" lon="20.055141">
        <ele>123.428057</ele>
        <time>2026-08-06T15:10:39.874Z</time>
      </trkpt>
      <trkpt lat="45.117993" lon="20.056127">
        <ele>121.481728</ele>
        <time>2026-08-06T15:10:52.179Z</time>
      </trkpt>
      <trkpt lat="45.118100" lon="20.056400">
        <ele>120.887282</ele>
        <time>2026-08-06T15:10:56.286Z</time>
      </trkpt>
      <trkpt lat="45.118263" lon="20.056681">
        <ele>120.194858</ele>
        <time>2026-08-06T15:11:01.187Z</time>
      </trkpt>
      <trkpt lat="45.118282" lon="20.056714">
        <ele>120.113785</ele>
        <time>2026-08-06T15:11:01.765Z</time>
      </trkpt>
      <trkpt lat="45.118473" lon="20.056970">
        <ele>119.508276</ele>
        <time>2026-08-06T15:11:06.746Z</time>
      </trkpt>
      <trkpt lat="45.119316" lon="20.058052">
        <ele>117.692349</ele>
        <time>2026-08-06T15:11:27.045Z</time>
      </trkpt>
      <trkpt lat="45.119934" lon="20.058739">
        <ele>116.514435</ele>
        <time>2026-08-06T15:11:41.428Z</time>
      </trkpt>
      <trkpt lat="45.120145" lon="20.058811">
        <ele>116.243613</ele>
        <time>2026-08-06T15:11:45.579Z</time>
      </trkpt>
      <trkpt lat="45.120406" lon="20.058765">
        <ele>115.915414</ele>
        <time>2026-08-06T15:11:50.528Z</time>
      </trkpt>
      <trkpt lat="45.120576" lon="20.058790">
        <ele>115.702140</ele>
        <time>2026-08-06T15:11:53.692Z</time>
      </trkpt>
      <trkpt lat="45.120719" lon="20.058933">
        <ele>115.483746</ele>
        <time>2026-08-06T15:11:57.038Z</time>
      </trkpt>
      <trkpt lat="45.120961" lon="20.059461">
        <ele>114.929372</ele>
        <time>2026-08-06T15:12:05.339Z</time>
      </trkpt>
      <trkpt lat="45.121129" lon="20.060001">
        <ele>114.621321</ele>
        <time>2026-08-06T15:12:13.280Z</time>
      </trkpt>
      <trkpt lat="45.121249" lon="20.060236">
        <ele>114.773198</ele>
        <time>2026-08-06T15:12:17.236Z</time>
      </trkpt>
      <trkpt lat="45.121279" lon="20.060279">
        <ele>114.804859</ele>
        <time>2026-08-06T15:12:18.046Z</time>
      </trkpt>
      <trkpt lat="45.121358" lon="20.060395">
        <ele>114.889267</ele>
        <time>2026-08-06T15:12:20.194Z</time>
      </trkpt>
      <trkpt lat="45.121588" lon="20.060700">
        <ele>115.122988</ele>
        <time>2026-08-06T15:12:26.658Z</time>
      </trkpt>
      <trkpt lat="45.121874" lon="20.061077">
        <ele>115.412807</ele>
        <time>2026-08-06T15:12:36.310Z</time>
      </trkpt>
      <trkpt lat="45.122879" lon="20.062401">
        <ele>117.690680</ele>
        <time>2026-08-06T15:13:22.499Z</time>
      </trkpt>
      <trkpt lat="45.122987" lon="20.062542">
        <ele>118.047427</ele>
        <time>2026-08-06T15:13:27.777Z</time>
      </trkpt>
      <trkpt lat="45.123220" lon="20.062880">
        <ele>118.857461</ele>
        <time>2026-08-06T15:13:39.354Z</time>
      </trkpt>
      <trkpt lat="45.123831" lon="20.063769">
        <ele>120.261347</ele>
        <time>2026-08-06T15:14:04.989Z</time>
      </trkpt>
      <trkpt lat="45.124351" lon="20.064577">
        <ele>120.298177</ele>
        <time>2026-08-06T15:14:21.321Z</time>
      </trkpt>
      <trkpt lat="45.124717" lon="20.065048">
        <ele>120.321773</ele>
        <time>2026-08-06T15:14:31.303Z</time>
      </trkpt>
      <trkpt lat="45.124773" lon="20.065158">
        <ele>120.326341</ele>
        <time>2026-08-06T15:14:33.203Z</time>
      </trkpt>
      <trkpt lat="45.124964" lon="20.065260">
        <ele>120.240003</ele>
        <time>2026-08-06T15:14:37.499Z</time>
      </trkpt>
      <trkpt lat="45.125102" lon="20.065419">
        <ele>120.007641</ele>
        <time>2026-08-06T15:14:41.246Z</time>
      </trkpt>
      <trkpt lat="45.125208" lon="20.065563">
        <ele>119.815804</ele>
        <time>2026-08-06T15:14:44.344Z</time>
      </trkpt>
      <trkpt lat="45.125284" lon="20.065827">
        <ele>119.552960</ele>
        <time>2026-08-06T15:14:48.583Z</time>
      </trkpt>
      <trkpt lat="45.125321" lon="20.066062">
        <ele>119.331000</ele>
        <time>2026-08-06T15:14:51.997Z</time>
      </trkpt>
      <trkpt lat="45.125345" lon="20.067360">
        <ele>118.134045</ele>
        <time>2026-08-06T15:15:09.236Z</time>
      </trkpt>
      <trkpt lat="45.125511" lon="20.067361">
        <ele>117.949248</ele>
        <time>2026-08-06T15:15:12.126Z</time>
      </trkpt>
      <trkpt lat="45.125992" lon="20.067368">
        <ele>117.628452</ele>
        <time>2026-08-06T15:15:20.568Z</time>
      </trkpt>
      <trkpt lat="45.128162" lon="20.067376">
        <ele>117.189714</ele>
        <time>2026-08-06T15:16:08.142Z</time>
      </trkpt>
      <trkpt lat="45.128439" lon="20.067379">
        <ele>117.314483</ele>
        <time>2026-08-06T15:16:15.218Z</time>
      </trkpt>
      <trkpt lat="45.129711" lon="20.067394">
        <ele>118.127698</ele>
        <time>2026-08-06T15:16:49.178Z</time>
      </trkpt>
      <trkpt lat="45.130014" lon="20.067398">
        <ele>118.375678</ele>
        <time>2026-08-06T15:16:57.420Z</time>
      </trkpt>
      <trkpt lat="45.129993" lon="20.067884">
        <ele>118.656804</ele>
        <time>2026-08-06T15:17:06.270Z</time>
      </trkpt>
      <trkpt lat="45.129973" lon="20.068366">
        <ele>118.935575</ele>
        <time>2026-08-06T15:17:14.855Z</time>
      </trkpt>
      <trkpt lat="45.129960" lon="20.068653">
        <ele>119.034590</ele>
        <time>2026-08-06T15:17:19.602Z</time>
      </trkpt>
      <trkpt lat="45.129930" lon="20.069360">
        <ele>118.688927</ele>
        <time>2026-08-06T15:17:30.016Z</time>
      </trkpt>
      <trkpt lat="45.129917" lon="20.069668">
        <ele>118.538344</ele>
        <time>2026-08-06T15:17:34.299Z</time>
      </trkpt>
      <trkpt lat="45.129895" lon="20.070200">
        <ele>118.278265</ele>
        <time>2026-08-06T15:17:41.392Z</time>
      </trkpt>
      <trkpt lat="45.129887" lon="20.070368">
        <ele>118.196089</ele>
        <time>2026-08-06T15:17:43.619Z</time>
      </trkpt>
      <trkpt lat="45.129881" lon="20.070519">
        <ele>118.122280</ele>
        <time>2026-08-06T15:17:45.616Z</time>
      </trkpt>
      <trkpt lat="45.129874" lon="20.070740">
        <ele>118.014316</ele>
        <time>2026-08-06T15:17:48.568Z</time>
      </trkpt>
      <trkpt lat="45.129663" lon="20.076699">
        <ele>114.287696</ele>
        <time>2026-08-06T15:19:11.663Z</time>
      </trkpt>
      <trkpt lat="45.129645" lon="20.077256">
        <ele>113.657416</ele>
        <time>2026-08-06T15:19:18.904Z</time>
      </trkpt>
      <trkpt lat="45.129663" lon="20.077461">
        <ele>113.423901</ele>
        <time>2026-08-06T15:19:21.496Z</time>
      </trkpt>
      <trkpt lat="45.129721" lon="20.077710">
        <ele>113.127493</ele>
        <time>2026-08-06T15:19:24.781Z</time>
      </trkpt>
      <trkpt lat="45.129876" lon="20.078059">
        <ele>112.661332</ele>
        <time>2026-08-06T15:19:29.942Z</time>
      </trkpt>
      <trkpt lat="45.130137" lon="20.078582">
        <ele>111.937448</ele>
        <time>2026-08-06T15:19:37.924Z</time>
      </trkpt>
      <trkpt lat="45.130224" lon="20.078758">
        <ele>111.728191</ele>
        <time>2026-08-06T15:19:40.561Z</time>
      </trkpt>
      <trkpt lat="45.130619" lon="20.079553">
        <ele>110.781368</ele>
        <time>2026-08-06T15:19:52.414Z</time>
      </trkpt>
      <trkpt lat="45.130730" lon="20.079802">
        <ele>110.494564</ele>
        <time>2026-08-06T15:19:56.212Z</time>
      </trkpt>
      <trkpt lat="45.130769" lon="20.079902">
        <ele>110.383304</ele>
        <time>2026-08-06T15:19:57.819Z</time>
      </trkpt>
      <trkpt lat="45.130783" lon="20.079944">
        <ele>110.338073</ele>
        <time>2026-08-06T15:19:58.487Z</time>
      </trkpt>
      <trkpt lat="45.130970" lon="20.080487">
        <ele>109.749711</ele>
        <time>2026-08-06T15:20:07.364Z</time>
      </trkpt>
      <trkpt lat="45.131202" lon="20.081311">
        <ele>109.733491</ele>
        <time>2026-08-06T15:20:20.737Z</time>
      </trkpt>
      <trkpt lat="45.131316" lon="20.081718">
        <ele>109.940430</ele>
        <time>2026-08-06T15:20:28.119Z</time>
      </trkpt>
      <trkpt lat="45.131857" lon="20.083721">
        <ele>110.940564</ele>
        <time>2026-08-06T15:21:08.977Z</time>
      </trkpt>
      <trkpt lat="45.132165" lon="20.084948">
        <ele>111.527806</ele>
        <time>2026-08-06T15:21:32.692Z</time>
      </trkpt>
      <trkpt lat="45.132583" lon="20.086498">
        <ele>111.143818</ele>
        <time>2026-08-06T15:21:57.510Z</time>
      </trkpt>
      <trkpt lat="45.133094" lon="20.088427">
        <ele>110.160613</ele>
        <time>2026-08-06T15:22:24.203Z</time>
      </trkpt>
      <trkpt lat="45.133277" lon="20.089091">
        <ele>110.158869</ele>
        <time>2026-08-06T15:22:34.633Z</time>
      </trkpt>
      <trkpt lat="45.133371" lon="20.089457">
        <ele>110.157917</ele>
        <time>2026-08-06T15:22:40.949Z</time>
      </trkpt>
      <trkpt lat="45.133656" lon="20.090483">
        <ele>110.231990</ele>
        <time>2026-08-06T15:23:01.688Z</time>
      </trkpt>
      <trkpt lat="45.133679" lon="20.090570">
        <ele>110.267815</ele>
        <time>2026-08-06T15:23:03.579Z</time>
      </trkpt>
      <trkpt lat="45.133785" lon="20.090954">
        <ele>110.426816</ele>
        <time>2026-08-06T15:23:12.217Z</time>
      </trkpt>
      <trkpt lat="45.133830" lon="20.091128">
        <ele>110.498276</ele>
        <time>2026-08-06T15:23:16.109Z</time>
      </trkpt>
      <trkpt lat="45.133849" lon="20.091202">
        <ele>110.528641</ele>
        <time>2026-08-06T15:23:17.739Z</time>
      </trkpt>
      <trkpt lat="45.133924" lon="20.091493">
        <ele>110.648103</ele>
        <time>2026-08-06T15:23:23.779Z</time>
      </trkpt>
      <trkpt lat="45.134132" lon="20.092285">
        <ele>110.973969</ele>
        <time>2026-08-06T15:23:37.315Z</time>
      </trkpt>
      <trkpt lat="45.134297" lon="20.092916">
        <ele>111.153947</ele>
        <time>2026-08-06T15:23:46.472Z</time>
      </trkpt>
      <trkpt lat="45.134575" lon="20.093977">
        <ele>111.223677</ele>
        <time>2026-08-06T15:24:01.992Z</time>
      </trkpt>
      <trkpt lat="45.134640" lon="20.094227">
        <ele>111.240092</ele>
        <time>2026-08-06T15:24:06.303Z</time>
      </trkpt>
      <trkpt lat="45.134754" lon="20.094661">
        <ele>111.268624</ele>
        <time>2026-08-06T15:24:14.105Z</time>
      </trkpt>
      <trkpt lat="45.134986" lon="20.095545">
        <ele>112.018753</ele>
        <time>2026-08-06T15:24:33.964Z</time>
      </trkpt>
      <trkpt lat="45.135111" lon="20.096022">
        <ele>112.753930</ele>
        <time>2026-08-06T15:24:46.251Z</time>
      </trkpt>
      <trkpt lat="45.135179" lon="20.096275">
        <ele>113.145092</ele>
        <time>2026-08-06T15:24:52.796Z</time>
      </trkpt>
      <trkpt lat="45.135356" lon="20.096936">
        <ele>114.166579</ele>
        <time>2026-08-06T15:25:08.495Z</time>
      </trkpt>
      <trkpt lat="45.135631" lon="20.097966">
        <ele>115.165288</ele>
        <time>2026-08-06T15:25:30.352Z</time>
      </trkpt>
      <trkpt lat="45.137769" lon="20.105944">
        <ele>117.688762</ele>
        <time>2026-08-06T15:27:53.345Z</time>
      </trkpt>
      <trkpt lat="45.138317" lon="20.108032">
        <ele>117.589978</ele>
        <time>2026-08-06T15:28:26.602Z</time>
      </trkpt>
      <trkpt lat="45.138652" lon="20.109514">
        <ele>117.381881</ele>
        <time>2026-08-06T15:28:50.479Z</time>
      </trkpt>
      <trkpt lat="45.138717" lon="20.109831">
        <ele>117.372920</ele>
        <time>2026-08-06T15:28:55.627Z</time>
      </trkpt>
      <trkpt lat="45.138897" lon="20.110789">
        <ele>117.346012</ele>
        <time>2026-08-06T15:29:11.022Z</time>
      </trkpt>
      <trkpt lat="45.139016" lon="20.111418">
        <ele>117.328336</ele>
        <time>2026-08-06T15:29:21.136Z</time>
      </trkpt>
      <trkpt lat="45.139712" lon="20.115111">
        <ele>117.538261</ele>
        <time>2026-08-06T15:30:21.564Z</time>
      </trkpt>
      <trkpt lat="45.139777" lon="20.115454">
        <ele>117.603341</ele>
        <time>2026-08-06T15:30:27.676Z</time>
      </trkpt>
      <trkpt lat="45.139835" lon="20.115765">
        <ele>117.662287</ele>
        <time>2026-08-06T15:30:33.379Z</time>
      </trkpt>
      <trkpt lat="45.140441" lon="20.118949">
        <ele>118.035365</ele>
        <time>2026-08-06T15:31:26.972Z</time>
      </trkpt>
      <trkpt lat="45.140530" lon="20.119421">
        <ele>118.020634</ele>
        <time>2026-08-06T15:31:34.276Z</time>
      </trkpt>
      <trkpt lat="45.140557" lon="20.119547">
        <ele>117.988888</ele>
        <time>2026-08-06T15:31:36.259Z</time>
      </trkpt>
      <trkpt lat="45.140620" lon="20.119881">
        <ele>117.905541</ele>
        <time>2026-08-06T15:31:41.459Z</time>
      </trkpt>
      <trkpt lat="45.140776" lon="20.120710">
        <ele>117.698702</ele>
        <time>2026-08-06T15:31:54.253Z</time>
      </trkpt>
      <trkpt lat="45.140876" lon="20.121381">
        <ele>117.533372</ele>
        <time>2026-08-06T15:32:04.303Z</time>
      </trkpt>
      <trkpt lat="45.140864" lon="20.122152">
        <ele>117.296520</ele>
        <time>2026-08-06T15:32:15.405Z</time>
      </trkpt>
      <trkpt lat="45.140490" lon="20.131702">
        <ele>113.855035</ele>
        <time>2026-08-06T15:34:33.692Z</time>
      </trkpt>
      <trkpt lat="45.140471" lon="20.132157">
        <ele>113.675255</ele>
        <time>2026-08-06T15:34:40.492Z</time>
      </trkpt>
      <trkpt lat="45.140437" lon="20.132983">
        <ele>113.306649</ele>
        <time>2026-08-06T15:34:52.831Z</time>
      </trkpt>
      <trkpt lat="45.140413" lon="20.133503">
        <ele>113.074496</ele>
        <time>2026-08-06T15:35:00.392Z</time>
      </trkpt>
      <trkpt lat="45.140397" lon="20.133861">
        <ele>112.914688</ele>
        <time>2026-08-06T15:35:05.441Z</time>
      </trkpt>
      <trkpt lat="45.140253" lon="20.137000">
        <ele>110.378067</ele>
        <time>2026-08-06T15:35:47.293Z</time>
      </trkpt>
      <trkpt lat="45.140237" lon="20.137348">
        <ele>109.962481</ele>
        <time>2026-08-06T15:35:51.741Z</time>
      </trkpt>
      <trkpt lat="45.140226" lon="20.137723">
        <ele>109.509610</ele>
        <time>2026-08-06T15:35:56.516Z</time>
      </trkpt>
      <trkpt lat="45.140192" lon="20.139144">
        <ele>107.794028</ele>
        <time>2026-08-06T15:36:14.410Z</time>
      </trkpt>
      <trkpt lat="45.140205" lon="20.139423">
        <ele>107.456650</ele>
        <time>2026-08-06T15:36:17.986Z</time>
      </trkpt>
      <trkpt lat="45.140284" lon="20.139792">
        <ele>107.078854</ele>
        <time>2026-08-06T15:36:22.820Z</time>
      </trkpt>
      <trkpt lat="45.140502" lon="20.140295">
        <ele>106.577740</ele>
        <time>2026-08-06T15:36:30.174Z</time>
      </trkpt>
      <trkpt lat="45.140600" lon="20.140531">
        <ele>106.345282</ele>
        <time>2026-08-06T15:36:33.698Z</time>
      </trkpt>
      <trkpt lat="45.140701" lon="20.140789">
        <ele>106.094819</ele>
        <time>2026-08-06T15:36:37.629Z</time>
      </trkpt>
      <trkpt lat="45.140827" lon="20.141213">
        <ele>105.704283</ele>
        <time>2026-08-06T15:36:44.087Z</time>
      </trkpt>
      <trkpt lat="45.140865" lon="20.141629">
        <ele>105.348225</ele>
        <time>2026-08-06T15:36:50.288Z</time>
      </trkpt>
      <trkpt lat="45.140887" lon="20.142612">
        <ele>104.876183</ele>
        <time>2026-08-06T15:37:04.211Z</time>
      </trkpt>
      <trkpt lat="45.140880" lon="20.143135">
        <ele>104.696837</ele>
        <time>2026-08-06T15:37:11.590Z</time>
      </trkpt>
      <trkpt lat="45.140841" lon="20.144719">
        <ele>104.343026</ele>
        <time>2026-08-06T15:37:34.520Z</time>
      </trkpt>
      <trkpt lat="45.140844" lon="20.147488">
        <ele>105.190326</ele>
        <time>2026-08-06T15:38:23.827Z</time>
      </trkpt>
      <trkpt lat="45.140851" lon="20.148010">
        <ele>105.253065</ele>
        <time>2026-08-06T15:38:32.569Z</time>
      </trkpt>
      <trkpt lat="45.140809" lon="20.153690">
        <ele>105.925750</ele>
        <time>2026-08-06T15:40:02.565Z</time>
      </trkpt>
      <trkpt lat="45.140758" lon="20.159487">
        <ele>107.127678</ele>
        <time>2026-08-06T15:41:39.059Z</time>
      </trkpt>
      <trkpt lat="45.140706" lon="20.165501">
        <ele>107.734291</ele>
        <time>2026-08-06T15:43:15.222Z</time>
      </trkpt>
      <trkpt lat="45.140660" lon="20.171281">
        <ele>109.188519</ele>
        <time>2026-08-06T15:44:52.301Z</time>
      </trkpt>
      <trkpt lat="45.140630" lon="20.174759">
        <ele>110.177457</ele>
        <time>2026-08-06T15:45:50.294Z</time>
      </trkpt>
      <trkpt lat="45.140645" lon="20.178832">
        <ele>111.875499</ele>
        <time>2026-08-06T15:47:01.316Z</time>
      </trkpt>
      <trkpt lat="45.140650" lon="20.183789">
        <ele>114.021317</ele>
        <time>2026-08-06T15:48:27.175Z</time>
      </trkpt>
      <trkpt lat="45.140655" lon="20.185636">
        <ele>114.927356</ele>
        <time>2026-08-06T15:49:00.553Z</time>
      </trkpt>
      <trkpt lat="45.140663" lon="20.186795">
        <ele>115.400809</ele>
        <time>2026-08-06T15:49:21.353Z</time>
      </trkpt>
      <trkpt lat="45.140674" lon="20.187584">
        <ele>115.723163</ele>
        <time>2026-08-06T15:49:35.078Z</time>
      </trkpt>
      <trkpt lat="45.140700" lon="20.189654">
        <ele>115.137449</ele>
        <time>2026-08-06T15:50:05.667Z</time>
      </trkpt>
      <trkpt lat="45.140781" lon="20.193027">
        <ele>112.816149</ele>
        <time>2026-08-06T15:50:50.833Z</time>
      </trkpt>
      <trkpt lat="45.140806" lon="20.194085">
        <ele>112.674115</ele>
        <time>2026-08-06T15:51:05.233Z</time>
      </trkpt>
      <trkpt lat="45.140813" lon="20.194395">
        <ele>112.632500</ele>
        <time>2026-08-06T15:51:09.826Z</time>
      </trkpt>
      <trkpt lat="45.140833" lon="20.196098">
        <ele>113.118341</ele>
        <time>2026-08-06T15:51:40.289Z</time>
      </trkpt>
      <trkpt lat="45.140903" lon="20.202381">
        <ele>119.928260</ele>
        <time>2026-08-06T15:53:44.573Z</time>
      </trkpt>
      <trkpt lat="45.140910" lon="20.202964">
        <ele>120.752311</ele>
        <time>2026-08-06T15:53:58.511Z</time>
      </trkpt>
      <trkpt lat="45.140915" lon="20.204464">
        <ele>123.759455</ele>
        <time>2026-08-06T15:54:37.379Z</time>
      </trkpt>
      <trkpt lat="45.140867" lon="20.205113">
        <ele>125.101864</ele>
        <time>2026-08-06T15:54:52.827Z</time>
      </trkpt>
      <trkpt lat="45.140628" lon="20.206741">
        <ele>127.083844</ele>
        <time>2026-08-06T15:55:27.414Z</time>
      </trkpt>
      <trkpt lat="45.140538" lon="20.207350">
        <ele>127.580878</ele>
        <time>2026-08-06T15:55:38.563Z</time>
      </trkpt>
      <trkpt lat="45.139701" lon="20.213008">
        <ele>129.716505</ele>
        <time>2026-08-06T15:57:15.428Z</time>
      </trkpt>
      <trkpt lat="45.139656" lon="20.213327">
        <ele>129.880547</ele>
        <time>2026-08-06T15:57:21.265Z</time>
      </trkpt>
      <trkpt lat="45.139605" lon="20.213674">
        <ele>130.088823</ele>
        <time>2026-08-06T15:57:27.770Z</time>
      </trkpt>
      <trkpt lat="45.139051" lon="20.217547">
        <ele>132.033013</ele>
        <time>2026-08-06T15:58:39.881Z</time>
      </trkpt>
      <trkpt lat="45.138882" lon="20.218726">
        <ele>132.150601</ele>
        <time>2026-08-06T15:58:57.714Z</time>
      </trkpt>
      <trkpt lat="45.138603" lon="20.220676">
        <ele>131.875474</ele>
        <time>2026-08-06T15:59:26.168Z</time>
      </trkpt>
      <trkpt lat="45.138345" lon="20.222484">
        <ele>133.301458</ele>
        <time>2026-08-06T16:00:02.348Z</time>
      </trkpt>
      <trkpt lat="45.138176" lon="20.223664">
        <ele>134.192865</ele>
        <time>2026-08-06T16:00:25.938Z</time>
      </trkpt>
      <trkpt lat="45.138077" lon="20.224356">
        <ele>134.689952</ele>
        <time>2026-08-06T16:00:38.603Z</time>
      </trkpt>
      <trkpt lat="45.137881" lon="20.225716">
        <ele>135.671380</ele>
        <time>2026-08-06T16:01:03.783Z</time>
      </trkpt>
      <trkpt lat="45.137375" lon="20.228992">
        <ele>137.791596</ele>
        <time>2026-08-06T16:02:06.673Z</time>
      </trkpt>
      <trkpt lat="45.136558" lon="20.234531">
        <ele>139.550811</ele>
        <time>2026-08-06T16:03:40.940Z</time>
      </trkpt>
      <trkpt lat="45.136443" lon="20.234614">
        <ele>139.589981</ele>
        <time>2026-08-06T16:03:43.836Z</time>
      </trkpt>
      <trkpt lat="45.136036" lon="20.235287">
        <ele>139.779794</ele>
        <time>2026-08-06T16:03:58.149Z</time>
      </trkpt>
      <trkpt lat="45.136443" lon="20.234614">
        <ele>140.184249</ele>
        <time>2026-08-06T16:04:13.173Z</time>
      </trkpt>
      <trkpt lat="45.136558" lon="20.234531">
        <ele>140.267828</ele>
        <time>2026-08-06T16:04:16.446Z</time>
      </trkpt>
      <trkpt lat="45.136219" lon="20.236873">
        <ele>140.986591</ele>
        <time>2026-08-06T16:04:59.600Z</time>
      </trkpt>
      <trkpt lat="45.135852" lon="20.239263">
        <ele>141.345065</ele>
        <time>2026-08-06T16:05:35.614Z</time>
      </trkpt>
      <trkpt lat="45.134458" lon="20.249248">
        <ele>144.845482</ele>
        <time>2026-08-06T16:08:32.751Z</time>
      </trkpt>
      <trkpt lat="45.134344" lon="20.250058">
        <ele>144.856677</ele>
        <time>2026-08-06T16:08:45.511Z</time>
      </trkpt>
      <trkpt lat="45.134339" lon="20.250147">
        <ele>144.857888</ele>
        <time>2026-08-06T16:08:46.913Z</time>
      </trkpt>
      <trkpt lat="45.134292" lon="20.250354">
        <ele>144.860835</ele>
        <time>2026-08-06T16:08:50.158Z</time>
      </trkpt>
      <trkpt lat="45.134133" lon="20.250697">
        <ele>144.866398</ele>
        <time>2026-08-06T16:08:56.169Z</time>
      </trkpt>
      <trkpt lat="45.133449" lon="20.252169">
        <ele>144.345152</ele>
        <time>2026-08-06T16:09:22.315Z</time>
      </trkpt>
      <trkpt lat="45.133348" lon="20.252385">
        <ele>144.256957</ele>
        <time>2026-08-06T16:09:26.139Z</time>
      </trkpt>
      <trkpt lat="45.132773" lon="20.253591">
        <ele>143.459823</ele>
        <time>2026-08-06T16:09:46.591Z</time>
      </trkpt>
      <trkpt lat="45.132621" lon="20.253804">
        <ele>143.227139</ele>
        <time>2026-08-06T16:09:50.625Z</time>
      </trkpt>
      <trkpt lat="45.132417" lon="20.254013">
        <ele>142.953120</ele>
        <time>2026-08-06T16:09:55.317Z</time>
      </trkpt>
      <trkpt lat="45.132188" lon="20.254215">
        <ele>142.659489</ele>
        <time>2026-08-06T16:10:00.338Z</time>
      </trkpt>
      <trkpt lat="45.131452" lon="20.254984">
        <ele>141.676007</ele>
        <time>2026-08-06T16:10:17.612Z</time>
      </trkpt>
      <trkpt lat="45.130746" lon="20.255745">
        <ele>140.740747</ele>
        <time>2026-08-06T16:10:34.655Z</time>
      </trkpt>
      <trkpt lat="45.130613" lon="20.255893">
        <ele>140.562447</ele>
        <time>2026-08-06T16:10:37.908Z</time>
      </trkpt>
      <trkpt lat="45.130428" lon="20.256081">
        <ele>140.322415</ele>
        <time>2026-08-06T16:10:42.292Z</time>
      </trkpt>
      <trkpt lat="45.129233" lon="20.257296">
        <ele>139.106861</ele>
        <time>2026-08-06T16:11:10.807Z</time>
      </trkpt>
      <trkpt lat="45.129115" lon="20.257415">
        <ele>138.991372</ele>
        <time>2026-08-06T16:11:13.702Z</time>
      </trkpt>
      <trkpt lat="45.128874" lon="20.257660">
        <ele>138.754861</ele>
        <time>2026-08-06T16:11:19.835Z</time>
      </trkpt>
      <trkpt lat="45.128245" lon="20.258297">
        <ele>138.254964</ele>
        <time>2026-08-06T16:11:36.049Z</time>
      </trkpt>
      <trkpt lat="45.128168" lon="20.258369">
        <ele>138.196336</ele>
        <time>2026-08-06T16:11:37.987Z</time>
      </trkpt>
      <trkpt lat="45.125828" lon="20.260959">
        <ele>136.069753</ele>
        <time>2026-08-06T16:12:36.337Z</time>
      </trkpt>
      <trkpt lat="45.124701" lon="20.262206">
        <ele>135.563394</ele>
        <time>2026-08-06T16:13:06.881Z</time>
      </trkpt>
      <trkpt lat="45.122236" lon="20.264936">
        <ele>135.020028</ele>
        <time>2026-08-06T16:14:14.929Z</time>
      </trkpt>
      <trkpt lat="45.115252" lon="20.272713">
        <ele>132.018799</ele>
        <time>2026-08-06T16:17:22.255Z</time>
      </trkpt>
      <trkpt lat="45.115023" lon="20.272968">
        <ele>131.847760</ele>
        <time>2026-08-06T16:17:27.928Z</time>
      </trkpt>
      <trkpt lat="45.111430" lon="20.277033">
        <ele>127.958636</ele>
        <time>2026-08-06T16:18:57.498Z</time>
      </trkpt>
      <trkpt lat="45.108687" lon="20.280076">
        <ele>125.810197</ele>
        <time>2026-08-06T16:20:09.048Z</time>
      </trkpt>
      <trkpt lat="45.104599" lon="20.284593">
        <ele>120.937825</ele>
        <time>2026-08-06T16:21:49.313Z</time>
      </trkpt>
      <trkpt lat="45.099953" lon="20.289657">
        <ele>114.287568</ele>
        <time>2026-08-06T16:23:40.488Z</time>
      </trkpt>
      <trkpt lat="45.099771" lon="20.289850">
        <ele>114.054487</ele>
        <time>2026-08-06T16:23:44.786Z</time>
      </trkpt>
      <trkpt lat="45.099395" lon="20.290263">
        <ele>113.566696</ele>
        <time>2026-08-06T16:23:53.901Z</time>
      </trkpt>
      <trkpt lat="45.099354" lon="20.290308">
        <ele>113.513522</ele>
        <time>2026-08-06T16:23:54.910Z</time>
      </trkpt>
      <trkpt lat="45.099041" lon="20.290652">
        <ele>113.119532</ele>
        <time>2026-08-06T16:24:02.656Z</time>
      </trkpt>
      <trkpt lat="45.091650" lon="20.298774">
        <ele>109.140610</ele>
        <time>2026-08-06T16:27:17.613Z</time>
      </trkpt>
      <trkpt lat="45.091060" lon="20.299423">
        <ele>108.611845</ele>
        <time>2026-08-06T16:27:32.196Z</time>
      </trkpt>
      <trkpt lat="45.090289" lon="20.300273">
        <ele>108.136137</ele>
        <time>2026-08-06T16:27:51.383Z</time>
      </trkpt>
      <trkpt lat="45.083440" lon="20.307872">
        <ele>108.182021</ele>
        <time>2026-08-06T16:31:06.632Z</time>
      </trkpt>
      <trkpt lat="45.083309" lon="20.308018">
        <ele>108.167822</ele>
        <time>2026-08-06T16:31:10.326Z</time>
      </trkpt>
      <trkpt lat="45.083085" lon="20.308308">
        <ele>108.141972</ele>
        <time>2026-08-06T16:31:17.038Z</time>
      </trkpt>
      <trkpt lat="45.080241" lon="20.312019">
        <ele>107.483040</ele>
        <time>2026-08-06T16:32:41.281Z</time>
      </trkpt>
      <trkpt lat="45.079989" lon="20.312350">
        <ele>107.340817</ele>
        <time>2026-08-06T16:32:48.189Z</time>
      </trkpt>
      <trkpt lat="45.079828" lon="20.312559">
        <ele>107.250442</ele>
        <time>2026-08-06T16:32:52.550Z</time>
      </trkpt>
      <trkpt lat="45.079781" lon="20.312625">
        <ele>107.223053</ele>
        <time>2026-08-06T16:32:53.877Z</time>
      </trkpt>
      <trkpt lat="45.079543" lon="20.312960">
        <ele>107.084200</ele>
        <time>2026-08-06T16:33:00.546Z</time>
      </trkpt>
      <trkpt lat="45.075933" lon="20.318191">
        <ele>105.160811</ele>
        <time>2026-08-06T16:34:48.560Z</time>
      </trkpt>
      <trkpt lat="45.075710" lon="20.318515">
        <ele>105.057252</ele>
        <time>2026-08-06T16:34:55.470Z</time>
      </trkpt>
      <trkpt lat="45.075678" lon="20.318561">
        <ele>105.048291</ele>
        <time>2026-08-06T16:34:56.450Z</time>
      </trkpt>
      <trkpt lat="45.075485" lon="20.318843">
        <ele>104.993791</ele>
        <time>2026-08-06T16:35:02.479Z</time>
      </trkpt>
      <trkpt lat="45.073052" lon="20.322380">
        <ele>104.414530</ele>
        <time>2026-08-06T16:36:17.523Z</time>
      </trkpt>
      <trkpt lat="45.072855" lon="20.322667">
        <ele>104.479916</ele>
        <time>2026-08-06T16:36:23.617Z</time>
      </trkpt>
      <trkpt lat="45.072352" lon="20.323400">
        <ele>104.646890</ele>
        <time>2026-08-06T16:36:39.550Z</time>
      </trkpt>
      <trkpt lat="45.071903" lon="20.324047">
        <ele>104.889492</ele>
        <time>2026-08-06T16:36:55.148Z</time>
      </trkpt>
      <trkpt lat="45.071224" lon="20.325024">
        <ele>106.502083</ele>
        <time>2026-08-06T16:37:23.057Z</time>
      </trkpt>
      <trkpt lat="45.071190" lon="20.325073">
        <ele>106.582897</ele>
        <time>2026-08-06T16:37:24.610Z</time>
      </trkpt>
      <trkpt lat="45.071123" lon="20.325170">
        <ele>106.742519</ele>
        <time>2026-08-06T16:37:27.767Z</time>
      </trkpt>
      <trkpt lat="45.071074" lon="20.325243">
        <ele>106.861002</ele>
        <time>2026-08-06T16:37:30.085Z</time>
      </trkpt>
      <trkpt lat="45.070487" lon="20.326102">
        <ele>107.869739</ele>
        <time>2026-08-06T16:37:56.130Z</time>
      </trkpt>
      <trkpt lat="45.070331" lon="20.326330">
        <ele>107.940962</ele>
        <time>2026-08-06T16:38:02.529Z</time>
      </trkpt>
      <trkpt lat="45.068878" lon="20.328455">
        <ele>107.880768</ele>
        <time>2026-08-06T16:38:45.736Z</time>
      </trkpt>
      <trkpt lat="45.068519" lon="20.328979">
        <ele>107.583434</ele>
        <time>2026-08-06T16:38:55.741Z</time>
      </trkpt>
      <trkpt lat="45.068187" lon="20.329401">
        <ele>107.326146</ele>
        <time>2026-08-06T16:39:04.873Z</time>
      </trkpt>
      <trkpt lat="45.067895" lon="20.329621">
        <ele>107.181242</ele>
        <time>2026-08-06T16:39:11.866Z</time>
      </trkpt>
      <trkpt lat="45.067644" lon="20.329702">
        <ele>107.071711</ele>
        <time>2026-08-06T16:39:17.430Z</time>
      </trkpt>
      <trkpt lat="45.066930" lon="20.329801">
        <ele>106.766474</ele>
        <time>2026-08-06T16:39:33.057Z</time>
      </trkpt>
      <trkpt lat="45.066026" lon="20.329915">
        <ele>106.184668</ele>
        <time>2026-08-06T16:39:51.000Z</time>
      </trkpt>
      <trkpt lat="45.065916" lon="20.329930">
        <ele>106.081771</ele>
        <time>2026-08-06T16:39:53.088Z</time>
      </trkpt>
      <trkpt lat="45.065620" lon="20.329965">
        <ele>105.805203</ele>
        <time>2026-08-06T16:39:58.655Z</time>
      </trkpt>
      <trkpt lat="45.062392" lon="20.330359">
        <ele>102.929840</ele>
        <time>2026-08-06T16:41:01.781Z</time>
      </trkpt>
      <trkpt lat="45.062076" lon="20.330399">
        <ele>102.717378</ele>
        <time>2026-08-06T16:41:08.129Z</time>
      </trkpt>
      <trkpt lat="45.060546" lon="20.330595">
        <ele>101.967928</ele>
        <time>2026-08-06T16:41:39.207Z</time>
      </trkpt>
      <trkpt lat="45.058918" lon="20.330802">
        <ele>102.006600</ele>
        <time>2026-08-06T16:42:16.208Z</time>
      </trkpt>
      <trkpt lat="45.056221" lon="20.331152">
        <ele>103.378805</ele>
        <time>2026-08-06T16:43:23.491Z</time>
      </trkpt>
      <trkpt lat="45.052152" lon="20.331681">
        <ele>103.936426</ele>
        <time>2026-08-06T16:44:56.346Z</time>
      </trkpt>
      <trkpt lat="45.045918" lon="20.332487">
        <ele>101.022115</ele>
        <time>2026-08-06T16:47:04.613Z</time>
      </trkpt>
      <trkpt lat="45.039935" lon="20.333256">
        <ele>99.631824</ele>
        <time>2026-08-06T16:49:13.539Z</time>
      </trkpt>
      <trkpt lat="45.037273" lon="20.333612">
        <ele>99.190170</ele>
        <time>2026-08-06T16:50:12.085Z</time>
      </trkpt>
      <trkpt lat="45.030833" lon="20.334469">
        <ele>97.253193</ele>
        <time>2026-08-06T16:52:28.040Z</time>
      </trkpt>
      <trkpt lat="45.030466" lon="20.334518">
        <ele>97.204215</ele>
        <time>2026-08-06T16:52:36.376Z</time>
      </trkpt>
      <trkpt lat="45.029285" lon="20.334674">
        <ele>97.305145</ele>
        <time>2026-08-06T16:53:02.890Z</time>
      </trkpt>
      <trkpt lat="45.028704" lon="20.334750">
        <ele>97.394302</ele>
        <time>2026-08-06T16:53:16.147Z</time>
      </trkpt>
      <trkpt lat="45.028242" lon="20.334810">
        <ele>97.629710</ele>
        <time>2026-08-06T16:53:27.331Z</time>
      </trkpt>
      <trkpt lat="45.026772" lon="20.334997">
        <ele>98.233766</ele>
        <time>2026-08-06T16:54:04.463Z</time>
      </trkpt>
      <trkpt lat="45.026671" lon="20.335010">
        <ele>98.222658</ele>
        <time>2026-08-06T16:54:06.861Z</time>
      </trkpt>
      <trkpt lat="45.023691" lon="20.335401">
        <ele>97.546818</ele>
        <time>2026-08-06T16:55:09.700Z</time>
      </trkpt>
      <trkpt lat="45.023406" lon="20.335438">
        <ele>97.461112</ele>
        <time>2026-08-06T16:55:15.528Z</time>
      </trkpt>
      <trkpt lat="45.023209" lon="20.335462">
        <ele>97.513053</ele>
        <time>2026-08-06T16:55:19.718Z</time>
      </trkpt>
      <trkpt lat="45.022410" lon="20.335567">
        <ele>97.723843</ele>
        <time>2026-08-06T16:55:38.087Z</time>
      </trkpt>
      <trkpt lat="45.022158" lon="20.335633">
        <ele>97.791165</ele>
        <time>2026-08-06T16:55:44.246Z</time>
      </trkpt>
      <trkpt lat="45.021957" lon="20.335776">
        <ele>97.850265</ele>
        <time>2026-08-06T16:55:49.779Z</time>
      </trkpt>
      <trkpt lat="45.021434" lon="20.336296">
        <ele>97.921582</ele>
        <time>2026-08-06T16:56:06.085Z</time>
      </trkpt>
      <trkpt lat="45.021290" lon="20.336335">
        <ele>97.918429</ele>
        <time>2026-08-06T16:56:09.776Z</time>
      </trkpt>
      <trkpt lat="45.021037" lon="20.335966">
        <ele>97.910615</ele>
        <time>2026-08-06T16:56:18.088Z</time>
      </trkpt>
      <trkpt lat="45.020717" lon="20.335501">
        <ele>97.900751</ele>
        <time>2026-08-06T16:56:27.543Z</time>
      </trkpt>
      <trkpt lat="45.020119" lon="20.334611">
        <ele>97.659819</ele>
        <time>2026-08-06T16:56:45.179Z</time>
      </trkpt>
      <trkpt lat="45.020039" lon="20.334490">
        <ele>97.588432</ele>
        <time>2026-08-06T16:56:47.576Z</time>
      </trkpt>
      <trkpt lat="45.019621" lon="20.333910">
        <ele>97.231535</ele>
        <time>2026-08-06T16:56:59.179Z</time>
      </trkpt>
      <trkpt lat="45.019178" lon="20.333263">
        <ele>96.843416</ele>
        <time>2026-08-06T16:57:12.230Z</time>
      </trkpt>
      <trkpt lat="45.018744" lon="20.332587">
        <ele>96.549114</ele>
        <time>2026-08-06T16:57:25.756Z</time>
      </trkpt>
      <trkpt lat="45.018483" lon="20.332181">
        <ele>96.380847</ele>
        <time>2026-08-06T16:57:33.603Z</time>
      </trkpt>
      <trkpt lat="45.018198" lon="20.331733">
        <ele>96.196045</ele>
        <time>2026-08-06T16:57:42.175Z</time>
      </trkpt>
      <trkpt lat="45.018010" lon="20.331445">
        <ele>96.075846</ele>
        <time>2026-08-06T16:57:48.068Z</time>
      </trkpt>
      <trkpt lat="45.017809" lon="20.331133">
        <ele>96.010538</ele>
        <time>2026-08-06T16:57:54.578Z</time>
      </trkpt>
      <trkpt lat="45.017470" lon="20.330608">
        <ele>96.000456</ele>
        <time>2026-08-06T16:58:05.318Z</time>
      </trkpt>
      <trkpt lat="45.016920" lon="20.329757">
        <ele>95.984108</ele>
        <time>2026-08-06T16:58:24.054Z</time>
      </trkpt>
      <trkpt lat="45.016738" lon="20.329476">
        <ele>95.978704</ele>
        <time>2026-08-06T16:58:30.058Z</time>
      </trkpt>
      <trkpt lat="45.016570" lon="20.329216">
        <ele>95.898171</ele>
        <time>2026-08-06T16:58:35.577Z</time>
      </trkpt>
      <trkpt lat="45.016314" lon="20.328821">
        <ele>95.741934</ele>
        <time>2026-08-06T16:58:44.037Z</time>
      </trkpt>
      <trkpt lat="45.016095" lon="20.328483">
        <ele>95.608259</ele>
        <time>2026-08-06T16:58:51.261Z</time>
      </trkpt>
      <trkpt lat="45.015034" lon="20.326834">
        <ele>94.115203</ele>
        <time>2026-08-06T16:59:22.390Z</time>
      </trkpt>
      <trkpt lat="45.013656" lon="20.324756">
        <ele>92.286276</ele>
        <time>2026-08-06T16:59:57.243Z</time>
      </trkpt>
      <trkpt lat="45.012868" lon="20.323576">
        <ele>92.490906</ele>
        <time>2026-08-06T17:00:33.267Z</time>
      </trkpt>
      <trkpt lat="45.012652" lon="20.323259">
        <ele>92.698720</ele>
        <time>2026-08-06T17:00:43.630Z</time>
      </trkpt>
      <trkpt lat="45.011314" lon="20.321251">
        <ele>93.099141</ele>
        <time>2026-08-06T17:01:25.686Z</time>
      </trkpt>
      <trkpt lat="45.010728" lon="20.320356">
        <ele>92.564941</ele>
        <time>2026-08-06T17:01:42.081Z</time>
      </trkpt>
      <trkpt lat="45.010521" lon="20.319950">
        <ele>92.423500</ele>
        <time>2026-08-06T17:01:49.194Z</time>
      </trkpt>
      <trkpt lat="45.010408" lon="20.319656">
        <ele>92.432235</ele>
        <time>2026-08-06T17:01:54.172Z</time>
      </trkpt>
      <trkpt lat="45.010074" lon="20.318615">
        <ele>92.462074</ele>
        <time>2026-08-06T17:02:12.944Z</time>
      </trkpt>
      <trkpt lat="45.009738" lon="20.317608">
        <ele>92.456827</ele>
        <time>2026-08-06T17:02:31.559Z</time>
      </trkpt>
      <trkpt lat="45.009412" lon="20.316609">
        <ele>92.309805</ele>
        <time>2026-08-06T17:02:48.927Z</time>
      </trkpt>
      <trkpt lat="45.009377" lon="20.316518">
        <ele>92.295962</ele>
        <time>2026-08-06T17:02:50.485Z</time>
      </trkpt>
      <trkpt lat="45.009082" lon="20.316044">
        <ele>92.211580</ele>
        <time>2026-08-06T17:02:59.745Z</time>
      </trkpt>
      <trkpt lat="45.009063" lon="20.316018">
        <ele>92.206584</ele>
        <time>2026-08-06T17:03:00.279Z</time>
      </trkpt>
      <trkpt lat="45.008744" lon="20.315576">
        <ele>92.056818</ele>
        <time>2026-08-06T17:03:09.439Z</time>
      </trkpt>
      <trkpt lat="45.006923" lon="20.313035">
        <ele>90.509524</ele>
        <time>2026-08-06T17:04:00.209Z</time>
      </trkpt>
      <trkpt lat="45.006332" lon="20.312192">
        <ele>90.180198</ele>
        <time>2026-08-06T17:04:18.365Z</time>
      </trkpt>
      <trkpt lat="45.005762" lon="20.311128">
        <ele>89.868752</ele>
        <time>2026-08-06T17:04:39.776Z</time>
      </trkpt>
      <trkpt lat="45.005592" lon="20.310804">
        <ele>89.776180</ele>
        <time>2026-08-06T17:04:46.011Z</time>
      </trkpt>
      <trkpt lat="45.002511" lon="20.304942">
        <ele>85.641450</ele>
        <time>2026-08-06T17:06:27.749Z</time>
      </trkpt>
      <trkpt lat="45.002105" lon="20.304150">
        <ele>84.884863</ele>
        <time>2026-08-06T17:06:40.274Z</time>
      </trkpt>
      <trkpt lat="45.001672" lon="20.303332">
        <ele>84.841728</ele>
        <time>2026-08-06T17:06:54.232Z</time>
      </trkpt>
      <trkpt lat="45.001516" lon="20.303088">
        <ele>84.910870</ele>
        <time>2026-08-06T17:06:59.527Z</time>
      </trkpt>
      <trkpt lat="45.001142" lon="20.302525">
        <ele>85.073236</ele>
        <time>2026-08-06T17:07:13.809Z</time>
      </trkpt>
      <trkpt lat="45.000622" lon="20.301798">
        <ele>85.377480</ele>
        <time>2026-08-06T17:07:34.553Z</time>
      </trkpt>
      <trkpt lat="45.000238" lon="20.301283">
        <ele>85.719844</ele>
        <time>2026-08-06T17:07:49.359Z</time>
      </trkpt>
      <trkpt lat="44.999936" lon="20.300878">
        <ele>85.989090</ele>
        <time>2026-08-06T17:08:00.080Z</time>
      </trkpt>
      <trkpt lat="44.998992" lon="20.299594">
        <ele>86.057547</ele>
        <time>2026-08-06T17:08:30.327Z</time>
      </trkpt>
      <trkpt lat="44.997500" lon="20.297554">
        <ele>84.408982</ele>
        <time>2026-08-06T17:09:13.230Z</time>
      </trkpt>
      <trkpt lat="44.996992" lon="20.296861">
        <ele>83.583661</ele>
        <time>2026-08-06T17:09:26.570Z</time>
      </trkpt>
      <trkpt lat="44.996638" lon="20.296377">
        <ele>83.209396</ele>
        <time>2026-08-06T17:09:35.899Z</time>
      </trkpt>
      <trkpt lat="44.996446" lon="20.296115">
        <ele>83.038407</ele>
        <time>2026-08-06T17:09:41.131Z</time>
      </trkpt>
      <trkpt lat="44.996247" lon="20.295843">
        <ele>82.861042</ele>
        <time>2026-08-06T17:09:46.887Z</time>
      </trkpt>
      <trkpt lat="44.995828" lon="20.295266">
        <ele>82.486239</ele>
        <time>2026-08-06T17:10:00.028Z</time>
      </trkpt>
      <trkpt lat="44.994754" lon="20.293787">
        <ele>83.101807</ele>
        <time>2026-08-06T17:10:37.395Z</time>
      </trkpt>
      <trkpt lat="44.994213" lon="20.293039">
        <ele>83.618202</ele>
        <time>2026-08-06T17:10:58.422Z</time>
      </trkpt>
      <trkpt lat="44.994136" lon="20.292932">
        <ele>83.699758</ele>
        <time>2026-08-06T17:11:01.474Z</time>
      </trkpt>
      <trkpt lat="44.994036" lon="20.292793">
        <ele>83.805690</ele>
        <time>2026-08-06T17:11:05.425Z</time>
      </trkpt>
      <trkpt lat="44.993848" lon="20.292530">
        <ele>84.005471</ele>
        <time>2026-08-06T17:11:12.838Z</time>
      </trkpt>
      <trkpt lat="44.993657" lon="20.292267">
        <ele>84.206871</ele>
        <time>2026-08-06T17:11:20.177Z</time>
      </trkpt>
      <trkpt lat="44.993147" lon="20.291570">
        <ele>84.742687</ele>
        <time>2026-08-06T17:11:38.205Z</time>
      </trkpt>
      <trkpt lat="44.993010" lon="20.291380">
        <ele>84.823560</ele>
        <time>2026-08-06T17:11:42.650Z</time>
      </trkpt>
      <trkpt lat="44.992748" lon="20.291013">
        <ele>84.628839</ele>
        <time>2026-08-06T17:11:51.037Z</time>
      </trkpt>
      <trkpt lat="44.992542" lon="20.290725">
        <ele>84.475884</ele>
        <time>2026-08-06T17:11:57.441Z</time>
      </trkpt>
      <trkpt lat="44.992191" lon="20.290245">
        <ele>84.218064</ele>
        <time>2026-08-06T17:12:07.852Z</time>
      </trkpt>
      <trkpt lat="44.991923" lon="20.289916">
        <ele>84.030672</ele>
        <time>2026-08-06T17:12:15.057Z</time>
      </trkpt>
      <trkpt lat="44.991513" lon="20.289551">
        <ele>83.687598</ele>
        <time>2026-08-06T17:12:24.627Z</time>
      </trkpt>
      <trkpt lat="44.991268" lon="20.289351">
        <ele>83.434271</ele>
        <time>2026-08-06T17:12:30.153Z</time>
      </trkpt>
      <trkpt lat="44.990983" lon="20.289110">
        <ele>83.136905</ele>
        <time>2026-08-06T17:12:36.713Z</time>
      </trkpt>
      <trkpt lat="44.990882" lon="20.289018">
        <ele>83.029320</ele>
        <time>2026-08-06T17:12:39.091Z</time>
      </trkpt>
      <trkpt lat="44.990526" lon="20.288741">
        <ele>82.665452</ele>
        <time>2026-08-06T17:12:46.860Z</time>
      </trkpt>
      <trkpt lat="44.987126" lon="20.286032">
        <ele>81.709325</ele>
        <time>2026-08-06T17:14:11.363Z</time>
      </trkpt>
      <trkpt lat="44.986911" lon="20.285860">
        <ele>81.643618</ele>
        <time>2026-08-06T17:14:16.871Z</time>
      </trkpt>
      <trkpt lat="44.986078" lon="20.285179">
        <ele>81.290007</ele>
        <time>2026-08-06T17:14:37.546Z</time>
      </trkpt>
      <trkpt lat="44.985289" lon="20.284526">
        <ele>80.847020</ele>
        <time>2026-08-06T17:14:56.023Z</time>
      </trkpt>
      <trkpt lat="44.985140" lon="20.284408">
        <ele>80.697442</ele>
        <time>2026-08-06T17:14:59.439Z</time>
      </trkpt>
      <trkpt lat="44.984200" lon="20.283642">
        <ele>79.747186</ele>
        <time>2026-08-06T17:15:21.002Z</time>
      </trkpt>
      <trkpt lat="44.983420" lon="20.283006">
        <ele>79.084075</ele>
        <time>2026-08-06T17:15:37.558Z</time>
      </trkpt>
      <trkpt lat="44.982597" lon="20.282336">
        <ele>78.462152</ele>
        <time>2026-08-06T17:15:55.117Z</time>
      </trkpt>
      <trkpt lat="44.982519" lon="20.282272">
        <ele>78.403093</ele>
        <time>2026-08-06T17:15:57.086Z</time>
      </trkpt>
      <trkpt lat="44.982484" lon="20.282244">
        <ele>78.376757</ele>
        <time>2026-08-06T17:15:58.060Z</time>
      </trkpt>
      <trkpt lat="44.982245" lon="20.282053">
        <ele>78.733356</ele>
        <time>2026-08-06T17:16:05.895Z</time>
      </trkpt>
      <trkpt lat="44.982127" lon="20.281885">
        <ele>79.348007</ele>
        <time>2026-08-06T17:16:11.490Z</time>
      </trkpt>
      <trkpt lat="44.982113" lon="20.281800">
        <ele>79.574580</ele>
        <time>2026-08-06T17:16:13.764Z</time>
      </trkpt>
      <trkpt lat="44.982178" lon="20.281247">
        <ele>81.029915</ele>
        <time>2026-08-06T17:16:28.577Z</time>
      </trkpt>
      <trkpt lat="44.982004" lon="20.281182">
        <ele>81.690467</ele>
        <time>2026-08-06T17:16:36.013Z</time>
      </trkpt>
      <trkpt lat="44.981696" lon="20.281082">
        <ele>82.850349</ele>
        <time>2026-08-06T17:16:49.709Z</time>
      </trkpt>
      <trkpt lat="44.981147" lon="20.280918">
        <ele>84.896784</ele>
        <time>2026-08-06T17:17:13.101Z</time>
      </trkpt>
      <trkpt lat="44.980689" lon="20.280903">
        <ele>85.848480</ele>
        <time>2026-08-06T17:17:30.791Z</time>
      </trkpt>
      <trkpt lat="44.980328" lon="20.280923">
        <ele>86.598990</ele>
        <time>2026-08-06T17:17:41.768Z</time>
      </trkpt>
      <trkpt lat="44.980157" lon="20.280935">
        <ele>86.954660</ele>
        <time>2026-08-06T17:17:46.617Z</time>
      </trkpt>
      <trkpt lat="44.980040" lon="20.280937">
        <ele>87.197731</ele>
        <time>2026-08-06T17:17:49.864Z</time>
      </trkpt>
      <trkpt lat="44.979888" lon="20.280938">
        <ele>87.513496</ele>
        <time>2026-08-06T17:17:53.911Z</time>
      </trkpt>
      <trkpt lat="44.979449" lon="20.280952">
        <ele>88.425699</ele>
        <time>2026-08-06T17:18:04.950Z</time>
      </trkpt>
      <trkpt lat="44.978695" lon="20.280956">
        <ele>88.525647</ele>
        <time>2026-08-06T17:18:22.623Z</time>
      </trkpt>
      <trkpt lat="44.978098" lon="20.280985">
        <ele>88.443949</ele>
        <time>2026-08-06T17:18:34.707Z</time>
      </trkpt>
      <trkpt lat="44.977805" lon="20.280999">
        <ele>88.403854</ele>
        <time>2026-08-06T17:18:40.566Z</time>
      </trkpt>
      <trkpt lat="44.977633" lon="20.281011">
        <ele>88.380301</ele>
        <time>2026-08-06T17:18:44.032Z</time>
      </trkpt>
      <trkpt lat="44.977487" lon="20.281022">
        <ele>88.387967</ele>
        <time>2026-08-06T17:18:47.107Z</time>
      </trkpt>
      <trkpt lat="44.976863" lon="20.281048">
        <ele>88.540496</ele>
        <time>2026-08-06T17:19:01.133Z</time>
      </trkpt>
      <trkpt lat="44.976618" lon="20.281062">
        <ele>88.600407</ele>
        <time>2026-08-06T17:19:06.949Z</time>
      </trkpt>
      <trkpt lat="44.976243" lon="20.281074">
        <ele>88.692055</ele>
        <time>2026-08-06T17:19:16.463Z</time>
      </trkpt>
      <trkpt lat="44.974322" lon="20.281094">
        <ele>89.180617</ele>
        <time>2026-08-06T17:20:02.742Z</time>
      </trkpt>
      <trkpt lat="44.973583" lon="20.281112">
        <ele>89.221357</ele>
        <time>2026-08-06T17:20:17.974Z</time>
      </trkpt>
      <trkpt lat="44.973213" lon="20.281149">
        <ele>89.170816</ele>
        <time>2026-08-06T17:20:25.512Z</time>
      </trkpt>
      <trkpt lat="44.972862" lon="20.281181">
        <ele>89.122890</ele>
        <time>2026-08-06T17:20:32.879Z</time>
      </trkpt>
      <trkpt lat="44.972490" lon="20.281212">
        <ele>89.072113</ele>
        <time>2026-08-06T17:20:41.320Z</time>
      </trkpt>
      <trkpt lat="44.972399" lon="20.281223">
        <ele>89.059669</ele>
        <time>2026-08-06T17:20:43.466Z</time>
      </trkpt>
      <trkpt lat="44.972165" lon="20.281252">
        <ele>89.029655</ele>
        <time>2026-08-06T17:20:48.972Z</time>
      </trkpt>
      <trkpt lat="44.972050" lon="20.281266">
        <ele>89.092906</ele>
        <time>2026-08-06T17:20:51.670Z</time>
      </trkpt>
      <trkpt lat="44.971682" lon="20.281311">
        <ele>89.295319</ele>
        <time>2026-08-06T17:21:00.654Z</time>
      </trkpt>
      <trkpt lat="44.971423" lon="20.281338">
        <ele>89.437633</ele>
        <time>2026-08-06T17:21:07.078Z</time>
      </trkpt>
      <trkpt lat="44.971159" lon="20.281366">
        <ele>89.582708</ele>
        <time>2026-08-06T17:21:13.704Z</time>
      </trkpt>
      <trkpt lat="44.970980" lon="20.281383">
        <ele>89.681019</ele>
        <time>2026-08-06T17:21:18.287Z</time>
      </trkpt>
      <trkpt lat="44.970002" lon="20.281492">
        <ele>90.042255</ele>
        <time>2026-08-06T17:21:42.493Z</time>
      </trkpt>
      <trkpt lat="44.969960" lon="20.281496">
        <ele>90.045470</ele>
        <time>2026-08-06T17:21:43.494Z</time>
      </trkpt>
      <trkpt lat="44.969587" lon="20.281528">
        <ele>90.074013</ele>
        <time>2026-08-06T17:21:52.005Z</time>
      </trkpt>
      <trkpt lat="44.969556" lon="20.281531">
        <ele>90.076386</ele>
        <time>2026-08-06T17:21:52.692Z</time>
      </trkpt>
      <trkpt lat="44.969420" lon="20.281542">
        <ele>90.086791</ele>
        <time>2026-08-06T17:21:55.654Z</time>
      </trkpt>
      <trkpt lat="44.969092" lon="20.281566">
        <ele>90.111878</ele>
        <time>2026-08-06T17:22:02.510Z</time>
      </trkpt>
      <trkpt lat="44.969043" lon="20.281570">
        <ele>90.115627</ele>
        <time>2026-08-06T17:22:03.554Z</time>
      </trkpt>
      <trkpt lat="44.968947" lon="20.281577">
        <ele>90.122969</ele>
        <time>2026-08-06T17:22:05.530Z</time>
      </trkpt>
      <trkpt lat="44.968178" lon="20.281605">
        <ele>90.258882</ele>
        <time>2026-08-06T17:22:22.432Z</time>
      </trkpt>
      <trkpt lat="44.968028" lon="20.281616">
        <ele>90.299234</ele>
        <time>2026-08-06T17:22:25.889Z</time>
      </trkpt>
      <trkpt lat="44.967461" lon="20.281616">
        <ele>90.451560</ele>
        <time>2026-08-06T17:22:39.175Z</time>
      </trkpt>
      <trkpt lat="44.967284" lon="20.281616">
        <ele>90.499112</ele>
        <time>2026-08-06T17:22:43.414Z</time>
      </trkpt>
      <trkpt lat="44.967143" lon="20.281613">
        <ele>90.536996</ele>
        <time>2026-08-06T17:22:46.809Z</time>
      </trkpt>
      <trkpt lat="44.966464" lon="20.281573">
        <ele>90.629325</ele>
        <time>2026-08-06T17:23:03.788Z</time>
      </trkpt>
      <trkpt lat="44.965912" lon="20.281512">
        <ele>90.620675</ele>
        <time>2026-08-06T17:23:16.184Z</time>
      </trkpt>
      <trkpt lat="44.965523" lon="20.281481">
        <ele>90.614589</ele>
        <time>2026-08-06T17:23:24.215Z</time>
      </trkpt>
      <trkpt lat="44.965340" lon="20.281467">
        <ele>90.611726</ele>
        <time>2026-08-06T17:23:28.002Z</time>
      </trkpt>
      <trkpt lat="44.965292" lon="20.281283">
        <ele>90.609558</ele>
        <time>2026-08-06T17:23:31.036Z</time>
      </trkpt>
      <trkpt lat="44.965283" lon="20.281256">
        <ele>90.609228</ele>
        <time>2026-08-06T17:23:31.500Z</time>
      </trkpt>
      <trkpt lat="44.965128" lon="20.281247">
        <ele>90.606805</ele>
        <time>2026-08-06T17:23:34.888Z</time>
      </trkpt>
      <trkpt lat="44.965121" lon="20.281269">
        <ele>90.606538</ele>
        <time>2026-08-06T17:23:35.242Z</time>
      </trkpt>
      <trkpt lat="44.965082" lon="20.281447">
        <ele>90.597544</ele>
        <time>2026-08-06T17:23:38.152Z</time>
      </trkpt>
      <trkpt lat="44.964926" lon="20.281435">
        <ele>90.585191</ele>
        <time>2026-08-06T17:23:41.541Z</time>
      </trkpt>
      <trkpt lat="44.964696" lon="20.281417">
        <ele>90.566977</ele>
        <time>2026-08-06T17:23:46.424Z</time>
      </trkpt>
      <trkpt lat="44.964589" lon="20.281408">
        <ele>90.558501</ele>
        <time>2026-08-06T17:23:48.645Z</time>
      </trkpt>
      <trkpt lat="44.964313" lon="20.281387">
        <ele>90.536646</ele>
        <time>2026-08-06T17:23:54.451Z</time>
      </trkpt>
      <trkpt lat="44.963896" lon="20.281354">
        <ele>90.503622</ele>
        <time>2026-08-06T17:24:03.649Z</time>
      </trkpt>
      <trkpt lat="44.963805" lon="20.281347">
        <ele>90.496416</ele>
        <time>2026-08-06T17:24:05.731Z</time>
      </trkpt>
      <trkpt lat="44.962821" lon="20.281264">
        <ele>90.421530</ele>
        <time>2026-08-06T17:24:28.503Z</time>
      </trkpt>
      <trkpt lat="44.962632" lon="20.281248">
        <ele>90.407565</ele>
        <time>2026-08-06T17:24:32.624Z</time>
      </trkpt>
      <trkpt lat="44.962423" lon="20.281231">
        <ele>90.392125</ele>
        <time>2026-08-06T17:24:37.092Z</time>
      </trkpt>
      <trkpt lat="44.961262" lon="20.281134">
        <ele>90.521219</ele>
        <time>2026-08-06T17:25:01.867Z</time>
      </trkpt>
      <trkpt lat="44.960832" lon="20.281097">
        <ele>90.762964</ele>
        <time>2026-08-06T17:25:11.865Z</time>
      </trkpt>
      <trkpt lat="44.960654" lon="20.281084">
        <ele>90.862983</ele>
        <time>2026-08-06T17:25:16.281Z</time>
      </trkpt>
      <trkpt lat="44.959711" lon="20.281010">
        <ele>91.391789</ele>
        <time>2026-08-06T17:25:41.581Z</time>
      </trkpt>
      <trkpt lat="44.959421" lon="20.280986">
        <ele>91.551124</ele>
        <time>2026-08-06T17:25:49.139Z</time>
      </trkpt>
      <trkpt lat="44.958972" lon="20.280948">
        <ele>91.797838</ele>
        <time>2026-08-06T17:26:00.518Z</time>
      </trkpt>
      <trkpt lat="44.958748" lon="20.280928">
        <ele>91.920945</ele>
        <time>2026-08-06T17:26:06.012Z</time>
      </trkpt>
      <trkpt lat="44.958682" lon="20.280922">
        <ele>91.957220</ele>
        <time>2026-08-06T17:26:07.601Z</time>
      </trkpt>
      <trkpt lat="44.958176" lon="20.280877">
        <ele>92.235306</ele>
        <time>2026-08-06T17:26:19.358Z</time>
      </trkpt>
      <trkpt lat="44.958007" lon="20.280862">
        <ele>92.326498</ele>
        <time>2026-08-06T17:26:23.133Z</time>
      </trkpt>
      <trkpt lat="44.957832" lon="20.280848">
        <ele>92.262637</ele>
        <time>2026-08-06T17:26:27.089Z</time>
      </trkpt>
      <trkpt lat="44.956940" lon="20.280777">
        <ele>91.937134</ele>
        <time>2026-08-06T17:26:46.142Z</time>
      </trkpt>
      <trkpt lat="44.956832" lon="20.280767">
        <ele>91.897702</ele>
        <time>2026-08-06T17:26:48.321Z</time>
      </trkpt>
      <trkpt lat="44.955847" lon="20.280693">
        <ele>91.533184</ele>
        <time>2026-08-06T17:27:07.939Z</time>
      </trkpt>
      <trkpt lat="44.955299" lon="20.280706">
        <ele>91.325814</ele>
        <time>2026-08-06T17:27:19.066Z</time>
      </trkpt>
      <trkpt lat="44.955023" lon="20.280760">
        <ele>91.220390</ele>
        <time>2026-08-06T17:27:24.977Z</time>
      </trkpt>
      <trkpt lat="44.954845" lon="20.280820">
        <ele>91.151153</ele>
        <time>2026-08-06T17:27:29.008Z</time>
      </trkpt>
      <trkpt lat="44.954643" lon="20.280902">
        <ele>91.071633</ele>
        <time>2026-08-06T17:27:33.753Z</time>
      </trkpt>
      <trkpt lat="44.952746" lon="20.281726">
        <ele>90.798454</ele>
        <time>2026-08-06T17:28:17.472Z</time>
      </trkpt>
      <trkpt lat="44.951780" lon="20.282250">
        <ele>90.739732</ele>
        <time>2026-08-06T17:28:38.701Z</time>
      </trkpt>
      <trkpt lat="44.951054" lon="20.282653">
        <ele>90.696525</ele>
        <time>2026-08-06T17:28:56.642Z</time>
      </trkpt>
      <trkpt lat="44.950782" lon="20.282727">
        <ele>90.992702</ele>
        <time>2026-08-06T17:29:03.610Z</time>
      </trkpt>
      <trkpt lat="44.950538" lon="20.283062">
        <ele>91.371083</ele>
        <time>2026-08-06T17:29:12.899Z</time>
      </trkpt>
      <trkpt lat="44.950116" lon="20.283596">
        <ele>92.001125</ele>
        <time>2026-08-06T17:29:28.635Z</time>
      </trkpt>
      <trkpt lat="44.949889" lon="20.283884">
        <ele>92.340431</ele>
        <time>2026-08-06T17:29:37.140Z</time>
      </trkpt>
      <trkpt lat="44.948761" lon="20.285298">
        <ele>94.053703</ele>
        <time>2026-08-06T17:30:18.281Z</time>
      </trkpt>
      <trkpt lat="44.948230" lon="20.285921">
        <ele>94.784488</ele>
        <time>2026-08-06T17:30:36.364Z</time>
      </trkpt>
      <trkpt lat="44.948074" lon="20.286112">
        <ele>94.869982</ele>
        <time>2026-08-06T17:30:41.598Z</time>
      </trkpt>
      <trkpt lat="44.947575" lon="20.286719">
        <ele>95.142696</ele>
        <time>2026-08-06T17:30:57.646Z</time>
      </trkpt>
      <trkpt lat="44.946214" lon="20.288310">
        <ele>95.675013</ele>
        <time>2026-08-06T17:31:37.509Z</time>
      </trkpt>
      <trkpt lat="44.945128" lon="20.289583">
        <ele>95.956621</ele>
        <time>2026-08-06T17:32:10.525Z</time>
      </trkpt>
      <trkpt lat="44.944015" lon="20.290834">
        <ele>96.197392</ele>
        <time>2026-08-06T17:32:43.574Z</time>
      </trkpt>
      <trkpt lat="44.943934" lon="20.290929">
        <ele>96.181843</ele>
        <time>2026-08-06T17:32:45.908Z</time>
      </trkpt>
      <trkpt lat="44.943708" lon="20.291198">
        <ele>96.138198</ele>
        <time>2026-08-06T17:32:52.277Z</time>
      </trkpt>
      <trkpt lat="44.943528" lon="20.291394">
        <ele>96.104633</ele>
        <time>2026-08-06T17:32:56.972Z</time>
      </trkpt>
      <trkpt lat="44.943426" lon="20.291509">
        <ele>96.085359</ele>
        <time>2026-08-06T17:32:59.639Z</time>
      </trkpt>
      <trkpt lat="44.943037" lon="20.291931">
        <ele>96.012923</ele>
        <time>2026-08-06T17:33:09.752Z</time>
      </trkpt>
      <trkpt lat="44.942673" lon="20.292279">
        <ele>95.959915</ele>
        <time>2026-08-06T17:33:19.335Z</time>
      </trkpt>
      <trkpt lat="44.941884" lon="20.293060">
        <ele>96.119365</ele>
        <time>2026-08-06T17:33:42.074Z</time>
      </trkpt>
      <trkpt lat="44.941584" lon="20.293340">
        <ele>96.178875</ele>
        <time>2026-08-06T17:33:50.722Z</time>
      </trkpt>
      <trkpt lat="44.941242" lon="20.293616">
        <ele>96.244064</ele>
        <time>2026-08-06T17:33:59.770Z</time>
      </trkpt>
      <trkpt lat="44.939894" lon="20.294721">
        <ele>96.053092</ele>
        <time>2026-08-06T17:34:32.300Z</time>
      </trkpt>
      <trkpt lat="44.939524" lon="20.295007">
        <ele>96.108868</ele>
        <time>2026-08-06T17:34:41.920Z</time>
      </trkpt>
      <trkpt lat="44.938505" lon="20.295891">
        <ele>96.915472</ele>
        <time>2026-08-06T17:35:12.205Z</time>
      </trkpt>
      <trkpt lat="44.938221" lon="20.296160">
        <ele>97.146114</ele>
        <time>2026-08-06T17:35:21.167Z</time>
      </trkpt>
      <trkpt lat="44.937897" lon="20.296439">
        <ele>97.429123</ele>
        <time>2026-08-06T17:35:30.986Z</time>
      </trkpt>
      <trkpt lat="44.935451" lon="20.298534">
        <ele>99.362580</ele>
        <time>2026-08-06T17:36:43.233Z</time>
      </trkpt>
      <trkpt lat="44.935230" lon="20.298793">
        <ele>99.521671</ele>
        <time>2026-08-06T17:36:49.866Z</time>
      </trkpt>
      <trkpt lat="44.934562" lon="20.299454">
        <ele>99.704885</ele>
        <time>2026-08-06T17:37:07.942Z</time>
      </trkpt>
      <trkpt lat="44.934163" lon="20.299914">
        <ele>99.767865</ele>
        <time>2026-08-06T17:37:19.138Z</time>
      </trkpt>
      <trkpt lat="44.933697" lon="20.300558">
        <ele>99.847586</ele>
        <time>2026-08-06T17:37:34.120Z</time>
      </trkpt>
      <trkpt lat="44.933431" lon="20.301053">
        <ele>100.293565</ele>
        <time>2026-08-06T17:37:45.012Z</time>
      </trkpt>
      <trkpt lat="44.933044" lon="20.301682">
        <ele>100.903184</ele>
        <time>2026-08-06T17:38:00.692Z</time>
      </trkpt>
      <trkpt lat="44.932660" lon="20.302213">
        <ele>101.458463</ele>
        <time>2026-08-06T17:38:15.656Z</time>
      </trkpt>
      <trkpt lat="44.932295" lon="20.302837">
        <ele>102.034723</ele>
        <time>2026-08-06T17:38:31.627Z</time>
      </trkpt>
      <trkpt lat="44.931876" lon="20.303434">
        <ele>102.621255</ele>
        <time>2026-08-06T17:38:47.655Z</time>
      </trkpt>
      <trkpt lat="44.931580" lon="20.304017">
        <ele>103.121814</ele>
        <time>2026-08-06T17:39:00.761Z</time>
      </trkpt>
      <trkpt lat="44.930611" lon="20.305559">
        <ele>103.944921</ele>
        <time>2026-08-06T17:39:36.342Z</time>
      </trkpt>
      <trkpt lat="44.930215" lon="20.306100">
        <ele>104.178576</ele>
        <time>2026-08-06T17:39:49.109Z</time>
      </trkpt>
      <trkpt lat="44.930106" lon="20.306207">
        <ele>104.234872</ele>
        <time>2026-08-06T17:39:52.129Z</time>
      </trkpt>
      <trkpt lat="44.929987" lon="20.306267">
        <ele>104.272358</ele>
        <time>2026-08-06T17:39:54.982Z</time>
      </trkpt>
      <trkpt lat="44.929842" lon="20.306392">
        <ele>104.318994</ele>
        <time>2026-08-06T17:39:58.790Z</time>
      </trkpt>
      <trkpt lat="44.929425" lon="20.306811">
        <ele>104.459486</ele>
        <time>2026-08-06T17:40:10.133Z</time>
      </trkpt>
      <trkpt lat="44.928591" lon="20.307790">
        <ele>104.799605</ele>
        <time>2026-08-06T17:40:35.990Z</time>
      </trkpt>
      <trkpt lat="44.928133" lon="20.308292">
        <ele>105.286351</ele>
        <time>2026-08-06T17:40:50.529Z</time>
      </trkpt>
      <trkpt lat="44.927820" lon="20.308730">
        <ele>105.656288</ele>
        <time>2026-08-06T17:41:02.000Z</time>
      </trkpt>
      <trkpt lat="44.926763" lon="20.310043">
        <ele>106.714871</ele>
        <time>2026-08-06T17:41:39.043Z</time>
      </trkpt>
      <trkpt lat="44.926164" lon="20.311023">
        <ele>107.324058</ele>
        <time>2026-08-06T17:42:01.916Z</time>
      </trkpt>
      <trkpt lat="44.925204" lon="20.312710">
        <ele>107.220852</ele>
        <time>2026-08-06T17:42:34.898Z</time>
      </trkpt>
      <trkpt lat="44.924649" lon="20.313522">
        <ele>107.070022</ele>
        <time>2026-08-06T17:42:51.673Z</time>
      </trkpt>
      <trkpt lat="44.924479" lon="20.313758">
        <ele>107.017455</ele>
        <time>2026-08-06T17:42:56.787Z</time>
      </trkpt>
      <trkpt lat="44.924143" lon="20.314220">
        <ele>106.914044</ele>
        <time>2026-08-06T17:43:06.944Z</time>
      </trkpt>
      <trkpt lat="44.923811" lon="20.314576">
        <ele>106.822119</ele>
        <time>2026-08-06T17:43:16.156Z</time>
      </trkpt>
      <trkpt lat="44.923313" lon="20.315265">
        <ele>106.536235</ele>
        <time>2026-08-06T17:43:31.027Z</time>
      </trkpt>
      <trkpt lat="44.922828" lon="20.316000">
        <ele>106.130576</ele>
        <time>2026-08-06T17:43:45.210Z</time>
      </trkpt>
      <trkpt lat="44.922550" lon="20.316370">
        <ele>105.912748</ele>
        <time>2026-08-06T17:43:52.737Z</time>
      </trkpt>
      <trkpt lat="44.922383" lon="20.316651">
        <ele>105.764621</ele>
        <time>2026-08-06T17:43:57.911Z</time>
      </trkpt>
      <trkpt lat="44.921926" lon="20.317241">
        <ele>105.606389</ele>
        <time>2026-08-06T17:44:10.634Z</time>
      </trkpt>
      <trkpt lat="44.921568" lon="20.317774">
        <ele>105.493526</ele>
        <time>2026-08-06T17:44:21.548Z</time>
      </trkpt>
      <trkpt lat="44.921313" lon="20.318025">
        <ele>105.426088</ele>
        <time>2026-08-06T17:44:28.442Z</time>
      </trkpt>
      <trkpt lat="44.920903" lon="20.318264">
        <ele>105.343601</ele>
        <time>2026-08-06T17:44:38.705Z</time>
      </trkpt>
      <trkpt lat="44.920897" lon="20.318497">
        <ele>105.390431</ele>
        <time>2026-08-06T17:44:42.635Z</time>
      </trkpt>
      <trkpt lat="44.920805" lon="20.318731">
        <ele>105.444190</ele>
        <time>2026-08-06T17:44:47.166Z</time>
      </trkpt>
      <trkpt lat="44.920210" lon="20.319483">
        <ele>105.670687</ele>
        <time>2026-08-06T17:45:05.841Z</time>
      </trkpt>
      <trkpt lat="44.920158" lon="20.319560">
        <ele>105.692059</ele>
        <time>2026-08-06T17:45:07.599Z</time>
      </trkpt>
      <trkpt lat="44.920123" lon="20.319697">
        <ele>105.721313</ele>
        <time>2026-08-06T17:45:10.117Z</time>
      </trkpt>
      <trkpt lat="44.919932" lon="20.319858">
        <ele>105.784409</ele>
        <time>2026-08-06T17:45:18.676Z</time>
      </trkpt>
      <trkpt lat="44.919559" lon="20.320336">
        <ele>105.931168</ele>
        <time>2026-08-06T17:45:37.852Z</time>
      </trkpt>
      <trkpt lat="44.919162" lon="20.320749">
        <ele>106.077725</ele>
        <time>2026-08-06T17:45:56.042Z</time>
      </trkpt>
      <trkpt lat="44.918910" lon="20.321065">
        <ele>106.177891</ele>
        <time>2026-08-06T17:46:08.983Z</time>
      </trkpt>
      <trkpt lat="44.918579" lon="20.321395">
        <ele>106.298318</ele>
        <time>2026-08-06T17:46:24.891Z</time>
      </trkpt>
      <trkpt lat="44.918045" lon="20.321948">
        <ele>106.390615</ele>
        <time>2026-08-06T17:46:50.784Z</time>
      </trkpt>
      <trkpt lat="44.917555" lon="20.322272">
        <ele>106.404656</ele>
        <time>2026-08-06T17:47:11.262Z</time>
      </trkpt>
      <trkpt lat="44.916637" lon="20.322729">
        <ele>106.404347</ele>
        <time>2026-08-06T17:47:46.051Z</time>
      </trkpt>
      <trkpt lat="44.915790" lon="20.323201">
        <ele>106.197654</ele>
        <time>2026-08-06T17:48:18.713Z</time>
      </trkpt>
      <trkpt lat="44.915484" lon="20.323324">
        <ele>106.125435</ele>
        <time>2026-08-06T17:48:30.507Z</time>
      </trkpt>
      <trkpt lat="44.915058" lon="20.323542">
        <ele>106.022582</ele>
        <time>2026-08-06T17:48:47.517Z</time>
      </trkpt>
      <trkpt lat="44.913757" lon="20.324334">
        <ele>105.317522</ele>
        <time>2026-08-06T17:49:38.223Z</time>
      </trkpt>
      <trkpt lat="44.913454" lon="20.324470">
        <ele>105.158331</ele>
        <time>2026-08-06T17:49:48.780Z</time>
      </trkpt>
      <trkpt lat="44.912460" lon="20.325117">
        <ele>104.030623</ele>
        <time>2026-08-06T17:50:25.204Z</time>
      </trkpt>
      <trkpt lat="44.912151" lon="20.325354">
        <ele>103.653696</ele>
        <time>2026-08-06T17:50:37.053Z</time>
      </trkpt>
      <trkpt lat="44.911856" lon="20.325456">
        <ele>103.328141</ele>
        <time>2026-08-06T17:50:47.330Z</time>
      </trkpt>
      <trkpt lat="44.911618" lon="20.325630">
        <ele>103.076920</ele>
        <time>2026-08-06T17:50:56.444Z</time>
      </trkpt>
      <trkpt lat="44.909949" lon="20.327003">
        <ele>101.697023</ele>
        <time>2026-08-06T17:52:02.387Z</time>
      </trkpt>
      <trkpt lat="44.908259" lon="20.328461">
        <ele>101.366050</ele>
        <time>2026-08-06T17:53:16.690Z</time>
      </trkpt>
      <trkpt lat="44.907997" lon="20.328640">
        <ele>101.262396</ele>
        <time>2026-08-06T17:53:27.003Z</time>
      </trkpt>
      <trkpt lat="44.907450" lon="20.329134">
        <ele>101.031157</ele>
        <time>2026-08-06T17:53:49.863Z</time>
      </trkpt>
      <trkpt lat="44.907303" lon="20.329235">
        <ele>100.972937</ele>
        <time>2026-08-06T17:53:55.610Z</time>
      </trkpt>
      <trkpt lat="44.907253" lon="20.329245">
        <ele>100.954953</ele>
        <time>2026-08-06T17:53:57.347Z</time>
      </trkpt>
      <trkpt lat="44.907206" lon="20.329249">
        <ele>100.938185</ele>
        <time>2026-08-06T17:53:59.023Z</time>
      </trkpt>
      <trkpt lat="44.907143" lon="20.329344">
        <ele>100.905360</ele>
        <time>2026-08-06T17:54:02.198Z</time>
      </trkpt>
      <trkpt lat="44.906653" lon="20.329786">
        <ele>100.527595</ele>
        <time>2026-08-06T17:54:22.602Z</time>
      </trkpt>
      <trkpt lat="44.905884" lon="20.330388">
        <ele>99.931700</ele>
        <time>2026-08-06T17:54:53.425Z</time>
      </trkpt>
      <trkpt lat="44.905202" lon="20.330810">
        <ele>99.276671</ele>
        <time>2026-08-06T17:55:18.637Z</time>
      </trkpt>
      <trkpt lat="44.904898" lon="20.331046">
        <ele>98.895023</ele>
        <time>2026-08-06T17:55:30.110Z</time>
      </trkpt>
      <trkpt lat="44.904372" lon="20.331519">
        <ele>98.208975</ele>
        <time>2026-08-06T17:55:50.727Z</time>
      </trkpt>
      <trkpt lat="44.903962" lon="20.331804">
        <ele>97.706235</ele>
        <time>2026-08-06T17:56:06.133Z</time>
      </trkpt>
      <trkpt lat="44.902674" lon="20.332806">
        <ele>96.328128</ele>
        <time>2026-08-06T17:56:56.034Z</time>
      </trkpt>
      <trkpt lat="44.902587" lon="20.332940">
        <ele>96.207688</ele>
        <time>2026-08-06T17:57:00.423Z</time>
      </trkpt>
      <trkpt lat="44.902470" lon="20.333239">
        <ele>95.977946</ele>
        <time>2026-08-06T17:57:08.694Z</time>
      </trkpt>
      <trkpt lat="44.902383" lon="20.333397">
        <ele>95.827850</ele>
        <time>2026-08-06T17:57:13.561Z</time>
      </trkpt>
      <trkpt lat="44.901674" lon="20.333949">
        <ele>94.970524</ele>
        <time>2026-08-06T17:57:41.503Z</time>
      </trkpt>
      <trkpt lat="44.901047" lon="20.334611">
        <ele>94.141486</ele>
        <time>2026-08-06T17:58:07.383Z</time>
      </trkpt>
      <trkpt lat="44.900586" lon="20.334869">
        <ele>93.673739</ele>
        <time>2026-08-06T17:58:23.427Z</time>
      </trkpt>
      <trkpt lat="44.900397" lon="20.334972">
        <ele>93.484518</ele>
        <time>2026-08-06T17:58:29.937Z</time>
      </trkpt>
      <trkpt lat="44.899565" lon="20.335717">
        <ele>92.564302</ele>
        <time>2026-08-06T17:59:02.922Z</time>
      </trkpt>
      <trkpt lat="44.897323" lon="20.337539">
        <ele>93.440213</ele>
        <time>2026-08-06T18:00:47.313Z</time>
      </trkpt>
      <trkpt lat="44.896500" lon="20.338221">
        <ele>93.264415</ele>
        <time>2026-08-06T18:01:20.780Z</time>
      </trkpt>
      <trkpt lat="44.896115" lon="20.338687">
        <ele>92.981079</ele>
        <time>2026-08-06T18:01:37.472Z</time>
      </trkpt>
      <trkpt lat="44.895659" lon="20.339083">
        <ele>92.543054</ele>
        <time>2026-08-06T18:01:55.184Z</time>
      </trkpt>
      <trkpt lat="44.893370" lon="20.340969">
        <ele>91.092339</ele>
        <time>2026-08-06T18:03:28.318Z</time>
      </trkpt>
      <trkpt lat="44.892854" lon="20.341353">
        <ele>91.062030</ele>
        <time>2026-08-06T18:03:51.097Z</time>
      </trkpt>
      <trkpt lat="44.892530" lon="20.341404">
        <ele>91.071467</ele>
        <time>2026-08-06T18:04:03.951Z</time>
      </trkpt>
      <trkpt lat="44.892324" lon="20.341330">
        <ele>91.077620</ele>
        <time>2026-08-06T18:04:12.256Z</time>
      </trkpt>
      <trkpt lat="44.891859" lon="20.340763">
        <ele>91.095407</ele>
        <time>2026-08-06T18:04:35.216Z</time>
      </trkpt>
      <trkpt lat="44.889363" lon="20.338433">
        <ele>88.186746</ele>
        <time>2026-08-06T18:06:14.986Z</time>
      </trkpt>
      <trkpt lat="44.888229" lon="20.336578">
        <ele>86.876897</ele>
        <time>2026-08-06T18:07:15.034Z</time>
      </trkpt>
      <trkpt lat="44.886754" lon="20.334744">
        <ele>86.444629</ele>
        <time>2026-08-06T18:08:25.262Z</time>
      </trkpt>
      <trkpt lat="44.886610" lon="20.334690">
        <ele>86.450470</ele>
        <time>2026-08-06T18:08:30.868Z</time>
      </trkpt>
      <trkpt lat="44.886515" lon="20.334765">
        <ele>86.454737</ele>
        <time>2026-08-06T18:08:35.049Z</time>
      </trkpt>
      <trkpt lat="44.885093" lon="20.337909">
        <ele>88.155017</ele>
        <time>2026-08-06T18:10:21.465Z</time>
      </trkpt>
      <trkpt lat="44.884557" lon="20.339102">
        <ele>88.829762</ele>
        <time>2026-08-06T18:10:47.454Z</time>
      </trkpt>
      <trkpt lat="44.884280" lon="20.339727">
        <ele>89.005687</ele>
        <time>2026-08-06T18:10:59.751Z</time>
      </trkpt>
      <trkpt lat="44.884070" lon="20.340100">
        <ele>88.841301</ele>
        <time>2026-08-06T18:11:07.053Z</time>
      </trkpt>
      <trkpt lat="44.884048" lon="20.340139">
        <ele>88.824100</ele>
        <time>2026-08-06T18:11:07.783Z</time>
      </trkpt>
      <trkpt lat="44.881948" lon="20.337233">
        <ele>86.930638</ele>
        <time>2026-08-06T18:12:05.997Z</time>
      </trkpt>
      <trkpt lat="44.878957" lon="20.333116">
        <ele>84.323426</ele>
        <time>2026-08-06T18:13:29.868Z</time>
      </trkpt>
      <trkpt lat="44.878957" lon="20.333116">
        <ele>84.323426</ele>
        <time>2026-08-06T18:13:29.877Z</time>
      </trkpt>
      <trkpt lat="44.878330" lon="20.333643">
        <ele>84.161107</ele>
        <time>2026-08-06T18:13:48.738Z</time>
      </trkpt>
      <trkpt lat="44.878278" lon="20.333770">
        <ele>84.137989</ele>
        <time>2026-08-06T18:13:51.021Z</time>
      </trkpt>
      <trkpt lat="44.878079" lon="20.334225">
        <ele>84.053717</ele>
        <time>2026-08-06T18:13:59.562Z</time>
      </trkpt>
      <trkpt lat="44.877548" lon="20.335450">
        <ele>84.258393</ele>
        <time>2026-08-06T18:14:23.659Z</time>
      </trkpt>
      <trkpt lat="44.875900" lon="20.339252">
        <ele>85.109563</ele>
        <time>2026-08-06T18:15:36.885Z</time>
      </trkpt>
      <trkpt lat="44.875538" lon="20.340106">
        <ele>85.448206</ele>
        <time>2026-08-06T18:15:52.925Z</time>
      </trkpt>
      <trkpt lat="44.875482" lon="20.340234">
        <ele>85.499398</ele>
        <time>2026-08-06T18:15:55.454Z</time>
      </trkpt>
      <trkpt lat="44.875344" lon="20.340570">
        <ele>85.631556</ele>
        <time>2026-08-06T18:16:02.276Z</time>
      </trkpt>
      <trkpt lat="44.875247" lon="20.340791">
        <ele>85.720021</ele>
        <time>2026-08-06T18:16:07.181Z</time>
      </trkpt>
      <trkpt lat="44.875054" lon="20.341237">
        <ele>86.115478</ele>
        <time>2026-08-06T18:16:17.369Z</time>
      </trkpt>
      <trkpt lat="44.875028" lon="20.341296">
        <ele>86.176774</ele>
        <time>2026-08-06T18:16:18.770Z</time>
      </trkpt>
      <trkpt lat="44.874930" lon="20.341537">
        <ele>86.421914</ele>
        <time>2026-08-06T18:16:24.419Z</time>
      </trkpt>
      <trkpt lat="44.874679" lon="20.342084">
        <ele>86.996841</ele>
        <time>2026-08-06T18:16:37.802Z</time>
      </trkpt>
      <trkpt lat="44.874226" lon="20.343121">
        <ele>88.012752</ele>
        <time>2026-08-06T18:17:01.099Z</time>
      </trkpt>
      <trkpt lat="44.874070" lon="20.343478">
        <ele>88.076677</ele>
        <time>2026-08-06T18:17:08.568Z</time>
      </trkpt>
      <trkpt lat="44.873872" lon="20.343961">
        <ele>88.161723</ele>
        <time>2026-08-06T18:17:17.830Z</time>
      </trkpt>
      <trkpt lat="44.873732" lon="20.344294">
        <ele>88.220736</ele>
        <time>2026-08-06T18:17:23.985Z</time>
      </trkpt>
      <trkpt lat="44.873586" lon="20.344640">
        <ele>88.282113</ele>
        <time>2026-08-06T18:17:30.220Z</time>
      </trkpt>
      <trkpt lat="44.872586" lon="20.346923">
        <ele>88.021965</ele>
        <time>2026-08-06T18:18:10.832Z</time>
      </trkpt>
      <trkpt lat="44.872323" lon="20.347528">
        <ele>87.925869</ele>
        <time>2026-08-06T18:18:21.030Z</time>
      </trkpt>
      <trkpt lat="44.871896" lon="20.348511">
        <ele>87.951288</ele>
        <time>2026-08-06T18:18:38.781Z</time>
      </trkpt>
      <trkpt lat="44.871672" lon="20.349037">
        <ele>87.964817</ele>
        <time>2026-08-06T18:18:48.478Z</time>
      </trkpt>
      <trkpt lat="44.871558" lon="20.349301">
        <ele>87.971632</ele>
        <time>2026-08-06T18:18:53.823Z</time>
      </trkpt>
      <trkpt lat="44.871384" lon="20.349690">
        <ele>88.020184</ele>
        <time>2026-08-06T18:19:01.966Z</time>
      </trkpt>
      <trkpt lat="44.871275" lon="20.349936">
        <ele>88.094857</ele>
        <time>2026-08-06T18:19:07.134Z</time>
      </trkpt>
      <trkpt lat="44.871176" lon="20.350160">
        <ele>88.162803</ele>
        <time>2026-08-06T18:19:11.730Z</time>
      </trkpt>
      <trkpt lat="44.871012" lon="20.350540">
        <ele>88.277317</ele>
        <time>2026-08-06T18:19:19.181Z</time>
      </trkpt>
      <trkpt lat="44.870583" lon="20.351535">
        <ele>88.577084</ele>
        <time>2026-08-06T18:19:38.382Z</time>
      </trkpt>
      <trkpt lat="44.870118" lon="20.352630">
        <ele>88.859578</ele>
        <time>2026-08-06T18:19:59.380Z</time>
      </trkpt>
      <trkpt lat="44.869916" lon="20.353108">
        <ele>88.978760</ele>
        <time>2026-08-06T18:20:08.945Z</time>
      </trkpt>
      <trkpt lat="44.869806" lon="20.353381">
        <ele>89.046012</ele>
        <time>2026-08-06T18:20:14.322Z</time>
      </trkpt>
      <trkpt lat="44.869746" lon="20.353502">
        <ele>89.077638</ele>
        <time>2026-08-06T18:20:16.849Z</time>
      </trkpt>
      <trkpt lat="44.869547" lon="20.353939">
        <ele>89.159228</ele>
        <time>2026-08-06T18:20:25.649Z</time>
      </trkpt>
      <trkpt lat="44.869383" lon="20.354281">
        <ele>89.060022</ele>
        <time>2026-08-06T18:20:32.530Z</time>
      </trkpt>
      <trkpt lat="44.868916" lon="20.355299">
        <ele>88.768685</ele>
        <time>2026-08-06T18:20:50.040Z</time>
      </trkpt>
      <trkpt lat="44.868876" lon="20.355385">
        <ele>88.743971</ele>
        <time>2026-08-06T18:20:51.382Z</time>
      </trkpt>
      <trkpt lat="44.868784" lon="20.355603">
        <ele>88.683014</ele>
        <time>2026-08-06T18:20:54.792Z</time>
      </trkpt>
      <trkpt lat="44.868504" lon="20.356242">
        <ele>88.533470</ele>
        <time>2026-08-06T18:21:05.795Z</time>
      </trkpt>
      <trkpt lat="44.868301" lon="20.356717">
        <ele>88.466028</ele>
        <time>2026-08-06T18:21:14.545Z</time>
      </trkpt>
      <trkpt lat="44.868163" lon="20.357052">
        <ele>88.418916</ele>
        <time>2026-08-06T18:21:20.466Z</time>
      </trkpt>
      <trkpt lat="44.867939" lon="20.357601">
        <ele>88.341892</ele>
        <time>2026-08-06T18:21:30.274Z</time>
      </trkpt>
      <trkpt lat="44.867293" lon="20.359081">
        <ele>88.373989</ele>
        <time>2026-08-06T18:21:57.573Z</time>
      </trkpt>
      <trkpt lat="44.867215" lon="20.359259">
        <ele>88.397682</ele>
        <time>2026-08-06T18:22:00.676Z</time>
      </trkpt>
      <trkpt lat="44.867160" lon="20.359380">
        <ele>88.413956</ele>
        <time>2026-08-06T18:22:02.838Z</time>
      </trkpt>
      <trkpt lat="44.866988" lon="20.359755">
        <ele>88.464527</ele>
        <time>2026-08-06T18:22:10.208Z</time>
      </trkpt>
      <trkpt lat="44.866772" lon="20.360244">
        <ele>88.529762</ele>
        <time>2026-08-06T18:22:20.115Z</time>
      </trkpt>
      <trkpt lat="44.866590" lon="20.360663">
        <ele>88.798514</ele>
        <time>2026-08-06T18:22:28.547Z</time>
      </trkpt>
      <trkpt lat="44.866524" lon="20.360816">
        <ele>88.922999</ele>
        <time>2026-08-06T18:22:31.864Z</time>
      </trkpt>
      <trkpt lat="44.866260" lon="20.361404">
        <ele>89.406769</ele>
        <time>2026-08-06T18:22:44.881Z</time>
      </trkpt>
      <trkpt lat="44.866075" lon="20.361821">
        <ele>89.748689</ele>
        <time>2026-08-06T18:22:53.729Z</time>
      </trkpt>
      <trkpt lat="44.865856" lon="20.362341">
        <ele>90.169093</ele>
        <time>2026-08-06T18:23:05.123Z</time>
      </trkpt>
      <trkpt lat="44.865557" lon="20.363015">
        <ele>90.930327</ele>
        <time>2026-08-06T18:23:20.921Z</time>
      </trkpt>
      <trkpt lat="44.865300" lon="20.363624">
        <ele>91.671140</ele>
        <time>2026-08-06T18:23:36.395Z</time>
      </trkpt>
      <trkpt lat="44.864948" lon="20.364425">
        <ele>92.656217</ele>
        <time>2026-08-06T18:23:56.018Z</time>
      </trkpt>
      <trkpt lat="44.864937" lon="20.364449">
        <ele>92.686090</ele>
        <time>2026-08-06T18:23:56.579Z</time>
      </trkpt>
      <trkpt lat="44.864596" lon="20.365229">
        <ele>92.874302</ele>
        <time>2026-08-06T18:24:12.268Z</time>
      </trkpt>
      <trkpt lat="44.864084" lon="20.366425">
        <ele>92.690977</ele>
        <time>2026-08-06T18:24:32.528Z</time>
      </trkpt>
      <trkpt lat="44.863950" lon="20.366735">
        <ele>92.643336</ele>
        <time>2026-08-06T18:24:37.508Z</time>
      </trkpt>
      <trkpt lat="44.863632" lon="20.367472">
        <ele>92.766874</ele>
        <time>2026-08-06T18:24:49.676Z</time>
      </trkpt>
      <trkpt lat="44.863347" lon="20.368132">
        <ele>92.912816</ele>
        <time>2026-08-06T18:25:03.335Z</time>
      </trkpt>
      <trkpt lat="44.863248" lon="20.368355">
        <ele>92.962505</ele>
        <time>2026-08-06T18:25:08.055Z</time>
      </trkpt>
      <trkpt lat="44.863108" lon="20.368697">
        <ele>93.037086</ele>
        <time>2026-08-06T18:25:15.179Z</time>
      </trkpt>
      <trkpt lat="44.863061" lon="20.368807">
        <ele>93.061341</ele>
        <time>2026-08-06T18:25:17.425Z</time>
      </trkpt>
      <trkpt lat="44.863023" lon="20.368894">
        <ele>93.080639</ele>
        <time>2026-08-06T18:25:19.232Z</time>
      </trkpt>
      <trkpt lat="44.862880" lon="20.369237">
        <ele>93.193007</ele>
        <time>2026-08-06T18:25:26.352Z</time>
      </trkpt>
      <trkpt lat="44.862625" lon="20.369775">
        <ele>93.407322</ele>
        <time>2026-08-06T18:25:38.417Z</time>
      </trkpt>
      <trkpt lat="44.861750" lon="20.371787">
        <ele>93.534683</ele>
        <time>2026-08-06T18:26:17.237Z</time>
      </trkpt>
      <trkpt lat="44.861616" lon="20.372096">
        <ele>93.330719</ele>
        <time>2026-08-06T18:26:22.709Z</time>
      </trkpt>
      <trkpt lat="44.861019" lon="20.373449">
        <ele>92.349693</ele>
        <time>2026-08-06T18:26:43.727Z</time>
      </trkpt>
      <trkpt lat="44.860742" lon="20.374083">
        <ele>91.515441</ele>
        <time>2026-08-06T18:26:52.890Z</time>
      </trkpt>
      <trkpt lat="44.860515" lon="20.374593">
        <ele>90.840865</ele>
        <time>2026-08-06T18:27:00.692Z</time>
      </trkpt>
      <trkpt lat="44.860486" lon="20.374654">
        <ele>90.758589</ele>
        <time>2026-08-06T18:27:01.645Z</time>
      </trkpt>
      <trkpt lat="44.860467" lon="20.374695">
        <ele>90.703718</ele>
        <time>2026-08-06T18:27:02.259Z</time>
      </trkpt>
      <trkpt lat="44.860319" lon="20.375042">
        <ele>90.250079</ele>
        <time>2026-08-06T18:27:07.388Z</time>
      </trkpt>
      <trkpt lat="44.860288" lon="20.375114">
        <ele>90.155713</ele>
        <time>2026-08-06T18:27:08.451Z</time>
      </trkpt>
      <trkpt lat="44.860131" lon="20.375478">
        <ele>89.678417</ele>
        <time>2026-08-06T18:27:13.859Z</time>
      </trkpt>
      <trkpt lat="44.860022" lon="20.375730">
        <ele>89.570720</ele>
        <time>2026-08-06T18:27:17.843Z</time>
      </trkpt>
      <trkpt lat="44.860008" lon="20.375761">
        <ele>89.557559</ele>
        <time>2026-08-06T18:27:18.390Z</time>
      </trkpt>
      <trkpt lat="44.859920" lon="20.375964">
        <ele>89.472361</ele>
        <time>2026-08-06T18:27:22.042Z</time>
      </trkpt>
      <trkpt lat="44.859814" lon="20.376199">
        <ele>89.372629</ele>
        <time>2026-08-06T18:27:26.555Z</time>
      </trkpt>
      <trkpt lat="44.859699" lon="20.376449">
        <ele>89.265921</ele>
        <time>2026-08-06T18:27:31.014Z</time>
      </trkpt>
      <trkpt lat="44.859689" lon="20.376480">
        <ele>89.253726</ele>
        <time>2026-08-06T18:27:31.508Z</time>
      </trkpt>
      <trkpt lat="44.859624" lon="20.376462">
        <ele>89.220266</ele>
        <time>2026-08-06T18:27:32.818Z</time>
      </trkpt>
      <trkpt lat="44.859577" lon="20.376510">
        <ele>89.190958</ele>
        <time>2026-08-06T18:27:33.940Z</time>
      </trkpt>
      <trkpt lat="44.859507" lon="20.376654">
        <ele>89.128439</ele>
        <time>2026-08-06T18:27:36.297Z</time>
      </trkpt>
      <trkpt lat="44.859501" lon="20.376724">
        <ele>89.103193</ele>
        <time>2026-08-06T18:27:37.245Z</time>
      </trkpt>
      <trkpt lat="44.859506" lon="20.376808">
        <ele>89.073012</ele>
        <time>2026-08-06T18:27:38.369Z</time>
      </trkpt>
      <trkpt lat="44.859529" lon="20.376840">
        <ele>89.056694</ele>
        <time>2026-08-06T18:27:38.977Z</time>
      </trkpt>
      <trkpt lat="44.859517" lon="20.376866">
        <ele>89.045586</ele>
        <time>2026-08-06T18:27:39.405Z</time>
      </trkpt>
      <trkpt lat="44.859407" lon="20.377112">
        <ele>88.941445</ele>
        <time>2026-08-06T18:27:43.501Z</time>
      </trkpt>
      <trkpt lat="44.859250" lon="20.377461">
        <ele>88.793445</ele>
        <time>2026-08-06T18:27:49.823Z</time>
      </trkpt>
      <trkpt lat="44.859181" lon="20.377632">
        <ele>88.912091</ele>
        <time>2026-08-06T18:27:53.115Z</time>
      </trkpt>
      <trkpt lat="44.859153" lon="20.377777">
        <ele>89.089765</ele>
        <time>2026-08-06T18:27:55.710Z</time>
      </trkpt>
      <trkpt lat="44.859060" lon="20.377979">
        <ele>89.374532</ele>
        <time>2026-08-06T18:28:00.130Z</time>
      </trkpt>
      <trkpt lat="44.858749" lon="20.378664">
        <ele>90.336251</ele>
        <time>2026-08-06T18:28:17.017Z</time>
      </trkpt>
      <trkpt lat="44.858625" lon="20.378947">
        <ele>90.729591</ele>
        <time>2026-08-06T18:28:24.378Z</time>
      </trkpt>
      <trkpt lat="44.858583" lon="20.379037">
        <ele>90.856983</ele>
        <time>2026-08-06T18:28:26.787Z</time>
      </trkpt>
      <trkpt lat="44.858547" lon="20.379123">
        <ele>90.975063</ele>
        <time>2026-08-06T18:28:28.974Z</time>
      </trkpt>
      <trkpt lat="44.858349" lon="20.379569">
        <ele>91.597230</ele>
        <time>2026-08-06T18:28:41.013Z</time>
      </trkpt>
      <trkpt lat="44.858320" lon="20.379636">
        <ele>91.690042</ele>
        <time>2026-08-06T18:28:42.786Z</time>
      </trkpt>
      <trkpt lat="44.858174" lon="20.379980">
        <ele>92.233745</ele>
        <time>2026-08-06T18:28:52.076Z</time>
      </trkpt>
      <trkpt lat="44.857907" lon="20.380584">
        <ele>93.222927</ele>
        <time>2026-08-06T18:29:08.044Z</time>
      </trkpt>
      <trkpt lat="44.857576" lon="20.381331">
        <ele>94.447125</ele>
        <time>2026-08-06T18:29:26.327Z</time>
      </trkpt>
      <trkpt lat="44.857495" lon="20.381511">
        <ele>94.743410</ele>
        <time>2026-08-06T18:29:30.524Z</time>
      </trkpt>
      <trkpt lat="44.857324" lon="20.381890">
        <ele>95.325342</ele>
        <time>2026-08-06T18:29:39.618Z</time>
      </trkpt>
      <trkpt lat="44.857263" lon="20.382028">
        <ele>95.423303</ele>
        <time>2026-08-06T18:29:42.982Z</time>
      </trkpt>
      <trkpt lat="44.857144" lon="20.382305">
        <ele>95.618405</ele>
        <time>2026-08-06T18:29:49.490Z</time>
      </trkpt>
      <trkpt lat="44.856958" lon="20.382722">
        <ele>95.915175</ele>
        <time>2026-08-06T18:29:58.806Z</time>
      </trkpt>
      <trkpt lat="44.856889" lon="20.382872">
        <ele>96.022885</ele>
        <time>2026-08-06T18:30:02.101Z</time>
      </trkpt>
      <trkpt lat="44.856799" lon="20.383072">
        <ele>96.165580</ele>
        <time>2026-08-06T18:30:06.434Z</time>
      </trkpt>
      <trkpt lat="44.856946" lon="20.383194">
        <ele>96.310506</ele>
        <time>2026-08-06T18:30:10.844Z</time>
      </trkpt>
      <trkpt lat="44.858122" lon="20.384195">
        <ele>97.087401</ele>
        <time>2026-08-06T18:30:42.565Z</time>
      </trkpt>
      <trkpt lat="44.858028" lon="20.384377">
        <ele>97.142397</ele>
        <time>2026-08-06T18:30:46.220Z</time>
      </trkpt>
      <trkpt lat="44.857851" lon="20.384674">
        <ele>97.237161</ele>
        <time>2026-08-06T18:30:52.576Z</time>
      </trkpt>
      <trkpt lat="44.857537" lon="20.385209">
        <ele>97.406795</ele>
        <time>2026-08-06T18:31:03.966Z</time>
      </trkpt>
      <trkpt lat="44.857403" lon="20.385456">
        <ele>97.589432</ele>
        <time>2026-08-06T18:31:09.053Z</time>
      </trkpt>
      <trkpt lat="44.856971" lon="20.386332">
        <ele>98.515558</ele>
        <time>2026-08-06T18:31:30.046Z</time>
      </trkpt>
      <trkpt lat="44.856811" lon="20.386667">
        <ele>98.866128</ele>
        <time>2026-08-06T18:31:38.670Z</time>
      </trkpt>
      <trkpt lat="44.856713" lon="20.386893">
        <ele>99.096053</ele>
        <time>2026-08-06T18:31:44.158Z</time>
      </trkpt>
      <trkpt lat="44.856351" lon="20.387661">
        <ele>99.652342</ele>
        <time>2026-08-06T18:32:02.243Z</time>
      </trkpt>
      <trkpt lat="44.855710" lon="20.389069">
        <ele>99.705556</ele>
        <time>2026-08-06T18:32:29.864Z</time>
      </trkpt>
      <trkpt lat="44.855684" lon="20.389128">
        <ele>99.707766</ele>
        <time>2026-08-06T18:32:30.804Z</time>
      </trkpt>
      <trkpt lat="44.855273" lon="20.390050">
        <ele>99.111758</ele>
        <time>2026-08-06T18:32:45.158Z</time>
      </trkpt>
      <trkpt lat="44.855232" lon="20.390138">
        <ele>99.001910</ele>
        <time>2026-08-06T18:32:46.519Z</time>
      </trkpt>
      <trkpt lat="44.854996" lon="20.390705">
        <ele>98.316029</ele>
        <time>2026-08-06T18:32:54.918Z</time>
      </trkpt>
      <trkpt lat="44.854774" lon="20.391391">
        <ele>97.529388</ele>
        <time>2026-08-06T18:33:04.555Z</time>
      </trkpt>
      <trkpt lat="44.854627" lon="20.391856">
        <ele>97.042735</ele>
        <time>2026-08-06T18:33:11.084Z</time>
      </trkpt>
      <trkpt lat="44.854539" lon="20.392132">
        <ele>96.905306</ele>
        <time>2026-08-06T18:33:15.035Z</time>
      </trkpt>
      <trkpt lat="44.854321" lon="20.392824">
        <ele>96.561429</ele>
        <time>2026-08-06T18:33:25.397Z</time>
      </trkpt>
      <trkpt lat="44.853825" lon="20.394408">
        <ele>96.048668</ele>
        <time>2026-08-06T18:33:51.939Z</time>
      </trkpt>
      <trkpt lat="44.853803" lon="20.394480">
        <ele>96.078110</ele>
        <time>2026-08-06T18:33:53.214Z</time>
      </trkpt>
      <trkpt lat="44.853235" lon="20.396279">
        <ele>96.817656</ele>
        <time>2026-08-06T18:34:27.764Z</time>
      </trkpt>
      <trkpt lat="44.853184" lon="20.396432">
        <ele>96.884969</ele>
        <time>2026-08-06T18:34:30.845Z</time>
      </trkpt>
      <trkpt lat="44.852952" lon="20.397170">
        <ele>97.515513</ele>
        <time>2026-08-06T18:34:45.927Z</time>
      </trkpt>
      <trkpt lat="44.852847" lon="20.397503">
        <ele>97.800170</ele>
        <time>2026-08-06T18:34:52.889Z</time>
      </trkpt>
      <trkpt lat="44.852739" lon="20.397846">
        <ele>98.093306</ele>
        <time>2026-08-06T18:35:00.152Z</time>
      </trkpt>
      <trkpt lat="44.852254" lon="20.399393">
        <ele>99.351941</ele>
        <time>2026-08-06T18:35:32.548Z</time>
      </trkpt>
      <trkpt lat="44.852004" lon="20.400182">
        <ele>99.950922</ele>
        <time>2026-08-06T18:35:48.575Z</time>
      </trkpt>
      <trkpt lat="44.851917" lon="20.400458">
        <ele>100.160271</ele>
        <time>2026-08-06T18:35:53.969Z</time>
      </trkpt>
      <trkpt lat="44.851066" lon="20.403143">
        <ele>101.925531</ele>
        <time>2026-08-06T18:36:47.199Z</time>
      </trkpt>
      <trkpt lat="44.850788" lon="20.404224">
        <ele>102.323220</ele>
        <time>2026-08-06T18:37:07.324Z</time>
      </trkpt>
      <trkpt lat="44.850767" lon="20.404534">
        <ele>102.410634</ele>
        <time>2026-08-06T18:37:12.711Z</time>
      </trkpt>
      <trkpt lat="44.850765" lon="20.404953">
        <ele>102.528252</ele>
        <time>2026-08-06T18:37:19.836Z</time>
      </trkpt>
      <trkpt lat="44.850763" lon="20.405234">
        <ele>102.607133</ele>
        <time>2026-08-06T18:37:24.463Z</time>
      </trkpt>
      <trkpt lat="44.850771" lon="20.405753">
        <ele>102.752852</ele>
        <time>2026-08-06T18:37:33.213Z</time>
      </trkpt>
      <trkpt lat="44.850772" lon="20.405791">
        <ele>102.763526</ele>
        <time>2026-08-06T18:37:33.773Z</time>
      </trkpt>
      <trkpt lat="44.850788" lon="20.406307">
        <ele>103.069790</ele>
        <time>2026-08-06T18:37:41.414Z</time>
      </trkpt>
      <trkpt lat="44.850783" lon="20.406381">
        <ele>103.117782</ele>
        <time>2026-08-06T18:37:42.622Z</time>
      </trkpt>
      <trkpt lat="44.850770" lon="20.406431">
        <ele>103.152166</ele>
        <time>2026-08-06T18:37:43.381Z</time>
      </trkpt>
      <trkpt lat="44.850716" lon="20.406476">
        <ele>103.209283</ele>
        <time>2026-08-06T18:37:44.737Z</time>
      </trkpt>
      <trkpt lat="44.850391" lon="20.406553">
        <ele>103.509398</ele>
        <time>2026-08-06T18:37:52.697Z</time>
      </trkpt>
      <trkpt lat="44.850355" lon="20.406586">
        <ele>103.548497</ele>
        <time>2026-08-06T18:37:53.825Z</time>
      </trkpt>
      <trkpt lat="44.850327" lon="20.406722">
        <ele>103.639930</ele>
        <time>2026-08-06T18:37:56.466Z</time>
      </trkpt>
      <trkpt lat="44.850133" lon="20.407818">
        <ele>104.369257</ele>
        <time>2026-08-06T18:38:19.916Z</time>
      </trkpt>
      <trkpt lat="44.850053" lon="20.407860">
        <ele>104.382451</ele>
        <time>2026-08-06T18:38:22.387Z</time>
      </trkpt>
      <trkpt lat="44.849390" lon="20.407910">
        <ele>103.398732</ele>
        <time>2026-08-06T18:38:40.763Z</time>
      </trkpt>
      <trkpt lat="44.849383" lon="20.408709">
        <ele>102.559386</ele>
        <time>2026-08-06T18:38:52.868Z</time>
      </trkpt>
      <trkpt lat="44.849376" lon="20.409060">
        <ele>102.190544</ele>
        <time>2026-08-06T18:38:57.157Z</time>
      </trkpt>
      <trkpt lat="44.849353" lon="20.409498">
        <ele>101.592251</ele>
        <time>2026-08-06T18:39:02.006Z</time>
      </trkpt>
      <trkpt lat="44.849265" lon="20.410072">
        <ele>97.991445</ele>
        <time>2026-08-06T18:39:08.095Z</time>
      </trkpt>
      <trkpt lat="44.849119" lon="20.410342">
        <ele>95.909373</ele>
        <time>2026-08-06T18:39:11.530Z</time>
      </trkpt>
      <trkpt lat="44.848878" lon="20.410719">
        <ele>92.796882</ele>
        <time>2026-08-06T18:39:16.606Z</time>
      </trkpt>
      <trkpt lat="44.848457" lon="20.411279">
        <ele>87.792191</ele>
        <time>2026-08-06T18:39:24.811Z</time>
      </trkpt>
      <trkpt lat="44.848249" lon="20.411652">
        <ele>85.614051</ele>
        <time>2026-08-06T18:39:29.733Z</time>
      </trkpt>
      <trkpt lat="44.848056" lon="20.411997">
        <ele>84.413440</ele>
        <time>2026-08-06T18:39:34.504Z</time>
      </trkpt>
      <trkpt lat="44.847908" lon="20.412183">
        <ele>83.649593</ele>
        <time>2026-08-06T18:39:37.676Z</time>
      </trkpt>
      <trkpt lat="44.847744" lon="20.412302">
        <ele>82.938913</ele>
        <time>2026-08-06T18:39:40.762Z</time>
      </trkpt>
      <trkpt lat="44.847721" lon="20.412316">
        <ele>82.842383</ele>
        <time>2026-08-06T18:39:41.203Z</time>
      </trkpt>
      <trkpt lat="44.847517" lon="20.412422">
        <ele>82.004643</ele>
        <time>2026-08-06T18:39:56.305Z</time>
      </trkpt>
      <trkpt lat="44.847721" lon="20.412316">
        <ele>81.166903</ele>
        <time>2026-08-06T18:40:00.188Z</time>
      </trkpt>
      <trkpt lat="44.847744" lon="20.412302">
        <ele>81.070374</ele>
        <time>2026-08-06T18:40:00.689Z</time>
      </trkpt>
      <trkpt lat="44.847908" lon="20.412183">
        <ele>80.359694</ele>
        <time>2026-08-06T18:40:04.328Z</time>
      </trkpt>
      <trkpt lat="44.847908" lon="20.412183">
        <ele>80.359694</ele>
        <time>2026-08-06T18:40:04.337Z</time>
      </trkpt>
      <trkpt lat="44.847362" lon="20.412502">
        <ele>78.951311</ele>
        <time>2026-08-06T18:40:19.620Z</time>
      </trkpt>
      <trkpt lat="44.847284" lon="20.412543">
        <ele>78.865022</ele>
        <time>2026-08-06T18:40:25.379Z</time>
      </trkpt>
      <trkpt lat="44.847097" lon="20.412641">
        <ele>78.658225</ele>
        <time>2026-08-06T18:40:39.270Z</time>
      </trkpt>
      <trkpt lat="44.846796" lon="20.412798">
        <ele>78.325549</ele>
        <time>2026-08-06T18:41:01.588Z</time>
      </trkpt>
      <trkpt lat="44.846768" lon="20.412818">
        <ele>78.293014</ele>
        <time>2026-08-06T18:41:03.757Z</time>
      </trkpt>
      <trkpt lat="44.846773" lon="20.412868">
        <ele>78.255902</ele>
        <time>2026-08-06T18:41:04.393Z</time>
      </trkpt>
      <trkpt lat="44.846832" lon="20.413455">
        <ele>77.820167</ele>
        <time>2026-08-06T18:41:12.339Z</time>
      </trkpt>
      <trkpt lat="44.846845" lon="20.413736">
        <ele>77.613204</ele>
        <time>2026-08-06T18:41:16.345Z</time>
      </trkpt>
      <trkpt lat="44.846869" lon="20.414230">
        <ele>77.261067</ele>
        <time>2026-08-06T18:41:23.638Z</time>
      </trkpt>
      <trkpt lat="44.846873" lon="20.414384">
        <ele>77.156293</ele>
        <time>2026-08-06T18:41:25.749Z</time>
      </trkpt>
      <trkpt lat="44.846803" lon="20.414374">
        <ele>77.088822</ele>
        <time>2026-08-06T18:41:27.183Z</time>
      </trkpt>
      <trkpt lat="44.846756" lon="20.414446">
        <ele>77.022281</ele>
        <time>2026-08-06T18:41:28.550Z</time>
      </trkpt>
      <trkpt lat="44.846771" lon="20.414549">
        <ele>76.950789</ele>
        <time>2026-08-06T18:41:30.102Z</time>
      </trkpt>
      <trkpt lat="44.846503" lon="20.414755">
        <ele>76.658101</ele>
        <time>2026-08-06T18:41:36.337Z</time>
      </trkpt>
      <trkpt lat="44.846120" lon="20.415015">
        <ele>76.250492</ele>
        <time>2026-08-06T18:41:44.978Z</time>
      </trkpt>
      <trkpt lat="44.846188" lon="20.415196">
        <ele>76.111220</ele>
        <time>2026-08-06T18:41:47.817Z</time>
      </trkpt>
      <trkpt lat="44.846199" lon="20.415311">
        <ele>76.032322</ele>
        <time>2026-08-06T18:41:49.454Z</time>
      </trkpt>
      <trkpt lat="44.846166" lon="20.415408">
        <ele>75.959172</ele>
        <time>2026-08-06T18:41:51.022Z</time>
      </trkpt>
      <trkpt lat="44.846020" lon="20.415508">
        <ele>75.803528</ele>
        <time>2026-08-06T18:41:54.213Z</time>
      </trkpt>
      <trkpt lat="44.845850" lon="20.415642">
        <ele>75.618814</ele>
        <time>2026-08-06T18:41:57.810Z</time>
      </trkpt>
      <trkpt lat="44.845643" lon="20.415789">
        <ele>75.403547</ele>
        <time>2026-08-06T18:42:01.986Z</time>
      </trkpt>
      <trkpt lat="44.844918" lon="20.416307">
        <ele>74.648659</ele>
        <time>2026-08-06T18:42:16.900Z</time>
      </trkpt>
      <trkpt lat="44.844078" lon="20.416781">
        <ele>74.010607</ele>
        <time>2026-08-06T18:42:36.250Z</time>
      </trkpt>
      <trkpt lat="44.843429" lon="20.417138">
        <ele>74.009059</ele>
        <time>2026-08-06T18:42:52.170Z</time>
      </trkpt>
      <trkpt lat="44.842718" lon="20.417426">
        <ele>74.007416</ele>
        <time>2026-08-06T18:43:08.608Z</time>
      </trkpt>
      <trkpt lat="44.842292" lon="20.417601">
        <ele>74.041369</ele>
        <time>2026-08-06T18:43:18.394Z</time>
      </trkpt>
      <trkpt lat="44.840924" lon="20.418065">
        <ele>74.202245</ele>
        <time>2026-08-06T18:43:50.165Z</time>
      </trkpt>
      <trkpt lat="44.839436" lon="20.418515">
        <ele>74.582250</ele>
        <time>2026-08-06T18:44:26.771Z</time>
      </trkpt>
      <trkpt lat="44.839138" lon="20.418598">
        <ele>74.660741</ele>
        <time>2026-08-06T18:44:33.381Z</time>
      </trkpt>
      <trkpt lat="44.838789" lon="20.418689">
        <ele>74.615523</ele>
        <time>2026-08-06T18:44:40.973Z</time>
      </trkpt>
      <trkpt lat="44.838348" lon="20.418816">
        <ele>74.519280</ele>
        <time>2026-08-06T18:44:50.422Z</time>
      </trkpt>
      <trkpt lat="44.838097" lon="20.418880">
        <ele>74.464740</ele>
        <time>2026-08-06T18:44:55.833Z</time>
      </trkpt>
      <trkpt lat="44.837573" lon="20.419027">
        <ele>74.350501</ele>
        <time>2026-08-06T18:45:06.827Z</time>
      </trkpt>
      <trkpt lat="44.837199" lon="20.419106">
        <ele>74.290958</ele>
        <time>2026-08-06T18:45:15.087Z</time>
      </trkpt>
      <trkpt lat="44.837007" lon="20.419028">
        <ele>74.287338</ele>
        <time>2026-08-06T18:45:19.798Z</time>
      </trkpt>
      <trkpt lat="44.836879" lon="20.418978">
        <ele>74.284931</ele>
        <time>2026-08-06T18:45:22.927Z</time>
      </trkpt>
      <trkpt lat="44.836655" lon="20.419036">
        <ele>74.280805</ele>
        <time>2026-08-06T18:45:28.186Z</time>
      </trkpt>
      <trkpt lat="44.836208" lon="20.419137">
        <ele>74.272603</ele>
        <time>2026-08-06T18:45:38.703Z</time>
      </trkpt>
      <trkpt lat="44.836003" lon="20.419181">
        <ele>74.268846</ele>
        <time>2026-08-06T18:45:43.394Z</time>
      </trkpt>
      <trkpt lat="44.835911" lon="20.419200">
        <ele>74.267162</ele>
        <time>2026-08-06T18:45:45.376Z</time>
      </trkpt>
      <trkpt lat="44.835107" lon="20.419370">
        <ele>74.245247</ele>
        <time>2026-08-06T18:46:02.426Z</time>
      </trkpt>
      <trkpt lat="44.834269" lon="20.419581">
        <ele>74.215818</ele>
        <time>2026-08-06T18:46:21.013Z</time>
      </trkpt>
      <trkpt lat="44.834218" lon="20.419596">
        <ele>74.214016</ele>
        <time>2026-08-06T18:46:22.232Z</time>
      </trkpt>
      <trkpt lat="44.833377" lon="20.419800">
        <ele>74.324465</ele>
        <time>2026-08-06T18:46:41.869Z</time>
      </trkpt>
      <trkpt lat="44.833329" lon="20.419817">
        <ele>74.340300</ele>
        <time>2026-08-06T18:46:43.054Z</time>
      </trkpt>
      <trkpt lat="44.832473" lon="20.420082">
        <ele>74.620704</ele>
        <time>2026-08-06T18:47:03.907Z</time>
      </trkpt>
      <trkpt lat="44.831656" lon="20.420360">
        <ele>74.842819</ele>
        <time>2026-08-06T18:47:23.869Z</time>
      </trkpt>
      <trkpt lat="44.831630" lon="20.420370">
        <ele>74.847963</ele>
        <time>2026-08-06T18:47:24.513Z</time>
      </trkpt>
      <trkpt lat="44.831559" lon="20.420402">
        <ele>74.862189</ele>
        <time>2026-08-06T18:47:26.286Z</time>
      </trkpt>
      <trkpt lat="44.831515" lon="20.420388">
        <ele>74.870797</ele>
        <time>2026-08-06T18:47:27.412Z</time>
      </trkpt>
      <trkpt lat="44.830489" lon="20.420797">
        <ele>75.074288</ele>
        <time>2026-08-06T18:47:51.834Z</time>
      </trkpt>
      <trkpt lat="44.830363" lon="20.420853">
        <ele>75.099501</ele>
        <time>2026-08-06T18:47:54.713Z</time>
      </trkpt>
      <trkpt lat="44.829487" lon="20.421251">
        <ele>75.162964</ele>
        <time>2026-08-06T18:48:14.845Z</time>
      </trkpt>
      <trkpt lat="44.829235" lon="20.421388">
        <ele>75.177962</ele>
        <time>2026-08-06T18:48:20.833Z</time>
      </trkpt>
      <trkpt lat="44.828266" lon="20.421916">
        <ele>75.239115</ele>
        <time>2026-08-06T18:48:45.065Z</time>
      </trkpt>
      <trkpt lat="44.828165" lon="20.421973">
        <ele>75.246266</ele>
        <time>2026-08-06T18:48:47.625Z</time>
      </trkpt>
      <trkpt lat="44.828058" lon="20.422034">
        <ele>75.253854</ele>
        <time>2026-08-06T18:48:50.348Z</time>
      </trkpt>
      <trkpt lat="44.827965" lon="20.422066">
        <ele>75.260147</ele>
        <time>2026-08-06T18:48:52.626Z</time>
      </trkpt>
      <trkpt lat="44.827620" lon="20.422165">
        <ele>75.283291</ele>
        <time>2026-08-06T18:49:00.516Z</time>
      </trkpt>
      <trkpt lat="44.827184" lon="20.422230">
        <ele>75.312113</ele>
        <time>2026-08-06T18:49:10.048Z</time>
      </trkpt>
      <trkpt lat="44.826948" lon="20.422254">
        <ele>75.327668</ele>
        <time>2026-08-06T18:49:15.173Z</time>
      </trkpt>
      <trkpt lat="44.826441" lon="20.422338">
        <ele>75.441209</ele>
        <time>2026-08-06T18:49:26.095Z</time>
      </trkpt>
      <trkpt lat="44.826110" lon="20.422542">
        <ele>75.537508</ele>
        <time>2026-08-06T18:49:33.993Z</time>
      </trkpt>
      <trkpt lat="44.825841" lon="20.422777">
        <ele>75.621867</ele>
        <time>2026-08-06T18:49:41.182Z</time>
      </trkpt>
      <trkpt lat="44.825423" lon="20.423221">
        <ele>75.761381</ele>
        <time>2026-08-06T18:49:54.067Z</time>
      </trkpt>
      <trkpt lat="44.824905" lon="20.423871">
        <ele>76.177023</ele>
        <time>2026-08-06T18:50:11.925Z</time>
      </trkpt>
      <trkpt lat="44.824513" lon="20.424469">
        <ele>76.600759</ele>
        <time>2026-08-06T18:50:26.961Z</time>
      </trkpt>
      <trkpt lat="44.824374" lon="20.424613">
        <ele>76.727311</ele>
        <time>2026-08-06T18:50:31.371Z</time>
      </trkpt>
      <trkpt lat="44.824329" lon="20.424684">
        <ele>76.776860</ele>
        <time>2026-08-06T18:50:33.057Z</time>
      </trkpt>
      <trkpt lat="44.824249" lon="20.425052">
        <ele>76.977153</ele>
        <time>2026-08-06T18:50:39.807Z</time>
      </trkpt>
      <trkpt lat="44.824152" lon="20.425246">
        <ele>77.100670</ele>
        <time>2026-08-06T18:50:43.897Z</time>
      </trkpt>
      <trkpt lat="44.823973" lon="20.425475">
        <ele>77.118365</ele>
        <time>2026-08-06T18:50:49.657Z</time>
      </trkpt>
      <trkpt lat="44.823729" lon="20.425918">
        <ele>77.086316</ele>
        <time>2026-08-06T18:50:58.916Z</time>
      </trkpt>
      <trkpt lat="44.823350" lon="20.426504">
        <ele>77.041001</ele>
        <time>2026-08-06T18:51:11.462Z</time>
      </trkpt>
      <trkpt lat="44.823204" lon="20.426796">
        <ele>77.020588</ele>
        <time>2026-08-06T18:51:16.765Z</time>
      </trkpt>
      <trkpt lat="44.822904" lon="20.427204">
        <ele>76.970863</ele>
        <time>2026-08-06T18:51:25.240Z</time>
      </trkpt>
      <trkpt lat="44.822783" lon="20.427637">
        <ele>76.753673</ele>
        <time>2026-08-06T18:51:31.773Z</time>
      </trkpt>
      <trkpt lat="44.822611" lon="20.428020">
        <ele>76.542120</ele>
        <time>2026-08-06T18:51:38.028Z</time>
      </trkpt>
      <trkpt lat="44.822048" lon="20.429084">
        <ele>75.922619</ele>
        <time>2026-08-06T18:51:56.723Z</time>
      </trkpt>
      <trkpt lat="44.822016" lon="20.429192">
        <ele>75.867996</ele>
        <time>2026-08-06T18:51:58.454Z</time>
      </trkpt>
      <trkpt lat="44.821743" lon="20.430897">
        <ele>75.805835</ele>
        <time>2026-08-06T18:52:25.174Z</time>
      </trkpt>
      <trkpt lat="44.821674" lon="20.431880">
        <ele>75.805835</ele>
        <time>2026-08-06T18:52:37.720Z</time>
      </trkpt>
      <trkpt lat="44.821787" lon="20.431976">
        <ele>75.805835</ele>
        <time>2026-08-06T18:52:46.908Z</time>
      </trkpt>
      <trkpt lat="44.821843" lon="20.431623">
        <ele>75.805835</ele>
        <time>2026-08-06T18:53:04.767Z</time>
      </trkpt>
      <trkpt lat="44.822266" lon="20.431682">
        <ele>75.805835</ele>
        <time>2026-08-06T18:53:14.814Z</time>
      </trkpt>
    </trkseg>
  </trk>
</gpx>