<?xml version='1.0' encoding='UTF-8'?>
<gpx version="1.1" creator="https://www.komoot.de" xmlns="http://www.topografix.com/GPX/1/1" xmlns:xsi="http://www.w3.org/2001/XMLSchema-instance" xsi:schemaLocation="http://www.topografix.com/GPX/1/1 http://www.topografix.com/GPX/1/1/gpx.xsd">
  <metadata>
    <name>Belgrad nach Smederevska Palanka</name>
    <author>
      <link href="https://www.komoot.de">
        <text>komoot</text>
        <type>text/html</type>
      </link>
    </author>
  </metadata>
  <trk>
    <name>Belgrad nach Smederevska Palanka</name>
    <type>touring_bicycle</type>
    <trkseg>
      <trkpt lat="44.821781" lon="20.432704">
        <ele>75.620181</ele>
        <time>2026-08-07T13:09:42.810Z</time>
      </trkpt>
      <trkpt lat="44.821718" lon="20.432691">
        <ele>75.620181</ele>
        <time>2026-08-07T13:09:47.220Z</time>
      </trkpt>
      <trkpt lat="44.821787" lon="20.431976">
        <ele>75.620181</ele>
        <time>2026-08-07T13:10:22.788Z</time>
      </trkpt>
      <trkpt lat="44.821674" lon="20.431880">
        <ele>75.620181</ele>
        <time>2026-08-07T13:10:31.974Z</time>
      </trkpt>
      <trkpt lat="44.821544" lon="20.433784">
        <ele>75.100185</ele>
        <time>2026-08-07T13:11:00.783Z</time>
      </trkpt>
      <trkpt lat="44.821580" lon="20.434715">
        <ele>74.814011</ele>
        <time>2026-08-07T13:11:14.043Z</time>
      </trkpt>
      <trkpt lat="44.821466" lon="20.435005">
        <ele>74.786253</ele>
        <time>2026-08-07T13:11:18.648Z</time>
      </trkpt>
      <trkpt lat="44.821251" lon="20.435140">
        <ele>74.758473</ele>
        <time>2026-08-07T13:11:23.279Z</time>
      </trkpt>
      <trkpt lat="44.821197" lon="20.435201">
        <ele>74.750306</ele>
        <time>2026-08-07T13:11:24.663Z</time>
      </trkpt>
      <trkpt lat="44.821117" lon="20.435479">
        <ele>74.725189</ele>
        <time>2026-08-07T13:11:29.011Z</time>
      </trkpt>
      <trkpt lat="44.821115" lon="20.435588">
        <ele>74.716060</ele>
        <time>2026-08-07T13:11:30.631Z</time>
      </trkpt>
      <trkpt lat="44.821236" lon="20.436000">
        <ele>74.678728</ele>
        <time>2026-08-07T13:11:37.604Z</time>
      </trkpt>
      <trkpt lat="44.821271" lon="20.436204">
        <ele>74.661156</ele>
        <time>2026-08-07T13:11:41.044Z</time>
      </trkpt>
      <trkpt lat="44.821334" lon="20.436795">
        <ele>74.611122</ele>
        <time>2026-08-07T13:11:51.227Z</time>
      </trkpt>
      <trkpt lat="44.821348" lon="20.437143">
        <ele>74.748327</ele>
        <time>2026-08-07T13:11:57.379Z</time>
      </trkpt>
      <trkpt lat="44.821397" lon="20.437448">
        <ele>74.911315</ele>
        <time>2026-08-07T13:12:03.006Z</time>
      </trkpt>
      <trkpt lat="44.821527" lon="20.437883">
        <ele>75.157330</ele>
        <time>2026-08-07T13:12:11.948Z</time>
      </trkpt>
      <trkpt lat="44.821641" lon="20.438398">
        <ele>75.438505</ele>
        <time>2026-08-07T13:12:22.122Z</time>
      </trkpt>
      <trkpt lat="44.821677" lon="20.438698">
        <ele>75.597081</ele>
        <time>2026-08-07T13:12:27.621Z</time>
      </trkpt>
      <trkpt lat="44.821677" lon="20.438928">
        <ele>75.716952</ele>
        <time>2026-08-07T13:12:31.639Z</time>
      </trkpt>
      <trkpt lat="44.821639" lon="20.439256">
        <ele>75.890165</ele>
        <time>2026-08-07T13:12:37.300Z</time>
      </trkpt>
      <trkpt lat="44.821562" lon="20.439546">
        <ele>75.912786</ele>
        <time>2026-08-07T13:12:42.491Z</time>
      </trkpt>
      <trkpt lat="44.821502" lon="20.439642">
        <ele>75.905431</ele>
        <time>2026-08-07T13:12:44.660Z</time>
      </trkpt>
      <trkpt lat="44.820687" lon="20.439217">
        <ele>75.835012</ele>
        <time>2026-08-07T13:13:04.451Z</time>
      </trkpt>
      <trkpt lat="44.820575" lon="20.439157">
        <ele>75.825303</ele>
        <time>2026-08-07T13:13:07.019Z</time>
      </trkpt>
      <trkpt lat="44.819136" lon="20.438398">
        <ele>75.123957</ele>
        <time>2026-08-07T13:13:37.653Z</time>
      </trkpt>
      <trkpt lat="44.819023" lon="20.438296">
        <ele>75.034697</ele>
        <time>2026-08-07T13:13:40.156Z</time>
      </trkpt>
      <trkpt lat="44.818046" lon="20.437402">
        <ele>74.982938</ele>
        <time>2026-08-07T13:14:03.958Z</time>
      </trkpt>
      <trkpt lat="44.817880" lon="20.437258">
        <ele>75.142259</ele>
        <time>2026-08-07T13:14:09.009Z</time>
      </trkpt>
      <trkpt lat="44.817863" lon="20.437234">
        <ele>75.161925</ele>
        <time>2026-08-07T13:14:09.648Z</time>
      </trkpt>
      <trkpt lat="44.817822" lon="20.437331">
        <ele>75.227396</ele>
        <time>2026-08-07T13:14:11.770Z</time>
      </trkpt>
      <trkpt lat="44.817795" lon="20.437390">
        <ele>75.268107</ele>
        <time>2026-08-07T13:14:13.108Z</time>
      </trkpt>
      <trkpt lat="44.817680" lon="20.437604">
        <ele>75.423776</ele>
        <time>2026-08-07T13:14:18.312Z</time>
      </trkpt>
      <trkpt lat="44.817332" lon="20.438100">
        <ele>75.828286</ele>
        <time>2026-08-07T13:14:32.462Z</time>
      </trkpt>
      <trkpt lat="44.817140" lon="20.438311">
        <ele>76.027281</ele>
        <time>2026-08-07T13:14:39.652Z</time>
      </trkpt>
      <trkpt lat="44.816768" lon="20.438653">
        <ele>76.175603</ele>
        <time>2026-08-07T13:14:52.519Z</time>
      </trkpt>
      <trkpt lat="44.816505" lon="20.438856">
        <ele>76.263988</ele>
        <time>2026-08-07T13:15:00.130Z</time>
      </trkpt>
      <trkpt lat="44.816165" lon="20.439042">
        <ele>76.371492</ele>
        <time>2026-08-07T13:15:08.249Z</time>
      </trkpt>
      <trkpt lat="44.815908" lon="20.439142">
        <ele>76.450081</ele>
        <time>2026-08-07T13:15:13.525Z</time>
      </trkpt>
      <trkpt lat="44.815607" lon="20.439225">
        <ele>76.540489</ele>
        <time>2026-08-07T13:15:19.650Z</time>
      </trkpt>
      <trkpt lat="44.815107" lon="20.439284">
        <ele>76.578755</ele>
        <time>2026-08-07T13:15:29.853Z</time>
      </trkpt>
      <trkpt lat="44.814885" lon="20.439301">
        <ele>76.574999</ele>
        <time>2026-08-07T13:15:34.542Z</time>
      </trkpt>
      <trkpt lat="44.814855" lon="20.439345">
        <ele>76.574267</ele>
        <time>2026-08-07T13:15:35.513Z</time>
      </trkpt>
      <trkpt lat="44.814889" lon="20.440059">
        <ele>76.565691</ele>
        <time>2026-08-07T13:15:46.870Z</time>
      </trkpt>
      <trkpt lat="44.814838" lon="20.440063">
        <ele>76.564828</ele>
        <time>2026-08-07T13:15:47.958Z</time>
      </trkpt>
      <trkpt lat="44.814805" lon="20.440065">
        <ele>76.564270</ele>
        <time>2026-08-07T13:15:48.704Z</time>
      </trkpt>
      <trkpt lat="44.814837" lon="20.440893">
        <ele>76.554332</ele>
        <time>2026-08-07T13:16:02.715Z</time>
      </trkpt>
      <trkpt lat="44.814755" lon="20.440873">
        <ele>76.569887</ele>
        <time>2026-08-07T13:16:04.877Z</time>
      </trkpt>
      <trkpt lat="44.814668" lon="20.440907">
        <ele>76.587044</ele>
        <time>2026-08-07T13:16:07.158Z</time>
      </trkpt>
      <trkpt lat="44.814655" lon="20.441067">
        <ele>76.608755</ele>
        <time>2026-08-07T13:16:10.051Z</time>
      </trkpt>
      <trkpt lat="44.814753" lon="20.442975">
        <ele>76.866650</ele>
        <time>2026-08-07T13:16:41.547Z</time>
      </trkpt>
      <trkpt lat="44.814864" lon="20.445444">
        <ele>76.485341</ele>
        <time>2026-08-07T13:17:17.587Z</time>
      </trkpt>
      <trkpt lat="44.815079" lon="20.449746">
        <ele>80.155708</ele>
        <time>2026-08-07T13:18:31.541Z</time>
      </trkpt>
      <trkpt lat="44.815143" lon="20.451278">
        <ele>84.611651</ele>
        <time>2026-08-07T13:19:22.150Z</time>
      </trkpt>
      <trkpt lat="44.815153" lon="20.451477">
        <ele>85.573104</ele>
        <time>2026-08-07T13:19:29.198Z</time>
      </trkpt>
      <trkpt lat="44.815223" lon="20.451770">
        <ele>87.063099</ele>
        <time>2026-08-07T13:19:40.158Z</time>
      </trkpt>
      <trkpt lat="44.815298" lon="20.451944">
        <ele>88.044326</ele>
        <time>2026-08-07T13:19:47.364Z</time>
      </trkpt>
      <trkpt lat="44.815254" lon="20.451997">
        <ele>88.437514</ele>
        <time>2026-08-07T13:19:50.222Z</time>
      </trkpt>
      <trkpt lat="44.815212" lon="20.452044">
        <ele>88.801824</ele>
        <time>2026-08-07T13:19:52.810Z</time>
      </trkpt>
      <trkpt lat="44.815191" lon="20.452071">
        <ele>88.994920</ele>
        <time>2026-08-07T13:19:54.279Z</time>
      </trkpt>
      <trkpt lat="44.815197" lon="20.452388">
        <ele>90.523193</ele>
        <time>2026-08-07T13:20:05.480Z</time>
      </trkpt>
      <trkpt lat="44.815177" lon="20.452555">
        <ele>91.339412</ele>
        <time>2026-08-07T13:20:11.442Z</time>
      </trkpt>
      <trkpt lat="44.815176" lon="20.452932">
        <ele>93.156315</ele>
        <time>2026-08-07T13:20:24.846Z</time>
      </trkpt>
      <trkpt lat="44.815201" lon="20.452973">
        <ele>93.416871</ele>
        <time>2026-08-07T13:20:26.886Z</time>
      </trkpt>
      <trkpt lat="44.815300" lon="20.452998">
        <ele>94.100153</ele>
        <time>2026-08-07T13:20:32.034Z</time>
      </trkpt>
      <trkpt lat="44.815303" lon="20.453091">
        <ele>94.564558</ele>
        <time>2026-08-07T13:20:35.539Z</time>
      </trkpt>
      <trkpt lat="44.816024" lon="20.453031">
        <ele>100.180494</ele>
        <time>2026-08-07T13:21:14.091Z</time>
      </trkpt>
      <trkpt lat="44.816437" lon="20.452996">
        <ele>103.397597</ele>
        <time>2026-08-07T13:21:38.597Z</time>
      </trkpt>
      <trkpt lat="44.816418" lon="20.453068">
        <ele>103.821319</ele>
        <time>2026-08-07T13:21:41.495Z</time>
      </trkpt>
      <trkpt lat="44.816222" lon="20.453961">
        <ele>108.760238</ele>
        <time>2026-08-07T13:22:17.285Z</time>
      </trkpt>
      <trkpt lat="44.816194" lon="20.454091">
        <ele>109.214953</ele>
        <time>2026-08-07T13:22:21.802Z</time>
      </trkpt>
      <trkpt lat="44.816124" lon="20.454358">
        <ele>110.167662</ele>
        <time>2026-08-07T13:22:30.994Z</time>
      </trkpt>
      <trkpt lat="44.816005" lon="20.454783">
        <ele>111.696909</ele>
        <time>2026-08-07T13:22:44.050Z</time>
      </trkpt>
      <trkpt lat="44.815720" lon="20.455809">
        <ele>115.384768</ele>
        <time>2026-08-07T13:23:13.211Z</time>
      </trkpt>
      <trkpt lat="44.815695" lon="20.455913">
        <ele>115.752294</ele>
        <time>2026-08-07T13:23:16.196Z</time>
      </trkpt>
      <trkpt lat="44.815808" lon="20.455858">
        <ele>116.316331</ele>
        <time>2026-08-07T13:23:20.785Z</time>
      </trkpt>
      <trkpt lat="44.816203" lon="20.455666">
        <ele>117.579926</ele>
        <time>2026-08-07T13:23:36.606Z</time>
      </trkpt>
      <trkpt lat="44.816419" lon="20.456467">
        <ele>118.972848</ele>
        <time>2026-08-07T13:24:02.709Z</time>
      </trkpt>
      <trkpt lat="44.816265" lon="20.457018">
        <ele>119.935504</ele>
        <time>2026-08-07T13:24:19.583Z</time>
      </trkpt>
      <trkpt lat="44.816054" lon="20.457527">
        <ele>120.893796</ele>
        <time>2026-08-07T13:24:33.357Z</time>
      </trkpt>
      <trkpt lat="44.815972" lon="20.457723">
        <ele>120.900170</ele>
        <time>2026-08-07T13:24:37.802Z</time>
      </trkpt>
      <trkpt lat="44.815841" lon="20.458004">
        <ele>120.584957</ele>
        <time>2026-08-07T13:24:43.762Z</time>
      </trkpt>
      <trkpt lat="44.815313" lon="20.458660">
        <ele>119.654887</ele>
        <time>2026-08-07T13:25:00.416Z</time>
      </trkpt>
      <trkpt lat="44.815734" lon="20.459359">
        <ele>118.795291</ele>
        <time>2026-08-07T13:25:16.799Z</time>
      </trkpt>
      <trkpt lat="44.816120" lon="20.459965">
        <ele>118.706934</ele>
        <time>2026-08-07T13:25:31.553Z</time>
      </trkpt>
      <trkpt lat="44.815918" lon="20.460220">
        <ele>118.736031</ele>
        <time>2026-08-07T13:25:39.173Z</time>
      </trkpt>
      <trkpt lat="44.815766" lon="20.460411">
        <ele>118.757880</ele>
        <time>2026-08-07T13:25:45.511Z</time>
      </trkpt>
      <trkpt lat="44.815907" lon="20.460638">
        <ele>118.780848</ele>
        <time>2026-08-07T13:25:52.565Z</time>
      </trkpt>
      <trkpt lat="44.816017" lon="20.460817">
        <ele>118.798875</ele>
        <time>2026-08-07T13:25:58.200Z</time>
      </trkpt>
      <trkpt lat="44.816123" lon="20.460849">
        <ele>118.810507</ele>
        <time>2026-08-07T13:26:01.806Z</time>
      </trkpt>
      <trkpt lat="44.816017" lon="20.460817">
        <ele>118.822139</ele>
        <time>2026-08-07T13:26:05.487Z</time>
      </trkpt>
      <trkpt lat="44.815907" lon="20.460638">
        <ele>118.840166</ele>
        <time>2026-08-07T13:26:11.348Z</time>
      </trkpt>
      <trkpt lat="44.815822" lon="20.460737">
        <ele>118.836782</ele>
        <time>2026-08-07T13:26:15.170Z</time>
      </trkpt>
      <trkpt lat="44.815791" lon="20.460773">
        <ele>118.817358</ele>
        <time>2026-08-07T13:26:17.943Z</time>
      </trkpt>
      <trkpt lat="44.815731" lon="20.460683">
        <ele>118.774988</ele>
        <time>2026-08-07T13:26:20.256Z</time>
      </trkpt>
      <trkpt lat="44.815633" lon="20.460629">
        <ele>118.724104</ele>
        <time>2026-08-07T13:26:22.938Z</time>
      </trkpt>
      <trkpt lat="44.815472" lon="20.460546">
        <ele>118.641200</ele>
        <time>2026-08-07T13:26:27.110Z</time>
      </trkpt>
      <trkpt lat="44.815032" lon="20.460339">
        <ele>118.416879</ele>
        <time>2026-08-07T13:26:37.570Z</time>
      </trkpt>
      <trkpt lat="44.814886" lon="20.460258">
        <ele>118.341002</ele>
        <time>2026-08-07T13:26:40.729Z</time>
      </trkpt>
      <trkpt lat="44.814735" lon="20.460215">
        <ele>118.266503</ele>
        <time>2026-08-07T13:26:43.684Z</time>
      </trkpt>
      <trkpt lat="44.814567" lon="20.460240">
        <ele>118.184806</ele>
        <time>2026-08-07T13:26:46.755Z</time>
      </trkpt>
      <trkpt lat="44.814005" lon="20.460513">
        <ele>118.052572</ele>
        <time>2026-08-07T13:26:57.105Z</time>
      </trkpt>
      <trkpt lat="44.813683" lon="20.460646">
        <ele>118.197229</ele>
        <time>2026-08-07T13:27:03.169Z</time>
      </trkpt>
      <trkpt lat="44.813542" lon="20.460698">
        <ele>118.260063</ele>
        <time>2026-08-07T13:27:05.937Z</time>
      </trkpt>
      <trkpt lat="44.813477" lon="20.460694">
        <ele>118.288112</ele>
        <time>2026-08-07T13:27:07.143Z</time>
      </trkpt>
      <trkpt lat="44.813440" lon="20.460768">
        <ele>118.315801</ele>
        <time>2026-08-07T13:27:08.483Z</time>
      </trkpt>
      <trkpt lat="44.813184" lon="20.460894">
        <ele>118.432702</ele>
        <time>2026-08-07T13:27:14.804Z</time>
      </trkpt>
      <trkpt lat="44.812507" lon="20.461256">
        <ele>118.744863</ele>
        <time>2026-08-07T13:27:38.214Z</time>
      </trkpt>
      <trkpt lat="44.811734" lon="20.461715">
        <ele>119.995477</ele>
        <time>2026-08-07T13:28:06.497Z</time>
      </trkpt>
      <trkpt lat="44.810963" lon="20.462069">
        <ele>121.228852</ele>
        <time>2026-08-07T13:28:25.286Z</time>
      </trkpt>
      <trkpt lat="44.810861" lon="20.462126">
        <ele>121.395747</ele>
        <time>2026-08-07T13:28:27.934Z</time>
      </trkpt>
      <trkpt lat="44.810477" lon="20.462329">
        <ele>121.614204</ele>
        <time>2026-08-07T13:28:39.037Z</time>
      </trkpt>
      <trkpt lat="44.809952" lon="20.462617">
        <ele>121.814360</ele>
        <time>2026-08-07T13:28:53.290Z</time>
      </trkpt>
      <trkpt lat="44.809687" lon="20.462768">
        <ele>121.915914</ele>
        <time>2026-08-07T13:28:59.799Z</time>
      </trkpt>
      <trkpt lat="44.809481" lon="20.462886">
        <ele>121.994916</ele>
        <time>2026-08-07T13:29:05.017Z</time>
      </trkpt>
      <trkpt lat="44.808517" lon="20.463409">
        <ele>120.987598</ele>
        <time>2026-08-07T13:29:27.174Z</time>
      </trkpt>
      <trkpt lat="44.808369" lon="20.463491">
        <ele>120.709705</ele>
        <time>2026-08-07T13:29:29.721Z</time>
      </trkpt>
      <trkpt lat="44.808265" lon="20.463557">
        <ele>120.510395</ele>
        <time>2026-08-07T13:29:31.560Z</time>
      </trkpt>
      <trkpt lat="44.806820" lon="20.464355">
        <ele>118.318279</ele>
        <time>2026-08-07T13:29:57.969Z</time>
      </trkpt>
      <trkpt lat="44.806703" lon="20.464418">
        <ele>118.195178</ele>
        <time>2026-08-07T13:30:00.427Z</time>
      </trkpt>
      <trkpt lat="44.806613" lon="20.464464">
        <ele>118.101084</ele>
        <time>2026-08-07T13:30:02.354Z</time>
      </trkpt>
      <trkpt lat="44.805863" lon="20.464874">
        <ele>117.310433</ele>
        <time>2026-08-07T13:30:20.066Z</time>
      </trkpt>
      <trkpt lat="44.805021" lon="20.465333">
        <ele>117.270973</ele>
        <time>2026-08-07T13:30:41.652Z</time>
      </trkpt>
      <trkpt lat="44.804890" lon="20.465405">
        <ele>117.280041</ele>
        <time>2026-08-07T13:30:44.563Z</time>
      </trkpt>
      <trkpt lat="44.803893" lon="20.465929">
        <ele>117.971014</ele>
        <time>2026-08-07T13:31:07.087Z</time>
      </trkpt>
      <trkpt lat="44.803802" lon="20.465978">
        <ele>118.258561</ele>
        <time>2026-08-07T13:31:09.474Z</time>
      </trkpt>
      <trkpt lat="44.803659" lon="20.466057">
        <ele>118.711932</ele>
        <time>2026-08-07T13:31:13.309Z</time>
      </trkpt>
      <trkpt lat="44.803131" lon="20.466350">
        <ele>120.386922</ele>
        <time>2026-08-07T13:31:29.401Z</time>
      </trkpt>
      <trkpt lat="44.802988" lon="20.466370">
        <ele>120.811098</ele>
        <time>2026-08-07T13:31:35.148Z</time>
      </trkpt>
      <trkpt lat="44.802856" lon="20.466330">
        <ele>121.209636</ele>
        <time>2026-08-07T13:31:41.103Z</time>
      </trkpt>
      <trkpt lat="44.802738" lon="20.466178">
        <ele>121.681508</ele>
        <time>2026-08-07T13:31:48.682Z</time>
      </trkpt>
      <trkpt lat="44.802674" lon="20.466040">
        <ele>122.026796</ele>
        <time>2026-08-07T13:31:54.402Z</time>
      </trkpt>
      <trkpt lat="44.802575" lon="20.465952">
        <ele>122.372288</ele>
        <time>2026-08-07T13:31:59.939Z</time>
      </trkpt>
      <trkpt lat="44.802444" lon="20.465933">
        <ele>122.842263</ele>
        <time>2026-08-07T13:32:06.220Z</time>
      </trkpt>
      <trkpt lat="44.802359" lon="20.465969">
        <ele>123.286071</ele>
        <time>2026-08-07T13:32:10.419Z</time>
      </trkpt>
      <trkpt lat="44.802265" lon="20.466077">
        <ele>123.892505</ele>
        <time>2026-08-07T13:32:16.332Z</time>
      </trkpt>
      <trkpt lat="44.802222" lon="20.466189">
        <ele>124.344321</ele>
        <time>2026-08-07T13:32:20.595Z</time>
      </trkpt>
      <trkpt lat="44.802105" lon="20.466257">
        <ele>124.977159</ele>
        <time>2026-08-07T13:32:26.630Z</time>
      </trkpt>
      <trkpt lat="44.801928" lon="20.466276">
        <ele>125.864790</ele>
        <time>2026-08-07T13:32:34.714Z</time>
      </trkpt>
      <trkpt lat="44.801857" lon="20.466263">
        <ele>126.222800</ele>
        <time>2026-08-07T13:32:37.967Z</time>
      </trkpt>
      <trkpt lat="44.801711" lon="20.466237">
        <ele>126.958660</ele>
        <time>2026-08-07T13:32:44.497Z</time>
      </trkpt>
      <trkpt lat="44.801722" lon="20.466082">
        <ele>127.511346</ele>
        <time>2026-08-07T13:32:49.349Z</time>
      </trkpt>
      <trkpt lat="44.801190" lon="20.465967">
        <ele>130.202655</ele>
        <time>2026-08-07T13:33:16.518Z</time>
      </trkpt>
      <trkpt lat="44.801142" lon="20.465979">
        <ele>130.446421</ele>
        <time>2026-08-07T13:33:18.444Z</time>
      </trkpt>
      <trkpt lat="44.801105" lon="20.465989">
        <ele>130.634806</ele>
        <time>2026-08-07T13:33:19.881Z</time>
      </trkpt>
      <trkpt lat="44.801088" lon="20.465985">
        <ele>130.720989</ele>
        <time>2026-08-07T13:33:20.537Z</time>
      </trkpt>
      <trkpt lat="44.800665" lon="20.465902">
        <ele>131.810292</ele>
        <time>2026-08-07T13:33:34.494Z</time>
      </trkpt>
      <trkpt lat="44.800645" lon="20.465898">
        <ele>131.824586</ele>
        <time>2026-08-07T13:33:35.091Z</time>
      </trkpt>
      <trkpt lat="44.800619" lon="20.465891">
        <ele>131.843316</ele>
        <time>2026-08-07T13:33:35.864Z</time>
      </trkpt>
      <trkpt lat="44.800595" lon="20.465885">
        <ele>131.860564</ele>
        <time>2026-08-07T13:33:36.590Z</time>
      </trkpt>
      <trkpt lat="44.800582" lon="20.465882">
        <ele>131.869885</ele>
        <time>2026-08-07T13:33:36.979Z</time>
      </trkpt>
      <trkpt lat="44.800488" lon="20.465692">
        <ele>131.986181</ele>
        <time>2026-08-07T13:33:41.713Z</time>
      </trkpt>
      <trkpt lat="44.800013" lon="20.465595">
        <ele>132.325803</ele>
        <time>2026-08-07T13:33:54.442Z</time>
      </trkpt>
      <trkpt lat="44.799570" lon="20.465508">
        <ele>132.642300</ele>
        <time>2026-08-07T13:34:04.586Z</time>
      </trkpt>
      <trkpt lat="44.799436" lon="20.465481">
        <ele>132.738083</ele>
        <time>2026-08-07T13:34:07.400Z</time>
      </trkpt>
      <trkpt lat="44.799114" lon="20.465543">
        <ele>132.643735</ele>
        <time>2026-08-07T13:34:13.653Z</time>
      </trkpt>
      <trkpt lat="44.799065" lon="20.465562">
        <ele>132.476839</ele>
        <time>2026-08-07T13:34:14.525Z</time>
      </trkpt>
      <trkpt lat="44.799015" lon="20.465553">
        <ele>132.311304</ele>
        <time>2026-08-07T13:34:15.421Z</time>
      </trkpt>
      <trkpt lat="44.798943" lon="20.465542">
        <ele>132.073469</ele>
        <time>2026-08-07T13:34:16.721Z</time>
      </trkpt>
      <trkpt lat="44.798883" lon="20.465529">
        <ele>131.874113</ele>
        <time>2026-08-07T13:34:17.772Z</time>
      </trkpt>
      <trkpt lat="44.798843" lon="20.465521">
        <ele>131.741436</ele>
        <time>2026-08-07T13:34:18.467Z</time>
      </trkpt>
      <trkpt lat="44.798680" lon="20.465485">
        <ele>131.199608</ele>
        <time>2026-08-07T13:34:21.284Z</time>
      </trkpt>
      <trkpt lat="44.798510" lon="20.465451">
        <ele>130.635732</ele>
        <time>2026-08-07T13:34:24.234Z</time>
      </trkpt>
      <trkpt lat="44.798369" lon="20.465419">
        <ele>130.166720</ele>
        <time>2026-08-07T13:34:26.669Z</time>
      </trkpt>
      <trkpt lat="44.797851" lon="20.465322">
        <ele>128.450647</ele>
        <time>2026-08-07T13:34:35.464Z</time>
      </trkpt>
      <trkpt lat="44.797801" lon="20.465312">
        <ele>128.284801</ele>
        <time>2026-08-07T13:34:36.298Z</time>
      </trkpt>
      <trkpt lat="44.797724" lon="20.465294">
        <ele>128.028477</ele>
        <time>2026-08-07T13:34:37.612Z</time>
      </trkpt>
      <trkpt lat="44.797690" lon="20.465288">
        <ele>127.915948</ele>
        <time>2026-08-07T13:34:38.169Z</time>
      </trkpt>
      <trkpt lat="44.797591" lon="20.465267">
        <ele>127.587168</ele>
        <time>2026-08-07T13:34:39.827Z</time>
      </trkpt>
      <trkpt lat="44.797540" lon="20.465254">
        <ele>127.416966</ele>
        <time>2026-08-07T13:34:40.673Z</time>
      </trkpt>
      <trkpt lat="44.797290" lon="20.465215">
        <ele>126.192637</ele>
        <time>2026-08-07T13:34:44.692Z</time>
      </trkpt>
      <trkpt lat="44.796487" lon="20.465090">
        <ele>120.979791</ele>
        <time>2026-08-07T13:34:57.098Z</time>
      </trkpt>
      <trkpt lat="44.795745" lon="20.465098">
        <ele>116.191921</ele>
        <time>2026-08-07T13:35:08.103Z</time>
      </trkpt>
      <trkpt lat="44.795306" lon="20.465178">
        <ele>113.306017</ele>
        <time>2026-08-07T13:35:14.665Z</time>
      </trkpt>
      <trkpt lat="44.794854" lon="20.465363">
        <ele>110.225264</ele>
        <time>2026-08-07T13:35:21.716Z</time>
      </trkpt>
      <trkpt lat="44.794392" lon="20.465571">
        <ele>107.050734</ele>
        <time>2026-08-07T13:35:29.182Z</time>
      </trkpt>
      <trkpt lat="44.794150" lon="20.465688">
        <ele>105.376130</ele>
        <time>2026-08-07T13:35:33.088Z</time>
      </trkpt>
      <trkpt lat="44.793960" lon="20.465685">
        <ele>104.132438</ele>
        <time>2026-08-07T13:35:35.990Z</time>
      </trkpt>
      <trkpt lat="44.793833" lon="20.465731">
        <ele>103.398981</ele>
        <time>2026-08-07T13:35:38.004Z</time>
      </trkpt>
      <trkpt lat="44.793560" lon="20.465847">
        <ele>102.195937</ele>
        <time>2026-08-07T13:35:42.427Z</time>
      </trkpt>
      <trkpt lat="44.793443" lon="20.465894">
        <ele>101.682634</ele>
        <time>2026-08-07T13:35:44.322Z</time>
      </trkpt>
      <trkpt lat="44.793156" lon="20.466019">
        <ele>100.415227</ele>
        <time>2026-08-07T13:35:49.087Z</time>
      </trkpt>
      <trkpt lat="44.793054" lon="20.466060">
        <ele>99.967710</ele>
        <time>2026-08-07T13:35:50.801Z</time>
      </trkpt>
      <trkpt lat="44.793018" lon="20.466030">
        <ele>99.791250</ele>
        <time>2026-08-07T13:35:51.464Z</time>
      </trkpt>
      <trkpt lat="44.793000" lon="20.466015">
        <ele>99.703019</ele>
        <time>2026-08-07T13:35:51.795Z</time>
      </trkpt>
      <trkpt lat="44.792965" lon="20.465987">
        <ele>99.533212</ele>
        <time>2026-08-07T13:35:52.427Z</time>
      </trkpt>
      <trkpt lat="44.792355" lon="20.466237">
        <ele>96.852905</ele>
        <time>2026-08-07T13:36:02.606Z</time>
      </trkpt>
      <trkpt lat="44.792311" lon="20.466328">
        <ele>96.523206</ele>
        <time>2026-08-07T13:36:03.870Z</time>
      </trkpt>
      <trkpt lat="44.792257" lon="20.466417">
        <ele>96.172607</ele>
        <time>2026-08-07T13:36:05.237Z</time>
      </trkpt>
      <trkpt lat="44.791965" lon="20.466530">
        <ele>95.857393</ele>
        <time>2026-08-07T13:36:10.423Z</time>
      </trkpt>
      <trkpt lat="44.791704" lon="20.466571">
        <ele>95.683388</ele>
        <time>2026-08-07T13:36:15.331Z</time>
      </trkpt>
      <trkpt lat="44.791281" lon="20.466528">
        <ele>95.402389</ele>
        <time>2026-08-07T13:36:24.055Z</time>
      </trkpt>
      <trkpt lat="44.789609" lon="20.466011">
        <ele>95.371510</ele>
        <time>2026-08-07T13:37:05.033Z</time>
      </trkpt>
      <trkpt lat="44.789470" lon="20.465964">
        <ele>95.457984</ele>
        <time>2026-08-07T13:37:09.636Z</time>
      </trkpt>
      <trkpt lat="44.789157" lon="20.465875">
        <ele>95.651147</ele>
        <time>2026-08-07T13:37:19.753Z</time>
      </trkpt>
      <trkpt lat="44.788288" lon="20.465598">
        <ele>96.875427</ele>
        <time>2026-08-07T13:37:48.825Z</time>
      </trkpt>
      <trkpt lat="44.787853" lon="20.465375">
        <ele>97.901818</ele>
        <time>2026-08-07T13:38:05.222Z</time>
      </trkpt>
      <trkpt lat="44.787855" lon="20.465307">
        <ele>98.008920</ele>
        <time>2026-08-07T13:38:06.943Z</time>
      </trkpt>
      <trkpt lat="44.787809" lon="20.465301">
        <ele>98.111353</ele>
        <time>2026-08-07T13:38:08.404Z</time>
      </trkpt>
      <trkpt lat="44.787699" lon="20.465249">
        <ele>98.368620</ele>
        <time>2026-08-07T13:38:12.010Z</time>
      </trkpt>
      <trkpt lat="44.787632" lon="20.465196">
        <ele>98.538992</ele>
        <time>2026-08-07T13:38:14.596Z</time>
      </trkpt>
      <trkpt lat="44.787549" lon="20.465349">
        <ele>98.842047</ele>
        <time>2026-08-07T13:38:19.108Z</time>
      </trkpt>
      <trkpt lat="44.787409" lon="20.465455">
        <ele>99.194452</ele>
        <time>2026-08-07T13:38:24.609Z</time>
      </trkpt>
      <trkpt lat="44.787266" lon="20.465574">
        <ele>99.562702</ele>
        <time>2026-08-07T13:38:30.653Z</time>
      </trkpt>
      <trkpt lat="44.787259" lon="20.465642">
        <ele>99.670833</ele>
        <time>2026-08-07T13:38:32.385Z</time>
      </trkpt>
      <trkpt lat="44.787209" lon="20.465640">
        <ele>99.781744</ele>
        <time>2026-08-07T13:38:34.311Z</time>
      </trkpt>
      <trkpt lat="44.786439" lon="20.465612">
        <ele>102.949225</ele>
        <time>2026-08-07T13:39:04.810Z</time>
      </trkpt>
      <trkpt lat="44.785676" lon="20.465750">
        <ele>106.242202</ele>
        <time>2026-08-07T13:39:36.533Z</time>
      </trkpt>
      <trkpt lat="44.785400" lon="20.465814">
        <ele>107.439569</ele>
        <time>2026-08-07T13:39:47.652Z</time>
      </trkpt>
      <trkpt lat="44.784819" lon="20.465962">
        <ele>109.513939</ele>
        <time>2026-08-07T13:40:09.821Z</time>
      </trkpt>
      <trkpt lat="44.784506" lon="20.466074">
        <ele>110.629417</ele>
        <time>2026-08-07T13:40:21.164Z</time>
      </trkpt>
      <trkpt lat="44.784436" lon="20.466102">
        <ele>110.880764</ele>
        <time>2026-08-07T13:40:23.694Z</time>
      </trkpt>
      <trkpt lat="44.784349" lon="20.466140">
        <ele>111.195386</ele>
        <time>2026-08-07T13:40:26.880Z</time>
      </trkpt>
      <trkpt lat="44.783562" lon="20.466490">
        <ele>114.040303</ele>
        <time>2026-08-07T13:40:55.450Z</time>
      </trkpt>
      <trkpt lat="44.783280" lon="20.466613">
        <ele>115.032522</ele>
        <time>2026-08-07T13:41:05.759Z</time>
      </trkpt>
      <trkpt lat="44.783158" lon="20.466673">
        <ele>115.466844</ele>
        <time>2026-08-07T13:41:10.380Z</time>
      </trkpt>
      <trkpt lat="44.781835" lon="20.467265">
        <ele>120.146143</ele>
        <time>2026-08-07T13:42:00.499Z</time>
      </trkpt>
      <trkpt lat="44.780954" lon="20.467657">
        <ele>123.418433</ele>
        <time>2026-08-07T13:42:32.739Z</time>
      </trkpt>
      <trkpt lat="44.780432" lon="20.467916">
        <ele>125.378586</ele>
        <time>2026-08-07T13:42:52.631Z</time>
      </trkpt>
      <trkpt lat="44.779728" lon="20.468369">
        <ele>128.589366</ele>
        <time>2026-08-07T13:43:23.832Z</time>
      </trkpt>
      <trkpt lat="44.779620" lon="20.468463">
        <ele>129.151875</ele>
        <time>2026-08-07T13:43:29.101Z</time>
      </trkpt>
      <trkpt lat="44.779208" lon="20.468834">
        <ele>131.318515</ele>
        <time>2026-08-07T13:43:49.227Z</time>
      </trkpt>
      <trkpt lat="44.778490" lon="20.469692">
        <ele>135.267143</ele>
        <time>2026-08-07T13:44:26.910Z</time>
      </trkpt>
      <trkpt lat="44.778219" lon="20.470103">
        <ele>136.721687</ele>
        <time>2026-08-07T13:44:41.562Z</time>
      </trkpt>
      <trkpt lat="44.777719" lon="20.470979">
        <ele>139.636369</ele>
        <time>2026-08-07T13:45:10.703Z</time>
      </trkpt>
      <trkpt lat="44.777279" lon="20.471752">
        <ele>141.937920</ele>
        <time>2026-08-07T13:45:34.922Z</time>
      </trkpt>
      <trkpt lat="44.777136" lon="20.471981">
        <ele>142.579296</ele>
        <time>2026-08-07T13:45:42.452Z</time>
      </trkpt>
      <trkpt lat="44.776972" lon="20.472174">
        <ele>143.212353</ele>
        <time>2026-08-07T13:45:49.823Z</time>
      </trkpt>
      <trkpt lat="44.776660" lon="20.472473">
        <ele>144.330227</ele>
        <time>2026-08-07T13:46:02.723Z</time>
      </trkpt>
      <trkpt lat="44.776443" lon="20.472646">
        <ele>145.068880</ele>
        <time>2026-08-07T13:46:11.060Z</time>
      </trkpt>
      <trkpt lat="44.776197" lon="20.472782">
        <ele>145.851749</ele>
        <time>2026-08-07T13:46:19.702Z</time>
      </trkpt>
      <trkpt lat="44.775614" lon="20.472969">
        <ele>147.737326</ele>
        <time>2026-08-07T13:46:39.696Z</time>
      </trkpt>
      <trkpt lat="44.774955" lon="20.473169">
        <ele>149.885974</ele>
        <time>2026-08-07T13:47:02.880Z</time>
      </trkpt>
      <trkpt lat="44.774123" lon="20.473420">
        <ele>152.632494</ele>
        <time>2026-08-07T13:47:34.043Z</time>
      </trkpt>
      <trkpt lat="44.773759" lon="20.473598">
        <ele>153.917344</ele>
        <time>2026-08-07T13:47:48.908Z</time>
      </trkpt>
      <trkpt lat="44.773674" lon="20.473658">
        <ele>154.234380</ele>
        <time>2026-08-07T13:47:52.635Z</time>
      </trkpt>
      <trkpt lat="44.772267" lon="20.474695">
        <ele>157.936537</ele>
        <time>2026-08-07T13:48:47.902Z</time>
      </trkpt>
      <trkpt lat="44.772329" lon="20.474854">
        <ele>157.959032</ele>
        <time>2026-08-07T13:48:51.008Z</time>
      </trkpt>
      <trkpt lat="44.773287" lon="20.474158">
        <ele>158.147316</ele>
        <time>2026-08-07T13:49:10.986Z</time>
      </trkpt>
      <trkpt lat="44.773734" lon="20.473817">
        <ele>158.643101</ele>
        <time>2026-08-07T13:49:20.438Z</time>
      </trkpt>
      <trkpt lat="44.773674" lon="20.473658">
        <ele>158.789145</ele>
        <time>2026-08-07T13:49:23.101Z</time>
      </trkpt>
      <trkpt lat="44.772267" lon="20.474695">
        <ele>160.959497</ele>
        <time>2026-08-07T13:50:12.323Z</time>
      </trkpt>
      <trkpt lat="44.771690" lon="20.475126">
        <ele>162.394486</ele>
        <time>2026-08-07T13:50:34.408Z</time>
      </trkpt>
      <trkpt lat="44.771421" lon="20.475331">
        <ele>163.066480</ele>
        <time>2026-08-07T13:50:44.015Z</time>
      </trkpt>
      <trkpt lat="44.770855" lon="20.475760">
        <ele>164.354142</ele>
        <time>2026-08-07T13:51:02.283Z</time>
      </trkpt>
      <trkpt lat="44.770826" lon="20.475781">
        <ele>164.396925</ele>
        <time>2026-08-07T13:51:03.147Z</time>
      </trkpt>
      <trkpt lat="44.770746" lon="20.475841">
        <ele>164.515841</ele>
        <time>2026-08-07T13:51:05.631Z</time>
      </trkpt>
      <trkpt lat="44.770546" lon="20.475965">
        <ele>164.802547</ele>
        <time>2026-08-07T13:51:11.470Z</time>
      </trkpt>
      <trkpt lat="44.769935" lon="20.476229">
        <ele>165.641083</ele>
        <time>2026-08-07T13:51:28.419Z</time>
      </trkpt>
      <trkpt lat="44.769717" lon="20.476316">
        <ele>165.938370</ele>
        <time>2026-08-07T13:51:34.486Z</time>
      </trkpt>
      <trkpt lat="44.769658" lon="20.476339">
        <ele>166.018691</ele>
        <time>2026-08-07T13:51:36.115Z</time>
      </trkpt>
      <trkpt lat="44.769592" lon="20.476365">
        <ele>166.108610</ele>
        <time>2026-08-07T13:51:37.952Z</time>
      </trkpt>
      <trkpt lat="44.768995" lon="20.476592">
        <ele>167.121052</ele>
        <time>2026-08-07T13:51:55.364Z</time>
      </trkpt>
      <trkpt lat="44.768372" lon="20.476826">
        <ele>168.402699</ele>
        <time>2026-08-07T13:52:15.309Z</time>
      </trkpt>
      <trkpt lat="44.768248" lon="20.476870">
        <ele>168.656882</ele>
        <time>2026-08-07T13:52:19.259Z</time>
      </trkpt>
      <trkpt lat="44.768180" lon="20.476897">
        <ele>168.797317</ele>
        <time>2026-08-07T13:52:21.467Z</time>
      </trkpt>
      <trkpt lat="44.767853" lon="20.477029">
        <ele>169.473481</ele>
        <time>2026-08-07T13:52:32.151Z</time>
      </trkpt>
      <trkpt lat="44.766895" lon="20.477399">
        <ele>171.326064</ele>
        <time>2026-08-07T13:53:02.470Z</time>
      </trkpt>
      <trkpt lat="44.764962" lon="20.478107">
        <ele>174.929114</ele>
        <time>2026-08-07T13:54:00.009Z</time>
      </trkpt>
      <trkpt lat="44.764881" lon="20.478141">
        <ele>175.081230</ele>
        <time>2026-08-07T13:54:02.462Z</time>
      </trkpt>
      <trkpt lat="44.763843" lon="20.478544">
        <ele>177.012064</ele>
        <time>2026-08-07T13:54:34.783Z</time>
      </trkpt>
      <trkpt lat="44.763217" lon="20.478826">
        <ele>178.175574</ele>
        <time>2026-08-07T13:54:54.762Z</time>
      </trkpt>
      <trkpt lat="44.762985" lon="20.478953">
        <ele>178.616214</ele>
        <time>2026-08-07T13:55:02.115Z</time>
      </trkpt>
      <trkpt lat="44.762744" lon="20.479101">
        <ele>179.081649</ele>
        <time>2026-08-07T13:55:09.785Z</time>
      </trkpt>
      <trkpt lat="44.762390" lon="20.479321">
        <ele>179.766632</ele>
        <time>2026-08-07T13:55:20.848Z</time>
      </trkpt>
      <trkpt lat="44.761886" lon="20.479632">
        <ele>180.449263</ele>
        <time>2026-08-07T13:55:35.517Z</time>
      </trkpt>
      <trkpt lat="44.761585" lon="20.479851">
        <ele>180.867715</ele>
        <time>2026-08-07T13:55:44.038Z</time>
      </trkpt>
      <trkpt lat="44.761472" lon="20.479937">
        <ele>181.026359</ele>
        <time>2026-08-07T13:55:47.367Z</time>
      </trkpt>
      <trkpt lat="44.761446" lon="20.479955">
        <ele>181.062142</ele>
        <time>2026-08-07T13:55:48.148Z</time>
      </trkpt>
      <trkpt lat="44.761203" lon="20.480080">
        <ele>181.381671</ele>
        <time>2026-08-07T13:55:55.215Z</time>
      </trkpt>
      <trkpt lat="44.761165" lon="20.480045">
        <ele>181.437752</ele>
        <time>2026-08-07T13:55:56.495Z</time>
      </trkpt>
      <trkpt lat="44.761111" lon="20.480024">
        <ele>181.506945</ele>
        <time>2026-08-07T13:55:58.053Z</time>
      </trkpt>
      <trkpt lat="44.761030" lon="20.480042">
        <ele>181.608228</ele>
        <time>2026-08-07T13:56:00.306Z</time>
      </trkpt>
      <trkpt lat="44.760961" lon="20.480118">
        <ele>181.716420</ele>
        <time>2026-08-07T13:56:02.762Z</time>
      </trkpt>
      <trkpt lat="44.760933" lon="20.480203">
        <ele>181.798597</ele>
        <time>2026-08-07T13:56:04.590Z</time>
      </trkpt>
      <trkpt lat="44.760674" lon="20.480458">
        <ele>182.168190</ele>
        <time>2026-08-07T13:56:13.514Z</time>
      </trkpt>
      <trkpt lat="44.760261" lon="20.480829">
        <ele>182.707519</ele>
        <time>2026-08-07T13:56:27.588Z</time>
      </trkpt>
      <trkpt lat="44.760155" lon="20.480965">
        <ele>182.865392</ele>
        <time>2026-08-07T13:56:31.733Z</time>
      </trkpt>
      <trkpt lat="44.760114" lon="20.480990">
        <ele>182.914581</ele>
        <time>2026-08-07T13:56:33.042Z</time>
      </trkpt>
      <trkpt lat="44.759244" lon="20.481548">
        <ele>183.967092</ele>
        <time>2026-08-07T13:56:58.618Z</time>
      </trkpt>
      <trkpt lat="44.759118" lon="20.481630">
        <ele>183.835691</ele>
        <time>2026-08-07T13:57:01.758Z</time>
      </trkpt>
      <trkpt lat="44.758315" lon="20.482139">
        <ele>182.858301</ele>
        <time>2026-08-07T13:57:18.675Z</time>
      </trkpt>
      <trkpt lat="44.757300" lon="20.482781">
        <ele>181.875304</ele>
        <time>2026-08-07T13:57:38.276Z</time>
      </trkpt>
      <trkpt lat="44.757183" lon="20.482857">
        <ele>181.832759</ele>
        <time>2026-08-07T13:57:40.562Z</time>
      </trkpt>
      <trkpt lat="44.757078" lon="20.482920">
        <ele>181.795072</ele>
        <time>2026-08-07T13:57:42.646Z</time>
      </trkpt>
      <trkpt lat="44.757039" lon="20.482945">
        <ele>181.780922</ele>
        <time>2026-08-07T13:57:43.441Z</time>
      </trkpt>
      <trkpt lat="44.756953" lon="20.483002">
        <ele>181.749537</ele>
        <time>2026-08-07T13:57:45.287Z</time>
      </trkpt>
      <trkpt lat="44.756911" lon="20.483028">
        <ele>181.734388</ele>
        <time>2026-08-07T13:57:46.207Z</time>
      </trkpt>
      <trkpt lat="44.756571" lon="20.483251">
        <ele>181.610539</ele>
        <time>2026-08-07T13:57:55.024Z</time>
      </trkpt>
      <trkpt lat="44.756319" lon="20.483346">
        <ele>181.524398</ele>
        <time>2026-08-07T13:58:02.105Z</time>
      </trkpt>
      <trkpt lat="44.756200" lon="20.483354">
        <ele>181.485060</ele>
        <time>2026-08-07T13:58:05.458Z</time>
      </trkpt>
      <trkpt lat="44.756053" lon="20.483318">
        <ele>181.435791</ele>
        <time>2026-08-07T13:58:09.584Z</time>
      </trkpt>
      <trkpt lat="44.755856" lon="20.483164">
        <ele>181.271855</ele>
        <time>2026-08-07T13:58:15.435Z</time>
      </trkpt>
      <trkpt lat="44.755734" lon="20.483032">
        <ele>181.050765</ele>
        <time>2026-08-07T13:58:19.132Z</time>
      </trkpt>
      <trkpt lat="44.755505" lon="20.482692">
        <ele>180.572565</ele>
        <time>2026-08-07T13:58:26.357Z</time>
      </trkpt>
      <trkpt lat="44.755223" lon="20.482261">
        <ele>179.974511</ele>
        <time>2026-08-07T13:58:34.384Z</time>
      </trkpt>
      <trkpt lat="44.755064" lon="20.482050">
        <ele>179.660552</ele>
        <time>2026-08-07T13:58:38.306Z</time>
      </trkpt>
      <trkpt lat="44.754872" lon="20.481880">
        <ele>179.334634</ele>
        <time>2026-08-07T13:58:42.112Z</time>
      </trkpt>
      <trkpt lat="44.754676" lon="20.481787">
        <ele>179.037414</ele>
        <time>2026-08-07T13:58:45.466Z</time>
      </trkpt>
      <trkpt lat="44.754464" lon="20.481730">
        <ele>178.593860</ele>
        <time>2026-08-07T13:58:48.881Z</time>
      </trkpt>
      <trkpt lat="44.754274" lon="20.481760">
        <ele>177.837619</ele>
        <time>2026-08-07T13:58:51.916Z</time>
      </trkpt>
      <trkpt lat="44.753690" lon="20.482000">
        <ele>175.431293</ele>
        <time>2026-08-07T13:59:01.370Z</time>
      </trkpt>
      <trkpt lat="44.753499" lon="20.482046">
        <ele>174.664837</ele>
        <time>2026-08-07T13:59:04.350Z</time>
      </trkpt>
      <trkpt lat="44.753242" lon="20.482043">
        <ele>173.648258</ele>
        <time>2026-08-07T13:59:08.305Z</time>
      </trkpt>
      <trkpt lat="44.752945" lon="20.481978">
        <ele>172.459393</ele>
        <time>2026-08-07T13:59:13.043Z</time>
      </trkpt>
      <trkpt lat="44.752714" lon="20.482007">
        <ele>171.618779</ele>
        <time>2026-08-07T13:59:16.739Z</time>
      </trkpt>
      <trkpt lat="44.752359" lon="20.482125">
        <ele>170.929364</ele>
        <time>2026-08-07T13:59:22.542Z</time>
      </trkpt>
      <trkpt lat="44.751924" lon="20.482293">
        <ele>170.076820</ele>
        <time>2026-08-07T13:59:29.904Z</time>
      </trkpt>
      <trkpt lat="44.751748" lon="20.482294">
        <ele>169.744165</ele>
        <time>2026-08-07T13:59:32.946Z</time>
      </trkpt>
      <trkpt lat="44.751525" lon="20.482215">
        <ele>169.309545</ele>
        <time>2026-08-07T13:59:37.118Z</time>
      </trkpt>
      <trkpt lat="44.751012" lon="20.481969">
        <ele>168.292301</ele>
        <time>2026-08-07T13:59:49.321Z</time>
      </trkpt>
      <trkpt lat="44.750948" lon="20.481939">
        <ele>168.380599</ele>
        <time>2026-08-07T13:59:50.928Z</time>
      </trkpt>
      <trkpt lat="44.750836" lon="20.481885">
        <ele>168.535566</ele>
        <time>2026-08-07T13:59:54.024Z</time>
      </trkpt>
      <trkpt lat="44.750641" lon="20.481789">
        <ele>168.805977</ele>
        <time>2026-08-07T13:59:59.794Z</time>
      </trkpt>
      <trkpt lat="44.750312" lon="20.481566">
        <ele>169.283944</ele>
        <time>2026-08-07T14:00:10.282Z</time>
      </trkpt>
      <trkpt lat="44.750166" lon="20.481354">
        <ele>169.558477</ele>
        <time>2026-08-07T14:00:16.143Z</time>
      </trkpt>
      <trkpt lat="44.750100" lon="20.481210">
        <ele>169.717804</ele>
        <time>2026-08-07T14:00:19.562Z</time>
      </trkpt>
      <trkpt lat="44.750021" lon="20.480932">
        <ele>169.996169</ele>
        <time>2026-08-07T14:00:25.506Z</time>
      </trkpt>
      <trkpt lat="44.750001" lon="20.480699">
        <ele>170.214353</ele>
        <time>2026-08-07T14:00:30.148Z</time>
      </trkpt>
      <trkpt lat="44.750128" lon="20.479663">
        <ele>171.099025</ele>
        <time>2026-08-07T14:00:52.169Z</time>
      </trkpt>
      <trkpt lat="44.750138" lon="20.479347">
        <ele>171.343332</ele>
        <time>2026-08-07T14:00:58.848Z</time>
      </trkpt>
      <trkpt lat="44.750087" lon="20.479081">
        <ele>171.556135</ele>
        <time>2026-08-07T14:01:03.845Z</time>
      </trkpt>
      <trkpt lat="44.749969" lon="20.478788">
        <ele>171.816291</ele>
        <time>2026-08-07T14:01:09.535Z</time>
      </trkpt>
      <trkpt lat="44.749891" lon="20.478480">
        <ele>172.068851</ele>
        <time>2026-08-07T14:01:15.262Z</time>
      </trkpt>
      <trkpt lat="44.749885" lon="20.478304">
        <ele>172.204944</ele>
        <time>2026-08-07T14:01:18.471Z</time>
      </trkpt>
      <trkpt lat="44.749902" lon="20.478084">
        <ele>172.375866</ele>
        <time>2026-08-07T14:01:22.602Z</time>
      </trkpt>
      <trkpt lat="44.749967" lon="20.477449">
        <ele>172.737818</ele>
        <time>2026-08-07T14:01:34.515Z</time>
      </trkpt>
      <trkpt lat="44.749924" lon="20.477153">
        <ele>172.856323</ele>
        <time>2026-08-07T14:01:39.891Z</time>
      </trkpt>
      <trkpt lat="44.749826" lon="20.476938">
        <ele>172.956528</ele>
        <time>2026-08-07T14:01:44.296Z</time>
      </trkpt>
      <trkpt lat="44.749695" lon="20.476799">
        <ele>173.047122</ele>
        <time>2026-08-07T14:01:47.908Z</time>
      </trkpt>
      <trkpt lat="44.749599" lon="20.476731">
        <ele>173.106473</ele>
        <time>2026-08-07T14:01:50.235Z</time>
      </trkpt>
      <trkpt lat="44.749448" lon="20.476692">
        <ele>173.191261</ele>
        <time>2026-08-07T14:01:53.665Z</time>
      </trkpt>
      <trkpt lat="44.749215" lon="20.476661">
        <ele>173.320520</ele>
        <time>2026-08-07T14:01:59.206Z</time>
      </trkpt>
      <trkpt lat="44.749020" lon="20.476644">
        <ele>173.428424</ele>
        <time>2026-08-07T14:02:04.063Z</time>
      </trkpt>
      <trkpt lat="44.748956" lon="20.476637">
        <ele>173.463877</ele>
        <time>2026-08-07T14:02:05.665Z</time>
      </trkpt>
      <trkpt lat="44.748823" lon="20.476625">
        <ele>173.537484</ele>
        <time>2026-08-07T14:02:09.044Z</time>
      </trkpt>
      <trkpt lat="44.748680" lon="20.476614">
        <ele>173.631216</ele>
        <time>2026-08-07T14:02:12.707Z</time>
      </trkpt>
      <trkpt lat="44.748292" lon="20.476624">
        <ele>173.980771</ele>
        <time>2026-08-07T14:02:22.493Z</time>
      </trkpt>
      <trkpt lat="44.747935" lon="20.476690">
        <ele>174.305104</ele>
        <time>2026-08-07T14:02:31.779Z</time>
      </trkpt>
      <trkpt lat="44.747695" lon="20.476764">
        <ele>174.526410</ele>
        <time>2026-08-07T14:02:38.226Z</time>
      </trkpt>
      <trkpt lat="44.747536" lon="20.476809">
        <ele>174.672497</ele>
        <time>2026-08-07T14:02:42.348Z</time>
      </trkpt>
      <trkpt lat="44.747306" lon="20.476877">
        <ele>174.884190</ele>
        <time>2026-08-07T14:02:48.326Z</time>
      </trkpt>
      <trkpt lat="44.746728" lon="20.477062">
        <ele>175.573283</ele>
        <time>2026-08-07T14:03:03.757Z</time>
      </trkpt>
      <trkpt lat="44.746478" lon="20.477142">
        <ele>175.979375</ele>
        <time>2026-08-07T14:03:11.090Z</time>
      </trkpt>
      <trkpt lat="44.746441" lon="20.477156">
        <ele>176.040061</ele>
        <time>2026-08-07T14:03:12.200Z</time>
      </trkpt>
      <trkpt lat="44.746374" lon="20.477181">
        <ele>176.149851</ele>
        <time>2026-08-07T14:03:14.230Z</time>
      </trkpt>
      <trkpt lat="44.746304" lon="20.477207">
        <ele>176.264522</ele>
        <time>2026-08-07T14:03:16.376Z</time>
      </trkpt>
      <trkpt lat="44.745924" lon="20.477410">
        <ele>176.908300</ele>
        <time>2026-08-07T14:03:28.329Z</time>
      </trkpt>
      <trkpt lat="44.745847" lon="20.477469">
        <ele>177.047158</ele>
        <time>2026-08-07T14:03:30.883Z</time>
      </trkpt>
      <trkpt lat="44.745784" lon="20.477537">
        <ele>177.172897</ele>
        <time>2026-08-07T14:03:33.220Z</time>
      </trkpt>
      <trkpt lat="44.745644" lon="20.477699">
        <ele>177.459935</ele>
        <time>2026-08-07T14:03:38.551Z</time>
      </trkpt>
      <trkpt lat="44.745368" lon="20.478125">
        <ele>178.097150</ele>
        <time>2026-08-07T14:03:50.787Z</time>
      </trkpt>
      <trkpt lat="44.745021" lon="20.478677">
        <ele>178.719873</ele>
        <time>2026-08-07T14:04:05.688Z</time>
      </trkpt>
      <trkpt lat="44.744776" lon="20.479082">
        <ele>179.169283</ele>
        <time>2026-08-07T14:04:16.101Z</time>
      </trkpt>
      <trkpt lat="44.744576" lon="20.479405">
        <ele>179.531277</ele>
        <time>2026-08-07T14:04:24.204Z</time>
      </trkpt>
      <trkpt lat="44.743774" lon="20.480700">
        <ele>180.088985</ele>
        <time>2026-08-07T14:04:54.691Z</time>
      </trkpt>
      <trkpt lat="44.743759" lon="20.480725">
        <ele>180.084989</ele>
        <time>2026-08-07T14:04:55.265Z</time>
      </trkpt>
      <trkpt lat="44.743607" lon="20.480956">
        <ele>180.046541</ele>
        <time>2026-08-07T14:05:00.638Z</time>
      </trkpt>
      <trkpt lat="44.742951" lon="20.481993">
        <ele>179.879030</ele>
        <time>2026-08-07T14:05:19.751Z</time>
      </trkpt>
      <trkpt lat="44.742861" lon="20.482169">
        <ele>179.856005</ele>
        <time>2026-08-07T14:05:22.648Z</time>
      </trkpt>
      <trkpt lat="44.742752" lon="20.482471">
        <ele>179.820039</ele>
        <time>2026-08-07T14:05:27.133Z</time>
      </trkpt>
      <trkpt lat="44.742716" lon="20.482582">
        <ele>179.807083</ele>
        <time>2026-08-07T14:05:28.867Z</time>
      </trkpt>
      <trkpt lat="44.742489" lon="20.483456">
        <ele>179.708280</ele>
        <time>2026-08-07T14:05:42.716Z</time>
      </trkpt>
      <trkpt lat="44.742425" lon="20.483639">
        <ele>179.686624</ele>
        <time>2026-08-07T14:05:45.820Z</time>
      </trkpt>
      <trkpt lat="44.742322" lon="20.483846">
        <ele>179.659790</ele>
        <time>2026-08-07T14:05:50.196Z</time>
      </trkpt>
      <trkpt lat="44.742132" lon="20.484148">
        <ele>179.693694</ele>
        <time>2026-08-07T14:05:58.161Z</time>
      </trkpt>
      <trkpt lat="44.742093" lon="20.484202">
        <ele>179.777303</ele>
        <time>2026-08-07T14:05:59.758Z</time>
      </trkpt>
      <trkpt lat="44.741950" lon="20.484374">
        <ele>180.064783</ele>
        <time>2026-08-07T14:06:05.060Z</time>
      </trkpt>
      <trkpt lat="44.741679" lon="20.484668">
        <ele>180.587717</ele>
        <time>2026-08-07T14:06:14.830Z</time>
      </trkpt>
      <trkpt lat="44.741491" lon="20.484868">
        <ele>180.947885</ele>
        <time>2026-08-07T14:06:21.503Z</time>
      </trkpt>
      <trkpt lat="44.740916" lon="20.485474">
        <ele>182.045746</ele>
        <time>2026-08-07T14:06:40.671Z</time>
      </trkpt>
      <trkpt lat="44.740738" lon="20.485660">
        <ele>182.396809</ele>
        <time>2026-08-07T14:06:47.125Z</time>
      </trkpt>
      <trkpt lat="44.740735" lon="20.485664">
        <ele>182.409808</ele>
        <time>2026-08-07T14:06:47.238Z</time>
      </trkpt>
      <trkpt lat="44.740593" lon="20.485813">
        <ele>182.967010</ele>
        <time>2026-08-07T14:06:52.981Z</time>
      </trkpt>
      <trkpt lat="44.739998" lon="20.486439">
        <ele>185.304001</ele>
        <time>2026-08-07T14:07:20.569Z</time>
      </trkpt>
      <trkpt lat="44.739760" lon="20.486670">
        <ele>186.213509</ele>
        <time>2026-08-07T14:07:30.761Z</time>
      </trkpt>
      <trkpt lat="44.739652" lon="20.486698">
        <ele>186.559015</ele>
        <time>2026-08-07T14:07:34.586Z</time>
      </trkpt>
      <trkpt lat="44.739508" lon="20.486683">
        <ele>187.013310</ele>
        <time>2026-08-07T14:07:39.633Z</time>
      </trkpt>
      <trkpt lat="44.739326" lon="20.486562">
        <ele>187.646563</ele>
        <time>2026-08-07T14:07:46.571Z</time>
      </trkpt>
      <trkpt lat="44.738915" lon="20.485868">
        <ele>189.851709</ele>
        <time>2026-08-07T14:08:09.832Z</time>
      </trkpt>
      <trkpt lat="44.738764" lon="20.485744">
        <ele>190.464261</ele>
        <time>2026-08-07T14:08:16.599Z</time>
      </trkpt>
      <trkpt lat="44.738509" lon="20.485638">
        <ele>191.395936</ele>
        <time>2026-08-07T14:08:26.355Z</time>
      </trkpt>
      <trkpt lat="44.738358" lon="20.485658">
        <ele>191.927387</ele>
        <time>2026-08-07T14:08:31.344Z</time>
      </trkpt>
      <trkpt lat="44.737946" lon="20.485816">
        <ele>193.423669</ele>
        <time>2026-08-07T14:08:46.383Z</time>
      </trkpt>
      <trkpt lat="44.737877" lon="20.485821">
        <ele>193.665770</ele>
        <time>2026-08-07T14:08:48.881Z</time>
      </trkpt>
      <trkpt lat="44.737727" lon="20.485831">
        <ele>194.191969</ele>
        <time>2026-08-07T14:08:54.610Z</time>
      </trkpt>
      <trkpt lat="44.737641" lon="20.485819">
        <ele>194.438720</ele>
        <time>2026-08-07T14:08:57.984Z</time>
      </trkpt>
      <trkpt lat="44.737369" lon="20.485674">
        <ele>195.101309</ele>
        <time>2026-08-07T14:09:09.334Z</time>
      </trkpt>
      <trkpt lat="44.736902" lon="20.485263">
        <ele>196.355986</ele>
        <time>2026-08-07T14:09:30.164Z</time>
      </trkpt>
      <trkpt lat="44.736771" lon="20.485139">
        <ele>196.715610</ele>
        <time>2026-08-07T14:09:35.250Z</time>
      </trkpt>
      <trkpt lat="44.736763" lon="20.485132">
        <ele>196.737069</ele>
        <time>2026-08-07T14:09:35.551Z</time>
      </trkpt>
      <trkpt lat="44.736181" lon="20.484598">
        <ele>198.319693</ele>
        <time>2026-08-07T14:09:52.717Z</time>
      </trkpt>
      <trkpt lat="44.736118" lon="20.484541">
        <ele>198.411094</ele>
        <time>2026-08-07T14:09:54.443Z</time>
      </trkpt>
      <trkpt lat="44.735893" lon="20.484338">
        <ele>198.192018</ele>
        <time>2026-08-07T14:10:00.544Z</time>
      </trkpt>
      <trkpt lat="44.735728" lon="20.484196">
        <ele>198.033484</ele>
        <time>2026-08-07T14:10:04.617Z</time>
      </trkpt>
      <trkpt lat="44.735091" lon="20.483777">
        <ele>197.457106</ele>
        <time>2026-08-07T14:10:17.882Z</time>
      </trkpt>
      <trkpt lat="44.735039" lon="20.483753">
        <ele>197.412246</ele>
        <time>2026-08-07T14:10:18.869Z</time>
      </trkpt>
      <trkpt lat="44.734922" lon="20.483699">
        <ele>197.311310</ele>
        <time>2026-08-07T14:10:21.119Z</time>
      </trkpt>
      <trkpt lat="44.734746" lon="20.483627">
        <ele>197.161064</ele>
        <time>2026-08-07T14:10:24.452Z</time>
      </trkpt>
      <trkpt lat="44.734636" lon="20.483582">
        <ele>197.067160</ele>
        <time>2026-08-07T14:10:26.554Z</time>
      </trkpt>
      <trkpt lat="44.733395" lon="20.483210">
        <ele>196.097495</ele>
        <time>2026-08-07T14:10:50.905Z</time>
      </trkpt>
      <trkpt lat="44.732846" lon="20.483032">
        <ele>195.670634</ele>
        <time>2026-08-07T14:11:02.753Z</time>
      </trkpt>
      <trkpt lat="44.732571" lon="20.482952">
        <ele>195.641220</ele>
        <time>2026-08-07T14:11:08.940Z</time>
      </trkpt>
      <trkpt lat="44.732227" lon="20.482859">
        <ele>195.731207</ele>
        <time>2026-08-07T14:11:16.968Z</time>
      </trkpt>
      <trkpt lat="44.731877" lon="20.482805">
        <ele>195.821658</ele>
        <time>2026-08-07T14:11:25.272Z</time>
      </trkpt>
      <trkpt lat="44.731526" lon="20.482793">
        <ele>195.911855</ele>
        <time>2026-08-07T14:11:33.494Z</time>
      </trkpt>
      <trkpt lat="44.731465" lon="20.482796">
        <ele>195.927535</ele>
        <time>2026-08-07T14:11:34.854Z</time>
      </trkpt>
      <trkpt lat="44.731203" lon="20.482858">
        <ele>195.995786</ele>
        <time>2026-08-07T14:11:41.120Z</time>
      </trkpt>
      <trkpt lat="44.730924" lon="20.482979">
        <ele>196.104707</ele>
        <time>2026-08-07T14:11:48.306Z</time>
      </trkpt>
      <trkpt lat="44.730624" lon="20.483175">
        <ele>196.396612</ele>
        <time>2026-08-07T14:11:56.548Z</time>
      </trkpt>
      <trkpt lat="44.730350" lon="20.483418">
        <ele>196.682437</ele>
        <time>2026-08-07T14:12:04.641Z</time>
      </trkpt>
      <trkpt lat="44.730288" lon="20.483479">
        <ele>196.749199</ele>
        <time>2026-08-07T14:12:06.566Z</time>
      </trkpt>
      <trkpt lat="44.730240" lon="20.483528">
        <ele>196.801531</ele>
        <time>2026-08-07T14:12:08.075Z</time>
      </trkpt>
      <trkpt lat="44.729016" lon="20.484721">
        <ele>198.588034</ele>
        <time>2026-08-07T14:12:47.604Z</time>
      </trkpt>
      <trkpt lat="44.728960" lon="20.484775">
        <ele>198.708021</ele>
        <time>2026-08-07T14:12:49.518Z</time>
      </trkpt>
      <trkpt lat="44.728931" lon="20.484804">
        <ele>198.770902</ele>
        <time>2026-08-07T14:12:50.555Z</time>
      </trkpt>
      <trkpt lat="44.728773" lon="20.484963">
        <ele>199.114220</ele>
        <time>2026-08-07T14:12:56.300Z</time>
      </trkpt>
      <trkpt lat="44.727568" lon="20.486121">
        <ele>200.865028</ele>
        <time>2026-08-07T14:13:41.900Z</time>
      </trkpt>
      <trkpt lat="44.727188" lon="20.486469">
        <ele>200.903186</ele>
        <time>2026-08-07T14:13:53.523Z</time>
      </trkpt>
      <trkpt lat="44.726867" lon="20.486793">
        <ele>200.936433</ele>
        <time>2026-08-07T14:14:01.240Z</time>
      </trkpt>
      <trkpt lat="44.726716" lon="20.486988">
        <ele>200.953681</ele>
        <time>2026-08-07T14:14:04.914Z</time>
      </trkpt>
      <trkpt lat="44.726674" lon="20.487063">
        <ele>200.959392</ele>
        <time>2026-08-07T14:14:06.111Z</time>
      </trkpt>
      <trkpt lat="44.726535" lon="20.487337">
        <ele>200.849538</ele>
        <time>2026-08-07T14:14:10.282Z</time>
      </trkpt>
      <trkpt lat="44.726454" lon="20.487596">
        <ele>200.379694</ele>
        <time>2026-08-07T14:14:13.723Z</time>
      </trkpt>
      <trkpt lat="44.726418" lon="20.487972">
        <ele>199.749765</ele>
        <time>2026-08-07T14:14:18.299Z</time>
      </trkpt>
      <trkpt lat="44.726438" lon="20.488359">
        <ele>199.105518</ele>
        <time>2026-08-07T14:14:22.964Z</time>
      </trkpt>
      <trkpt lat="44.726610" lon="20.489313">
        <ele>197.471357</ele>
        <time>2026-08-07T14:14:34.814Z</time>
      </trkpt>
      <trkpt lat="44.726629" lon="20.489578">
        <ele>197.029135</ele>
        <time>2026-08-07T14:14:38.152Z</time>
      </trkpt>
      <trkpt lat="44.726623" lon="20.489770">
        <ele>196.700413</ele>
        <time>2026-08-07T14:14:40.552Z</time>
      </trkpt>
      <trkpt lat="44.726551" lon="20.490160">
        <ele>195.926865</ele>
        <time>2026-08-07T14:14:45.562Z</time>
      </trkpt>
      <trkpt lat="44.726081" lon="20.491374">
        <ele>193.272782</ele>
        <time>2026-08-07T14:15:01.703Z</time>
      </trkpt>
      <trkpt lat="44.725991" lon="20.491772">
        <ele>192.470965</ele>
        <time>2026-08-07T14:15:06.624Z</time>
      </trkpt>
      <trkpt lat="44.725956" lon="20.492112">
        <ele>191.853728</ele>
        <time>2026-08-07T14:15:10.714Z</time>
      </trkpt>
      <trkpt lat="44.725957" lon="20.492530">
        <ele>191.389595</ele>
        <time>2026-08-07T14:15:15.804Z</time>
      </trkpt>
      <trkpt lat="44.725978" lon="20.492761">
        <ele>191.131010</ele>
        <time>2026-08-07T14:15:18.711Z</time>
      </trkpt>
      <trkpt lat="44.725988" lon="20.492849">
        <ele>191.032057</ele>
        <time>2026-08-07T14:15:19.834Z</time>
      </trkpt>
      <trkpt lat="44.726080" lon="20.493306">
        <ele>190.504646</ele>
        <time>2026-08-07T14:15:26.078Z</time>
      </trkpt>
      <trkpt lat="44.726294" lon="20.494068">
        <ele>189.594854</ele>
        <time>2026-08-07T14:15:37.597Z</time>
      </trkpt>
      <trkpt lat="44.726486" lon="20.494751">
        <ele>188.848631</ele>
        <time>2026-08-07T14:15:47.639Z</time>
      </trkpt>
      <trkpt lat="44.726733" lon="20.495684">
        <ele>187.981587</ele>
        <time>2026-08-07T14:16:00.222Z</time>
      </trkpt>
      <trkpt lat="44.726734" lon="20.495971">
        <ele>187.731661</ele>
        <time>2026-08-07T14:16:03.651Z</time>
      </trkpt>
      <trkpt lat="44.726703" lon="20.496141">
        <ele>187.578824</ele>
        <time>2026-08-07T14:16:05.754Z</time>
      </trkpt>
      <trkpt lat="44.726582" lon="20.496458">
        <ele>187.265458</ele>
        <time>2026-08-07T14:16:10.157Z</time>
      </trkpt>
      <trkpt lat="44.726276" lon="20.497056">
        <ele>187.546287</ele>
        <time>2026-08-07T14:16:22.229Z</time>
      </trkpt>
      <trkpt lat="44.726212" lon="20.497287">
        <ele>188.061401</ele>
        <time>2026-08-07T14:16:27.861Z</time>
      </trkpt>
      <trkpt lat="44.726155" lon="20.497655">
        <ele>188.843899</ele>
        <time>2026-08-07T14:16:36.415Z</time>
      </trkpt>
      <trkpt lat="44.726122" lon="20.497798">
        <ele>189.156268</ele>
        <time>2026-08-07T14:16:40.030Z</time>
      </trkpt>
      <trkpt lat="44.726014" lon="20.498049">
        <ele>189.765910</ele>
        <time>2026-08-07T14:16:47.431Z</time>
      </trkpt>
      <trkpt lat="44.725856" lon="20.498184">
        <ele>190.306396</ele>
        <time>2026-08-07T14:16:54.528Z</time>
      </trkpt>
      <trkpt lat="44.725694" lon="20.498212">
        <ele>190.783669</ele>
        <time>2026-08-07T14:17:01.179Z</time>
      </trkpt>
      <trkpt lat="44.725588" lon="20.498193">
        <ele>191.096134</ele>
        <time>2026-08-07T14:17:05.646Z</time>
      </trkpt>
      <trkpt lat="44.725199" lon="20.498016">
        <ele>192.288762</ele>
        <time>2026-08-07T14:17:23.510Z</time>
      </trkpt>
      <trkpt lat="44.724779" lon="20.497754">
        <ele>193.604097</ele>
        <time>2026-08-07T14:17:41.424Z</time>
      </trkpt>
      <trkpt lat="44.724409" lon="20.497409">
        <ele>194.874841</ele>
        <time>2026-08-07T14:17:54.298Z</time>
      </trkpt>
      <trkpt lat="44.724075" lon="20.497027">
        <ele>196.107056</ele>
        <time>2026-08-07T14:18:07.177Z</time>
      </trkpt>
      <trkpt lat="44.723939" lon="20.496785">
        <ele>196.734730</ele>
        <time>2026-08-07T14:18:14.209Z</time>
      </trkpt>
      <trkpt lat="44.723686" lon="20.496152">
        <ele>198.128221</ele>
        <time>2026-08-07T14:18:31.397Z</time>
      </trkpt>
      <trkpt lat="44.723519" lon="20.495946">
        <ele>198.705136</ele>
        <time>2026-08-07T14:18:38.629Z</time>
      </trkpt>
      <trkpt lat="44.723294" lon="20.495833">
        <ele>199.325784</ele>
        <time>2026-08-07T14:18:46.319Z</time>
      </trkpt>
      <trkpt lat="44.723045" lon="20.495793">
        <ele>199.976883</ele>
        <time>2026-08-07T14:18:54.535Z</time>
      </trkpt>
      <trkpt lat="44.722891" lon="20.495825">
        <ele>200.381310</ele>
        <time>2026-08-07T14:18:59.735Z</time>
      </trkpt>
      <trkpt lat="44.722714" lon="20.495922">
        <ele>200.874785</ele>
        <time>2026-08-07T14:19:06.296Z</time>
      </trkpt>
      <trkpt lat="44.722427" lon="20.496226">
        <ele>201.807981</ele>
        <time>2026-08-07T14:19:18.405Z</time>
      </trkpt>
      <trkpt lat="44.722146" lon="20.496761">
        <ele>202.654454</ele>
        <time>2026-08-07T14:19:33.013Z</time>
      </trkpt>
      <trkpt lat="44.722017" lon="20.497077">
        <ele>203.084469</ele>
        <time>2026-08-07T14:19:40.506Z</time>
      </trkpt>
      <trkpt lat="44.721502" lon="20.498690">
        <ele>205.062271</ele>
        <time>2026-08-07T14:20:15.678Z</time>
      </trkpt>
      <trkpt lat="44.721340" lon="20.499201">
        <ele>205.373619</ele>
        <time>2026-08-07T14:20:25.457Z</time>
      </trkpt>
      <trkpt lat="44.721071" lon="20.500047">
        <ele>205.889334</ele>
        <time>2026-08-07T14:20:41.154Z</time>
      </trkpt>
      <trkpt lat="44.721032" lon="20.500224">
        <ele>205.992448</ele>
        <time>2026-08-07T14:20:44.678Z</time>
      </trkpt>
      <trkpt lat="44.721023" lon="20.500390">
        <ele>206.085082</ele>
        <time>2026-08-07T14:20:47.946Z</time>
      </trkpt>
      <trkpt lat="44.721037" lon="20.500566">
        <ele>206.183624</ele>
        <time>2026-08-07T14:20:51.401Z</time>
      </trkpt>
      <trkpt lat="44.721097" lon="20.500764">
        <ele>206.303396</ele>
        <time>2026-08-07T14:20:55.622Z</time>
      </trkpt>
      <trkpt lat="44.721260" lon="20.501017">
        <ele>206.303959</ele>
        <time>2026-08-07T14:21:02.118Z</time>
      </trkpt>
      <trkpt lat="44.721757" lon="20.501393">
        <ele>206.046373</ele>
        <time>2026-08-07T14:21:15.125Z</time>
      </trkpt>
      <trkpt lat="44.721846" lon="20.501484">
        <ele>205.996154</ele>
        <time>2026-08-07T14:21:17.444Z</time>
      </trkpt>
      <trkpt lat="44.722004" lon="20.501720">
        <ele>205.890976</ele>
        <time>2026-08-07T14:21:22.365Z</time>
      </trkpt>
      <trkpt lat="44.722091" lon="20.502026">
        <ele>205.784071</ele>
        <time>2026-08-07T14:21:27.297Z</time>
      </trkpt>
      <trkpt lat="44.722100" lon="20.502269">
        <ele>205.705144</ele>
        <time>2026-08-07T14:21:30.680Z</time>
      </trkpt>
      <trkpt lat="44.722072" lon="20.502491">
        <ele>205.632010</ele>
        <time>2026-08-07T14:21:33.639Z</time>
      </trkpt>
      <trkpt lat="44.722012" lon="20.502680">
        <ele>205.564866</ele>
        <time>2026-08-07T14:21:36.249Z</time>
      </trkpt>
      <trkpt lat="44.721876" lon="20.502897">
        <ele>205.153313</ele>
        <time>2026-08-07T14:21:39.734Z</time>
      </trkpt>
      <trkpt lat="44.721632" lon="20.503087">
        <ele>204.530576</ele>
        <time>2026-08-07T14:21:44.280Z</time>
      </trkpt>
      <trkpt lat="44.721139" lon="20.503303">
        <ele>203.377503</ele>
        <time>2026-08-07T14:21:52.562Z</time>
      </trkpt>
      <trkpt lat="44.720953" lon="20.503388">
        <ele>202.940783</ele>
        <time>2026-08-07T14:21:55.805Z</time>
      </trkpt>
      <trkpt lat="44.720090" lon="20.503765">
        <ele>201.506095</ele>
        <time>2026-08-07T14:22:12.817Z</time>
      </trkpt>
      <trkpt lat="44.719486" lon="20.504031">
        <ele>201.437273</ele>
        <time>2026-08-07T14:22:25.477Z</time>
      </trkpt>
      <trkpt lat="44.719251" lon="20.504089">
        <ele>201.411328</ele>
        <time>2026-08-07T14:22:30.799Z</time>
      </trkpt>
      <trkpt lat="44.718925" lon="20.504100">
        <ele>201.375868</ele>
        <time>2026-08-07T14:22:39.217Z</time>
      </trkpt>
      <trkpt lat="44.718844" lon="20.504096">
        <ele>201.367054</ele>
        <time>2026-08-07T14:22:41.440Z</time>
      </trkpt>
      <trkpt lat="44.718489" lon="20.504062">
        <ele>201.636066</ele>
        <time>2026-08-07T14:22:50.697Z</time>
      </trkpt>
      <trkpt lat="44.718233" lon="20.504035">
        <ele>202.324086</ele>
        <time>2026-08-07T14:22:57.179Z</time>
      </trkpt>
      <trkpt lat="44.717989" lon="20.504013">
        <ele>202.979363</ele>
        <time>2026-08-07T14:23:03.466Z</time>
      </trkpt>
      <trkpt lat="44.717327" lon="20.503953">
        <ele>204.757241</ele>
        <time>2026-08-07T14:23:25.273Z</time>
      </trkpt>
      <trkpt lat="44.716980" lon="20.503966">
        <ele>205.687553</ele>
        <time>2026-08-07T14:23:39.166Z</time>
      </trkpt>
      <trkpt lat="44.716722" lon="20.504021">
        <ele>206.554422</ele>
        <time>2026-08-07T14:23:50.063Z</time>
      </trkpt>
      <trkpt lat="44.716605" lon="20.504044">
        <ele>207.105663</ele>
        <time>2026-08-07T14:23:55.095Z</time>
      </trkpt>
      <trkpt lat="44.716159" lon="20.504154">
        <ele>209.218488</ele>
        <time>2026-08-07T14:24:14.451Z</time>
      </trkpt>
      <trkpt lat="44.715646" lon="20.504316">
        <ele>211.671754</ele>
        <time>2026-08-07T14:24:37.314Z</time>
      </trkpt>
      <trkpt lat="44.715127" lon="20.504601">
        <ele>214.271339</ele>
        <time>2026-08-07T14:24:59.801Z</time>
      </trkpt>
      <trkpt lat="44.714902" lon="20.504765">
        <ele>215.123452</ele>
        <time>2026-08-07T14:25:09.193Z</time>
      </trkpt>
      <trkpt lat="44.714770" lon="20.504862">
        <ele>215.563367</ele>
        <time>2026-08-07T14:25:14.571Z</time>
      </trkpt>
      <trkpt lat="44.713993" lon="20.505590">
        <ele>218.320986</ele>
        <time>2026-08-07T14:25:44.965Z</time>
      </trkpt>
      <trkpt lat="44.713694" lon="20.505823">
        <ele>219.330673</ele>
        <time>2026-08-07T14:25:55.622Z</time>
      </trkpt>
      <trkpt lat="44.713531" lon="20.505900">
        <ele>219.838610</ele>
        <time>2026-08-07T14:26:01.239Z</time>
      </trkpt>
      <trkpt lat="44.713126" lon="20.505982">
        <ele>221.017010</ele>
        <time>2026-08-07T14:26:15.314Z</time>
      </trkpt>
      <trkpt lat="44.712928" lon="20.505987">
        <ele>221.586982</ele>
        <time>2026-08-07T14:26:22.390Z</time>
      </trkpt>
      <trkpt lat="44.711971" lon="20.505781">
        <ele>224.373444</ele>
        <time>2026-08-07T14:26:55.880Z</time>
      </trkpt>
      <trkpt lat="44.711654" lon="20.505802">
        <ele>225.159178</ele>
        <time>2026-08-07T14:27:06.687Z</time>
      </trkpt>
      <trkpt lat="44.711169" lon="20.505936">
        <ele>225.834210</ele>
        <time>2026-08-07T14:27:21.566Z</time>
      </trkpt>
      <trkpt lat="44.710711" lon="20.506160">
        <ele>226.496427</ele>
        <time>2026-08-07T14:27:33.942Z</time>
      </trkpt>
      <trkpt lat="44.710361" lon="20.506395">
        <ele>227.026066</ele>
        <time>2026-08-07T14:27:43.939Z</time>
      </trkpt>
      <trkpt lat="44.710146" lon="20.506604">
        <ele>227.382957</ele>
        <time>2026-08-07T14:27:50.656Z</time>
      </trkpt>
      <trkpt lat="44.709541" lon="20.507264">
        <ele>228.115720</ele>
        <time>2026-08-07T14:28:10.115Z</time>
      </trkpt>
      <trkpt lat="44.709226" lon="20.507473">
        <ele>228.431076</ele>
        <time>2026-08-07T14:28:19.005Z</time>
      </trkpt>
      <trkpt lat="44.708163" lon="20.507839">
        <ele>229.907422</ele>
        <time>2026-08-07T14:28:47.721Z</time>
      </trkpt>
      <trkpt lat="44.707900" lon="20.508013">
        <ele>230.606604</ele>
        <time>2026-08-07T14:28:55.821Z</time>
      </trkpt>
      <trkpt lat="44.707279" lon="20.508567">
        <ele>232.375594</ele>
        <time>2026-08-07T14:29:18.514Z</time>
      </trkpt>
      <trkpt lat="44.707023" lon="20.508687">
        <ele>233.024760</ele>
        <time>2026-08-07T14:29:28.243Z</time>
      </trkpt>
      <trkpt lat="44.706723" lon="20.508721">
        <ele>234.013176</ele>
        <time>2026-08-07T14:29:39.940Z</time>
      </trkpt>
      <trkpt lat="44.706499" lon="20.508713">
        <ele>235.039295</ele>
        <time>2026-08-07T14:29:49.468Z</time>
      </trkpt>
      <trkpt lat="44.706186" lon="20.508683">
        <ele>236.475972</ele>
        <time>2026-08-07T14:30:03.344Z</time>
      </trkpt>
      <trkpt lat="44.705833" lon="20.508607">
        <ele>238.111319</ele>
        <time>2026-08-07T14:30:18.629Z</time>
      </trkpt>
      <trkpt lat="44.705604" lon="20.508474">
        <ele>239.245833</ele>
        <time>2026-08-07T14:30:29.001Z</time>
      </trkpt>
      <trkpt lat="44.705477" lon="20.508319">
        <ele>240.015732</ele>
        <time>2026-08-07T14:30:36.002Z</time>
      </trkpt>
      <trkpt lat="44.705243" lon="20.507944">
        <ele>241.639917</ele>
        <time>2026-08-07T14:30:50.133Z</time>
      </trkpt>
      <trkpt lat="44.705012" lon="20.507646">
        <ele>242.551793</ele>
        <time>2026-08-07T14:31:01.810Z</time>
      </trkpt>
      <trkpt lat="44.704600" lon="20.507268">
        <ele>243.951367</ele>
        <time>2026-08-07T14:31:19.021Z</time>
      </trkpt>
      <trkpt lat="44.704185" lon="20.506915">
        <ele>245.331278</ele>
        <time>2026-08-07T14:31:34.746Z</time>
      </trkpt>
      <trkpt lat="44.703281" lon="20.506135">
        <ele>247.913863</ele>
        <time>2026-08-07T14:32:05.972Z</time>
      </trkpt>
      <trkpt lat="44.702894" lon="20.505803">
        <ele>248.838846</ele>
        <time>2026-08-07T14:32:20.305Z</time>
      </trkpt>
      <trkpt lat="44.702765" lon="20.505693">
        <ele>249.146672</ele>
        <time>2026-08-07T14:32:24.771Z</time>
      </trkpt>
      <trkpt lat="44.702311" lon="20.505295">
        <ele>250.238284</ele>
        <time>2026-08-07T14:32:40.751Z</time>
      </trkpt>
      <trkpt lat="44.702045" lon="20.505081">
        <ele>250.742875</ele>
        <time>2026-08-07T14:32:50.206Z</time>
      </trkpt>
      <trkpt lat="44.701857" lon="20.504920">
        <ele>251.050110</ele>
        <time>2026-08-07T14:32:57.586Z</time>
      </trkpt>
      <trkpt lat="44.701434" lon="20.504555">
        <ele>251.742813</ele>
        <time>2026-08-07T14:33:13.499Z</time>
      </trkpt>
      <trkpt lat="44.700950" lon="20.504153">
        <ele>252.527412</ele>
        <time>2026-08-07T14:33:27.178Z</time>
      </trkpt>
      <trkpt lat="44.700623" lon="20.503867">
        <ele>253.081186</ele>
        <time>2026-08-07T14:33:35.995Z</time>
      </trkpt>
      <trkpt lat="44.700423" lon="20.503690">
        <ele>253.485008</ele>
        <time>2026-08-07T14:33:41.455Z</time>
      </trkpt>
      <trkpt lat="44.700262" lon="20.503581">
        <ele>253.790374</ele>
        <time>2026-08-07T14:33:45.764Z</time>
      </trkpt>
      <trkpt lat="44.700137" lon="20.503512">
        <ele>254.019865</ele>
        <time>2026-08-07T14:33:49.171Z</time>
      </trkpt>
      <trkpt lat="44.699847" lon="20.503397">
        <ele>254.534812</ele>
        <time>2026-08-07T14:33:57.325Z</time>
      </trkpt>
      <trkpt lat="44.699581" lon="20.503301">
        <ele>255.004148</ele>
        <time>2026-08-07T14:34:05.426Z</time>
      </trkpt>
      <trkpt lat="44.698790" lon="20.503030">
        <ele>256.682176</ele>
        <time>2026-08-07T14:34:33.339Z</time>
      </trkpt>
      <trkpt lat="44.698554" lon="20.502906">
        <ele>257.487646</ele>
        <time>2026-08-07T14:34:42.615Z</time>
      </trkpt>
      <trkpt lat="44.698199" lon="20.502640">
        <ele>258.773641</ele>
        <time>2026-08-07T14:34:57.964Z</time>
      </trkpt>
      <trkpt lat="44.697933" lon="20.502423">
        <ele>259.756769</ele>
        <time>2026-08-07T14:35:09.422Z</time>
      </trkpt>
      <trkpt lat="44.697672" lon="20.502255">
        <ele>260.674464</ele>
        <time>2026-08-07T14:35:19.546Z</time>
      </trkpt>
      <trkpt lat="44.697542" lon="20.502203">
        <ele>261.106588</ele>
        <time>2026-08-07T14:35:24.210Z</time>
      </trkpt>
      <trkpt lat="44.696982" lon="20.502056">
        <ele>262.246699</ele>
        <time>2026-08-07T14:35:41.853Z</time>
      </trkpt>
      <trkpt lat="44.696385" lon="20.501931">
        <ele>262.992932</ele>
        <time>2026-08-07T14:35:58.152Z</time>
      </trkpt>
      <trkpt lat="44.696253" lon="20.501904">
        <ele>263.157847</ele>
        <time>2026-08-07T14:36:01.378Z</time>
      </trkpt>
      <trkpt lat="44.695993" lon="20.501851">
        <ele>263.482656</ele>
        <time>2026-08-07T14:36:07.657Z</time>
      </trkpt>
      <trkpt lat="44.695818" lon="20.501837">
        <ele>263.699367</ele>
        <time>2026-08-07T14:36:11.776Z</time>
      </trkpt>
      <trkpt lat="44.695434" lon="20.501845">
        <ele>264.221803</ele>
        <time>2026-08-07T14:36:21.146Z</time>
      </trkpt>
      <trkpt lat="44.694341" lon="20.502198">
        <ele>266.103797</ele>
        <time>2026-08-07T14:36:51.634Z</time>
      </trkpt>
      <trkpt lat="44.694137" lon="20.502264">
        <ele>266.455088</ele>
        <time>2026-08-07T14:36:58.683Z</time>
      </trkpt>
      <trkpt lat="44.693620" lon="20.502462">
        <ele>267.589490</ele>
        <time>2026-08-07T14:37:17.039Z</time>
      </trkpt>
      <trkpt lat="44.693167" lon="20.502677">
        <ele>269.031714</ele>
        <time>2026-08-07T14:37:33.612Z</time>
      </trkpt>
      <trkpt lat="44.692435" lon="20.503078">
        <ele>271.401437</ele>
        <time>2026-08-07T14:38:01.184Z</time>
      </trkpt>
      <trkpt lat="44.692245" lon="20.503120">
        <ele>271.981633</ele>
        <time>2026-08-07T14:38:08.235Z</time>
      </trkpt>
      <trkpt lat="44.691769" lon="20.503092">
        <ele>273.019122</ele>
        <time>2026-08-07T14:38:24.210Z</time>
      </trkpt>
      <trkpt lat="44.691243" lon="20.503096">
        <ele>273.926529</ele>
        <time>2026-08-07T14:38:39.109Z</time>
      </trkpt>
      <trkpt lat="44.690781" lon="20.503223">
        <ele>274.738593</ele>
        <time>2026-08-07T14:38:51.351Z</time>
      </trkpt>
      <trkpt lat="44.690379" lon="20.503451">
        <ele>275.486326</ele>
        <time>2026-08-07T14:39:02.865Z</time>
      </trkpt>
      <trkpt lat="44.689595" lon="20.504127">
        <ele>277.989431</ele>
        <time>2026-08-07T14:39:30.664Z</time>
      </trkpt>
      <trkpt lat="44.688695" lon="20.504992">
        <ele>281.044360</ele>
        <time>2026-08-07T14:40:12.032Z</time>
      </trkpt>
      <trkpt lat="44.688371" lon="20.505231">
        <ele>282.097343</ele>
        <time>2026-08-07T14:40:24.420Z</time>
      </trkpt>
      <trkpt lat="44.687963" lon="20.505458">
        <ele>283.360165</ele>
        <time>2026-08-07T14:40:37.554Z</time>
      </trkpt>
      <trkpt lat="44.687339" lon="20.505691">
        <ele>285.218352</ele>
        <time>2026-08-07T14:40:57.724Z</time>
      </trkpt>
      <trkpt lat="44.687100" lon="20.505831">
        <ele>286.088466</ele>
        <time>2026-08-07T14:41:06.833Z</time>
      </trkpt>
      <trkpt lat="44.687037" lon="20.505899">
        <ele>286.475919</ele>
        <time>2026-08-07T14:41:09.745Z</time>
      </trkpt>
      <trkpt lat="44.686950" lon="20.506091">
        <ele>287.265695</ele>
        <time>2026-08-07T14:41:16.014Z</time>
      </trkpt>
      <trkpt lat="44.686922" lon="20.506314">
        <ele>288.051206</ele>
        <time>2026-08-07T14:41:22.488Z</time>
      </trkpt>
      <trkpt lat="44.686922" lon="20.507010">
        <ele>290.465486</ele>
        <time>2026-08-07T14:41:43.846Z</time>
      </trkpt>
      <trkpt lat="44.686884" lon="20.507171">
        <ele>291.053933</ele>
        <time>2026-08-07T14:41:49.350Z</time>
      </trkpt>
      <trkpt lat="44.686824" lon="20.507294">
        <ele>291.571367</ele>
        <time>2026-08-07T14:41:54.203Z</time>
      </trkpt>
      <trkpt lat="44.686653" lon="20.507473">
        <ele>292.611375</ele>
        <time>2026-08-07T14:42:04.031Z</time>
      </trkpt>
      <trkpt lat="44.685870" lon="20.507851">
        <ele>296.374630</ele>
        <time>2026-08-07T14:42:40.535Z</time>
      </trkpt>
      <trkpt lat="44.685742" lon="20.508030">
        <ele>297.139145</ele>
        <time>2026-08-07T14:42:47.894Z</time>
      </trkpt>
      <trkpt lat="44.685689" lon="20.508199">
        <ele>297.695376</ele>
        <time>2026-08-07T14:42:52.977Z</time>
      </trkpt>
      <trkpt lat="44.685667" lon="20.508401">
        <ele>298.310768</ele>
        <time>2026-08-07T14:42:58.551Z</time>
      </trkpt>
      <trkpt lat="44.685741" lon="20.509000">
        <ele>300.141603</ele>
        <time>2026-08-07T14:43:15.716Z</time>
      </trkpt>
      <trkpt lat="44.685723" lon="20.509200">
        <ele>300.748682</ele>
        <time>2026-08-07T14:43:21.349Z</time>
      </trkpt>
      <trkpt lat="44.685646" lon="20.509436">
        <ele>301.530625</ele>
        <time>2026-08-07T14:43:28.290Z</time>
      </trkpt>
      <trkpt lat="44.685572" lon="20.509560">
        <ele>302.018142</ele>
        <time>2026-08-07T14:43:32.481Z</time>
      </trkpt>
      <trkpt lat="44.685412" lon="20.509713">
        <ele>302.281446</ele>
        <time>2026-08-07T14:43:39.116Z</time>
      </trkpt>
      <trkpt lat="44.685062" lon="20.509990">
        <ele>302.549061</ele>
        <time>2026-08-07T14:43:50.972Z</time>
      </trkpt>
      <trkpt lat="44.684871" lon="20.510099">
        <ele>302.686414</ele>
        <time>2026-08-07T14:43:55.454Z</time>
      </trkpt>
      <trkpt lat="44.684685" lon="20.510123">
        <ele>302.810878</ele>
        <time>2026-08-07T14:43:59.228Z</time>
      </trkpt>
      <trkpt lat="44.684249" lon="20.510056">
        <ele>303.103142</ele>
        <time>2026-08-07T14:44:08.525Z</time>
      </trkpt>
      <trkpt lat="44.684130" lon="20.510067">
        <ele>303.182610</ele>
        <time>2026-08-07T14:44:10.918Z</time>
      </trkpt>
      <trkpt lat="44.683980" lon="20.510127">
        <ele>303.286529</ele>
        <time>2026-08-07T14:44:13.892Z</time>
      </trkpt>
      <trkpt lat="44.683827" lon="20.510297">
        <ele>303.470926</ele>
        <time>2026-08-07T14:44:17.569Z</time>
      </trkpt>
      <trkpt lat="44.683635" lon="20.510717">
        <ele>304.027249</ele>
        <time>2026-08-07T14:44:25.211Z</time>
      </trkpt>
      <trkpt lat="44.683531" lon="20.511046">
        <ele>304.428403</ele>
        <time>2026-08-07T14:44:32.208Z</time>
      </trkpt>
      <trkpt lat="44.683501" lon="20.511279">
        <ele>304.692225</ele>
        <time>2026-08-07T14:44:37.505Z</time>
      </trkpt>
      <trkpt lat="44.683521" lon="20.511520">
        <ele>304.962561</ele>
        <time>2026-08-07T14:44:43.422Z</time>
      </trkpt>
      <trkpt lat="44.683573" lon="20.511711">
        <ele>305.190433</ele>
        <time>2026-08-07T14:44:48.724Z</time>
      </trkpt>
      <trkpt lat="44.684003" lon="20.512534">
        <ele>306.204081</ele>
        <time>2026-08-07T14:45:12.920Z</time>
      </trkpt>
      <trkpt lat="44.684037" lon="20.512774">
        <ele>306.223245</ele>
        <time>2026-08-07T14:45:17.863Z</time>
      </trkpt>
      <trkpt lat="44.684009" lon="20.513045">
        <ele>306.244690</ele>
        <time>2026-08-07T14:45:22.778Z</time>
      </trkpt>
      <trkpt lat="44.683938" lon="20.513232">
        <ele>306.261291</ele>
        <time>2026-08-07T14:45:26.405Z</time>
      </trkpt>
      <trkpt lat="44.683814" lon="20.513379">
        <ele>306.279153</ele>
        <time>2026-08-07T14:45:29.868Z</time>
      </trkpt>
      <trkpt lat="44.683707" lon="20.513439">
        <ele>306.291840</ele>
        <time>2026-08-07T14:45:32.232Z</time>
      </trkpt>
      <trkpt lat="44.683279" lon="20.513529">
        <ele>306.339504</ele>
        <time>2026-08-07T14:45:40.629Z</time>
      </trkpt>
      <trkpt lat="44.683166" lon="20.513615">
        <ele>306.353656</ele>
        <time>2026-08-07T14:45:43.019Z</time>
      </trkpt>
      <trkpt lat="44.683102" lon="20.513705">
        <ele>306.363624</ele>
        <time>2026-08-07T14:45:44.787Z</time>
      </trkpt>
      <trkpt lat="44.683036" lon="20.513845">
        <ele>306.376778</ele>
        <time>2026-08-07T14:45:47.071Z</time>
      </trkpt>
      <trkpt lat="44.683003" lon="20.514043">
        <ele>306.392704</ele>
        <time>2026-08-07T14:45:49.892Z</time>
      </trkpt>
      <trkpt lat="44.682941" lon="20.515242">
        <ele>305.177745</ele>
        <time>2026-08-07T14:46:08.143Z</time>
      </trkpt>
      <trkpt lat="44.682901" lon="20.515432">
        <ele>304.977282</ele>
        <time>2026-08-07T14:46:11.264Z</time>
      </trkpt>
      <trkpt lat="44.682835" lon="20.515577">
        <ele>304.803108</ele>
        <time>2026-08-07T14:46:13.798Z</time>
      </trkpt>
      <trkpt lat="44.682730" lon="20.515696">
        <ele>304.611241</ele>
        <time>2026-08-07T14:46:16.434Z</time>
      </trkpt>
      <trkpt lat="44.682557" lon="20.515761">
        <ele>304.356457</ele>
        <time>2026-08-07T14:46:19.664Z</time>
      </trkpt>
      <trkpt lat="44.681954" lon="20.515737">
        <ele>302.795520</ele>
        <time>2026-08-07T14:46:29.310Z</time>
      </trkpt>
      <trkpt lat="44.681732" lon="20.515770">
        <ele>301.812625</ele>
        <time>2026-08-07T14:46:32.651Z</time>
      </trkpt>
      <trkpt lat="44.681575" lon="20.515836">
        <ele>301.091145</ele>
        <time>2026-08-07T14:46:35.090Z</time>
      </trkpt>
      <trkpt lat="44.681353" lon="20.515995">
        <ele>299.994249</ele>
        <time>2026-08-07T14:46:38.793Z</time>
      </trkpt>
      <trkpt lat="44.681222" lon="20.516143">
        <ele>299.254415</ele>
        <time>2026-08-07T14:46:41.315Z</time>
      </trkpt>
      <trkpt lat="44.681070" lon="20.516371">
        <ele>298.275960</ele>
        <time>2026-08-07T14:46:44.714Z</time>
      </trkpt>
      <trkpt lat="44.680881" lon="20.516736">
        <ele>296.862384</ele>
        <time>2026-08-07T14:46:49.638Z</time>
      </trkpt>
      <trkpt lat="44.680687" lon="20.517166">
        <ele>295.552222</ele>
        <time>2026-08-07T14:46:55.267Z</time>
      </trkpt>
      <trkpt lat="44.680505" lon="20.517686">
        <ele>294.535561</ele>
        <time>2026-08-07T14:47:02.049Z</time>
      </trkpt>
      <trkpt lat="44.680400" lon="20.518125">
        <ele>293.723101</ele>
        <time>2026-08-07T14:47:07.665Z</time>
      </trkpt>
      <trkpt lat="44.680339" lon="20.518490">
        <ele>293.065396</ele>
        <time>2026-08-07T14:47:12.358Z</time>
      </trkpt>
      <trkpt lat="44.680264" lon="20.518991">
        <ele>292.167311</ele>
        <time>2026-08-07T14:47:18.930Z</time>
      </trkpt>
      <trkpt lat="44.680154" lon="20.519521">
        <ele>291.422642</ele>
        <time>2026-08-07T14:47:26.036Z</time>
      </trkpt>
      <trkpt lat="44.679813" lon="20.520139">
        <ele>291.154228</ele>
        <time>2026-08-07T14:47:36.801Z</time>
      </trkpt>
      <trkpt lat="44.679727" lon="20.520455">
        <ele>291.038127</ele>
        <time>2026-08-07T14:47:41.469Z</time>
      </trkpt>
      <trkpt lat="44.679726" lon="20.520731">
        <ele>290.943421</ele>
        <time>2026-08-07T14:47:45.427Z</time>
      </trkpt>
      <trkpt lat="44.679795" lon="20.520999">
        <ele>290.845619</ele>
        <time>2026-08-07T14:47:49.775Z</time>
      </trkpt>
      <trkpt lat="44.679901" lon="20.521212">
        <ele>290.756410</ele>
        <time>2026-08-07T14:47:53.951Z</time>
      </trkpt>
      <trkpt lat="44.680017" lon="20.521347">
        <ele>290.683750</ele>
        <time>2026-08-07T14:47:57.429Z</time>
      </trkpt>
      <trkpt lat="44.680222" lon="20.521474">
        <ele>290.693645</ele>
        <time>2026-08-07T14:48:02.855Z</time>
      </trkpt>
      <trkpt lat="44.680461" lon="20.521498">
        <ele>290.985966</ele>
        <time>2026-08-07T14:48:08.864Z</time>
      </trkpt>
      <trkpt lat="44.682083" lon="20.521190">
        <ele>292.406227</ele>
        <time>2026-08-07T14:48:56.914Z</time>
      </trkpt>
      <trkpt lat="44.682479" lon="20.521151">
        <ele>291.333493</ele>
        <time>2026-08-07T14:49:04.904Z</time>
      </trkpt>
      <trkpt lat="44.682651" lon="20.521219">
        <ele>290.850681</ele>
        <time>2026-08-07T14:49:08.076Z</time>
      </trkpt>
      <trkpt lat="44.682758" lon="20.521325">
        <ele>290.497007</ele>
        <time>2026-08-07T14:49:10.303Z</time>
      </trkpt>
      <trkpt lat="44.682870" lon="20.521558">
        <ele>289.956619</ele>
        <time>2026-08-07T14:49:13.559Z</time>
      </trkpt>
      <trkpt lat="44.682895" lon="20.521691">
        <ele>289.692298</ele>
        <time>2026-08-07T14:49:15.109Z</time>
      </trkpt>
      <trkpt lat="44.682841" lon="20.522125">
        <ele>288.845753</ele>
        <time>2026-08-07T14:49:19.907Z</time>
      </trkpt>
      <trkpt lat="44.682754" lon="20.522473">
        <ele>288.136988</ele>
        <time>2026-08-07T14:49:23.792Z</time>
      </trkpt>
      <trkpt lat="44.682626" lon="20.522792">
        <ele>286.852466</ele>
        <time>2026-08-07T14:49:27.586Z</time>
      </trkpt>
      <trkpt lat="44.682458" lon="20.523044">
        <ele>285.432548</ele>
        <time>2026-08-07T14:49:31.144Z</time>
      </trkpt>
      <trkpt lat="44.681277" lon="20.524270">
        <ele>277.234506</ele>
        <time>2026-08-07T14:49:52.643Z</time>
      </trkpt>
      <trkpt lat="44.681033" lon="20.524594">
        <ele>276.227726</ele>
        <time>2026-08-07T14:49:57.878Z</time>
      </trkpt>
      <trkpt lat="44.680828" lon="20.525012">
        <ele>275.144493</ele>
        <time>2026-08-07T14:50:03.730Z</time>
      </trkpt>
      <trkpt lat="44.680774" lon="20.525202">
        <ele>274.707997</ele>
        <time>2026-08-07T14:50:06.131Z</time>
      </trkpt>
      <trkpt lat="44.680717" lon="20.525612">
        <ele>273.816804</ele>
        <time>2026-08-07T14:50:11.092Z</time>
      </trkpt>
      <trkpt lat="44.680708" lon="20.525943">
        <ele>273.110182</ele>
        <time>2026-08-07T14:50:15.214Z</time>
      </trkpt>
      <trkpt lat="44.680732" lon="20.526202">
        <ele>272.552999</ele>
        <time>2026-08-07T14:50:18.733Z</time>
      </trkpt>
      <trkpt lat="44.680779" lon="20.526445">
        <ele>272.148011</ele>
        <time>2026-08-07T14:50:22.280Z</time>
      </trkpt>
      <trkpt lat="44.680867" lon="20.526715">
        <ele>272.144873</ele>
        <time>2026-08-07T14:50:26.588Z</time>
      </trkpt>
      <trkpt lat="44.680983" lon="20.526963">
        <ele>272.141736</ele>
        <time>2026-08-07T14:50:30.980Z</time>
      </trkpt>
      <trkpt lat="44.681154" lon="20.527224">
        <ele>272.137987</ele>
        <time>2026-08-07T14:50:36.200Z</time>
      </trkpt>
      <trkpt lat="44.681195" lon="20.527273">
        <ele>272.137187</ele>
        <time>2026-08-07T14:50:37.346Z</time>
      </trkpt>
      <trkpt lat="44.681406" lon="20.527483">
        <ele>272.133346</ele>
        <time>2026-08-07T14:50:42.854Z</time>
      </trkpt>
      <trkpt lat="44.681571" lon="20.527598">
        <ele>272.130610</ele>
        <time>2026-08-07T14:50:47.109Z</time>
      </trkpt>
      <trkpt lat="44.681755" lon="20.527674">
        <ele>272.127760</ele>
        <time>2026-08-07T14:50:51.889Z</time>
      </trkpt>
      <trkpt lat="44.682073" lon="20.527740">
        <ele>272.122984</ele>
        <time>2026-08-07T14:51:00.852Z</time>
      </trkpt>
      <trkpt lat="44.682468" lon="20.527761">
        <ele>271.792100</ele>
        <time>2026-08-07T14:51:11.792Z</time>
      </trkpt>
      <trkpt lat="44.683030" lon="20.527494">
        <ele>271.190425</ele>
        <time>2026-08-07T14:51:24.651Z</time>
      </trkpt>
      <trkpt lat="44.683163" lon="20.527474">
        <ele>271.054756</ele>
        <time>2026-08-07T14:51:27.135Z</time>
      </trkpt>
      <trkpt lat="44.683291" lon="20.527499">
        <ele>270.923681</ele>
        <time>2026-08-07T14:51:29.486Z</time>
      </trkpt>
      <trkpt lat="44.683404" lon="20.527566">
        <ele>270.799297</ele>
        <time>2026-08-07T14:51:31.637Z</time>
      </trkpt>
      <trkpt lat="44.683495" lon="20.527675">
        <ele>270.678060</ele>
        <time>2026-08-07T14:51:33.692Z</time>
      </trkpt>
      <trkpt lat="44.683569" lon="20.527837">
        <ele>270.539199</ele>
        <time>2026-08-07T14:51:35.986Z</time>
      </trkpt>
      <trkpt lat="44.683606" lon="20.528039">
        <ele>270.388768</ele>
        <time>2026-08-07T14:51:38.407Z</time>
      </trkpt>
      <trkpt lat="44.683603" lon="20.528331">
        <ele>270.087465</ele>
        <time>2026-08-07T14:51:41.706Z</time>
      </trkpt>
      <trkpt lat="44.683542" lon="20.528513">
        <ele>269.832160</ele>
        <time>2026-08-07T14:51:43.938Z</time>
      </trkpt>
      <trkpt lat="44.682668" lon="20.529712">
        <ele>267.653305</ele>
        <time>2026-08-07T14:52:04.010Z</time>
      </trkpt>
      <trkpt lat="44.681957" lon="20.530810">
        <ele>269.201994</ele>
        <time>2026-08-07T14:52:38.590Z</time>
      </trkpt>
      <trkpt lat="44.681727" lon="20.531267">
        <ele>270.340939</ele>
        <time>2026-08-07T14:52:54.078Z</time>
      </trkpt>
      <trkpt lat="44.681597" lon="20.531643">
        <ele>271.191432</ele>
        <time>2026-08-07T14:53:04.536Z</time>
      </trkpt>
      <trkpt lat="44.681460" lon="20.532077">
        <ele>272.157373</ele>
        <time>2026-08-07T14:53:16.312Z</time>
      </trkpt>
      <trkpt lat="44.681317" lon="20.532323">
        <ele>272.677352</ele>
        <time>2026-08-07T14:53:24.873Z</time>
      </trkpt>
      <trkpt lat="44.680793" lon="20.532847">
        <ele>274.109086</ele>
        <time>2026-08-07T14:53:45.501Z</time>
      </trkpt>
      <trkpt lat="44.680831" lon="20.533029">
        <ele>274.409420</ele>
        <time>2026-08-07T14:53:49.403Z</time>
      </trkpt>
      <trkpt lat="44.680824" lon="20.533430">
        <ele>275.044527</ele>
        <time>2026-08-07T14:53:57.549Z</time>
      </trkpt>
      <trkpt lat="44.680758" lon="20.534170">
        <ele>276.225376</ele>
        <time>2026-08-07T14:54:13.429Z</time>
      </trkpt>
      <trkpt lat="44.680622" lon="20.534967">
        <ele>275.944407</ele>
        <time>2026-08-07T14:54:30.273Z</time>
      </trkpt>
      <trkpt lat="44.680614" lon="20.535328">
        <ele>275.813349</ele>
        <time>2026-08-07T14:54:36.011Z</time>
      </trkpt>
      <trkpt lat="44.680634" lon="20.535622">
        <ele>275.706179</ele>
        <time>2026-08-07T14:54:40.194Z</time>
      </trkpt>
      <trkpt lat="44.680752" lon="20.536038">
        <ele>275.543658</ele>
        <time>2026-08-07T14:54:45.938Z</time>
      </trkpt>
      <trkpt lat="44.680743" lon="20.536287">
        <ele>275.453188</ele>
        <time>2026-08-07T14:54:49.193Z</time>
      </trkpt>
      <trkpt lat="44.680780" lon="20.536643">
        <ele>275.322635</ele>
        <time>2026-08-07T14:54:53.818Z</time>
      </trkpt>
      <trkpt lat="44.680801" lon="20.536761">
        <ele>274.953437</ele>
        <time>2026-08-07T14:54:55.334Z</time>
      </trkpt>
      <trkpt lat="44.680889" lon="20.537211">
        <ele>273.484267</ele>
        <time>2026-08-07T14:55:00.965Z</time>
      </trkpt>
      <trkpt lat="44.680980" lon="20.537523">
        <ele>272.422692</ele>
        <time>2026-08-07T14:55:04.847Z</time>
      </trkpt>
      <trkpt lat="44.681098" lon="20.537918">
        <ele>271.073974</ele>
        <time>2026-08-07T14:55:09.660Z</time>
      </trkpt>
      <trkpt lat="44.681142" lon="20.538140">
        <ele>270.348493</ele>
        <time>2026-08-07T14:55:12.217Z</time>
      </trkpt>
      <trkpt lat="44.681146" lon="20.538324">
        <ele>269.769005</ele>
        <time>2026-08-07T14:55:14.253Z</time>
      </trkpt>
      <trkpt lat="44.681099" lon="20.538566">
        <ele>268.979301</ele>
        <time>2026-08-07T14:55:17.027Z</time>
      </trkpt>
      <trkpt lat="44.680958" lon="20.539029">
        <ele>267.393754</ele>
        <time>2026-08-07T14:55:22.672Z</time>
      </trkpt>
      <trkpt lat="44.680919" lon="20.539411">
        <ele>266.530486</ele>
        <time>2026-08-07T14:55:27.050Z</time>
      </trkpt>
      <trkpt lat="44.680732" lon="20.540437">
        <ele>264.190642</ele>
        <time>2026-08-07T14:55:39.304Z</time>
      </trkpt>
      <trkpt lat="44.680512" lon="20.541870">
        <ele>261.570145</ele>
        <time>2026-08-07T14:55:59.520Z</time>
      </trkpt>
      <trkpt lat="44.680366" lon="20.543212">
        <ele>260.838651</ele>
        <time>2026-08-07T14:56:20.634Z</time>
      </trkpt>
      <trkpt lat="44.680320" lon="20.543461">
        <ele>260.700034</ele>
        <time>2026-08-07T14:56:24.692Z</time>
      </trkpt>
      <trkpt lat="44.680141" lon="20.544075">
        <ele>260.168472</ele>
        <time>2026-08-07T14:56:34.832Z</time>
      </trkpt>
      <trkpt lat="44.680021" lon="20.544691">
        <ele>258.890140</ele>
        <time>2026-08-07T14:56:43.553Z</time>
      </trkpt>
      <trkpt lat="44.679906" lon="20.545276">
        <ele>257.675362</ele>
        <time>2026-08-07T14:56:51.338Z</time>
      </trkpt>
      <trkpt lat="44.679684" lon="20.546165">
        <ele>255.789516</ele>
        <time>2026-08-07T14:57:02.771Z</time>
      </trkpt>
      <trkpt lat="44.679456" lon="20.546878">
        <ele>252.410735</ele>
        <time>2026-08-07T14:57:11.384Z</time>
      </trkpt>
      <trkpt lat="44.679371" lon="20.547282">
        <ele>250.200368</ele>
        <time>2026-08-07T14:57:15.827Z</time>
      </trkpt>
      <trkpt lat="44.679334" lon="20.547862">
        <ele>247.145258</ele>
        <time>2026-08-07T14:57:21.845Z</time>
      </trkpt>
      <trkpt lat="44.679271" lon="20.548347">
        <ele>244.558661</ele>
        <time>2026-08-07T14:57:26.897Z</time>
      </trkpt>
      <trkpt lat="44.679216" lon="20.549239">
        <ele>240.678569</ele>
        <time>2026-08-07T14:57:36.210Z</time>
      </trkpt>
      <trkpt lat="44.679166" lon="20.549585">
        <ele>239.510740</ele>
        <time>2026-08-07T14:57:40.011Z</time>
      </trkpt>
      <trkpt lat="44.678991" lon="20.550215">
        <ele>237.273577</ele>
        <time>2026-08-07T14:57:47.632Z</time>
      </trkpt>
      <trkpt lat="44.678846" lon="20.550858">
        <ele>235.042378</ele>
        <time>2026-08-07T14:57:56.016Z</time>
      </trkpt>
      <trkpt lat="44.678663" lon="20.552647">
        <ele>232.297428</ele>
        <time>2026-08-07T14:58:21.432Z</time>
      </trkpt>
      <trkpt lat="44.678678" lon="20.553147">
        <ele>231.795119</ele>
        <time>2026-08-07T14:58:28.357Z</time>
      </trkpt>
      <trkpt lat="44.678731" lon="20.553482">
        <ele>231.450650</ele>
        <time>2026-08-07T14:58:33.041Z</time>
      </trkpt>
      <trkpt lat="44.678734" lon="20.553768">
        <ele>231.164300</ele>
        <time>2026-08-07T14:58:36.894Z</time>
      </trkpt>
      <trkpt lat="44.678657" lon="20.555339">
        <ele>229.914213</ele>
        <time>2026-08-07T14:58:58.358Z</time>
      </trkpt>
      <trkpt lat="44.678624" lon="20.556442">
        <ele>229.082420</ele>
        <time>2026-08-07T14:59:15.164Z</time>
      </trkpt>
      <trkpt lat="44.678628" lon="20.556739">
        <ele>228.933332</ele>
        <time>2026-08-07T14:59:19.979Z</time>
      </trkpt>
      <trkpt lat="44.678544" lon="20.557554">
        <ele>228.520017</ele>
        <time>2026-08-07T14:59:33.320Z</time>
      </trkpt>
      <trkpt lat="44.678526" lon="20.558386">
        <ele>228.102251</ele>
        <time>2026-08-07T14:59:45.772Z</time>
      </trkpt>
      <trkpt lat="44.678436" lon="20.559180">
        <ele>227.189282</ele>
        <time>2026-08-07T14:59:56.535Z</time>
      </trkpt>
      <trkpt lat="44.678439" lon="20.559391">
        <ele>226.800584</ele>
        <time>2026-08-07T14:59:59.257Z</time>
      </trkpt>
      <trkpt lat="44.678524" lon="20.559995">
        <ele>225.666561</ele>
        <time>2026-08-07T15:00:07.076Z</time>
      </trkpt>
      <trkpt lat="44.678575" lon="20.560671">
        <ele>224.414518</ele>
        <time>2026-08-07T15:00:15.605Z</time>
      </trkpt>
      <trkpt lat="44.678622" lon="20.562159">
        <ele>220.146580</ele>
        <time>2026-08-07T15:00:33.459Z</time>
      </trkpt>
      <trkpt lat="44.678597" lon="20.562519">
        <ele>218.829053</ele>
        <time>2026-08-07T15:00:37.579Z</time>
      </trkpt>
      <trkpt lat="44.678589" lon="20.562690">
        <ele>218.204845</ele>
        <time>2026-08-07T15:00:39.507Z</time>
      </trkpt>
      <trkpt lat="44.678639" lon="20.563370">
        <ele>215.714761</ele>
        <time>2026-08-07T15:00:47.007Z</time>
      </trkpt>
      <trkpt lat="44.678727" lon="20.564097">
        <ele>212.457304</ele>
        <time>2026-08-07T15:00:54.888Z</time>
      </trkpt>
      <trkpt lat="44.679302" lon="20.565402">
        <ele>203.633187</ele>
        <time>2026-08-07T15:01:10.951Z</time>
      </trkpt>
      <trkpt lat="44.679378" lon="20.565638">
        <ele>202.144100</ele>
        <time>2026-08-07T15:01:13.620Z</time>
      </trkpt>
      <trkpt lat="44.679348" lon="20.566282">
        <ele>198.421351</ele>
        <time>2026-08-07T15:01:20.241Z</time>
      </trkpt>
      <trkpt lat="44.679283" lon="20.566790">
        <ele>195.416804</ele>
        <time>2026-08-07T15:01:25.507Z</time>
      </trkpt>
      <trkpt lat="44.679280" lon="20.567229">
        <ele>192.861280</ele>
        <time>2026-08-07T15:01:29.994Z</time>
      </trkpt>
      <trkpt lat="44.679216" lon="20.567662">
        <ele>190.286920</ele>
        <time>2026-08-07T15:01:34.549Z</time>
      </trkpt>
      <trkpt lat="44.679223" lon="20.567888">
        <ele>188.970132</ele>
        <time>2026-08-07T15:01:36.909Z</time>
      </trkpt>
      <trkpt lat="44.679251" lon="20.568040">
        <ele>188.056134</ele>
        <time>2026-08-07T15:01:38.549Z</time>
      </trkpt>
      <trkpt lat="44.679383" lon="20.568390">
        <ele>185.749956</ele>
        <time>2026-08-07T15:01:42.758Z</time>
      </trkpt>
      <trkpt lat="44.679615" lon="20.568661">
        <ele>184.029857</ele>
        <time>2026-08-07T15:01:47.356Z</time>
      </trkpt>
      <trkpt lat="44.680017" lon="20.569797">
        <ele>180.399842</ele>
        <time>2026-08-07T15:02:01.995Z</time>
      </trkpt>
      <trkpt lat="44.680313" lon="20.570727">
        <ele>177.501837</ele>
        <time>2026-08-07T15:02:14.834Z</time>
      </trkpt>
      <trkpt lat="44.680376" lon="20.571006">
        <ele>177.103757</ele>
        <time>2026-08-07T15:02:18.654Z</time>
      </trkpt>
      <trkpt lat="44.680427" lon="20.571400">
        <ele>176.559157</ele>
        <time>2026-08-07T15:02:23.964Z</time>
      </trkpt>
      <trkpt lat="44.680830" lon="20.572721">
        <ele>174.604394</ele>
        <time>2026-08-07T15:02:43.438Z</time>
      </trkpt>
      <trkpt lat="44.681045" lon="20.573545">
        <ele>172.862531</ele>
        <time>2026-08-07T15:02:54.957Z</time>
      </trkpt>
      <trkpt lat="44.681194" lon="20.574247">
        <ele>171.046566</ele>
        <time>2026-08-07T15:03:04.130Z</time>
      </trkpt>
      <trkpt lat="44.681457" lon="20.574924">
        <ele>169.134317</ele>
        <time>2026-08-07T15:03:13.349Z</time>
      </trkpt>
      <trkpt lat="44.681687" lon="20.576102">
        <ele>164.614381</ele>
        <time>2026-08-07T15:03:26.823Z</time>
      </trkpt>
      <trkpt lat="44.681694" lon="20.576284">
        <ele>163.766233</ele>
        <time>2026-08-07T15:03:28.784Z</time>
      </trkpt>
      <trkpt lat="44.681644" lon="20.577129">
        <ele>159.820554</ele>
        <time>2026-08-07T15:03:37.914Z</time>
      </trkpt>
      <trkpt lat="44.681664" lon="20.577530">
        <ele>157.949973</ele>
        <time>2026-08-07T15:03:42.221Z</time>
      </trkpt>
      <trkpt lat="44.681731" lon="20.577988">
        <ele>155.688259</ele>
        <time>2026-08-07T15:03:47.132Z</time>
      </trkpt>
      <trkpt lat="44.681761" lon="20.578452">
        <ele>152.808098</ele>
        <time>2026-08-07T15:03:51.998Z</time>
      </trkpt>
      <trkpt lat="44.681735" lon="20.578826">
        <ele>150.485103</ele>
        <time>2026-08-07T15:03:55.919Z</time>
      </trkpt>
      <trkpt lat="44.681654" lon="20.579051">
        <ele>148.926092</ele>
        <time>2026-08-07T15:03:58.535Z</time>
      </trkpt>
      <trkpt lat="44.681412" lon="20.579420">
        <ele>145.822864</ele>
        <time>2026-08-07T15:04:03.689Z</time>
      </trkpt>
      <trkpt lat="44.681237" lon="20.579870">
        <ele>142.652168</ele>
        <time>2026-08-07T15:04:08.880Z</time>
      </trkpt>
      <trkpt lat="44.681155" lon="20.580431">
        <ele>139.441365</ele>
        <time>2026-08-07T15:04:14.696Z</time>
      </trkpt>
      <trkpt lat="44.681181" lon="20.580790">
        <ele>137.782484</ele>
        <time>2026-08-07T15:04:18.421Z</time>
      </trkpt>
      <trkpt lat="44.681161" lon="20.580928">
        <ele>137.135047</ele>
        <time>2026-08-07T15:04:19.886Z</time>
      </trkpt>
      <trkpt lat="44.681072" lon="20.581092">
        <ele>136.186631</ele>
        <time>2026-08-07T15:04:22.058Z</time>
      </trkpt>
      <trkpt lat="44.681055" lon="20.581191">
        <ele>135.718438</ele>
        <time>2026-08-07T15:04:23.148Z</time>
      </trkpt>
      <trkpt lat="44.681052" lon="20.581284">
        <ele>135.290471</ele>
        <time>2026-08-07T15:04:24.130Z</time>
      </trkpt>
      <trkpt lat="44.681080" lon="20.581317">
        <ele>135.054282</ele>
        <time>2026-08-07T15:04:24.690Z</time>
      </trkpt>
      <trkpt lat="44.681450" lon="20.581603">
        <ele>132.324615</ele>
        <time>2026-08-07T15:04:31.163Z</time>
      </trkpt>
      <trkpt lat="44.681550" lon="20.581777">
        <ele>131.296112</ele>
        <time>2026-08-07T15:04:33.680Z</time>
      </trkpt>
      <trkpt lat="44.681595" lon="20.582031">
        <ele>130.092768</ele>
        <time>2026-08-07T15:04:36.669Z</time>
      </trkpt>
      <trkpt lat="44.681597" lon="20.582344">
        <ele>128.724201</ele>
        <time>2026-08-07T15:04:40.413Z</time>
      </trkpt>
      <trkpt lat="44.681803" lon="20.583216">
        <ele>127.082180</ele>
        <time>2026-08-07T15:04:51.971Z</time>
      </trkpt>
      <trkpt lat="44.681826" lon="20.583407">
        <ele>126.736004</ele>
        <time>2026-08-07T15:04:54.425Z</time>
      </trkpt>
      <trkpt lat="44.681803" lon="20.583571">
        <ele>126.437290</ele>
        <time>2026-08-07T15:04:56.566Z</time>
      </trkpt>
      <trkpt lat="44.681654" lon="20.583737">
        <ele>125.959556</ele>
        <time>2026-08-07T15:04:59.977Z</time>
      </trkpt>
      <trkpt lat="44.681257" lon="20.583980">
        <ele>124.871387</ele>
        <time>2026-08-07T15:05:07.928Z</time>
      </trkpt>
      <trkpt lat="44.680494" lon="20.584345">
        <ele>124.081500</ele>
        <time>2026-08-07T15:05:23.081Z</time>
      </trkpt>
      <trkpt lat="44.679849" lon="20.584481">
        <ele>123.886379</ele>
        <time>2026-08-07T15:05:36.467Z</time>
      </trkpt>
      <trkpt lat="44.679622" lon="20.584475">
        <ele>123.818455</ele>
        <time>2026-08-07T15:05:41.995Z</time>
      </trkpt>
      <trkpt lat="44.679453" lon="20.584397">
        <ele>123.765242</ele>
        <time>2026-08-07T15:05:46.862Z</time>
      </trkpt>
      <trkpt lat="44.678752" lon="20.584243">
        <ele>125.477098</ele>
        <time>2026-08-07T15:06:10.392Z</time>
      </trkpt>
      <trkpt lat="44.678543" lon="20.584260">
        <ele>126.180197</ele>
        <time>2026-08-07T15:06:18.069Z</time>
      </trkpt>
      <trkpt lat="44.678432" lon="20.584310">
        <ele>126.571646</ele>
        <time>2026-08-07T15:06:22.565Z</time>
      </trkpt>
      <trkpt lat="44.678142" lon="20.584522">
        <ele>127.669337</ele>
        <time>2026-08-07T15:06:35.804Z</time>
      </trkpt>
      <trkpt lat="44.677875" lon="20.584856">
        <ele>128.869472</ele>
        <time>2026-08-07T15:06:50.505Z</time>
      </trkpt>
      <trkpt lat="44.677695" lon="20.584977">
        <ele>129.539514</ele>
        <time>2026-08-07T15:06:58.497Z</time>
      </trkpt>
      <trkpt lat="44.677107" lon="20.585086">
        <ele>130.918934</ele>
        <time>2026-08-07T15:07:21.171Z</time>
      </trkpt>
      <trkpt lat="44.675730" lon="20.585107">
        <ele>133.540255</ele>
        <time>2026-08-07T15:08:03.256Z</time>
      </trkpt>
      <trkpt lat="44.674776" lon="20.584941">
        <ele>132.003967</ele>
        <time>2026-08-07T15:08:21.773Z</time>
      </trkpt>
      <trkpt lat="44.674115" lon="20.584675">
        <ele>130.905169</ele>
        <time>2026-08-07T15:08:33.611Z</time>
      </trkpt>
      <trkpt lat="44.673833" lon="20.584614">
        <ele>130.196068</ele>
        <time>2026-08-07T15:08:38.482Z</time>
      </trkpt>
      <trkpt lat="44.672637" lon="20.584630">
        <ele>127.043863</ele>
        <time>2026-08-07T15:08:59.347Z</time>
      </trkpt>
      <trkpt lat="44.672177" lon="20.584735">
        <ele>125.984969</ele>
        <time>2026-08-07T15:09:07.908Z</time>
      </trkpt>
      <trkpt lat="44.672100" lon="20.584773">
        <ele>125.898497</ele>
        <time>2026-08-07T15:09:09.458Z</time>
      </trkpt>
      <trkpt lat="44.672027" lon="20.584803">
        <ele>125.817907</ele>
        <time>2026-08-07T15:09:10.903Z</time>
      </trkpt>
      <trkpt lat="44.672123" lon="20.584981">
        <ele>125.649561</ele>
        <time>2026-08-07T15:09:13.826Z</time>
      </trkpt>
      <trkpt lat="44.672287" lon="20.585184">
        <ele>125.418042</ele>
        <time>2026-08-07T15:09:17.913Z</time>
      </trkpt>
      <trkpt lat="44.672397" lon="20.585246">
        <ele>125.292466</ele>
        <time>2026-08-07T15:09:20.195Z</time>
      </trkpt>
      <trkpt lat="44.672690" lon="20.585309">
        <ele>124.978380</ele>
        <time>2026-08-07T15:09:26.001Z</time>
      </trkpt>
      <trkpt lat="44.672811" lon="20.585376">
        <ele>124.840580</ele>
        <time>2026-08-07T15:09:28.604Z</time>
      </trkpt>
      <trkpt lat="44.673009" lon="20.585672">
        <ele>124.534357</ele>
        <time>2026-08-07T15:09:34.512Z</time>
      </trkpt>
      <trkpt lat="44.673237" lon="20.585868">
        <ele>124.251188</ele>
        <time>2026-08-07T15:09:40.013Z</time>
      </trkpt>
      <trkpt lat="44.673287" lon="20.585985">
        <ele>124.190389</ele>
        <time>2026-08-07T15:09:42.015Z</time>
      </trkpt>
      <trkpt lat="44.673353" lon="20.586502">
        <ele>124.168230</ele>
        <time>2026-08-07T15:09:49.866Z</time>
      </trkpt>
      <trkpt lat="44.673398" lon="20.586677">
        <ele>124.160380</ele>
        <time>2026-08-07T15:09:52.707Z</time>
      </trkpt>
      <trkpt lat="44.673497" lon="20.586913">
        <ele>124.148821</ele>
        <time>2026-08-07T15:09:56.933Z</time>
      </trkpt>
      <trkpt lat="44.673697" lon="20.587124">
        <ele>124.133989</ele>
        <time>2026-08-07T15:10:02.401Z</time>
      </trkpt>
      <trkpt lat="44.674459" lon="20.587682">
        <ele>124.113958</ele>
        <time>2026-08-07T15:10:22.044Z</time>
      </trkpt>
      <trkpt lat="44.674571" lon="20.587831">
        <ele>124.194343</ele>
        <time>2026-08-07T15:10:25.672Z</time>
      </trkpt>
      <trkpt lat="44.674630" lon="20.587970">
        <ele>124.254361</ele>
        <time>2026-08-07T15:10:28.398Z</time>
      </trkpt>
      <trkpt lat="44.674646" lon="20.588076">
        <ele>124.294537</ele>
        <time>2026-08-07T15:10:30.199Z</time>
      </trkpt>
      <trkpt lat="44.674663" lon="20.588214">
        <ele>124.346464</ele>
        <time>2026-08-07T15:10:32.550Z</time>
      </trkpt>
      <trkpt lat="44.674646" lon="20.588336">
        <ele>124.392557</ele>
        <time>2026-08-07T15:10:34.634Z</time>
      </trkpt>
      <trkpt lat="44.674569" lon="20.588541">
        <ele>124.478514</ele>
        <time>2026-08-07T15:10:38.506Z</time>
      </trkpt>
      <trkpt lat="44.674337" lon="20.588927">
        <ele>124.665898</ele>
        <time>2026-08-07T15:10:47.037Z</time>
      </trkpt>
      <trkpt lat="44.673742" lon="20.589894">
        <ele>125.271778</ele>
        <time>2026-08-07T15:11:10.165Z</time>
      </trkpt>
      <trkpt lat="44.673241" lon="20.590919">
        <ele>126.256565</ele>
        <time>2026-08-07T15:11:34.670Z</time>
      </trkpt>
      <trkpt lat="44.673076" lon="20.591353">
        <ele>126.646223</ele>
        <time>2026-08-07T15:11:44.408Z</time>
      </trkpt>
      <trkpt lat="44.672938" lon="20.591824">
        <ele>127.029601</ele>
        <time>2026-08-07T15:11:53.912Z</time>
      </trkpt>
      <trkpt lat="44.672844" lon="20.592342">
        <ele>127.085065</ele>
        <time>2026-08-07T15:12:03.312Z</time>
      </trkpt>
      <trkpt lat="44.672862" lon="20.592583">
        <ele>127.110206</ele>
        <time>2026-08-07T15:12:07.369Z</time>
      </trkpt>
      <trkpt lat="44.673052" lon="20.593241">
        <ele>127.183886</ele>
        <time>2026-08-07T15:12:18.263Z</time>
      </trkpt>
      <trkpt lat="44.673210" lon="20.594099">
        <ele>127.275839</ele>
        <time>2026-08-07T15:12:31.505Z</time>
      </trkpt>
      <trkpt lat="44.673222" lon="20.594386">
        <ele>127.359253</ele>
        <time>2026-08-07T15:12:35.949Z</time>
      </trkpt>
      <trkpt lat="44.673193" lon="20.595004">
        <ele>127.630110</ele>
        <time>2026-08-07T15:12:46.045Z</time>
      </trkpt>
      <trkpt lat="44.673114" lon="20.596581">
        <ele>128.321488</ele>
        <time>2026-08-07T15:13:16.202Z</time>
      </trkpt>
      <trkpt lat="44.673027" lon="20.598135">
        <ele>128.980306</ele>
        <time>2026-08-07T15:13:46.124Z</time>
      </trkpt>
      <trkpt lat="44.672996" lon="20.598354">
        <ele>129.074283</ele>
        <time>2026-08-07T15:13:50.286Z</time>
      </trkpt>
      <trkpt lat="44.673094" lon="20.598502">
        <ele>129.159392</ele>
        <time>2026-08-07T15:13:53.830Z</time>
      </trkpt>
      <trkpt lat="44.673159" lon="20.598772">
        <ele>129.279360</ele>
        <time>2026-08-07T15:13:58.685Z</time>
      </trkpt>
      <trkpt lat="44.673214" lon="20.599196">
        <ele>129.460575</ele>
        <time>2026-08-07T15:14:05.623Z</time>
      </trkpt>
      <trkpt lat="44.673222" lon="20.599287">
        <ele>129.493235</ele>
        <time>2026-08-07T15:14:07.014Z</time>
      </trkpt>
      <trkpt lat="44.673254" lon="20.599594">
        <ele>129.603757</ele>
        <time>2026-08-07T15:14:11.609Z</time>
      </trkpt>
      <trkpt lat="44.673257" lon="20.599667">
        <ele>129.629803</ele>
        <time>2026-08-07T15:14:12.677Z</time>
      </trkpt>
      <trkpt lat="44.673270" lon="20.599935">
        <ele>129.725486</ele>
        <time>2026-08-07T15:14:16.533Z</time>
      </trkpt>
      <trkpt lat="44.673272" lon="20.600069">
        <ele>129.773227</ele>
        <time>2026-08-07T15:14:18.482Z</time>
      </trkpt>
      <trkpt lat="44.673317" lon="20.600562">
        <ele>129.950274</ele>
        <time>2026-08-07T15:14:26.163Z</time>
      </trkpt>
      <trkpt lat="44.673421" lon="20.600797">
        <ele>130.048866</ele>
        <time>2026-08-07T15:14:30.867Z</time>
      </trkpt>
      <trkpt lat="44.673557" lon="20.600934">
        <ele>130.132663</ele>
        <time>2026-08-07T15:14:35.087Z</time>
      </trkpt>
      <trkpt lat="44.674017" lon="20.601275">
        <ele>130.520393</ele>
        <time>2026-08-07T15:14:49.734Z</time>
      </trkpt>
      <trkpt lat="44.674193" lon="20.601410">
        <ele>131.012908</ele>
        <time>2026-08-07T15:14:55.826Z</time>
      </trkpt>
      <trkpt lat="44.674317" lon="20.601528">
        <ele>131.380731</ele>
        <time>2026-08-07T15:15:00.405Z</time>
      </trkpt>
      <trkpt lat="44.674456" lon="20.601663">
        <ele>131.795736</ele>
        <time>2026-08-07T15:15:05.601Z</time>
      </trkpt>
      <trkpt lat="44.674585" lon="20.601790">
        <ele>132.182592</ele>
        <time>2026-08-07T15:15:10.598Z</time>
      </trkpt>
      <trkpt lat="44.674687" lon="20.601935">
        <ele>132.538903</ele>
        <time>2026-08-07T15:15:15.347Z</time>
      </trkpt>
      <trkpt lat="44.674927" lon="20.602451">
        <ele>133.616036</ele>
        <time>2026-08-07T15:15:30.728Z</time>
      </trkpt>
      <trkpt lat="44.675140" lon="20.602967">
        <ele>134.658338</ele>
        <time>2026-08-07T15:15:45.642Z</time>
      </trkpt>
      <trkpt lat="44.675491" lon="20.603966">
        <ele>136.313227</ele>
        <time>2026-08-07T15:16:10.111Z</time>
      </trkpt>
      <trkpt lat="44.675609" lon="20.604388">
        <ele>136.978811</ele>
        <time>2026-08-07T15:16:19.969Z</time>
      </trkpt>
      <trkpt lat="44.675821" lon="20.605200">
        <ele>138.248464</ele>
        <time>2026-08-07T15:16:38.284Z</time>
      </trkpt>
      <trkpt lat="44.676043" lon="20.606587">
        <ele>140.016383</ele>
        <time>2026-08-07T15:17:06.163Z</time>
      </trkpt>
      <trkpt lat="44.676125" lon="20.606936">
        <ele>140.462563</ele>
        <time>2026-08-07T15:17:13.718Z</time>
      </trkpt>
      <trkpt lat="44.676440" lon="20.608033">
        <ele>141.908220</ele>
        <time>2026-08-07T15:17:39.007Z</time>
      </trkpt>
      <trkpt lat="44.676440" lon="20.608255">
        <ele>142.185344</ele>
        <time>2026-08-07T15:17:44.129Z</time>
      </trkpt>
      <trkpt lat="44.676361" lon="20.608788">
        <ele>142.864993</ele>
        <time>2026-08-07T15:17:56.630Z</time>
      </trkpt>
      <trkpt lat="44.676350" lon="20.608987">
        <ele>143.114156</ele>
        <time>2026-08-07T15:18:00.912Z</time>
      </trkpt>
      <trkpt lat="44.676431" lon="20.609875">
        <ele>144.231737</ele>
        <time>2026-08-07T15:18:18.711Z</time>
      </trkpt>
      <trkpt lat="44.676421" lon="20.610054">
        <ele>144.455873</ele>
        <time>2026-08-07T15:18:22.192Z</time>
      </trkpt>
      <trkpt lat="44.676145" lon="20.610873">
        <ele>145.283828</ele>
        <time>2026-08-07T15:18:39.739Z</time>
      </trkpt>
      <trkpt lat="44.676085" lon="20.611157">
        <ele>145.524300</ele>
        <time>2026-08-07T15:18:45.085Z</time>
      </trkpt>
      <trkpt lat="44.676069" lon="20.611552">
        <ele>145.845427</ele>
        <time>2026-08-07T15:18:51.883Z</time>
      </trkpt>
      <trkpt lat="44.676183" lon="20.612315">
        <ele>146.478250</ele>
        <time>2026-08-07T15:19:06.378Z</time>
      </trkpt>
      <trkpt lat="44.676237" lon="20.612497">
        <ele>146.638316</ele>
        <time>2026-08-07T15:19:10.402Z</time>
      </trkpt>
      <trkpt lat="44.676282" lon="20.612824">
        <ele>147.027715</ele>
        <time>2026-08-07T15:19:17.335Z</time>
      </trkpt>
      <trkpt lat="44.676266" lon="20.613188">
        <ele>147.583269</ele>
        <time>2026-08-07T15:19:25.031Z</time>
      </trkpt>
      <trkpt lat="44.676228" lon="20.613460">
        <ele>148.005538</ele>
        <time>2026-08-07T15:19:30.903Z</time>
      </trkpt>
      <trkpt lat="44.675701" lon="20.615368">
        <ele>151.645264</ele>
        <time>2026-08-07T15:20:16.490Z</time>
      </trkpt>
      <trkpt lat="44.675463" lon="20.616229">
        <ele>154.527577</ele>
        <time>2026-08-07T15:20:40.212Z</time>
      </trkpt>
      <trkpt lat="44.675248" lon="20.617011">
        <ele>157.143592</ele>
        <time>2026-08-07T15:21:03.903Z</time>
      </trkpt>
      <trkpt lat="44.675053" lon="20.617831">
        <ele>161.103873</ele>
        <time>2026-08-07T15:21:34.671Z</time>
      </trkpt>
      <trkpt lat="44.675077" lon="20.618019">
        <ele>162.268427</ele>
        <time>2026-08-07T15:21:42.323Z</time>
      </trkpt>
      <trkpt lat="44.675128" lon="20.618129">
        <ele>163.069050</ele>
        <time>2026-08-07T15:21:47.688Z</time>
      </trkpt>
      <trkpt lat="44.675211" lon="20.618215">
        <ele>163.952994</ele>
        <time>2026-08-07T15:21:53.782Z</time>
      </trkpt>
      <trkpt lat="44.675356" lon="20.618258">
        <ele>165.223555</ele>
        <time>2026-08-07T15:22:02.793Z</time>
      </trkpt>
      <trkpt lat="44.676333" lon="20.618363">
        <ele>173.624707</ele>
        <time>2026-08-07T15:23:02.601Z</time>
      </trkpt>
      <trkpt lat="44.676544" lon="20.618419">
        <ele>175.179380</ele>
        <time>2026-08-07T15:23:15.088Z</time>
      </trkpt>
      <trkpt lat="44.676960" lon="20.618666">
        <ele>178.324547</ele>
        <time>2026-08-07T15:23:39.322Z</time>
      </trkpt>
      <trkpt lat="44.677112" lon="20.618943">
        <ele>180.057468</ele>
        <time>2026-08-07T15:23:51.590Z</time>
      </trkpt>
      <trkpt lat="44.677175" lon="20.619126">
        <ele>181.064460</ele>
        <time>2026-08-07T15:23:58.468Z</time>
      </trkpt>
      <trkpt lat="44.677505" lon="20.619981">
        <ele>185.882653</ele>
        <time>2026-08-07T15:24:28.952Z</time>
      </trkpt>
      <trkpt lat="44.678303" lon="20.621196">
        <ele>193.391806</ele>
        <time>2026-08-07T15:25:25.881Z</time>
      </trkpt>
      <trkpt lat="44.678768" lon="20.622486">
        <ele>199.730049</ele>
        <time>2026-08-07T15:26:14.976Z</time>
      </trkpt>
      <trkpt lat="44.678946" lon="20.622988">
        <ele>202.033445</ele>
        <time>2026-08-07T15:26:33.429Z</time>
      </trkpt>
      <trkpt lat="44.679271" lon="20.623906">
        <ele>206.244314</ele>
        <time>2026-08-07T15:27:05.839Z</time>
      </trkpt>
      <trkpt lat="44.679338" lon="20.624214">
        <ele>207.566877</ele>
        <time>2026-08-07T15:27:15.756Z</time>
      </trkpt>
      <trkpt lat="44.679345" lon="20.626069">
        <ele>214.560662</ele>
        <time>2026-08-07T15:28:13.856Z</time>
      </trkpt>
      <trkpt lat="44.679220" lon="20.627003">
        <ele>218.006716</ele>
        <time>2026-08-07T15:28:42.733Z</time>
      </trkpt>
      <trkpt lat="44.679099" lon="20.627942">
        <ele>220.638909</ele>
        <time>2026-08-07T15:29:10.287Z</time>
      </trkpt>
      <trkpt lat="44.678973" lon="20.629469">
        <ele>224.816720</ele>
        <time>2026-08-07T15:29:49.076Z</time>
      </trkpt>
      <trkpt lat="44.678953" lon="20.629743">
        <ele>225.329801</ele>
        <time>2026-08-07T15:29:55.798Z</time>
      </trkpt>
      <trkpt lat="44.678892" lon="20.630946">
        <ele>227.576404</ele>
        <time>2026-08-07T15:30:25.340Z</time>
      </trkpt>
      <trkpt lat="44.678889" lon="20.631026">
        <ele>227.725633</ele>
        <time>2026-08-07T15:30:27.304Z</time>
      </trkpt>
      <trkpt lat="44.678838" lon="20.632240">
        <ele>228.656453</ele>
        <time>2026-08-07T15:30:54.928Z</time>
      </trkpt>
      <trkpt lat="44.678876" lon="20.633184">
        <ele>226.447172</ele>
        <time>2026-08-07T15:31:07.857Z</time>
      </trkpt>
      <trkpt lat="44.679075" lon="20.634563">
        <ele>222.649330</ele>
        <time>2026-08-07T15:31:22.404Z</time>
      </trkpt>
      <trkpt lat="44.679055" lon="20.635126">
        <ele>219.291660</ele>
        <time>2026-08-07T15:31:27.896Z</time>
      </trkpt>
      <trkpt lat="44.679025" lon="20.635275">
        <ele>218.369253</ele>
        <time>2026-08-07T15:31:29.408Z</time>
      </trkpt>
      <trkpt lat="44.678469" lon="20.636997">
        <ele>207.321636</ele>
        <time>2026-08-07T15:31:47.997Z</time>
      </trkpt>
      <trkpt lat="44.678424" lon="20.637206">
        <ele>206.235585</ele>
        <time>2026-08-07T15:31:50.214Z</time>
      </trkpt>
      <trkpt lat="44.678427" lon="20.637550">
        <ele>204.524601</ele>
        <time>2026-08-07T15:31:53.757Z</time>
      </trkpt>
      <trkpt lat="44.678587" lon="20.638802">
        <ele>198.198126</ele>
        <time>2026-08-07T15:32:06.917Z</time>
      </trkpt>
      <trkpt lat="44.678595" lon="20.639130">
        <ele>196.565890</ele>
        <time>2026-08-07T15:32:10.287Z</time>
      </trkpt>
      <trkpt lat="44.678535" lon="20.639736">
        <ele>194.157877</ele>
        <time>2026-08-07T15:32:16.428Z</time>
      </trkpt>
      <trkpt lat="44.678389" lon="20.640449">
        <ele>191.478445</ele>
        <time>2026-08-07T15:32:24.021Z</time>
      </trkpt>
      <trkpt lat="44.678356" lon="20.640703">
        <ele>190.546010</ele>
        <time>2026-08-07T15:32:26.720Z</time>
      </trkpt>
      <trkpt lat="44.678346" lon="20.640997">
        <ele>189.483098</ele>
        <time>2026-08-07T15:32:29.838Z</time>
      </trkpt>
      <trkpt lat="44.678401" lon="20.641382">
        <ele>188.064997</ele>
        <time>2026-08-07T15:32:34.153Z</time>
      </trkpt>
      <trkpt lat="44.678509" lon="20.641704">
        <ele>186.779319</ele>
        <time>2026-08-07T15:32:38.381Z</time>
      </trkpt>
      <trkpt lat="44.678958" lon="20.642548">
        <ele>187.298427</ele>
        <time>2026-08-07T15:32:56.902Z</time>
      </trkpt>
      <trkpt lat="44.679207" lon="20.643076">
        <ele>187.661132</ele>
        <time>2026-08-07T15:33:11.794Z</time>
      </trkpt>
      <trkpt lat="44.679443" lon="20.643981">
        <ele>188.098560</ele>
        <time>2026-08-07T15:33:32.039Z</time>
      </trkpt>
      <trkpt lat="44.679620" lon="20.644688">
        <ele>187.686076</ele>
        <time>2026-08-07T15:33:43.953Z</time>
      </trkpt>
      <trkpt lat="44.679638" lon="20.644924">
        <ele>187.555457</ele>
        <time>2026-08-07T15:33:47.201Z</time>
      </trkpt>
      <trkpt lat="44.679589" lon="20.645190">
        <ele>187.404241</ele>
        <time>2026-08-07T15:33:50.859Z</time>
      </trkpt>
      <trkpt lat="44.679419" lon="20.645702">
        <ele>187.093275</ele>
        <time>2026-08-07T15:33:58.096Z</time>
      </trkpt>
      <trkpt lat="44.679327" lon="20.646036">
        <ele>186.896160</ele>
        <time>2026-08-07T15:34:02.638Z</time>
      </trkpt>
      <trkpt lat="44.679309" lon="20.646269">
        <ele>186.767181</ele>
        <time>2026-08-07T15:34:05.591Z</time>
      </trkpt>
      <trkpt lat="44.679365" lon="20.646543">
        <ele>186.395674</ele>
        <time>2026-08-07T15:34:09.154Z</time>
      </trkpt>
      <trkpt lat="44.679554" lon="20.647161">
        <ele>185.503735</ele>
        <time>2026-08-07T15:34:17.647Z</time>
      </trkpt>
      <trkpt lat="44.679609" lon="20.647526">
        <ele>185.009058</ele>
        <time>2026-08-07T15:34:22.604Z</time>
      </trkpt>
      <trkpt lat="44.679597" lon="20.647746">
        <ele>184.716518</ele>
        <time>2026-08-07T15:34:25.675Z</time>
      </trkpt>
      <trkpt lat="44.679530" lon="20.648050">
        <ele>184.294548</ele>
        <time>2026-08-07T15:34:30.049Z</time>
      </trkpt>
      <trkpt lat="44.679412" lon="20.648360">
        <ele>183.828351</ele>
        <time>2026-08-07T15:34:34.605Z</time>
      </trkpt>
      <trkpt lat="44.679213" lon="20.648741">
        <ele>182.804538</ele>
        <time>2026-08-07T15:34:40.373Z</time>
      </trkpt>
      <trkpt lat="44.679117" lon="20.648876">
        <ele>182.066434</ele>
        <time>2026-08-07T15:34:42.567Z</time>
      </trkpt>
      <trkpt lat="44.678989" lon="20.648961">
        <ele>181.296836</ele>
        <time>2026-08-07T15:34:44.797Z</time>
      </trkpt>
      <trkpt lat="44.678784" lon="20.648988">
        <ele>180.177404</ele>
        <time>2026-08-07T15:34:47.972Z</time>
      </trkpt>
      <trkpt lat="44.678215" lon="20.648793">
        <ele>176.993304</ele>
        <time>2026-08-07T15:34:56.641Z</time>
      </trkpt>
      <trkpt lat="44.677838" lon="20.648640">
        <ele>174.859969</ele>
        <time>2026-08-07T15:35:02.215Z</time>
      </trkpt>
      <trkpt lat="44.677265" lon="20.648420">
        <ele>170.400630</ele>
        <time>2026-08-07T15:35:10.599Z</time>
      </trkpt>
      <trkpt lat="44.676980" lon="20.648304">
        <ele>167.795082</ele>
        <time>2026-08-07T15:35:14.751Z</time>
      </trkpt>
      <trkpt lat="44.676694" lon="20.648267">
        <ele>165.272865</ele>
        <time>2026-08-07T15:35:18.735Z</time>
      </trkpt>
      <trkpt lat="44.676415" lon="20.648337">
        <ele>162.784037</ele>
        <time>2026-08-07T15:35:22.656Z</time>
      </trkpt>
      <trkpt lat="44.676221" lon="20.648457">
        <ele>160.922835</ele>
        <time>2026-08-07T15:35:25.568Z</time>
      </trkpt>
      <trkpt lat="44.675854" lon="20.648809">
        <ele>156.942092</ele>
        <time>2026-08-07T15:35:31.624Z</time>
      </trkpt>
      <trkpt lat="44.675744" lon="20.648940">
        <ele>155.552316</ele>
        <time>2026-08-07T15:35:33.564Z</time>
      </trkpt>
      <trkpt lat="44.675648" lon="20.649123">
        <ele>153.993183</ele>
        <time>2026-08-07T15:35:35.719Z</time>
      </trkpt>
      <trkpt lat="44.675524" lon="20.649598">
        <ele>150.524018</ele>
        <time>2026-08-07T15:35:40.545Z</time>
      </trkpt>
      <trkpt lat="44.675471" lon="20.650182">
        <ele>146.487572</ele>
        <time>2026-08-07T15:35:46.168Z</time>
      </trkpt>
      <trkpt lat="44.675448" lon="20.650592">
        <ele>143.667831</ele>
        <time>2026-08-07T15:35:50.171Z</time>
      </trkpt>
      <trkpt lat="44.675468" lon="20.650882">
        <ele>141.670228</ele>
        <time>2026-08-07T15:35:53.050Z</time>
      </trkpt>
      <trkpt lat="44.675552" lon="20.651309">
        <ele>139.536131</ele>
        <time>2026-08-07T15:35:57.552Z</time>
      </trkpt>
      <trkpt lat="44.675584" lon="20.651698">
        <ele>138.155377</ele>
        <time>2026-08-07T15:36:01.746Z</time>
      </trkpt>
      <trkpt lat="44.675556" lon="20.651899">
        <ele>137.433183</ele>
        <time>2026-08-07T15:36:04.036Z</time>
      </trkpt>
      <trkpt lat="44.675465" lon="20.652429">
        <ele>135.510707</ele>
        <time>2026-08-07T15:36:10.295Z</time>
      </trkpt>
      <trkpt lat="44.675479" lon="20.653264">
        <ele>132.565688</ele>
        <time>2026-08-07T15:36:19.603Z</time>
      </trkpt>
      <trkpt lat="44.675336" lon="20.654061">
        <ele>129.547566</ele>
        <time>2026-08-07T15:36:28.488Z</time>
      </trkpt>
      <trkpt lat="44.675308" lon="20.654342">
        <ele>128.484204</ele>
        <time>2026-08-07T15:36:31.491Z</time>
      </trkpt>
      <trkpt lat="44.675307" lon="20.654810">
        <ele>126.730322</ele>
        <time>2026-08-07T15:36:36.349Z</time>
      </trkpt>
      <trkpt lat="44.675361" lon="20.655459">
        <ele>124.281541</ele>
        <time>2026-08-07T15:36:43.095Z</time>
      </trkpt>
      <trkpt lat="44.675465" lon="20.656737">
        <ele>120.971524</ele>
        <time>2026-08-07T15:36:57.092Z</time>
      </trkpt>
      <trkpt lat="44.675512" lon="20.657481">
        <ele>119.777616</ele>
        <time>2026-08-07T15:37:06.015Z</time>
      </trkpt>
      <trkpt lat="44.675544" lon="20.657721">
        <ele>119.387310</ele>
        <time>2026-08-07T15:37:09.166Z</time>
      </trkpt>
      <trkpt lat="44.675616" lon="20.658006">
        <ele>118.903866</ele>
        <time>2026-08-07T15:37:13.344Z</time>
      </trkpt>
      <trkpt lat="44.675734" lon="20.658281">
        <ele>118.390476</ele>
        <time>2026-08-07T15:37:18.141Z</time>
      </trkpt>
      <trkpt lat="44.675911" lon="20.658670">
        <ele>118.288252</ele>
        <time>2026-08-07T15:37:26.258Z</time>
      </trkpt>
      <trkpt lat="44.675972" lon="20.658867">
        <ele>118.491183</ele>
        <time>2026-08-07T15:37:30.389Z</time>
      </trkpt>
      <trkpt lat="44.676125" lon="20.659694">
        <ele>119.298243</ele>
        <time>2026-08-07T15:37:48.460Z</time>
      </trkpt>
      <trkpt lat="44.676134" lon="20.659844">
        <ele>119.440413</ele>
        <time>2026-08-07T15:37:51.872Z</time>
      </trkpt>
      <trkpt lat="44.676069" lon="20.660708">
        <ele>120.260969</ele>
        <time>2026-08-07T15:38:10.485Z</time>
      </trkpt>
      <trkpt lat="44.676022" lon="20.661234">
        <ele>120.179337</ele>
        <time>2026-08-07T15:38:20.352Z</time>
      </trkpt>
      <trkpt lat="44.676016" lon="20.661557">
        <ele>119.930420</ele>
        <time>2026-08-07T15:38:25.689Z</time>
      </trkpt>
      <trkpt lat="44.676020" lon="20.661753">
        <ele>119.779363</ele>
        <time>2026-08-07T15:38:28.605Z</time>
      </trkpt>
      <trkpt lat="44.676030" lon="20.662001">
        <ele>119.588003</ele>
        <time>2026-08-07T15:38:32.112Z</time>
      </trkpt>
      <trkpt lat="44.676031" lon="20.662740">
        <ele>119.018692</ele>
        <time>2026-08-07T15:38:41.684Z</time>
      </trkpt>
      <trkpt lat="44.675980" lon="20.663391">
        <ele>118.514142</ele>
        <time>2026-08-07T15:38:49.535Z</time>
      </trkpt>
      <trkpt lat="44.675872" lon="20.664350">
        <ele>116.608225</ele>
        <time>2026-08-07T15:39:00.615Z</time>
      </trkpt>
      <trkpt lat="44.675718" lon="20.665791">
        <ele>113.695700</ele>
        <time>2026-08-07T15:39:17.668Z</time>
      </trkpt>
      <trkpt lat="44.675677" lon="20.666104">
        <ele>113.314209</ele>
        <time>2026-08-07T15:39:21.634Z</time>
      </trkpt>
      <trkpt lat="44.675407" lon="20.667677">
        <ele>112.263423</ele>
        <time>2026-08-07T15:39:44.617Z</time>
      </trkpt>
      <trkpt lat="44.675040" lon="20.669351">
        <ele>111.362033</ele>
        <time>2026-08-07T15:40:10.982Z</time>
      </trkpt>
      <trkpt lat="44.674694" lon="20.671215">
        <ele>110.464347</ele>
        <time>2026-08-07T15:40:38.032Z</time>
      </trkpt>
      <trkpt lat="44.674358" lon="20.672510">
        <ele>109.598713</ele>
        <time>2026-08-07T15:40:57.277Z</time>
      </trkpt>
      <trkpt lat="44.674247" lon="20.673030">
        <ele>109.257783</ele>
        <time>2026-08-07T15:41:04.980Z</time>
      </trkpt>
      <trkpt lat="44.674200" lon="20.673602">
        <ele>108.679951</ele>
        <time>2026-08-07T15:41:12.861Z</time>
      </trkpt>
      <trkpt lat="44.674201" lon="20.673798">
        <ele>108.449359</ele>
        <time>2026-08-07T15:41:15.489Z</time>
      </trkpt>
      <trkpt lat="44.674192" lon="20.674262">
        <ele>107.903277</ele>
        <time>2026-08-07T15:41:21.566Z</time>
      </trkpt>
      <trkpt lat="44.674109" lon="20.674719">
        <ele>107.348375</ele>
        <time>2026-08-07T15:41:27.564Z</time>
      </trkpt>
      <trkpt lat="44.673818" lon="20.675397">
        <ele>106.416704</ele>
        <time>2026-08-07T15:41:37.397Z</time>
      </trkpt>
      <trkpt lat="44.673667" lon="20.675823">
        <ele>105.825937</ele>
        <time>2026-08-07T15:41:43.217Z</time>
      </trkpt>
      <trkpt lat="44.673513" lon="20.676349">
        <ele>105.090567</ele>
        <time>2026-08-07T15:41:50.281Z</time>
      </trkpt>
      <trkpt lat="44.673145" lon="20.677974">
        <ele>102.888466</ele>
        <time>2026-08-07T15:42:12.226Z</time>
      </trkpt>
      <trkpt lat="44.672859" lon="20.679571">
        <ele>101.203229</ele>
        <time>2026-08-07T15:42:33.409Z</time>
      </trkpt>
      <trkpt lat="44.672632" lon="20.680542">
        <ele>100.337112</ele>
        <time>2026-08-07T15:42:47.101Z</time>
      </trkpt>
      <trkpt lat="44.672471" lon="20.681422">
        <ele>100.501263</ele>
        <time>2026-08-07T15:43:00.488Z</time>
      </trkpt>
      <trkpt lat="44.672252" lon="20.682989">
        <ele>100.930634</ele>
        <time>2026-08-07T15:43:29.133Z</time>
      </trkpt>
      <trkpt lat="44.672146" lon="20.683632">
        <ele>101.789336</ele>
        <time>2026-08-07T15:43:43.204Z</time>
      </trkpt>
      <trkpt lat="44.672058" lon="20.684130">
        <ele>102.456919</ele>
        <time>2026-08-07T15:43:54.499Z</time>
      </trkpt>
      <trkpt lat="44.671995" lon="20.684338">
        <ele>102.751041</ele>
        <time>2026-08-07T15:43:59.533Z</time>
      </trkpt>
      <trkpt lat="44.671847" lon="20.684647">
        <ele>103.235717</ele>
        <time>2026-08-07T15:44:07.936Z</time>
      </trkpt>
      <trkpt lat="44.671106" lon="20.685683">
        <ele>104.702692</ele>
        <time>2026-08-07T15:44:38.760Z</time>
      </trkpt>
      <trkpt lat="44.670541" lon="20.686279">
        <ele>105.467660</ele>
        <time>2026-08-07T15:44:56.178Z</time>
      </trkpt>
      <trkpt lat="44.670086" lon="20.686910">
        <ele>106.121545</ele>
        <time>2026-08-07T15:45:12.139Z</time>
      </trkpt>
      <trkpt lat="44.669986" lon="20.687133">
        <ele>106.274265</ele>
        <time>2026-08-07T15:45:16.912Z</time>
      </trkpt>
      <trkpt lat="44.669925" lon="20.687347">
        <ele>106.407821</ele>
        <time>2026-08-07T15:45:21.162Z</time>
      </trkpt>
      <trkpt lat="44.669876" lon="20.687817">
        <ele>106.683000</ele>
        <time>2026-08-07T15:45:30.006Z</time>
      </trkpt>
      <trkpt lat="44.669831" lon="20.688778">
        <ele>107.240908</ele>
        <time>2026-08-07T15:45:47.944Z</time>
      </trkpt>
      <trkpt lat="44.669755" lon="20.689214">
        <ele>107.470355</ele>
        <time>2026-08-07T15:45:56.129Z</time>
      </trkpt>
      <trkpt lat="44.669650" lon="20.689576">
        <ele>107.468366</ele>
        <time>2026-08-07T15:46:02.775Z</time>
      </trkpt>
      <trkpt lat="44.669359" lon="20.690357">
        <ele>107.463881</ele>
        <time>2026-08-07T15:46:16.584Z</time>
      </trkpt>
      <trkpt lat="44.668743" lon="20.691734">
        <ele>107.612407</ele>
        <time>2026-08-07T15:46:40.769Z</time>
      </trkpt>
      <trkpt lat="44.668689" lon="20.692009">
        <ele>107.716792</ele>
        <time>2026-08-07T15:46:45.320Z</time>
      </trkpt>
      <trkpt lat="44.668687" lon="20.692304">
        <ele>107.824735</ele>
        <time>2026-08-07T15:46:50.197Z</time>
      </trkpt>
      <trkpt lat="44.668684" lon="20.692715">
        <ele>107.975124</ele>
        <time>2026-08-07T15:46:57.297Z</time>
      </trkpt>
      <trkpt lat="44.668647" lon="20.693057">
        <ele>108.101698</ele>
        <time>2026-08-07T15:47:03.540Z</time>
      </trkpt>
      <trkpt lat="44.668379" lon="20.694675">
        <ele>108.301482</ele>
        <time>2026-08-07T15:47:35.931Z</time>
      </trkpt>
      <trkpt lat="44.668090" lon="20.696047">
        <ele>108.170538</ele>
        <time>2026-08-07T15:47:57.854Z</time>
      </trkpt>
      <trkpt lat="44.668061" lon="20.696300">
        <ele>108.012158</ele>
        <time>2026-08-07T15:48:01.009Z</time>
      </trkpt>
      <trkpt lat="44.668098" lon="20.696674">
        <ele>106.963959</ele>
        <time>2026-08-07T15:48:05.480Z</time>
      </trkpt>
      <trkpt lat="44.668189" lon="20.696999">
        <ele>105.994376</ele>
        <time>2026-08-07T15:48:09.455Z</time>
      </trkpt>
      <trkpt lat="44.668226" lon="20.697228">
        <ele>105.342488</ele>
        <time>2026-08-07T15:48:12.054Z</time>
      </trkpt>
      <trkpt lat="44.668308" lon="20.698760">
        <ele>101.087425</ele>
        <time>2026-08-07T15:48:28.561Z</time>
      </trkpt>
      <trkpt lat="44.668370" lon="20.700152">
        <ele>97.918052</ele>
        <time>2026-08-07T15:48:44.198Z</time>
      </trkpt>
      <trkpt lat="44.668412" lon="20.700444">
        <ele>97.241078</ele>
        <time>2026-08-07T15:48:47.760Z</time>
      </trkpt>
      <trkpt lat="44.668512" lon="20.701219">
        <ele>95.451224</ele>
        <time>2026-08-07T15:48:57.556Z</time>
      </trkpt>
      <trkpt lat="44.668513" lon="20.701456">
        <ele>95.165417</ele>
        <time>2026-08-07T15:49:00.618Z</time>
      </trkpt>
      <trkpt lat="44.668518" lon="20.702073">
        <ele>94.514971</ele>
        <time>2026-08-07T15:49:08.874Z</time>
      </trkpt>
      <trkpt lat="44.668575" lon="20.702354">
        <ele>94.206945</ele>
        <time>2026-08-07T15:49:12.835Z</time>
      </trkpt>
      <trkpt lat="44.668769" lon="20.703052">
        <ele>93.416965</ele>
        <time>2026-08-07T15:49:22.838Z</time>
      </trkpt>
      <trkpt lat="44.668984" lon="20.703851">
        <ele>92.553535</ele>
        <time>2026-08-07T15:49:33.710Z</time>
      </trkpt>
      <trkpt lat="44.669072" lon="20.704371">
        <ele>92.093711</ele>
        <time>2026-08-07T15:49:40.818Z</time>
      </trkpt>
      <trkpt lat="44.669088" lon="20.705150">
        <ele>91.423294</ele>
        <time>2026-08-07T15:49:51.599Z</time>
      </trkpt>
      <trkpt lat="44.669159" lon="20.705555">
        <ele>91.064462</ele>
        <time>2026-08-07T15:49:57.320Z</time>
      </trkpt>
      <trkpt lat="44.669458" lon="20.706431">
        <ele>90.069116</ele>
        <time>2026-08-07T15:50:10.302Z</time>
      </trkpt>
      <trkpt lat="44.669866" lon="20.707435">
        <ele>88.568973</ele>
        <time>2026-08-07T15:50:25.306Z</time>
      </trkpt>
      <trkpt lat="44.669987" lon="20.707681">
        <ele>88.180943</ele>
        <time>2026-08-07T15:50:29.075Z</time>
      </trkpt>
      <trkpt lat="44.670170" lon="20.707967">
        <ele>87.681843</ele>
        <time>2026-08-07T15:50:33.694Z</time>
      </trkpt>
      <trkpt lat="44.670573" lon="20.708397">
        <ele>86.699402</ele>
        <time>2026-08-07T15:50:42.192Z</time>
      </trkpt>
      <trkpt lat="44.670671" lon="20.708542">
        <ele>86.409106</ele>
        <time>2026-08-07T15:50:44.612Z</time>
      </trkpt>
      <trkpt lat="44.670768" lon="20.708773">
        <ele>86.019801</ele>
        <time>2026-08-07T15:50:47.849Z</time>
      </trkpt>
      <trkpt lat="44.671044" lon="20.709357">
        <ele>85.002221</ele>
        <time>2026-08-07T15:50:56.694Z</time>
      </trkpt>
      <trkpt lat="44.671107" lon="20.709711">
        <ele>84.472654</ele>
        <time>2026-08-07T15:51:01.330Z</time>
      </trkpt>
      <trkpt lat="44.671191" lon="20.710537">
        <ele>83.273507</ele>
        <time>2026-08-07T15:51:12.182Z</time>
      </trkpt>
      <trkpt lat="44.671252" lon="20.710873">
        <ele>82.788202</ele>
        <time>2026-08-07T15:51:16.543Z</time>
      </trkpt>
      <trkpt lat="44.671406" lon="20.711533">
        <ele>81.816102</ele>
        <time>2026-08-07T15:51:25.248Z</time>
      </trkpt>
      <trkpt lat="44.671446" lon="20.711825">
        <ele>81.399943</ele>
        <time>2026-08-07T15:51:28.982Z</time>
      </trkpt>
      <trkpt lat="44.671436" lon="20.712019">
        <ele>81.127734</ele>
        <time>2026-08-07T15:51:31.412Z</time>
      </trkpt>
      <trkpt lat="44.671413" lon="20.712297">
        <ele>80.736056</ele>
        <time>2026-08-07T15:51:34.866Z</time>
      </trkpt>
      <trkpt lat="44.671584" lon="20.712907">
        <ele>79.886722</ele>
        <time>2026-08-07T15:51:42.913Z</time>
      </trkpt>
      <trkpt lat="44.671726" lon="20.714242">
        <ele>78.551058</ele>
        <time>2026-08-07T15:52:00.081Z</time>
      </trkpt>
      <trkpt lat="44.671780" lon="20.714557">
        <ele>78.230440</ele>
        <time>2026-08-07T15:52:04.669Z</time>
      </trkpt>
      <trkpt lat="44.671824" lon="20.715386">
        <ele>77.616967</ele>
        <time>2026-08-07T15:52:16.240Z</time>
      </trkpt>
      <trkpt lat="44.671866" lon="20.715606">
        <ele>77.725825</ele>
        <time>2026-08-07T15:52:19.584Z</time>
      </trkpt>
      <trkpt lat="44.671953" lon="20.716092">
        <ele>77.965324</ele>
        <time>2026-08-07T15:52:27.151Z</time>
      </trkpt>
      <trkpt lat="44.671677" lon="20.716295">
        <ele>78.174636</ele>
        <time>2026-08-07T15:52:34.762Z</time>
      </trkpt>
      <trkpt lat="44.671588" lon="20.716372">
        <ele>78.244857</ele>
        <time>2026-08-07T15:52:41.982Z</time>
      </trkpt>
      <trkpt lat="44.671401" lon="20.716533">
        <ele>78.392205</ele>
        <time>2026-08-07T15:52:57.239Z</time>
      </trkpt>
      <trkpt lat="44.671211" lon="20.716710">
        <ele>78.545362</ele>
        <time>2026-08-07T15:53:13.109Z</time>
      </trkpt>
      <trkpt lat="44.670824" lon="20.717067">
        <ele>78.981746</ele>
        <time>2026-08-07T15:53:45.263Z</time>
      </trkpt>
      <trkpt lat="44.670699" lon="20.717182">
        <ele>79.209439</ele>
        <time>2026-08-07T15:53:55.652Z</time>
      </trkpt>
      <trkpt lat="44.670213" lon="20.717321">
        <ele>79.965411</ele>
        <time>2026-08-07T15:54:11.855Z</time>
      </trkpt>
      <trkpt lat="44.670388" lon="20.717450">
        <ele>80.266593</ele>
        <time>2026-08-07T15:54:17.994Z</time>
      </trkpt>
      <trkpt lat="44.670630" lon="20.717823">
        <ele>80.813913</ele>
        <time>2026-08-07T15:54:28.213Z</time>
      </trkpt>
      <trkpt lat="44.670941" lon="20.718425">
        <ele>81.527606</ele>
        <time>2026-08-07T15:54:41.160Z</time>
      </trkpt>
      <trkpt lat="44.671248" lon="20.719156">
        <ele>81.743072</ele>
        <time>2026-08-07T15:54:53.677Z</time>
      </trkpt>
      <trkpt lat="44.671334" lon="20.719351">
        <ele>81.801308</ele>
        <time>2026-08-07T15:54:57.113Z</time>
      </trkpt>
      <trkpt lat="44.671571" lon="20.719898">
        <ele>81.963874</ele>
        <time>2026-08-07T15:55:06.222Z</time>
      </trkpt>
      <trkpt lat="44.671648" lon="20.720069">
        <ele>82.015242</ele>
        <time>2026-08-07T15:55:09.420Z</time>
      </trkpt>
      <trkpt lat="44.671746" lon="20.720321">
        <ele>82.088138</ele>
        <time>2026-08-07T15:55:14.757Z</time>
      </trkpt>
      <trkpt lat="44.671875" lon="20.720653">
        <ele>82.417585</ele>
        <time>2026-08-07T15:55:23.026Z</time>
      </trkpt>
      <trkpt lat="44.671657" lon="20.721164">
        <ele>83.389173</ele>
        <time>2026-08-07T15:55:37.674Z</time>
      </trkpt>
      <trkpt lat="44.671421" lon="20.721528">
        <ele>84.192295</ele>
        <time>2026-08-07T15:55:49.917Z</time>
      </trkpt>
      <trkpt lat="44.671039" lon="20.721912">
        <ele>85.268897</ele>
        <time>2026-08-07T15:56:05.902Z</time>
      </trkpt>
      <trkpt lat="44.670441" lon="20.722480">
        <ele>86.056543</ele>
        <time>2026-08-07T15:56:27.665Z</time>
      </trkpt>
      <trkpt lat="44.670164" lon="20.722739">
        <ele>85.815201</ele>
        <time>2026-08-07T15:56:34.531Z</time>
      </trkpt>
      <trkpt lat="44.669334" lon="20.723509">
        <ele>85.093770</ele>
        <time>2026-08-07T15:56:52.857Z</time>
      </trkpt>
      <trkpt lat="44.669090" lon="20.723784">
        <ele>84.574719</ele>
        <time>2026-08-07T15:56:58.423Z</time>
      </trkpt>
      <trkpt lat="44.668035" lon="20.725334">
        <ele>79.992794</ele>
        <time>2026-08-07T15:57:23.251Z</time>
      </trkpt>
      <trkpt lat="44.667705" lon="20.725887">
        <ele>79.276030</ele>
        <time>2026-08-07T15:57:31.364Z</time>
      </trkpt>
      <trkpt lat="44.667307" lon="20.726569">
        <ele>78.795011</ele>
        <time>2026-08-07T15:57:42.174Z</time>
      </trkpt>
      <trkpt lat="44.667053" lon="20.726952">
        <ele>78.509477</ele>
        <time>2026-08-07T15:57:50.385Z</time>
      </trkpt>
      <trkpt lat="44.666861" lon="20.727182">
        <ele>78.316102</ele>
        <time>2026-08-07T15:57:57.918Z</time>
      </trkpt>
      <trkpt lat="44.666393" lon="20.727594">
        <ele>79.776472</ele>
        <time>2026-08-07T15:58:17.685Z</time>
      </trkpt>
      <trkpt lat="44.665200" lon="20.728444">
        <ele>85.478109</ele>
        <time>2026-08-07T15:59:13.981Z</time>
      </trkpt>
      <trkpt lat="44.664572" lon="20.728915">
        <ele>87.744696</ele>
        <time>2026-08-07T15:59:42.240Z</time>
      </trkpt>
      <trkpt lat="44.664067" lon="20.729339">
        <ele>89.529761</ele>
        <time>2026-08-07T16:00:02.923Z</time>
      </trkpt>
      <trkpt lat="44.663890" lon="20.729549">
        <ele>90.232626</ele>
        <time>2026-08-07T16:00:10.237Z</time>
      </trkpt>
      <trkpt lat="44.663677" lon="20.729888">
        <ele>91.208998</ele>
        <time>2026-08-07T16:00:19.398Z</time>
      </trkpt>
      <trkpt lat="44.663512" lon="20.730273">
        <ele>91.064634</ele>
        <time>2026-08-07T16:00:27.430Z</time>
      </trkpt>
      <trkpt lat="44.663409" lon="20.730594">
        <ele>90.854115</ele>
        <time>2026-08-07T16:00:33.003Z</time>
      </trkpt>
      <trkpt lat="44.663074" lon="20.731906">
        <ele>90.020786</ele>
        <time>2026-08-07T16:00:51.318Z</time>
      </trkpt>
      <trkpt lat="44.663033" lon="20.732072">
        <ele>89.915737</ele>
        <time>2026-08-07T16:00:53.462Z</time>
      </trkpt>
      <trkpt lat="44.662728" lon="20.733241">
        <ele>88.571211</ele>
        <time>2026-08-07T16:01:08.792Z</time>
      </trkpt>
      <trkpt lat="44.661684" lon="20.737315">
        <ele>84.157704</ele>
        <time>2026-08-07T16:02:06.265Z</time>
      </trkpt>
      <trkpt lat="44.661132" lon="20.739151">
        <ele>82.082231</ele>
        <time>2026-08-07T16:02:32.799Z</time>
      </trkpt>
      <trkpt lat="44.660929" lon="20.739717">
        <ele>81.986307</ele>
        <time>2026-08-07T16:02:40.493Z</time>
      </trkpt>
      <trkpt lat="44.660702" lon="20.740254">
        <ele>82.187646</ele>
        <time>2026-08-07T16:02:48.591Z</time>
      </trkpt>
      <trkpt lat="44.660301" lon="20.740980">
        <ele>82.483911</ele>
        <time>2026-08-07T16:03:04.464Z</time>
      </trkpt>
      <trkpt lat="44.659989" lon="20.741490">
        <ele>83.120599</ele>
        <time>2026-08-07T16:03:20.383Z</time>
      </trkpt>
      <trkpt lat="44.659961" lon="20.741526">
        <ele>83.358409</ele>
        <time>2026-08-07T16:03:21.903Z</time>
      </trkpt>
      <trkpt lat="44.659665" lon="20.742003">
        <ele>86.180400</ele>
        <time>2026-08-07T16:03:41.317Z</time>
      </trkpt>
      <trkpt lat="44.659394" lon="20.742456">
        <ele>88.819200</ele>
        <time>2026-08-07T16:04:02.799Z</time>
      </trkpt>
      <trkpt lat="44.659160" lon="20.742757">
        <ele>90.807051</ele>
        <time>2026-08-07T16:04:19.304Z</time>
      </trkpt>
      <trkpt lat="44.658843" lon="20.743060">
        <ele>93.209560</ele>
        <time>2026-08-07T16:04:40.156Z</time>
      </trkpt>
      <trkpt lat="44.658327" lon="20.743471">
        <ele>97.296824</ele>
        <time>2026-08-07T16:05:11.261Z</time>
      </trkpt>
      <trkpt lat="44.658181" lon="20.743582">
        <ele>98.466124</ele>
        <time>2026-08-07T16:05:19.835Z</time>
      </trkpt>
      <trkpt lat="44.657895" lon="20.743808">
        <ele>100.777388</ele>
        <time>2026-08-07T16:05:36.638Z</time>
      </trkpt>
      <trkpt lat="44.657596" lon="20.744091">
        <ele>103.316663</ele>
        <time>2026-08-07T16:05:54.832Z</time>
      </trkpt>
      <trkpt lat="44.656130" lon="20.745622">
        <ele>115.155936</ele>
        <time>2026-08-07T16:07:21.494Z</time>
      </trkpt>
      <trkpt lat="44.655845" lon="20.745925">
        <ele>117.403280</ele>
        <time>2026-08-07T16:07:38.419Z</time>
      </trkpt>
      <trkpt lat="44.655158" lon="20.746636">
        <ele>123.670486</ele>
        <time>2026-08-07T16:08:18.422Z</time>
      </trkpt>
      <trkpt lat="44.654726" lon="20.746984">
        <ele>127.384896</ele>
        <time>2026-08-07T16:08:45.149Z</time>
      </trkpt>
      <trkpt lat="44.654302" lon="20.747246">
        <ele>130.840093</ele>
        <time>2026-08-07T16:09:10.962Z</time>
      </trkpt>
      <trkpt lat="44.653999" lon="20.747399">
        <ele>133.747790</ele>
        <time>2026-08-07T16:09:29.911Z</time>
      </trkpt>
      <trkpt lat="44.653600" lon="20.747632">
        <ele>137.829412</ele>
        <time>2026-08-07T16:09:56.959Z</time>
      </trkpt>
      <trkpt lat="44.653148" lon="20.747986">
        <ele>142.717421</ele>
        <time>2026-08-07T16:10:31.276Z</time>
      </trkpt>
      <trkpt lat="44.653103" lon="20.748023">
        <ele>143.209913</ele>
        <time>2026-08-07T16:10:34.731Z</time>
      </trkpt>
      <trkpt lat="44.652649" lon="20.748402">
        <ele>148.198104</ele>
        <time>2026-08-07T16:11:05.267Z</time>
      </trkpt>
      <trkpt lat="44.652376" lon="20.748784">
        <ele>150.724510</ele>
        <time>2026-08-07T16:11:25.950Z</time>
      </trkpt>
      <trkpt lat="44.652273" lon="20.749012">
        <ele>151.963135</ele>
        <time>2026-08-07T16:11:35.634Z</time>
      </trkpt>
      <trkpt lat="44.652231" lon="20.749177">
        <ele>152.766808</ele>
        <time>2026-08-07T16:11:41.586Z</time>
      </trkpt>
      <trkpt lat="44.652189" lon="20.749439">
        <ele>153.998472</ele>
        <time>2026-08-07T16:11:50.491Z</time>
      </trkpt>
      <trkpt lat="44.652183" lon="20.749631">
        <ele>154.879836</ele>
        <time>2026-08-07T16:11:56.774Z</time>
      </trkpt>
      <trkpt lat="44.652229" lon="20.750818">
        <ele>160.164082</ele>
        <time>2026-08-07T16:12:33.947Z</time>
      </trkpt>
      <trkpt lat="44.652211" lon="20.751186">
        <ele>161.151633</ele>
        <time>2026-08-07T16:12:45.728Z</time>
      </trkpt>
      <trkpt lat="44.652168" lon="20.751430">
        <ele>161.824626</ele>
        <time>2026-08-07T16:12:53.606Z</time>
      </trkpt>
      <trkpt lat="44.652017" lon="20.751794">
        <ele>162.952732</ele>
        <time>2026-08-07T16:13:05.031Z</time>
      </trkpt>
      <trkpt lat="44.651891" lon="20.751975">
        <ele>163.630727</ele>
        <time>2026-08-07T16:13:11.258Z</time>
      </trkpt>
      <trkpt lat="44.651621" lon="20.752235">
        <ele>164.862411</ele>
        <time>2026-08-07T16:13:21.928Z</time>
      </trkpt>
      <trkpt lat="44.651446" lon="20.752329">
        <ele>165.567454</ele>
        <time>2026-08-07T16:13:28.034Z</time>
      </trkpt>
      <trkpt lat="44.651459" lon="20.752719">
        <ele>166.612738</ele>
        <time>2026-08-07T16:13:37.198Z</time>
      </trkpt>
      <trkpt lat="44.651435" lon="20.753008">
        <ele>167.727418</ele>
        <time>2026-08-07T16:13:44.105Z</time>
      </trkpt>
      <trkpt lat="44.651292" lon="20.753473">
        <ele>169.740281</ele>
        <time>2026-08-07T16:13:56.255Z</time>
      </trkpt>
      <trkpt lat="44.651237" lon="20.753498">
        <ele>170.063135</ele>
        <time>2026-08-07T16:13:58.360Z</time>
      </trkpt>
      <trkpt lat="44.650789" lon="20.754464">
        <ele>174.645022</ele>
        <time>2026-08-07T16:14:35.726Z</time>
      </trkpt>
      <trkpt lat="44.650486" lon="20.754999">
        <ele>177.890180</ele>
        <time>2026-08-07T16:15:05.559Z</time>
      </trkpt>
      <trkpt lat="44.649981" lon="20.755719">
        <ele>185.340634</ele>
        <time>2026-08-07T16:15:51.328Z</time>
      </trkpt>
      <trkpt lat="44.649532" lon="20.756170">
        <ele>191.056730</ele>
        <time>2026-08-07T16:16:28.488Z</time>
      </trkpt>
      <trkpt lat="44.649308" lon="20.756443">
        <ele>194.127588</ele>
        <time>2026-08-07T16:16:48.964Z</time>
      </trkpt>
      <trkpt lat="44.649139" lon="20.756588">
        <ele>196.038814</ele>
        <time>2026-08-07T16:17:02.631Z</time>
      </trkpt>
      <trkpt lat="44.648615" lon="20.757148">
        <ele>201.672903</ele>
        <time>2026-08-07T16:17:47.237Z</time>
      </trkpt>
      <trkpt lat="44.648279" lon="20.757720">
        <ele>206.189793</ele>
        <time>2026-08-07T16:18:19.736Z</time>
      </trkpt>
      <trkpt lat="44.648154" lon="20.757876">
        <ele>207.620539</ele>
        <time>2026-08-07T16:18:28.730Z</time>
      </trkpt>
      <trkpt lat="44.647925" lon="20.758015">
        <ele>209.755530</ele>
        <time>2026-08-07T16:18:40.483Z</time>
      </trkpt>
      <trkpt lat="44.647851" lon="20.758001">
        <ele>210.394618</ele>
        <time>2026-08-07T16:18:43.563Z</time>
      </trkpt>
      <trkpt lat="44.647805" lon="20.757955">
        <ele>210.740538</ele>
        <time>2026-08-07T16:18:45.793Z</time>
      </trkpt>
      <trkpt lat="44.647716" lon="20.758220">
        <ele>210.265363</ele>
        <time>2026-08-07T16:18:52.953Z</time>
      </trkpt>
      <trkpt lat="44.647662" lon="20.758471">
        <ele>209.840160</ele>
        <time>2026-08-07T16:18:58.363Z</time>
      </trkpt>
      <trkpt lat="44.647466" lon="20.758516">
        <ele>209.387516</ele>
        <time>2026-08-07T16:19:02.834Z</time>
      </trkpt>
      <trkpt lat="44.646780" lon="20.759135">
        <ele>207.529531</ele>
        <time>2026-08-07T16:19:15.897Z</time>
      </trkpt>
      <trkpt lat="44.645732" lon="20.760323">
        <ele>198.838160</ele>
        <time>2026-08-07T16:19:34.766Z</time>
      </trkpt>
      <trkpt lat="44.645453" lon="20.760733">
        <ele>195.576473</ele>
        <time>2026-08-07T16:19:40.341Z</time>
      </trkpt>
      <trkpt lat="44.645356" lon="20.760942">
        <ele>194.141867</ele>
        <time>2026-08-07T16:19:42.801Z</time>
      </trkpt>
      <trkpt lat="44.645266" lon="20.761170">
        <ele>192.642848</ele>
        <time>2026-08-07T16:19:45.357Z</time>
      </trkpt>
      <trkpt lat="44.645041" lon="20.762021">
        <ele>188.799632</ele>
        <time>2026-08-07T16:19:54.440Z</time>
      </trkpt>
      <trkpt lat="44.645090" lon="20.762198">
        <ele>188.026590</ele>
        <time>2026-08-07T16:19:56.380Z</time>
      </trkpt>
      <trkpt lat="44.645110" lon="20.762456">
        <ele>186.970262</ele>
        <time>2026-08-07T16:19:59.061Z</time>
      </trkpt>
      <trkpt lat="44.645093" lon="20.764045">
        <ele>181.181436</ele>
        <time>2026-08-07T16:20:16.767Z</time>
      </trkpt>
      <trkpt lat="44.645111" lon="20.764251">
        <ele>180.763669</ele>
        <time>2026-08-07T16:20:19.388Z</time>
      </trkpt>
      <trkpt lat="44.645173" lon="20.764640">
        <ele>179.961257</ele>
        <time>2026-08-07T16:20:24.529Z</time>
      </trkpt>
      <trkpt lat="44.645521" lon="20.766023">
        <ele>177.008495</ele>
        <time>2026-08-07T16:20:42.165Z</time>
      </trkpt>
      <trkpt lat="44.645529" lon="20.766176">
        <ele>176.704008</ele>
        <time>2026-08-07T16:20:43.898Z</time>
      </trkpt>
      <trkpt lat="44.645230" lon="20.766691">
        <ele>175.465696</ele>
        <time>2026-08-07T16:20:51.549Z</time>
      </trkpt>
      <trkpt lat="44.645188" lon="20.766822">
        <ele>175.198017</ele>
        <time>2026-08-07T16:20:53.221Z</time>
      </trkpt>
      <trkpt lat="44.645181" lon="20.766927">
        <ele>175.001551</ele>
        <time>2026-08-07T16:20:54.439Z</time>
      </trkpt>
      <trkpt lat="44.645235" lon="20.767130">
        <ele>174.597807</ele>
        <time>2026-08-07T16:20:56.941Z</time>
      </trkpt>
      <trkpt lat="44.645386" lon="20.767505">
        <ele>173.795080</ele>
        <time>2026-08-07T16:21:01.919Z</time>
      </trkpt>
      <trkpt lat="44.645558" lon="20.767885">
        <ele>172.956048</ele>
        <time>2026-08-07T16:21:07.275Z</time>
      </trkpt>
      <trkpt lat="44.645693" lon="20.768292">
        <ele>172.119486</ele>
        <time>2026-08-07T16:21:13.027Z</time>
      </trkpt>
      <trkpt lat="44.645797" lon="20.768905">
        <ele>171.857728</ele>
        <time>2026-08-07T16:21:21.990Z</time>
      </trkpt>
      <trkpt lat="44.645923" lon="20.769341">
        <ele>171.706463</ele>
        <time>2026-08-07T16:21:29.046Z</time>
      </trkpt>
      <trkpt lat="44.646960" lon="20.771240">
        <ele>170.797674</ele>
        <time>2026-08-07T16:22:06.434Z</time>
      </trkpt>
      <trkpt lat="44.647441" lon="20.772005">
        <ele>170.316276</ele>
        <time>2026-08-07T16:22:21.877Z</time>
      </trkpt>
      <trkpt lat="44.647669" lon="20.772445">
        <ele>170.059609</ele>
        <time>2026-08-07T16:22:29.009Z</time>
      </trkpt>
      <trkpt lat="44.647851" lon="20.772900">
        <ele>168.947046</ele>
        <time>2026-08-07T16:22:35.403Z</time>
      </trkpt>
      <trkpt lat="44.647903" lon="20.772976">
        <ele>168.709845</ele>
        <time>2026-08-07T16:22:36.648Z</time>
      </trkpt>
      <trkpt lat="44.647961" lon="20.772992">
        <ele>168.522951</ele>
        <time>2026-08-07T16:22:37.646Z</time>
      </trkpt>
      <trkpt lat="44.648074" lon="20.773672">
        <ele>166.952082</ele>
        <time>2026-08-07T16:22:45.652Z</time>
      </trkpt>
      <trkpt lat="44.648102" lon="20.773820">
        <ele>166.607578</ele>
        <time>2026-08-07T16:22:47.404Z</time>
      </trkpt>
      <trkpt lat="44.648282" lon="20.774749">
        <ele>164.441634</ele>
        <time>2026-08-07T16:22:58.178Z</time>
      </trkpt>
      <trkpt lat="44.648342" lon="20.775221">
        <ele>163.049985</ele>
        <time>2026-08-07T16:23:03.553Z</time>
      </trkpt>
      <trkpt lat="44.648395" lon="20.775742">
        <ele>161.492792</ele>
        <time>2026-08-07T16:23:09.457Z</time>
      </trkpt>
      <trkpt lat="44.648445" lon="20.776143">
        <ele>160.288246</ele>
        <time>2026-08-07T16:23:14.061Z</time>
      </trkpt>
      <trkpt lat="44.648485" lon="20.776387">
        <ele>159.547392</ele>
        <time>2026-08-07T16:23:16.864Z</time>
      </trkpt>
      <trkpt lat="44.648579" lon="20.776926">
        <ele>157.905408</ele>
        <time>2026-08-07T16:23:22.991Z</time>
      </trkpt>
      <trkpt lat="44.648667" lon="20.777443">
        <ele>156.196813</ele>
        <time>2026-08-07T16:23:28.749Z</time>
      </trkpt>
      <trkpt lat="44.648693" lon="20.777826">
        <ele>154.773925</ele>
        <time>2026-08-07T16:23:32.854Z</time>
      </trkpt>
      <trkpt lat="44.648631" lon="20.778971">
        <ele>150.527104</ele>
        <time>2026-08-07T16:23:45.001Z</time>
      </trkpt>
      <trkpt lat="44.648637" lon="20.779354">
        <ele>149.110305</ele>
        <time>2026-08-07T16:23:49.020Z</time>
      </trkpt>
      <trkpt lat="44.648864" lon="20.780682">
        <ele>144.617981</ele>
        <time>2026-08-07T16:24:03.788Z</time>
      </trkpt>
      <trkpt lat="44.648887" lon="20.781511">
        <ele>142.044383</ele>
        <time>2026-08-07T16:24:12.990Z</time>
      </trkpt>
      <trkpt lat="44.648909" lon="20.782052">
        <ele>140.363407</ele>
        <time>2026-08-07T16:24:19.071Z</time>
      </trkpt>
      <trkpt lat="44.649052" lon="20.782665">
        <ele>138.550140</ele>
        <time>2026-08-07T16:24:26.366Z</time>
      </trkpt>
      <trkpt lat="44.649226" lon="20.783284">
        <ele>136.779333</ele>
        <time>2026-08-07T16:24:33.768Z</time>
      </trkpt>
      <trkpt lat="44.649324" lon="20.783752">
        <ele>135.481358</ele>
        <time>2026-08-07T16:24:39.283Z</time>
      </trkpt>
      <trkpt lat="44.649398" lon="20.784306">
        <ele>133.981637</ele>
        <time>2026-08-07T16:24:45.739Z</time>
      </trkpt>
      <trkpt lat="44.649441" lon="20.785091">
        <ele>132.088421</ele>
        <time>2026-08-07T16:24:54.665Z</time>
      </trkpt>
      <trkpt lat="44.649446" lon="20.785471">
        <ele>131.267811</ele>
        <time>2026-08-07T16:24:59.056Z</time>
      </trkpt>
      <trkpt lat="44.649418" lon="20.785910">
        <ele>130.316152</ele>
        <time>2026-08-07T16:25:04.268Z</time>
      </trkpt>
      <trkpt lat="44.649319" lon="20.786500">
        <ele>129.007310</ele>
        <time>2026-08-07T16:25:11.391Z</time>
      </trkpt>
      <trkpt lat="44.649229" lon="20.787185">
        <ele>127.503291</ele>
        <time>2026-08-07T16:25:19.540Z</time>
      </trkpt>
      <trkpt lat="44.649137" lon="20.788173">
        <ele>125.912578</ele>
        <time>2026-08-07T16:25:31.710Z</time>
      </trkpt>
      <trkpt lat="44.649135" lon="20.788555">
        <ele>125.303328</ele>
        <time>2026-08-07T16:25:36.559Z</time>
      </trkpt>
      <trkpt lat="44.649184" lon="20.788903">
        <ele>124.737553</ele>
        <time>2026-08-07T16:25:40.983Z</time>
      </trkpt>
      <trkpt lat="44.649418" lon="20.789841">
        <ele>123.087078</ele>
        <time>2026-08-07T16:25:53.353Z</time>
      </trkpt>
      <trkpt lat="44.649535" lon="20.790239">
        <ele>122.257158</ele>
        <time>2026-08-07T16:25:58.675Z</time>
      </trkpt>
      <trkpt lat="44.649846" lon="20.791113">
        <ele>120.373868</ele>
        <time>2026-08-07T16:26:10.214Z</time>
      </trkpt>
      <trkpt lat="44.649916" lon="20.791432">
        <ele>119.730523</ele>
        <time>2026-08-07T16:26:14.051Z</time>
      </trkpt>
      <trkpt lat="44.649937" lon="20.792106">
        <ele>118.494317</ele>
        <time>2026-08-07T16:26:21.783Z</time>
      </trkpt>
      <trkpt lat="44.649838" lon="20.793285">
        <ele>117.107172</ele>
        <time>2026-08-07T16:26:36.533Z</time>
      </trkpt>
      <trkpt lat="44.649777" lon="20.794296">
        <ele>115.921644</ele>
        <time>2026-08-07T16:26:50.204Z</time>
      </trkpt>
      <trkpt lat="44.649816" lon="20.795425">
        <ele>115.316175</ele>
        <time>2026-08-07T16:27:07.549Z</time>
      </trkpt>
      <trkpt lat="44.649829" lon="20.795807">
        <ele>115.177304</ele>
        <time>2026-08-07T16:27:13.221Z</time>
      </trkpt>
      <trkpt lat="44.649826" lon="20.796299">
        <ele>114.998642</ele>
        <time>2026-08-07T16:27:20.355Z</time>
      </trkpt>
      <trkpt lat="44.649804" lon="20.796564">
        <ele>114.901761</ele>
        <time>2026-08-07T16:27:24.238Z</time>
      </trkpt>
      <trkpt lat="44.649544" lon="20.797574">
        <ele>114.105593</ele>
        <time>2026-08-07T16:27:39.791Z</time>
      </trkpt>
      <trkpt lat="44.649447" lon="20.798039">
        <ele>113.587501</ele>
        <time>2026-08-07T16:27:46.326Z</time>
      </trkpt>
      <trkpt lat="44.649364" lon="20.799281">
        <ele>112.253756</ele>
        <time>2026-08-07T16:28:01.974Z</time>
      </trkpt>
      <trkpt lat="44.649383" lon="20.799681">
        <ele>111.810344</ele>
        <time>2026-08-07T16:28:06.890Z</time>
      </trkpt>
      <trkpt lat="44.649404" lon="20.799842">
        <ele>111.621882</ele>
        <time>2026-08-07T16:28:08.916Z</time>
      </trkpt>
      <trkpt lat="44.649512" lon="20.800343">
        <ele>111.019139</ele>
        <time>2026-08-07T16:28:15.383Z</time>
      </trkpt>
      <trkpt lat="44.649925" lon="20.802181">
        <ele>108.931148</ele>
        <time>2026-08-07T16:28:40.752Z</time>
      </trkpt>
      <trkpt lat="44.650265" lon="20.803420">
        <ele>108.056704</ele>
        <time>2026-08-07T16:28:59.900Z</time>
      </trkpt>
      <trkpt lat="44.650548" lon="20.804485">
        <ele>107.326430</ele>
        <time>2026-08-07T16:29:15.250Z</time>
      </trkpt>
      <trkpt lat="44.650975" lon="20.805519">
        <ele>106.647127</ele>
        <time>2026-08-07T16:29:31.366Z</time>
      </trkpt>
      <trkpt lat="44.651318" lon="20.806318">
        <ele>106.116906</ele>
        <time>2026-08-07T16:29:44.794Z</time>
      </trkpt>
      <trkpt lat="44.652020" lon="20.807472">
        <ele>105.644824</ele>
        <time>2026-08-07T16:30:10.004Z</time>
      </trkpt>
      <trkpt lat="44.652192" lon="20.807806">
        <ele>105.532404</ele>
        <time>2026-08-07T16:30:16.388Z</time>
      </trkpt>
      <trkpt lat="44.652523" lon="20.808596">
        <ele>105.074202</ele>
        <time>2026-08-07T16:30:29.164Z</time>
      </trkpt>
      <trkpt lat="44.652888" lon="20.809693">
        <ele>102.687277</ele>
        <time>2026-08-07T16:30:44.045Z</time>
      </trkpt>
      <trkpt lat="44.653001" lon="20.810114">
        <ele>101.800418</ele>
        <time>2026-08-07T16:30:49.179Z</time>
      </trkpt>
      <trkpt lat="44.653161" lon="20.810894">
        <ele>100.125840</ele>
        <time>2026-08-07T16:30:58.257Z</time>
      </trkpt>
      <trkpt lat="44.653390" lon="20.812032">
        <ele>96.478341</ele>
        <time>2026-08-07T16:31:11.386Z</time>
      </trkpt>
      <trkpt lat="44.653756" lon="20.813452">
        <ele>91.712359</ele>
        <time>2026-08-07T16:31:27.889Z</time>
      </trkpt>
      <trkpt lat="44.654061" lon="20.814546">
        <ele>87.541088</ele>
        <time>2026-08-07T16:31:40.488Z</time>
      </trkpt>
      <trkpt lat="44.654189" lon="20.815206">
        <ele>85.112606</ele>
        <time>2026-08-07T16:31:47.775Z</time>
      </trkpt>
      <trkpt lat="44.654312" lon="20.816314">
        <ele>81.825945</ele>
        <time>2026-08-07T16:31:59.835Z</time>
      </trkpt>
      <trkpt lat="44.654337" lon="20.816755">
        <ele>80.704722</ele>
        <time>2026-08-07T16:32:04.799Z</time>
      </trkpt>
      <trkpt lat="44.654351" lon="20.816962">
        <ele>80.177731</ele>
        <time>2026-08-07T16:32:07.167Z</time>
      </trkpt>
      <trkpt lat="44.654397" lon="20.817433">
        <ele>78.972821</ele>
        <time>2026-08-07T16:32:12.648Z</time>
      </trkpt>
      <trkpt lat="44.654423" lon="20.817741">
        <ele>78.186744</ele>
        <time>2026-08-07T16:32:16.275Z</time>
      </trkpt>
      <trkpt lat="44.654445" lon="20.818263">
        <ele>77.115817</ele>
        <time>2026-08-07T16:32:22.603Z</time>
      </trkpt>
      <trkpt lat="44.654409" lon="20.819070">
        <ele>76.869999</ele>
        <time>2026-08-07T16:32:33.560Z</time>
      </trkpt>
      <trkpt lat="44.654401" lon="20.819226">
        <ele>76.822450</ele>
        <time>2026-08-07T16:32:35.933Z</time>
      </trkpt>
      <trkpt lat="44.654389" lon="20.819503">
        <ele>76.738083</ele>
        <time>2026-08-07T16:32:40.400Z</time>
      </trkpt>
      <trkpt lat="44.654387" lon="20.819570">
        <ele>76.717697</ele>
        <time>2026-08-07T16:32:41.454Z</time>
      </trkpt>
      <trkpt lat="44.654339" lon="20.820968">
        <ele>76.467764</ele>
        <time>2026-08-07T16:33:05.432Z</time>
      </trkpt>
      <trkpt lat="44.654333" lon="20.821349">
        <ele>76.578892</ele>
        <time>2026-08-07T16:33:12.557Z</time>
      </trkpt>
      <trkpt lat="44.654336" lon="20.821888">
        <ele>76.736071</ele>
        <time>2026-08-07T16:33:21.904Z</time>
      </trkpt>
      <trkpt lat="44.654349" lon="20.822428">
        <ele>76.893627</ele>
        <time>2026-08-07T16:33:31.002Z</time>
      </trkpt>
      <trkpt lat="44.654365" lon="20.823452">
        <ele>77.165847</ele>
        <time>2026-08-07T16:33:47.661Z</time>
      </trkpt>
      <trkpt lat="44.654363" lon="20.823546">
        <ele>77.183357</ele>
        <time>2026-08-07T16:33:49.242Z</time>
      </trkpt>
      <trkpt lat="44.654338" lon="20.824058">
        <ele>77.278915</ele>
        <time>2026-08-07T16:33:57.569Z</time>
      </trkpt>
      <trkpt lat="44.654235" lon="20.825394">
        <ele>77.529134</ele>
        <time>2026-08-07T16:34:20.051Z</time>
      </trkpt>
      <trkpt lat="44.654169" lon="20.826401">
        <ele>77.659906</ele>
        <time>2026-08-07T16:34:36.938Z</time>
      </trkpt>
      <trkpt lat="44.654072" lon="20.827630">
        <ele>77.786285</ele>
        <time>2026-08-07T16:34:56.486Z</time>
      </trkpt>
      <trkpt lat="44.653997" lon="20.828708">
        <ele>78.476831</ele>
        <time>2026-08-07T16:35:13.245Z</time>
      </trkpt>
      <trkpt lat="44.653982" lon="20.829925">
        <ele>80.083662</ele>
        <time>2026-08-07T16:35:36.616Z</time>
      </trkpt>
      <trkpt lat="44.654013" lon="20.835294">
        <ele>92.030279</ele>
        <time>2026-08-07T16:38:03.827Z</time>
      </trkpt>
      <trkpt lat="44.653968" lon="20.836217">
        <ele>91.958765</ele>
        <time>2026-08-07T16:38:16.128Z</time>
      </trkpt>
      <trkpt lat="44.653900" lon="20.836747">
        <ele>90.599570</ele>
        <time>2026-08-07T16:38:22.081Z</time>
      </trkpt>
      <trkpt lat="44.653833" lon="20.837038">
        <ele>89.827634</ele>
        <time>2026-08-07T16:38:25.228Z</time>
      </trkpt>
      <trkpt lat="44.653780" lon="20.837232">
        <ele>89.303151</ele>
        <time>2026-08-07T16:38:27.397Z</time>
      </trkpt>
      <trkpt lat="44.653707" lon="20.837435">
        <ele>88.729077</ele>
        <time>2026-08-07T16:38:29.798Z</time>
      </trkpt>
      <trkpt lat="44.653579" lon="20.837689">
        <ele>87.943476</ele>
        <time>2026-08-07T16:38:33.228Z</time>
      </trkpt>
      <trkpt lat="44.653581" lon="20.837857">
        <ele>87.519416</ele>
        <time>2026-08-07T16:38:35.085Z</time>
      </trkpt>
      <trkpt lat="44.653688" lon="20.838340">
        <ele>86.511764</ele>
        <time>2026-08-07T16:38:40.910Z</time>
      </trkpt>
      <trkpt lat="44.653737" lon="20.838535">
        <ele>86.390969</ele>
        <time>2026-08-07T16:38:43.449Z</time>
      </trkpt>
      <trkpt lat="44.653832" lon="20.838829">
        <ele>86.202360</ele>
        <time>2026-08-07T16:38:47.538Z</time>
      </trkpt>
      <trkpt lat="44.653900" lon="20.839175">
        <ele>85.992694</ele>
        <time>2026-08-07T16:38:52.154Z</time>
      </trkpt>
      <trkpt lat="44.653947" lon="20.839391">
        <ele>85.860760</ele>
        <time>2026-08-07T16:38:55.241Z</time>
      </trkpt>
      <trkpt lat="44.654070" lon="20.840165">
        <ele>85.397532</ele>
        <time>2026-08-07T16:39:10.505Z</time>
      </trkpt>
      <trkpt lat="44.654405" lon="20.842776">
        <ele>84.874314</ele>
        <time>2026-08-07T16:39:52.891Z</time>
      </trkpt>
      <trkpt lat="44.654507" lon="20.843482">
        <ele>84.939252</ele>
        <time>2026-08-07T16:40:02.472Z</time>
      </trkpt>
      <trkpt lat="44.654762" lon="20.844438">
        <ele>85.233777</ele>
        <time>2026-08-07T16:40:16.379Z</time>
      </trkpt>
      <trkpt lat="44.654895" lon="20.844937">
        <ele>85.387495</ele>
        <time>2026-08-07T16:40:26.276Z</time>
      </trkpt>
      <trkpt lat="44.654930" lon="20.845182">
        <ele>85.459580</ele>
        <time>2026-08-07T16:40:31.760Z</time>
      </trkpt>
      <trkpt lat="44.654937" lon="20.845470">
        <ele>85.542707</ele>
        <time>2026-08-07T16:40:38.541Z</time>
      </trkpt>
      <trkpt lat="44.654868" lon="20.846421">
        <ele>87.062838</ele>
        <time>2026-08-07T16:41:02.368Z</time>
      </trkpt>
      <trkpt lat="44.654862" lon="20.846864">
        <ele>87.815488</ele>
        <time>2026-08-07T16:41:13.399Z</time>
      </trkpt>
      <trkpt lat="44.654965" lon="20.847835">
        <ele>89.483140</ele>
        <time>2026-08-07T16:41:35.337Z</time>
      </trkpt>
      <trkpt lat="44.655092" lon="20.849078">
        <ele>90.471116</ele>
        <time>2026-08-07T16:41:58.823Z</time>
      </trkpt>
      <trkpt lat="44.655161" lon="20.849728">
        <ele>90.859989</ele>
        <time>2026-08-07T16:42:10.445Z</time>
      </trkpt>
      <trkpt lat="44.655268" lon="20.850431">
        <ele>91.285379</ele>
        <time>2026-08-07T16:42:23.056Z</time>
      </trkpt>
      <trkpt lat="44.655439" lon="20.851653">
        <ele>91.079619</ele>
        <time>2026-08-07T16:42:43.083Z</time>
      </trkpt>
      <trkpt lat="44.655483" lon="20.852124">
        <ele>90.963542</ele>
        <time>2026-08-07T16:42:49.194Z</time>
      </trkpt>
      <trkpt lat="44.655514" lon="20.853373">
        <ele>90.826042</ele>
        <time>2026-08-07T16:43:07.644Z</time>
      </trkpt>
      <trkpt lat="44.655518" lon="20.854256">
        <ele>91.068048</ele>
        <time>2026-08-07T16:43:20.773Z</time>
      </trkpt>
      <trkpt lat="44.655574" lon="20.854602">
        <ele>91.165298</ele>
        <time>2026-08-07T16:43:27.672Z</time>
      </trkpt>
      <trkpt lat="44.655798" lon="20.855455">
        <ele>91.414498</ele>
        <time>2026-08-07T16:43:46.594Z</time>
      </trkpt>
      <trkpt lat="44.655978" lon="20.856102">
        <ele>91.146183</ele>
        <time>2026-08-07T16:43:57.468Z</time>
      </trkpt>
      <trkpt lat="44.656005" lon="20.856211">
        <ele>91.094723</ele>
        <time>2026-08-07T16:43:59.758Z</time>
      </trkpt>
      <trkpt lat="44.656039" lon="20.856414">
        <ele>91.001739</ele>
        <time>2026-08-07T16:44:03.810Z</time>
      </trkpt>
      <trkpt lat="44.656087" lon="20.856877">
        <ele>90.793128</ele>
        <time>2026-08-07T16:44:10.440Z</time>
      </trkpt>
      <trkpt lat="44.656095" lon="20.856973">
        <ele>90.750033</ele>
        <time>2026-08-07T16:44:11.803Z</time>
      </trkpt>
      <trkpt lat="44.656136" lon="20.857740">
        <ele>90.407098</ele>
        <time>2026-08-07T16:44:21.858Z</time>
      </trkpt>
      <trkpt lat="44.656120" lon="20.858360">
        <ele>90.289628</ele>
        <time>2026-08-07T16:44:29.521Z</time>
      </trkpt>
      <trkpt lat="44.656016" lon="20.859650">
        <ele>90.245034</ele>
        <time>2026-08-07T16:44:48.993Z</time>
      </trkpt>
      <trkpt lat="44.655920" lon="20.861337">
        <ele>90.375950</ele>
        <time>2026-08-07T16:45:23.040Z</time>
      </trkpt>
      <trkpt lat="44.655856" lon="20.862372">
        <ele>90.571643</ele>
        <time>2026-08-07T16:45:40.534Z</time>
      </trkpt>
      <trkpt lat="44.655898" lon="20.862899">
        <ele>90.671532</ele>
        <time>2026-08-07T16:45:47.849Z</time>
      </trkpt>
      <trkpt lat="44.655984" lon="20.863684">
        <ele>90.317532</ele>
        <time>2026-08-07T16:45:58.080Z</time>
      </trkpt>
      <trkpt lat="44.656039" lon="20.864534">
        <ele>89.849683</ele>
        <time>2026-08-07T16:46:08.984Z</time>
      </trkpt>
      <trkpt lat="44.656066" lon="20.865262">
        <ele>89.450090</ele>
        <time>2026-08-07T16:46:19.824Z</time>
      </trkpt>
      <trkpt lat="44.656089" lon="20.866389">
        <ele>89.856263</ele>
        <time>2026-08-07T16:46:40.977Z</time>
      </trkpt>
      <trkpt lat="44.656105" lon="20.866658">
        <ele>90.027838</ele>
        <time>2026-08-07T16:46:46.380Z</time>
      </trkpt>
      <trkpt lat="44.656145" lon="20.866897">
        <ele>90.183895</ele>
        <time>2026-08-07T16:46:51.348Z</time>
      </trkpt>
      <trkpt lat="44.656273" lon="20.867310">
        <ele>90.470233</ele>
        <time>2026-08-07T16:47:00.166Z</time>
      </trkpt>
      <trkpt lat="44.656697" lon="20.868185">
        <ele>90.832456</ele>
        <time>2026-08-07T16:47:18.923Z</time>
      </trkpt>
      <trkpt lat="44.656802" lon="20.868402">
        <ele>90.773609</ele>
        <time>2026-08-07T16:47:23.218Z</time>
      </trkpt>
      <trkpt lat="44.656876" lon="20.868636">
        <ele>90.716189</ele>
        <time>2026-08-07T16:47:27.287Z</time>
      </trkpt>
      <trkpt lat="44.656923" lon="20.868832">
        <ele>90.669811</ele>
        <time>2026-08-07T16:47:30.508Z</time>
      </trkpt>
      <trkpt lat="44.656939" lon="20.869036">
        <ele>90.623792</ele>
        <time>2026-08-07T16:47:33.647Z</time>
      </trkpt>
      <trkpt lat="44.656918" lon="20.869379">
        <ele>90.546599</ele>
        <time>2026-08-07T16:47:38.592Z</time>
      </trkpt>
      <trkpt lat="44.656690" lon="20.870434">
        <ele>90.236992</ele>
        <time>2026-08-07T16:47:53.376Z</time>
      </trkpt>
      <trkpt lat="44.656657" lon="20.870671">
        <ele>90.111210</ele>
        <time>2026-08-07T16:47:56.923Z</time>
      </trkpt>
      <trkpt lat="44.656638" lon="20.870964">
        <ele>89.957970</ele>
        <time>2026-08-07T16:48:01.492Z</time>
      </trkpt>
      <trkpt lat="44.656645" lon="20.871116">
        <ele>89.878636</ele>
        <time>2026-08-07T16:48:03.819Z</time>
      </trkpt>
      <trkpt lat="44.656758" lon="20.872083">
        <ele>89.368230</ele>
        <time>2026-08-07T16:48:18.124Z</time>
      </trkpt>
      <trkpt lat="44.656805" lon="20.872502">
        <ele>89.147301</ele>
        <time>2026-08-07T16:48:23.909Z</time>
      </trkpt>
      <trkpt lat="44.656827" lon="20.872730">
        <ele>89.023078</ele>
        <time>2026-08-07T16:48:27.181Z</time>
      </trkpt>
      <trkpt lat="44.656852" lon="20.872921">
        <ele>88.708158</ele>
        <time>2026-08-07T16:48:29.948Z</time>
      </trkpt>
      <trkpt lat="44.656912" lon="20.873351">
        <ele>87.997592</ele>
        <time>2026-08-07T16:48:35.844Z</time>
      </trkpt>
      <trkpt lat="44.657015" lon="20.873723">
        <ele>87.350280</ele>
        <time>2026-08-07T16:48:40.858Z</time>
      </trkpt>
      <trkpt lat="44.657264" lon="20.874243">
        <ele>86.333808</ele>
        <time>2026-08-07T16:48:48.255Z</time>
      </trkpt>
      <trkpt lat="44.657580" lon="20.874804">
        <ele>85.173432</ele>
        <time>2026-08-07T16:48:56.563Z</time>
      </trkpt>
      <trkpt lat="44.657700" lon="20.875112">
        <ele>84.585210</ele>
        <time>2026-08-07T16:49:00.656Z</time>
      </trkpt>
      <trkpt lat="44.657774" lon="20.875433">
        <ele>84.006461</ele>
        <time>2026-08-07T16:49:04.619Z</time>
      </trkpt>
      <trkpt lat="44.657921" lon="20.876974">
        <ele>81.339785</ele>
        <time>2026-08-07T16:49:23.310Z</time>
      </trkpt>
      <trkpt lat="44.657928" lon="20.877052">
        <ele>81.204944</ele>
        <time>2026-08-07T16:49:24.292Z</time>
      </trkpt>
      <trkpt lat="44.657990" lon="20.877945">
        <ele>80.469338</ele>
        <time>2026-08-07T16:49:36.007Z</time>
      </trkpt>
      <trkpt lat="44.657993" lon="20.878252">
        <ele>80.399392</ele>
        <time>2026-08-07T16:49:40.377Z</time>
      </trkpt>
      <trkpt lat="44.657961" lon="20.878853">
        <ele>80.262093</ele>
        <time>2026-08-07T16:49:49.864Z</time>
      </trkpt>
      <trkpt lat="44.657936" lon="20.879584">
        <ele>80.095368</ele>
        <time>2026-08-07T16:50:02.179Z</time>
      </trkpt>
      <trkpt lat="44.658035" lon="20.880101">
        <ele>80.055997</ele>
        <time>2026-08-07T16:50:11.505Z</time>
      </trkpt>
      <trkpt lat="44.658159" lon="20.880581">
        <ele>80.163520</ele>
        <time>2026-08-07T16:50:20.464Z</time>
      </trkpt>
      <trkpt lat="44.658387" lon="20.881437">
        <ele>80.355973</ele>
        <time>2026-08-07T16:50:35.617Z</time>
      </trkpt>
      <trkpt lat="44.658851" lon="20.883218">
        <ele>80.772851</ele>
        <time>2026-08-07T16:51:06.071Z</time>
      </trkpt>
      <trkpt lat="44.659288" lon="20.884908">
        <ele>81.234585</ele>
        <time>2026-08-07T16:51:36.946Z</time>
      </trkpt>
      <trkpt lat="44.659442" lon="20.885672">
        <ele>81.577459</ele>
        <time>2026-08-07T16:51:50.957Z</time>
      </trkpt>
      <trkpt lat="44.659915" lon="20.889121">
        <ele>82.345649</ele>
        <time>2026-08-07T16:52:53.014Z</time>
      </trkpt>
      <trkpt lat="44.660199" lon="20.890923">
        <ele>80.818531</ele>
        <time>2026-08-07T16:53:16.557Z</time>
      </trkpt>
      <trkpt lat="44.660247" lon="20.891576">
        <ele>80.058228</ele>
        <time>2026-08-07T16:53:24.341Z</time>
      </trkpt>
      <trkpt lat="44.660158" lon="20.892895">
        <ele>80.497005</ele>
        <time>2026-08-07T16:53:42.886Z</time>
      </trkpt>
      <trkpt lat="44.660153" lon="20.893035">
        <ele>80.681106</ele>
        <time>2026-08-07T16:53:45.543Z</time>
      </trkpt>
      <trkpt lat="44.660135" lon="20.893299">
        <ele>81.029421</ele>
        <time>2026-08-07T16:53:50.778Z</time>
      </trkpt>
      <trkpt lat="44.660088" lon="20.893989">
        <ele>81.939781</ele>
        <time>2026-08-07T16:54:07.413Z</time>
      </trkpt>
      <trkpt lat="44.660050" lon="20.894584">
        <ele>82.724370</ele>
        <time>2026-08-07T16:54:24.783Z</time>
      </trkpt>
      <trkpt lat="44.660036" lon="20.894849">
        <ele>83.200165</ele>
        <time>2026-08-07T16:54:33.111Z</time>
      </trkpt>
      <trkpt lat="44.660054" lon="20.895383">
        <ele>84.195281</ele>
        <time>2026-08-07T16:54:49.089Z</time>
      </trkpt>
      <trkpt lat="44.660183" lon="20.896316">
        <ele>85.964494</ele>
        <time>2026-08-07T16:55:12.839Z</time>
      </trkpt>
      <trkpt lat="44.660251" lon="20.896672">
        <ele>86.650637</ele>
        <time>2026-08-07T16:55:19.967Z</time>
      </trkpt>
      <trkpt lat="44.660472" lon="20.897410">
        <ele>87.231693</ele>
        <time>2026-08-07T16:55:31.982Z</time>
      </trkpt>
      <trkpt lat="44.660521" lon="20.897565">
        <ele>87.115391</ele>
        <time>2026-08-07T16:55:34.232Z</time>
      </trkpt>
      <trkpt lat="44.660657" lon="20.898070">
        <ele>86.745142</ele>
        <time>2026-08-07T16:55:41.238Z</time>
      </trkpt>
      <trkpt lat="44.660778" lon="20.898977">
        <ele>86.112402</ele>
        <time>2026-08-07T16:55:53.402Z</time>
      </trkpt>
      <trkpt lat="44.660943" lon="20.899917">
        <ele>85.443859</ele>
        <time>2026-08-07T16:56:06.590Z</time>
      </trkpt>
      <trkpt lat="44.661121" lon="20.900572">
        <ele>84.955430</ele>
        <time>2026-08-07T16:56:16.761Z</time>
      </trkpt>
      <trkpt lat="44.661728" lon="20.902310">
        <ele>83.781315</ele>
        <time>2026-08-07T16:56:42.918Z</time>
      </trkpt>
      <trkpt lat="44.662135" lon="20.903443">
        <ele>83.309428</ele>
        <time>2026-08-07T16:57:00.978Z</time>
      </trkpt>
      <trkpt lat="44.662336" lon="20.904035">
        <ele>83.065552</ele>
        <time>2026-08-07T16:57:11.182Z</time>
      </trkpt>
      <trkpt lat="44.662477" lon="20.904510">
        <ele>83.110138</ele>
        <time>2026-08-07T16:57:20.142Z</time>
      </trkpt>
      <trkpt lat="44.662731" lon="20.905859">
        <ele>83.324971</ele>
        <time>2026-08-07T16:57:46.336Z</time>
      </trkpt>
      <trkpt lat="44.662861" lon="20.906515">
        <ele>83.429809</ele>
        <time>2026-08-07T16:57:56.362Z</time>
      </trkpt>
      <trkpt lat="44.663069" lon="20.907278">
        <ele>81.920136</ele>
        <time>2026-08-07T16:58:06.947Z</time>
      </trkpt>
      <trkpt lat="44.663196" lon="20.907742">
        <ele>80.997223</ele>
        <time>2026-08-07T16:58:12.691Z</time>
      </trkpt>
      <trkpt lat="44.663250" lon="20.907937">
        <ele>80.608771</ele>
        <time>2026-08-07T16:58:15.073Z</time>
      </trkpt>
      <trkpt lat="44.663340" lon="20.908267">
        <ele>79.952693</ele>
        <time>2026-08-07T16:58:19.110Z</time>
      </trkpt>
      <trkpt lat="44.663581" lon="20.909104">
        <ele>78.445688</ele>
        <time>2026-08-07T16:58:29.275Z</time>
      </trkpt>
      <trkpt lat="44.663644" lon="20.909311">
        <ele>78.181642</ele>
        <time>2026-08-07T16:58:31.984Z</time>
      </trkpt>
      <trkpt lat="44.663761" lon="20.909718">
        <ele>77.666831</ele>
        <time>2026-08-07T16:58:37.270Z</time>
      </trkpt>
      <trkpt lat="44.663854" lon="20.910023">
        <ele>77.277666</ele>
        <time>2026-08-07T16:58:41.337Z</time>
      </trkpt>
      <trkpt lat="44.664063" lon="20.910831">
        <ele>76.269389</ele>
        <time>2026-08-07T16:58:53.463Z</time>
      </trkpt>
      <trkpt lat="44.664146" lon="20.911304">
        <ele>75.781818</ele>
        <time>2026-08-07T16:59:00.931Z</time>
      </trkpt>
      <trkpt lat="44.664163" lon="20.911433">
        <ele>75.806274</ele>
        <time>2026-08-07T16:59:02.939Z</time>
      </trkpt>
      <trkpt lat="44.664180" lon="20.911606">
        <ele>75.838829</ele>
        <time>2026-08-07T16:59:05.676Z</time>
      </trkpt>
      <trkpt lat="44.664193" lon="20.911707">
        <ele>75.857962</ele>
        <time>2026-08-07T16:59:07.286Z</time>
      </trkpt>
      <trkpt lat="44.664283" lon="20.913308">
        <ele>76.157331</ele>
        <time>2026-08-07T16:59:35.026Z</time>
      </trkpt>
      <trkpt lat="44.664337" lon="20.914454">
        <ele>76.271525</ele>
        <time>2026-08-07T16:59:54.165Z</time>
      </trkpt>
      <trkpt lat="44.664347" lon="20.914664">
        <ele>76.280537</ele>
        <time>2026-08-07T16:59:57.539Z</time>
      </trkpt>
      <trkpt lat="44.664364" lon="20.914935">
        <ele>76.292186</ele>
        <time>2026-08-07T17:00:01.798Z</time>
      </trkpt>
      <trkpt lat="44.664372" lon="20.915191">
        <ele>76.303158</ele>
        <time>2026-08-07T17:00:05.837Z</time>
      </trkpt>
      <trkpt lat="44.664381" lon="20.915664">
        <ele>76.323418</ele>
        <time>2026-08-07T17:00:13.424Z</time>
      </trkpt>
      <trkpt lat="44.664425" lon="20.915866">
        <ele>76.332464</ele>
        <time>2026-08-07T17:00:16.826Z</time>
      </trkpt>
      <trkpt lat="44.664562" lon="20.916254">
        <ele>76.343256</ele>
        <time>2026-08-07T17:00:23.507Z</time>
      </trkpt>
      <trkpt lat="44.664568" lon="20.916273">
        <ele>76.337199</ele>
        <time>2026-08-07T17:00:23.792Z</time>
      </trkpt>
      <trkpt lat="44.664742" lon="20.916806">
        <ele>76.166310</ele>
        <time>2026-08-07T17:00:32.480Z</time>
      </trkpt>
      <trkpt lat="44.664855" lon="20.917151">
        <ele>76.055634</ele>
        <time>2026-08-07T17:00:38.013Z</time>
      </trkpt>
      <trkpt lat="44.665107" lon="20.917931">
        <ele>75.806003</ele>
        <time>2026-08-07T17:00:50.538Z</time>
      </trkpt>
      <trkpt lat="44.665410" lon="20.918920">
        <ele>75.650910</ele>
        <time>2026-08-07T17:01:06.221Z</time>
      </trkpt>
      <trkpt lat="44.665436" lon="20.919001">
        <ele>75.659002</ele>
        <time>2026-08-07T17:01:07.572Z</time>
      </trkpt>
      <trkpt lat="44.665544" lon="20.919336">
        <ele>75.692494</ele>
        <time>2026-08-07T17:01:13.575Z</time>
      </trkpt>
      <trkpt lat="44.665779" lon="20.920077">
        <ele>75.766373</ele>
        <time>2026-08-07T17:01:27.099Z</time>
      </trkpt>
      <trkpt lat="44.666009" lon="20.920783">
        <ele>75.837083</ele>
        <time>2026-08-07T17:01:40.100Z</time>
      </trkpt>
      <trkpt lat="44.666032" lon="20.920846">
        <ele>75.843549</ele>
        <time>2026-08-07T17:01:41.314Z</time>
      </trkpt>
      <trkpt lat="44.666184" lon="20.921206">
        <ele>75.887186</ele>
        <time>2026-08-07T17:01:48.570Z</time>
      </trkpt>
      <trkpt lat="44.666543" lon="20.921915">
        <ele>75.977900</ele>
        <time>2026-08-07T17:02:03.277Z</time>
      </trkpt>
      <trkpt lat="44.667246" lon="20.923265">
        <ele>75.991909</ele>
        <time>2026-08-07T17:02:29.458Z</time>
      </trkpt>
      <trkpt lat="44.667348" lon="20.923455">
        <ele>75.928855</ele>
        <time>2026-08-07T17:02:33.015Z</time>
      </trkpt>
      <trkpt lat="44.667464" lon="20.923709">
        <ele>75.848901</ele>
        <time>2026-08-07T17:02:37.440Z</time>
      </trkpt>
      <trkpt lat="44.667496" lon="20.923856">
        <ele>75.808182</ele>
        <time>2026-08-07T17:02:39.700Z</time>
      </trkpt>
      <trkpt lat="44.667473" lon="20.924466">
        <ele>75.646384</ele>
        <time>2026-08-07T17:02:48.551Z</time>
      </trkpt>
      <trkpt lat="44.667400" lon="20.924967">
        <ele>75.510927</ele>
        <time>2026-08-07T17:02:55.768Z</time>
      </trkpt>
      <trkpt lat="44.667188" lon="20.925493">
        <ele>75.270796</ele>
        <time>2026-08-07T17:03:04.836Z</time>
      </trkpt>
      <trkpt lat="44.667063" lon="20.925821">
        <ele>75.080922</ele>
        <time>2026-08-07T17:03:10.767Z</time>
      </trkpt>
      <trkpt lat="44.667035" lon="20.925905">
        <ele>75.033587</ele>
        <time>2026-08-07T17:03:12.213Z</time>
      </trkpt>
      <trkpt lat="44.667007" lon="20.926495">
        <ele>74.731872</ele>
        <time>2026-08-07T17:03:20.950Z</time>
      </trkpt>
      <trkpt lat="44.666997" lon="20.926867">
        <ele>74.541924</ele>
        <time>2026-08-07T17:03:26.024Z</time>
      </trkpt>
      <trkpt lat="44.666981" lon="20.927383">
        <ele>74.278387</ele>
        <time>2026-08-07T17:03:32.985Z</time>
      </trkpt>
      <trkpt lat="44.667165" lon="20.927394">
        <ele>74.146180</ele>
        <time>2026-08-07T17:03:36.458Z</time>
      </trkpt>
      <trkpt lat="44.667313" lon="20.927412">
        <ele>74.021463</ele>
        <time>2026-08-07T17:03:39.270Z</time>
      </trkpt>
      <trkpt lat="44.667372" lon="20.927452">
        <ele>73.966472</ele>
        <time>2026-08-07T17:03:40.514Z</time>
      </trkpt>
      <trkpt lat="44.667401" lon="20.927407">
        <ele>73.930213</ele>
        <time>2026-08-07T17:03:43.518Z</time>
      </trkpt>
      <trkpt lat="44.667479" lon="20.927383">
        <ele>73.863179</ele>
        <time>2026-08-07T17:03:49.098Z</time>
      </trkpt>
      <trkpt lat="44.667683" lon="20.927381">
        <ele>73.691906</ele>
        <time>2026-08-07T17:04:03.270Z</time>
      </trkpt>
      <trkpt lat="44.667707" lon="20.927381">
        <ele>73.671757</ele>
        <time>2026-08-07T17:04:04.896Z</time>
      </trkpt>
      <trkpt lat="44.667751" lon="20.927374">
        <ele>73.634581</ele>
        <time>2026-08-07T17:04:08.021Z</time>
      </trkpt>
      <trkpt lat="44.667795" lon="20.927367">
        <ele>73.597405</ele>
        <time>2026-08-07T17:04:11.097Z</time>
      </trkpt>
      <trkpt lat="44.667998" lon="20.927336">
        <ele>73.425975</ele>
        <time>2026-08-07T17:04:25.246Z</time>
      </trkpt>
      <trkpt lat="44.667958" lon="20.927760">
        <ele>73.170595</ele>
        <time>2026-08-07T17:04:46.342Z</time>
      </trkpt>
      <trkpt lat="44.667865" lon="20.929268">
        <ele>73.180744</ele>
        <time>2026-08-07T17:05:10.627Z</time>
      </trkpt>
      <trkpt lat="44.667800" lon="20.929267">
        <ele>73.261027</ele>
        <time>2026-08-07T17:05:12.255Z</time>
      </trkpt>
      <trkpt lat="44.667715" lon="20.929311">
        <ele>73.372894</ele>
        <time>2026-08-07T17:05:14.589Z</time>
      </trkpt>
      <trkpt lat="44.667682" lon="20.929275">
        <ele>73.424479</ele>
        <time>2026-08-07T17:05:15.680Z</time>
      </trkpt>
      <trkpt lat="44.667619" lon="20.929265">
        <ele>73.502781</ele>
        <time>2026-08-07T17:05:17.360Z</time>
      </trkpt>
      <trkpt lat="44.667492" lon="20.929251">
        <ele>73.660114</ele>
        <time>2026-08-07T17:05:20.882Z</time>
      </trkpt>
      <trkpt lat="44.667266" lon="20.929233">
        <ele>73.939682</ele>
        <time>2026-08-07T17:05:27.469Z</time>
      </trkpt>
      <trkpt lat="44.666922" lon="20.929209">
        <ele>74.365061</ele>
        <time>2026-08-07T17:05:37.887Z</time>
      </trkpt>
      <trkpt lat="44.666836" lon="20.929203">
        <ele>74.471406</ele>
        <time>2026-08-07T17:05:40.498Z</time>
      </trkpt>
      <trkpt lat="44.666786" lon="20.929202">
        <ele>74.533165</ele>
        <time>2026-08-07T17:05:42.051Z</time>
      </trkpt>
      <trkpt lat="44.666629" lon="20.929192">
        <ele>74.727266</ele>
        <time>2026-08-07T17:05:46.909Z</time>
      </trkpt>
      <trkpt lat="44.666384" lon="20.929176">
        <ele>75.138656</ele>
        <time>2026-08-07T17:05:54.418Z</time>
      </trkpt>
      <trkpt lat="44.666290" lon="20.929170">
        <ele>75.328119</ele>
        <time>2026-08-07T17:05:57.266Z</time>
      </trkpt>
      <trkpt lat="44.666156" lon="20.929160">
        <ele>75.598307</ele>
        <time>2026-08-07T17:06:01.188Z</time>
      </trkpt>
      <trkpt lat="44.665768" lon="20.929130">
        <ele>76.380724</ele>
        <time>2026-08-07T17:06:12.438Z</time>
      </trkpt>
      <trkpt lat="44.665435" lon="20.929086">
        <ele>77.054172</ele>
        <time>2026-08-07T17:06:22.435Z</time>
      </trkpt>
      <trkpt lat="44.664497" lon="20.928832">
        <ele>79.244505</ele>
        <time>2026-08-07T17:06:51.821Z</time>
      </trkpt>
      <trkpt lat="44.664217" lon="20.928743">
        <ele>80.132427</ele>
        <time>2026-08-07T17:07:01.459Z</time>
      </trkpt>
      <trkpt lat="44.663933" lon="20.928668">
        <ele>81.026225</ele>
        <time>2026-08-07T17:07:11.363Z</time>
      </trkpt>
      <trkpt lat="44.663741" lon="20.929054">
        <ele>82.062463</ele>
        <time>2026-08-07T17:07:23.143Z</time>
      </trkpt>
      <trkpt lat="44.663381" lon="20.929404">
        <ele>83.416266</ele>
        <time>2026-08-07T17:07:39.362Z</time>
      </trkpt>
      <trkpt lat="44.663122" lon="20.929634">
        <ele>84.383552</ele>
        <time>2026-08-07T17:07:50.683Z</time>
      </trkpt>
      <trkpt lat="44.662705" lon="20.929850">
        <ele>85.842791</ele>
        <time>2026-08-07T17:08:07.247Z</time>
      </trkpt>
      <trkpt lat="44.662618" lon="20.929895">
        <ele>86.147185</ele>
        <time>2026-08-07T17:08:10.556Z</time>
      </trkpt>
      <trkpt lat="44.662277" lon="20.930071">
        <ele>87.339962</ele>
        <time>2026-08-07T17:08:23.103Z</time>
      </trkpt>
      <trkpt lat="44.661989" lon="20.930225">
        <ele>88.351731</ele>
        <time>2026-08-07T17:08:33.879Z</time>
      </trkpt>
      <trkpt lat="44.661803" lon="20.930136">
        <ele>88.996886</ele>
        <time>2026-08-07T17:08:40.660Z</time>
      </trkpt>
      <trkpt lat="44.661450" lon="20.929802">
        <ele>90.475919</ele>
        <time>2026-08-07T17:08:55.258Z</time>
      </trkpt>
      <trkpt lat="44.661283" lon="20.929673">
        <ele>91.216714</ele>
        <time>2026-08-07T17:09:01.768Z</time>
      </trkpt>
      <trkpt lat="44.661068" lon="20.929538">
        <ele>92.132156</ele>
        <time>2026-08-07T17:09:09.733Z</time>
      </trkpt>
      <trkpt lat="44.660795" lon="20.929444">
        <ele>93.224878</ele>
        <time>2026-08-07T17:09:19.126Z</time>
      </trkpt>
      <trkpt lat="44.659364" lon="20.929194">
        <ele>100.075497</ele>
        <time>2026-08-07T17:10:18.022Z</time>
      </trkpt>
      <trkpt lat="44.658513" lon="20.929020">
        <ele>105.620956</ele>
        <time>2026-08-07T17:11:00.134Z</time>
      </trkpt>
      <trkpt lat="44.658024" lon="20.929024">
        <ele>108.867323</ele>
        <time>2026-08-07T17:11:26.107Z</time>
      </trkpt>
      <trkpt lat="44.657667" lon="20.929088">
        <ele>112.110268</ele>
        <time>2026-08-07T17:11:46.075Z</time>
      </trkpt>
      <trkpt lat="44.657253" lon="20.929093">
        <ele>115.840924</ele>
        <time>2026-08-07T17:12:09.344Z</time>
      </trkpt>
      <trkpt lat="44.656959" lon="20.928937">
        <ele>118.672555</ele>
        <time>2026-08-07T17:12:27.966Z</time>
      </trkpt>
      <trkpt lat="44.656334" lon="20.928445">
        <ele>125.083459</ele>
        <time>2026-08-07T17:13:13.010Z</time>
      </trkpt>
      <trkpt lat="44.656115" lon="20.928245">
        <ele>127.165325</ele>
        <time>2026-08-07T17:13:29.866Z</time>
      </trkpt>
      <trkpt lat="44.655563" lon="20.927484">
        <ele>133.328642</ele>
        <time>2026-08-07T17:14:15.136Z</time>
      </trkpt>
      <trkpt lat="44.655247" lon="20.927214">
        <ele>136.276538</ele>
        <time>2026-08-07T17:14:33.879Z</time>
      </trkpt>
      <trkpt lat="44.654912" lon="20.927058">
        <ele>139.087861</ele>
        <time>2026-08-07T17:14:49.831Z</time>
      </trkpt>
      <trkpt lat="44.654582" lon="20.926996">
        <ele>140.285714</ele>
        <time>2026-08-07T17:15:03.242Z</time>
      </trkpt>
      <trkpt lat="44.654447" lon="20.926985">
        <ele>140.772241</ele>
        <time>2026-08-07T17:15:08.311Z</time>
      </trkpt>
      <trkpt lat="44.653971" lon="20.926957">
        <ele>142.486325</ele>
        <time>2026-08-07T17:15:24.860Z</time>
      </trkpt>
      <trkpt lat="44.653628" lon="20.926951">
        <ele>143.720489</ele>
        <time>2026-08-07T17:15:36.135Z</time>
      </trkpt>
      <trkpt lat="44.653324" lon="20.926930">
        <ele>144.815560</ele>
        <time>2026-08-07T17:15:46.505Z</time>
      </trkpt>
      <trkpt lat="44.653054" lon="20.926907">
        <ele>145.782536</ele>
        <time>2026-08-07T17:15:55.925Z</time>
      </trkpt>
      <trkpt lat="44.653000" lon="20.926905">
        <ele>145.971652</ele>
        <time>2026-08-07T17:15:57.801Z</time>
      </trkpt>
      <trkpt lat="44.652625" lon="20.926869">
        <ele>147.287557</ele>
        <time>2026-08-07T17:16:10.722Z</time>
      </trkpt>
      <trkpt lat="44.652189" lon="20.926760">
        <ele>148.837913</ele>
        <time>2026-08-07T17:16:26.219Z</time>
      </trkpt>
      <trkpt lat="44.651858" lon="20.926647">
        <ele>150.030404</ele>
        <time>2026-08-07T17:16:38.632Z</time>
      </trkpt>
      <trkpt lat="44.651814" lon="20.926632">
        <ele>150.188910</ele>
        <time>2026-08-07T17:16:40.306Z</time>
      </trkpt>
      <trkpt lat="44.651367" lon="20.926478">
        <ele>151.800140</ele>
        <time>2026-08-07T17:16:57.921Z</time>
      </trkpt>
      <trkpt lat="44.650978" lon="20.926345">
        <ele>153.549519</ele>
        <time>2026-08-07T17:17:13.586Z</time>
      </trkpt>
      <trkpt lat="44.648306" lon="20.925436">
        <ele>165.314173</ele>
        <time>2026-08-07T17:19:04.683Z</time>
      </trkpt>
      <trkpt lat="44.647831" lon="20.925266">
        <ele>167.302628</ele>
        <time>2026-08-07T17:19:22.458Z</time>
      </trkpt>
      <trkpt lat="44.647260" lon="20.925010">
        <ele>168.803895</ele>
        <time>2026-08-07T17:19:42.779Z</time>
      </trkpt>
      <trkpt lat="44.646386" lon="20.924533">
        <ele>171.152379</ele>
        <time>2026-08-07T17:20:11.810Z</time>
      </trkpt>
      <trkpt lat="44.646044" lon="20.924332">
        <ele>171.980982</ele>
        <time>2026-08-07T17:20:22.958Z</time>
      </trkpt>
      <trkpt lat="44.645844" lon="20.924221">
        <ele>172.361363</ele>
        <time>2026-08-07T17:20:29.354Z</time>
      </trkpt>
      <trkpt lat="44.645500" lon="20.924020">
        <ele>173.020383</ele>
        <time>2026-08-07T17:20:40.234Z</time>
      </trkpt>
      <trkpt lat="44.645269" lon="20.923886">
        <ele>173.462455</ele>
        <time>2026-08-07T17:20:47.473Z</time>
      </trkpt>
      <trkpt lat="44.644942" lon="20.923687">
        <ele>174.092809</ele>
        <time>2026-08-07T17:20:57.734Z</time>
      </trkpt>
      <trkpt lat="44.644654" lon="20.923490">
        <ele>174.659408</ele>
        <time>2026-08-07T17:21:07.137Z</time>
      </trkpt>
      <trkpt lat="44.644638" lon="20.923480">
        <ele>174.690384</ele>
        <time>2026-08-07T17:21:07.624Z</time>
      </trkpt>
      <trkpt lat="44.644424" lon="20.923325">
        <ele>175.077884</ele>
        <time>2026-08-07T17:21:14.608Z</time>
      </trkpt>
      <trkpt lat="44.644239" lon="20.923191">
        <ele>175.373122</ele>
        <time>2026-08-07T17:21:20.682Z</time>
      </trkpt>
      <trkpt lat="44.644114" lon="20.923100">
        <ele>175.572821</ele>
        <time>2026-08-07T17:21:24.857Z</time>
      </trkpt>
      <trkpt lat="44.643870" lon="20.922916">
        <ele>175.965629</ele>
        <time>2026-08-07T17:21:32.791Z</time>
      </trkpt>
      <trkpt lat="44.643544" lon="20.922677">
        <ele>176.487221</ele>
        <time>2026-08-07T17:21:42.963Z</time>
      </trkpt>
      <trkpt lat="44.643454" lon="20.922611">
        <ele>176.631227</ele>
        <time>2026-08-07T17:21:45.644Z</time>
      </trkpt>
      <trkpt lat="44.643342" lon="20.922528">
        <ele>176.810842</ele>
        <time>2026-08-07T17:21:49.054Z</time>
      </trkpt>
      <trkpt lat="44.643127" lon="20.922367">
        <ele>177.156427</ele>
        <time>2026-08-07T17:21:55.646Z</time>
      </trkpt>
      <trkpt lat="44.642750" lon="20.922086">
        <ele>177.688874</ele>
        <time>2026-08-07T17:22:07.169Z</time>
      </trkpt>
      <trkpt lat="44.642505" lon="20.921906">
        <ele>177.981669</ele>
        <time>2026-08-07T17:22:14.555Z</time>
      </trkpt>
      <trkpt lat="44.642412" lon="20.921836">
        <ele>178.093402</ele>
        <time>2026-08-07T17:22:17.416Z</time>
      </trkpt>
      <trkpt lat="44.642173" lon="20.921655">
        <ele>178.380937</ele>
        <time>2026-08-07T17:22:24.578Z</time>
      </trkpt>
      <trkpt lat="44.642071" lon="20.921578">
        <ele>178.503563</ele>
        <time>2026-08-07T17:22:27.511Z</time>
      </trkpt>
      <trkpt lat="44.641583" lon="20.921210">
        <ele>179.090104</ele>
        <time>2026-08-07T17:22:41.885Z</time>
      </trkpt>
      <trkpt lat="44.641333" lon="20.920997">
        <ele>179.405828</ele>
        <time>2026-08-07T17:22:49.550Z</time>
      </trkpt>
      <trkpt lat="44.641142" lon="20.920824">
        <ele>179.717297</ele>
        <time>2026-08-07T17:22:55.509Z</time>
      </trkpt>
      <trkpt lat="44.640658" lon="20.920338">
        <ele>180.532661</ele>
        <time>2026-08-07T17:23:11.634Z</time>
      </trkpt>
      <trkpt lat="44.640458" lon="20.920138">
        <ele>180.869122</ele>
        <time>2026-08-07T17:23:18.465Z</time>
      </trkpt>
      <trkpt lat="44.640380" lon="20.920060">
        <ele>181.000341</ele>
        <time>2026-08-07T17:23:21.110Z</time>
      </trkpt>
      <trkpt lat="44.640319" lon="20.919998">
        <ele>181.103530</ele>
        <time>2026-08-07T17:23:23.198Z</time>
      </trkpt>
      <trkpt lat="44.639973" lon="20.919639">
        <ele>181.693049</ele>
        <time>2026-08-07T17:23:35.425Z</time>
      </trkpt>
      <trkpt lat="44.639741" lon="20.919411">
        <ele>182.124028</ele>
        <time>2026-08-07T17:23:43.927Z</time>
      </trkpt>
      <trkpt lat="44.639350" lon="20.919016">
        <ele>182.903840</ele>
        <time>2026-08-07T17:23:58.788Z</time>
      </trkpt>
      <trkpt lat="44.639014" lon="20.918671">
        <ele>183.577722</ele>
        <time>2026-08-07T17:24:11.140Z</time>
      </trkpt>
      <trkpt lat="44.638438" lon="20.918054">
        <ele>184.750577</ele>
        <time>2026-08-07T17:24:30.937Z</time>
      </trkpt>
      <trkpt lat="44.638401" lon="20.918014">
        <ele>184.800220</ele>
        <time>2026-08-07T17:24:32.190Z</time>
      </trkpt>
      <trkpt lat="44.637735" lon="20.917258">
        <ele>185.664560</ele>
        <time>2026-08-07T17:24:54.703Z</time>
      </trkpt>
      <trkpt lat="44.636992" lon="20.916360">
        <ele>186.676252</ele>
        <time>2026-08-07T17:25:19.758Z</time>
      </trkpt>
      <trkpt lat="44.636536" lon="20.915793">
        <ele>187.460683</ele>
        <time>2026-08-07T17:25:36.142Z</time>
      </trkpt>
      <trkpt lat="44.634773" lon="20.913418">
        <ele>190.750488</ele>
        <time>2026-08-07T17:26:44.377Z</time>
      </trkpt>
      <trkpt lat="44.634496" lon="20.913041">
        <ele>191.288797</ele>
        <time>2026-08-07T17:26:55.248Z</time>
      </trkpt>
      <trkpt lat="44.633947" lon="20.912316">
        <ele>192.180514</ele>
        <time>2026-08-07T17:27:15.769Z</time>
      </trkpt>
      <trkpt lat="44.633455" lon="20.911653">
        <ele>192.970011</ele>
        <time>2026-08-07T17:27:33.743Z</time>
      </trkpt>
      <trkpt lat="44.632970" lon="20.911070">
        <ele>193.679616</ele>
        <time>2026-08-07T17:27:50.696Z</time>
      </trkpt>
      <trkpt lat="44.632821" lon="20.910895">
        <ele>193.874903</ele>
        <time>2026-08-07T17:27:55.878Z</time>
      </trkpt>
      <trkpt lat="44.632388" lon="20.910388">
        <ele>194.441703</ele>
        <time>2026-08-07T17:28:10.993Z</time>
      </trkpt>
      <trkpt lat="44.631921" lon="20.909944">
        <ele>195.008735</ele>
        <time>2026-08-07T17:28:25.895Z</time>
      </trkpt>
      <trkpt lat="44.631482" lon="20.909588">
        <ele>195.482735</ele>
        <time>2026-08-07T17:28:38.874Z</time>
      </trkpt>
      <trkpt lat="44.630023" lon="20.908465">
        <ele>196.920014</ele>
        <time>2026-08-07T17:29:21.018Z</time>
      </trkpt>
      <trkpt lat="44.629785" lon="20.908288">
        <ele>197.238049</ele>
        <time>2026-08-07T17:29:28.252Z</time>
      </trkpt>
      <trkpt lat="44.629286" lon="20.907904">
        <ele>197.909992</ele>
        <time>2026-08-07T17:29:43.918Z</time>
      </trkpt>
      <trkpt lat="44.628752" lon="20.907497">
        <ele>198.627484</ele>
        <time>2026-08-07T17:30:00.548Z</time>
      </trkpt>
      <trkpt lat="44.628548" lon="20.907337">
        <ele>198.903413</ele>
        <time>2026-08-07T17:30:06.795Z</time>
      </trkpt>
      <trkpt lat="44.628293" lon="20.907106">
        <ele>199.240485</ele>
        <time>2026-08-07T17:30:14.903Z</time>
      </trkpt>
      <trkpt lat="44.628127" lon="20.906877">
        <ele>199.497111</ele>
        <time>2026-08-07T17:30:21.054Z</time>
      </trkpt>
      <trkpt lat="44.627924" lon="20.906535">
        <ele>199.846741</ele>
        <time>2026-08-07T17:30:29.178Z</time>
      </trkpt>
      <trkpt lat="44.627227" lon="20.905298">
        <ele>201.126120</ele>
        <time>2026-08-07T17:30:59.048Z</time>
      </trkpt>
      <trkpt lat="44.626956" lon="20.904819">
        <ele>201.727328</ele>
        <time>2026-08-07T17:31:11.309Z</time>
      </trkpt>
      <trkpt lat="44.626469" lon="20.904000">
        <ele>202.775905</ele>
        <time>2026-08-07T17:31:32.892Z</time>
      </trkpt>
      <trkpt lat="44.626075" lon="20.903418">
        <ele>203.542567</ele>
        <time>2026-08-07T17:31:48.741Z</time>
      </trkpt>
      <trkpt lat="44.625600" lon="20.902794">
        <ele>204.312556</ele>
        <time>2026-08-07T17:32:06.393Z</time>
      </trkpt>
      <trkpt lat="44.625434" lon="20.902640">
        <ele>204.548096</ele>
        <time>2026-08-07T17:32:11.727Z</time>
      </trkpt>
      <trkpt lat="44.624854" lon="20.902302">
        <ele>205.291602</ele>
        <time>2026-08-07T17:32:28.465Z</time>
      </trkpt>
      <trkpt lat="44.624200" lon="20.901956">
        <ele>205.977366</ele>
        <time>2026-08-07T17:32:47.121Z</time>
      </trkpt>
      <trkpt lat="44.624032" lon="20.901867">
        <ele>206.138253</ele>
        <time>2026-08-07T17:32:51.839Z</time>
      </trkpt>
      <trkpt lat="44.623829" lon="20.901747">
        <ele>206.335602</ele>
        <time>2026-08-07T17:32:57.549Z</time>
      </trkpt>
      <trkpt lat="44.623246" lon="20.901359">
        <ele>206.913661</ele>
        <time>2026-08-07T17:33:13.728Z</time>
      </trkpt>
      <trkpt lat="44.623193" lon="20.901329">
        <ele>206.964863</ele>
        <time>2026-08-07T17:33:15.170Z</time>
      </trkpt>
      <trkpt lat="44.622836" lon="20.901063">
        <ele>207.274552</ele>
        <time>2026-08-07T17:33:25.394Z</time>
      </trkpt>
      <trkpt lat="44.622521" lon="20.900850">
        <ele>207.495968</ele>
        <time>2026-08-07T17:33:34.090Z</time>
      </trkpt>
      <trkpt lat="44.622324" lon="20.900728">
        <ele>207.632326</ele>
        <time>2026-08-07T17:33:39.350Z</time>
      </trkpt>
      <trkpt lat="44.622184" lon="20.900662">
        <ele>207.725856</ele>
        <time>2026-08-07T17:33:42.923Z</time>
      </trkpt>
      <trkpt lat="44.622053" lon="20.900613">
        <ele>207.811718</ele>
        <time>2026-08-07T17:33:46.208Z</time>
      </trkpt>
      <trkpt lat="44.621609" lon="20.900451">
        <ele>208.102263</ele>
        <time>2026-08-07T17:33:57.505Z</time>
      </trkpt>
      <trkpt lat="44.621521" lon="20.900424">
        <ele>208.159314</ele>
        <time>2026-08-07T17:33:59.760Z</time>
      </trkpt>
      <trkpt lat="44.621142" lon="20.900294">
        <ele>208.386712</ele>
        <time>2026-08-07T17:34:09.614Z</time>
      </trkpt>
      <trkpt lat="44.620926" lon="20.900217">
        <ele>208.504492</ele>
        <time>2026-08-07T17:34:15.190Z</time>
      </trkpt>
      <trkpt lat="44.620053" lon="20.899922">
        <ele>208.979057</ele>
        <time>2026-08-07T17:34:37.065Z</time>
      </trkpt>
      <trkpt lat="44.619824" lon="20.899880">
        <ele>209.101117</ele>
        <time>2026-08-07T17:34:42.580Z</time>
      </trkpt>
      <trkpt lat="44.619571" lon="20.899891">
        <ele>209.234900</ele>
        <time>2026-08-07T17:34:48.507Z</time>
      </trkpt>
      <trkpt lat="44.619338" lon="20.899930">
        <ele>209.389368</ele>
        <time>2026-08-07T17:34:53.962Z</time>
      </trkpt>
      <trkpt lat="44.618171" lon="20.900288">
        <ele>210.179728</ele>
        <time>2026-08-07T17:35:23.136Z</time>
      </trkpt>
      <trkpt lat="44.617835" lon="20.900365">
        <ele>210.404987</ele>
        <time>2026-08-07T17:35:32.287Z</time>
      </trkpt>
      <trkpt lat="44.617467" lon="20.900388">
        <ele>210.827417</ele>
        <time>2026-08-07T17:35:42.276Z</time>
      </trkpt>
      <trkpt lat="44.616917" lon="20.900283">
        <ele>211.492202</ele>
        <time>2026-08-07T17:35:57.525Z</time>
      </trkpt>
      <trkpt lat="44.616714" lon="20.900235">
        <ele>211.738754</ele>
        <time>2026-08-07T17:36:03.303Z</time>
      </trkpt>
      <trkpt lat="44.616386" lon="20.900152">
        <ele>212.137919</ele>
        <time>2026-08-07T17:36:12.376Z</time>
      </trkpt>
      <trkpt lat="44.616245" lon="20.900114">
        <ele>212.309873</ele>
        <time>2026-08-07T17:36:16.245Z</time>
      </trkpt>
      <trkpt lat="44.616100" lon="20.900073">
        <ele>212.487021</ele>
        <time>2026-08-07T17:36:20.218Z</time>
      </trkpt>
      <trkpt lat="44.615871" lon="20.900025">
        <ele>212.714168</ele>
        <time>2026-08-07T17:36:26.392Z</time>
      </trkpt>
      <trkpt lat="44.615648" lon="20.900004">
        <ele>212.908064</ele>
        <time>2026-08-07T17:36:32.196Z</time>
      </trkpt>
      <trkpt lat="44.615555" lon="20.900008">
        <ele>212.988783</ele>
        <time>2026-08-07T17:36:34.543Z</time>
      </trkpt>
      <trkpt lat="44.615364" lon="20.900039">
        <ele>213.155585</ele>
        <time>2026-08-07T17:36:39.401Z</time>
      </trkpt>
      <trkpt lat="44.614891" lon="20.900240">
        <ele>213.584295</ele>
        <time>2026-08-07T17:36:52.217Z</time>
      </trkpt>
      <trkpt lat="44.614345" lon="20.900508">
        <ele>214.086054</ele>
        <time>2026-08-07T17:37:06.910Z</time>
      </trkpt>
      <trkpt lat="44.613469" lon="20.900896">
        <ele>214.496540</ele>
        <time>2026-08-07T17:37:28.996Z</time>
      </trkpt>
      <trkpt lat="44.613132" lon="20.901047">
        <ele>214.643223</ele>
        <time>2026-08-07T17:37:37.562Z</time>
      </trkpt>
      <trkpt lat="44.611633" lon="20.901732">
        <ele>215.202508</ele>
        <time>2026-08-07T17:38:14.523Z</time>
      </trkpt>
      <trkpt lat="44.610828" lon="20.902120">
        <ele>215.463499</ele>
        <time>2026-08-07T17:38:34.450Z</time>
      </trkpt>
      <trkpt lat="44.609572" lon="20.902564">
        <ele>215.514140</ele>
        <time>2026-08-07T17:39:04.643Z</time>
      </trkpt>
      <trkpt lat="44.609095" lon="20.902675">
        <ele>215.501961</ele>
        <time>2026-08-07T17:39:14.991Z</time>
      </trkpt>
      <trkpt lat="44.608511" lon="20.902803">
        <ele>214.444470</ele>
        <time>2026-08-07T17:39:26.643Z</time>
      </trkpt>
      <trkpt lat="44.608451" lon="20.902818">
        <ele>214.335435</ele>
        <time>2026-08-07T17:39:27.809Z</time>
      </trkpt>
      <trkpt lat="44.607676" lon="20.903017">
        <ele>212.925887</ele>
        <time>2026-08-07T17:39:41.647Z</time>
      </trkpt>
      <trkpt lat="44.607430" lon="20.903059">
        <ele>212.482523</ele>
        <time>2026-08-07T17:39:45.768Z</time>
      </trkpt>
      <trkpt lat="44.606775" lon="20.903149">
        <ele>209.881058</ele>
        <time>2026-08-07T17:39:56.291Z</time>
      </trkpt>
      <trkpt lat="44.606195" lon="20.903151">
        <ele>207.379353</ele>
        <time>2026-08-07T17:40:05.175Z</time>
      </trkpt>
      <trkpt lat="44.605025" lon="20.903160">
        <ele>202.054034</ele>
        <time>2026-08-07T17:40:22.814Z</time>
      </trkpt>
      <trkpt lat="44.604566" lon="20.903101">
        <ele>199.816776</ele>
        <time>2026-08-07T17:40:29.862Z</time>
      </trkpt>
      <trkpt lat="44.604448" lon="20.903077">
        <ele>199.238039</ele>
        <time>2026-08-07T17:40:31.698Z</time>
      </trkpt>
      <trkpt lat="44.603689" lon="20.902872">
        <ele>195.368238</ele>
        <time>2026-08-07T17:40:43.531Z</time>
      </trkpt>
      <trkpt lat="44.602985" lon="20.902632">
        <ele>190.627697</ele>
        <time>2026-08-07T17:40:54.319Z</time>
      </trkpt>
      <trkpt lat="44.602203" lon="20.902230">
        <ele>185.178514</ele>
        <time>2026-08-07T17:41:06.155Z</time>
      </trkpt>
      <trkpt lat="44.601696" lon="20.902014">
        <ele>181.197847</ele>
        <time>2026-08-07T17:41:13.538Z</time>
      </trkpt>
      <trkpt lat="44.601352" lon="20.901919">
        <ele>178.401014</ele>
        <time>2026-08-07T17:41:18.459Z</time>
      </trkpt>
      <trkpt lat="44.601021" lon="20.901860">
        <ele>175.739255</ele>
        <time>2026-08-07T17:41:23.126Z</time>
      </trkpt>
      <trkpt lat="44.600832" lon="20.901827">
        <ele>174.219887</ele>
        <time>2026-08-07T17:41:25.786Z</time>
      </trkpt>
      <trkpt lat="44.600439" lon="20.901757">
        <ele>171.059588</ele>
        <time>2026-08-07T17:41:31.370Z</time>
      </trkpt>
      <trkpt lat="44.598562" lon="20.901423">
        <ele>156.812018</ele>
        <time>2026-08-07T17:41:57.997Z</time>
      </trkpt>
      <trkpt lat="44.597889" lon="20.901282">
        <ele>153.287143</ele>
        <time>2026-08-07T17:42:08.017Z</time>
      </trkpt>
      <trkpt lat="44.597362" lon="20.901035">
        <ele>150.570608</ele>
        <time>2026-08-07T17:42:16.545Z</time>
      </trkpt>
      <trkpt lat="44.597044" lon="20.900806">
        <ele>148.823211</ele>
        <time>2026-08-07T17:42:22.128Z</time>
      </trkpt>
      <trkpt lat="44.596406" lon="20.900170">
        <ele>146.422484</ele>
        <time>2026-08-07T17:42:34.666Z</time>
      </trkpt>
      <trkpt lat="44.596131" lon="20.899909">
        <ele>145.743564</ele>
        <time>2026-08-07T17:42:40.261Z</time>
      </trkpt>
      <trkpt lat="44.595969" lon="20.899755">
        <ele>145.343415</ele>
        <time>2026-08-07T17:42:43.631Z</time>
      </trkpt>
      <trkpt lat="44.593308" lon="20.897793">
        <ele>141.640390</ele>
        <time>2026-08-07T17:43:43.926Z</time>
      </trkpt>
      <trkpt lat="44.592784" lon="20.897348">
        <ele>140.451257</ele>
        <time>2026-08-07T17:43:55.661Z</time>
      </trkpt>
      <trkpt lat="44.592075" lon="20.896594">
        <ele>138.219241</ele>
        <time>2026-08-07T17:44:10.454Z</time>
      </trkpt>
      <trkpt lat="44.591517" lon="20.896035">
        <ele>134.412444</ele>
        <time>2026-08-07T17:44:20.583Z</time>
      </trkpt>
      <trkpt lat="44.591303" lon="20.895899">
        <ele>133.107885</ele>
        <time>2026-08-07T17:44:23.981Z</time>
      </trkpt>
      <trkpt lat="44.590967" lon="20.895778">
        <ele>131.181427</ele>
        <time>2026-08-07T17:44:28.999Z</time>
      </trkpt>
      <trkpt lat="44.590543" lon="20.895743">
        <ele>128.820953</ele>
        <time>2026-08-07T17:44:35.186Z</time>
      </trkpt>
      <trkpt lat="44.590049" lon="20.895739">
        <ele>126.053398</ele>
        <time>2026-08-07T17:44:42.436Z</time>
      </trkpt>
      <trkpt lat="44.589757" lon="20.895780">
        <ele>124.409385</ele>
        <time>2026-08-07T17:44:46.809Z</time>
      </trkpt>
      <trkpt lat="44.589492" lon="20.895870">
        <ele>122.881984</ele>
        <time>2026-08-07T17:44:50.921Z</time>
      </trkpt>
      <trkpt lat="44.589131" lon="20.896054">
        <ele>120.730462</ele>
        <time>2026-08-07T17:44:56.703Z</time>
      </trkpt>
      <trkpt lat="44.588147" lon="20.896712">
        <ele>115.232309</ele>
        <time>2026-08-07T17:45:12.807Z</time>
      </trkpt>
      <trkpt lat="44.587437" lon="20.897139">
        <ele>111.515940</ele>
        <time>2026-08-07T17:45:24.532Z</time>
      </trkpt>
      <trkpt lat="44.587199" lon="20.897221">
        <ele>110.336819</ele>
        <time>2026-08-07T17:45:28.426Z</time>
      </trkpt>
      <trkpt lat="44.586949" lon="20.897253">
        <ele>109.822400</ele>
        <time>2026-08-07T17:45:32.535Z</time>
      </trkpt>
      <trkpt lat="44.585958" lon="20.897377">
        <ele>107.930057</ele>
        <time>2026-08-07T17:45:50.215Z</time>
      </trkpt>
      <trkpt lat="44.585821" lon="20.897467">
        <ele>107.642375</ele>
        <time>2026-08-07T17:45:53.140Z</time>
      </trkpt>
      <trkpt lat="44.585608" lon="20.897549">
        <ele>107.222299</ele>
        <time>2026-08-07T17:45:57.522Z</time>
      </trkpt>
      <trkpt lat="44.585373" lon="20.897569">
        <ele>106.790470</ele>
        <time>2026-08-07T17:46:02.279Z</time>
      </trkpt>
      <trkpt lat="44.585319" lon="20.897684">
        <ele>106.641010</ele>
        <time>2026-08-07T17:46:04.359Z</time>
      </trkpt>
      <trkpt lat="44.585244" lon="20.897759">
        <ele>106.500731</ele>
        <time>2026-08-07T17:46:06.300Z</time>
      </trkpt>
      <trkpt lat="44.584760" lon="20.898179">
        <ele>105.633897</ele>
        <time>2026-08-07T17:46:17.821Z</time>
      </trkpt>
      <trkpt lat="44.584703" lon="20.898215">
        <ele>105.538676</ele>
        <time>2026-08-07T17:46:18.973Z</time>
      </trkpt>
      <trkpt lat="44.584518" lon="20.898333">
        <ele>105.229110</ele>
        <time>2026-08-07T17:46:22.702Z</time>
      </trkpt>
      <trkpt lat="44.584000" lon="20.898197">
        <ele>104.426259</ele>
        <time>2026-08-07T17:46:32.509Z</time>
      </trkpt>
      <trkpt lat="44.583588" lon="20.898062">
        <ele>103.683438</ele>
        <time>2026-08-07T17:46:40.296Z</time>
      </trkpt>
      <trkpt lat="44.583625" lon="20.897384">
        <ele>102.727703</ele>
        <time>2026-08-07T17:46:48.509Z</time>
      </trkpt>
      <trkpt lat="44.583704" lon="20.896944">
        <ele>102.089927</ele>
        <time>2026-08-07T17:46:53.984Z</time>
      </trkpt>
      <trkpt lat="44.583830" lon="20.896602">
        <ele>101.548738</ele>
        <time>2026-08-07T17:46:58.844Z</time>
      </trkpt>
      <trkpt lat="44.583579" lon="20.896442">
        <ele>101.004751</ele>
        <time>2026-08-07T17:47:03.982Z</time>
      </trkpt>
      <trkpt lat="44.582329" lon="20.896086">
        <ele>99.588387</ele>
        <time>2026-08-07T17:47:27.863Z</time>
      </trkpt>
      <trkpt lat="44.581963" lon="20.895992">
        <ele>99.243178</ele>
        <time>2026-08-07T17:47:35.424Z</time>
      </trkpt>
      <trkpt lat="44.580482" lon="20.895614">
        <ele>98.513329</ele>
        <time>2026-08-07T17:48:07.290Z</time>
      </trkpt>
      <trkpt lat="44.580434" lon="20.895602">
        <ele>98.496828</ele>
        <time>2026-08-07T17:48:08.301Z</time>
      </trkpt>
      <trkpt lat="44.580274" lon="20.895565">
        <ele>98.441945</ele>
        <time>2026-08-07T17:48:11.595Z</time>
      </trkpt>
      <trkpt lat="44.579625" lon="20.895418">
        <ele>98.320786</ele>
        <time>2026-08-07T17:48:25.372Z</time>
      </trkpt>
      <trkpt lat="44.579079" lon="20.895284">
        <ele>98.412657</ele>
        <time>2026-08-07T17:48:37.472Z</time>
      </trkpt>
      <trkpt lat="44.579052" lon="20.895277">
        <ele>98.417208</ele>
        <time>2026-08-07T17:48:38.069Z</time>
      </trkpt>
      <trkpt lat="44.578759" lon="20.895201">
        <ele>98.466594</ele>
        <time>2026-08-07T17:48:44.634Z</time>
      </trkpt>
      <trkpt lat="44.578140" lon="20.895041">
        <ele>98.570917</ele>
        <time>2026-08-07T17:48:59.717Z</time>
      </trkpt>
      <trkpt lat="44.578063" lon="20.895022">
        <ele>98.583876</ele>
        <time>2026-08-07T17:49:01.728Z</time>
      </trkpt>
      <trkpt lat="44.577858" lon="20.894967">
        <ele>98.823679</ele>
        <time>2026-08-07T17:49:07.523Z</time>
      </trkpt>
      <trkpt lat="44.577052" lon="20.894793">
        <ele>99.802589</ele>
        <time>2026-08-07T17:49:29.103Z</time>
      </trkpt>
      <trkpt lat="44.576670" lon="20.894768">
        <ele>100.261647</ele>
        <time>2026-08-07T17:49:39.864Z</time>
      </trkpt>
      <trkpt lat="44.576391" lon="20.894735">
        <ele>100.597751</ele>
        <time>2026-08-07T17:49:47.930Z</time>
      </trkpt>
      <trkpt lat="44.575974" lon="20.894651">
        <ele>101.120333</ele>
        <time>2026-08-07T17:50:00.104Z</time>
      </trkpt>
      <trkpt lat="44.575444" lon="20.894525">
        <ele>101.795976</ele>
        <time>2026-08-07T17:50:14.700Z</time>
      </trkpt>
      <trkpt lat="44.574786" lon="20.894365">
        <ele>102.635335</ele>
        <time>2026-08-07T17:50:31.923Z</time>
      </trkpt>
      <trkpt lat="44.574641" lon="20.894322">
        <ele>102.821608</ele>
        <time>2026-08-07T17:50:35.787Z</time>
      </trkpt>
      <trkpt lat="44.574285" lon="20.894213">
        <ele>103.626394</ele>
        <time>2026-08-07T17:50:45.791Z</time>
      </trkpt>
      <trkpt lat="44.573616" lon="20.893974">
        <ele>105.591737</ele>
        <time>2026-08-07T17:51:07.126Z</time>
      </trkpt>
      <trkpt lat="44.573004" lon="20.893640">
        <ele>107.461133</ele>
        <time>2026-08-07T17:51:31.401Z</time>
      </trkpt>
      <trkpt lat="44.572535" lon="20.893235">
        <ele>109.862281</ele>
        <time>2026-08-07T17:51:53.080Z</time>
      </trkpt>
      <trkpt lat="44.572382" lon="20.893084">
        <ele>110.886446</ele>
        <time>2026-08-07T17:52:00.573Z</time>
      </trkpt>
      <trkpt lat="44.572240" lon="20.892928">
        <ele>111.873850</ele>
        <time>2026-08-07T17:52:07.666Z</time>
      </trkpt>
      <trkpt lat="44.571015" lon="20.891572">
        <ele>121.217146</ele>
        <time>2026-08-07T17:53:20.726Z</time>
      </trkpt>
      <trkpt lat="44.570707" lon="20.891136">
        <ele>124.397935</ele>
        <time>2026-08-07T17:53:45.136Z</time>
      </trkpt>
      <trkpt lat="44.570523" lon="20.890756">
        <ele>126.778110</ele>
        <time>2026-08-07T17:54:03.001Z</time>
      </trkpt>
      <trkpt lat="44.570431" lon="20.890508">
        <ele>128.226571</ele>
        <time>2026-08-07T17:54:13.681Z</time>
      </trkpt>
      <trkpt lat="44.570297" lon="20.890004">
        <ele>131.013343</ele>
        <time>2026-08-07T17:54:34.154Z</time>
      </trkpt>
      <trkpt lat="44.570170" lon="20.889283">
        <ele>134.273772</ele>
        <time>2026-08-07T17:54:59.199Z</time>
      </trkpt>
      <trkpt lat="44.570094" lon="20.889081">
        <ele>135.274641</ele>
        <time>2026-08-07T17:55:06.382Z</time>
      </trkpt>
      <trkpt lat="44.569962" lon="20.888935">
        <ele>136.308192</ele>
        <time>2026-08-07T17:55:13.742Z</time>
      </trkpt>
      <trkpt lat="44.569880" lon="20.888892">
        <ele>136.846544</ele>
        <time>2026-08-07T17:55:17.732Z</time>
      </trkpt>
      <trkpt lat="44.569707" lon="20.888876">
        <ele>137.912824</ele>
        <time>2026-08-07T17:55:25.460Z</time>
      </trkpt>
      <trkpt lat="44.568663" lon="20.889167">
        <ele>143.669704</ele>
        <time>2026-08-07T17:56:15.394Z</time>
      </trkpt>
      <trkpt lat="44.568461" lon="20.889179">
        <ele>144.494175</ele>
        <time>2026-08-07T17:56:24.278Z</time>
      </trkpt>
      <trkpt lat="44.568288" lon="20.889136">
        <ele>145.210625</ele>
        <time>2026-08-07T17:56:31.764Z</time>
      </trkpt>
      <trkpt lat="44.568103" lon="20.889031">
        <ele>146.024372</ele>
        <time>2026-08-07T17:56:39.867Z</time>
      </trkpt>
      <trkpt lat="44.567882" lon="20.888780">
        <ele>147.183645</ele>
        <time>2026-08-07T17:56:50.562Z</time>
      </trkpt>
      <trkpt lat="44.567549" lon="20.888019">
        <ele>149.476684</ele>
        <time>2026-08-07T17:57:10.502Z</time>
      </trkpt>
      <trkpt lat="44.567336" lon="20.887452">
        <ele>149.621324</ele>
        <time>2026-08-07T17:57:22.588Z</time>
      </trkpt>
      <trkpt lat="44.567104" lon="20.886829">
        <ele>149.779951</ele>
        <time>2026-08-07T17:57:35.304Z</time>
      </trkpt>
      <trkpt lat="44.567059" lon="20.886706">
        <ele>149.811152</ele>
        <time>2026-08-07T17:57:37.668Z</time>
      </trkpt>
      <trkpt lat="44.566653" lon="20.885771">
        <ele>149.617207</ele>
        <time>2026-08-07T17:57:53.125Z</time>
      </trkpt>
      <trkpt lat="44.566470" lon="20.885559">
        <ele>148.802641</ele>
        <time>2026-08-07T17:57:57.158Z</time>
      </trkpt>
      <trkpt lat="44.566283" lon="20.885450">
        <ele>148.107525</ele>
        <time>2026-08-07T17:58:00.604Z</time>
      </trkpt>
      <trkpt lat="44.565403" lon="20.885381">
        <ele>145.081814</ele>
        <time>2026-08-07T17:58:14.501Z</time>
      </trkpt>
      <trkpt lat="44.565129" lon="20.885366">
        <ele>144.140469</ele>
        <time>2026-08-07T17:58:18.595Z</time>
      </trkpt>
      <trkpt lat="44.564698" lon="20.885269">
        <ele>142.488684</ele>
        <time>2026-08-07T17:58:25.173Z</time>
      </trkpt>
      <trkpt lat="44.564473" lon="20.885163">
        <ele>141.570224</ele>
        <time>2026-08-07T17:58:28.840Z</time>
      </trkpt>
      <trkpt lat="44.564258" lon="20.885017">
        <ele>140.645939</ele>
        <time>2026-08-07T17:58:32.619Z</time>
      </trkpt>
      <trkpt lat="44.563967" lon="20.884716">
        <ele>139.247040</ele>
        <time>2026-08-07T17:58:38.415Z</time>
      </trkpt>
      <trkpt lat="44.563508" lon="20.884115">
        <ele>136.850408</ele>
        <time>2026-08-07T17:58:48.504Z</time>
      </trkpt>
      <trkpt lat="44.563352" lon="20.883922">
        <ele>136.431302</ele>
        <time>2026-08-07T17:58:51.898Z</time>
      </trkpt>
      <trkpt lat="44.563083" lon="20.883656">
        <ele>135.768124</ele>
        <time>2026-08-07T17:58:57.385Z</time>
      </trkpt>
      <trkpt lat="44.562637" lon="20.883312">
        <ele>134.742477</ele>
        <time>2026-08-07T17:59:06.186Z</time>
      </trkpt>
      <trkpt lat="44.562204" lon="20.883013">
        <ele>133.769913</ele>
        <time>2026-08-07T17:59:14.821Z</time>
      </trkpt>
      <trkpt lat="44.562046" lon="20.882844">
        <ele>133.369551</ele>
        <time>2026-08-07T17:59:18.396Z</time>
      </trkpt>
      <trkpt lat="44.561485" lon="20.881884">
        <ele>133.939738</ele>
        <time>2026-08-07T17:59:40.024Z</time>
      </trkpt>
      <trkpt lat="44.561373" lon="20.881762">
        <ele>134.055609</ele>
        <time>2026-08-07T17:59:44.564Z</time>
      </trkpt>
      <trkpt lat="44.561223" lon="20.881667">
        <ele>134.190106</ele>
        <time>2026-08-07T17:59:49.674Z</time>
      </trkpt>
      <trkpt lat="44.560958" lon="20.881620">
        <ele>134.408411</ele>
        <time>2026-08-07T17:59:57.470Z</time>
      </trkpt>
      <trkpt lat="44.560695" lon="20.881711">
        <ele>134.629794</ele>
        <time>2026-08-07T18:00:05.053Z</time>
      </trkpt>
      <trkpt lat="44.560359" lon="20.881998">
        <ele>134.532990</ele>
        <time>2026-08-07T18:00:15.546Z</time>
      </trkpt>
      <trkpt lat="44.560111" lon="20.882113">
        <ele>134.341379</ele>
        <time>2026-08-07T18:00:21.925Z</time>
      </trkpt>
      <trkpt lat="44.559526" lon="20.882230">
        <ele>133.907876</ele>
        <time>2026-08-07T18:00:33.164Z</time>
      </trkpt>
      <trkpt lat="44.559367" lon="20.882330">
        <ele>133.780053</ele>
        <time>2026-08-07T18:00:36.134Z</time>
      </trkpt>
      <trkpt lat="44.559189" lon="20.882564">
        <ele>133.601130</ele>
        <time>2026-08-07T18:00:40.151Z</time>
      </trkpt>
      <trkpt lat="44.558996" lon="20.883177">
        <ele>133.719981</ele>
        <time>2026-08-07T18:00:48.632Z</time>
      </trkpt>
      <trkpt lat="44.558813" lon="20.883754">
        <ele>134.354829</ele>
        <time>2026-08-07T18:00:58.247Z</time>
      </trkpt>
      <trkpt lat="44.558630" lon="20.884099">
        <ele>134.787158</ele>
        <time>2026-08-07T18:01:06.227Z</time>
      </trkpt>
      <trkpt lat="44.558401" lon="20.884316">
        <ele>135.176956</ele>
        <time>2026-08-07T18:01:14.670Z</time>
      </trkpt>
      <trkpt lat="44.556879" lon="20.885260">
        <ele>141.163941</ele>
        <time>2026-08-07T18:02:21.678Z</time>
      </trkpt>
      <trkpt lat="44.556533" lon="20.885473">
        <ele>142.928068</ele>
        <time>2026-08-07T18:02:38.202Z</time>
      </trkpt>
      <trkpt lat="44.556197" lon="20.885576">
        <ele>144.518639</ele>
        <time>2026-08-07T18:02:52.892Z</time>
      </trkpt>
      <trkpt lat="44.555953" lon="20.885583">
        <ele>145.565176</ele>
        <time>2026-08-07T18:03:03.142Z</time>
      </trkpt>
      <trkpt lat="44.554721" lon="20.885457">
        <ele>150.862239</ele>
        <time>2026-08-07T18:03:51.015Z</time>
      </trkpt>
      <trkpt lat="44.554535" lon="20.885489">
        <ele>151.665814</ele>
        <time>2026-08-07T18:03:57.790Z</time>
      </trkpt>
      <trkpt lat="44.554334" lon="20.885567">
        <ele>152.607144</ele>
        <time>2026-08-07T18:04:05.492Z</time>
      </trkpt>
      <trkpt lat="44.553631" lon="20.886033">
        <ele>156.254719</ele>
        <time>2026-08-07T18:04:36.249Z</time>
      </trkpt>
      <trkpt lat="44.551658" lon="20.887558">
        <ele>167.148219</ele>
        <time>2026-08-07T18:06:13.348Z</time>
      </trkpt>
      <trkpt lat="44.551271" lon="20.887767">
        <ele>169.193908</ele>
        <time>2026-08-07T18:06:30.589Z</time>
      </trkpt>
      <trkpt lat="44.550434" lon="20.888106">
        <ele>171.567368</ele>
        <time>2026-08-07T18:07:02.731Z</time>
      </trkpt>
      <trkpt lat="44.550180" lon="20.888266">
        <ele>172.299416</ele>
        <time>2026-08-07T18:07:11.589Z</time>
      </trkpt>
      <trkpt lat="44.549964" lon="20.888469">
        <ele>172.982956</ele>
        <time>2026-08-07T18:07:19.349Z</time>
      </trkpt>
      <trkpt lat="44.548511" lon="20.890055">
        <ele>175.427446</ele>
        <time>2026-08-07T18:08:06.623Z</time>
      </trkpt>
      <trkpt lat="44.548303" lon="20.890211">
        <ele>175.648480</ele>
        <time>2026-08-07T18:08:12.729Z</time>
      </trkpt>
      <trkpt lat="44.548030" lon="20.890321">
        <ele>175.895670</ele>
        <time>2026-08-07T18:08:20.159Z</time>
      </trkpt>
      <trkpt lat="44.547882" lon="20.890341">
        <ele>176.014392</ele>
        <time>2026-08-07T18:08:24.046Z</time>
      </trkpt>
      <trkpt lat="44.547440" lon="20.890311">
        <ele>176.367736</ele>
        <time>2026-08-07T18:08:35.756Z</time>
      </trkpt>
      <trkpt lat="44.546361" lon="20.890009">
        <ele>177.222340</ele>
        <time>2026-08-07T18:09:03.771Z</time>
      </trkpt>
      <trkpt lat="44.545259" lon="20.889730">
        <ele>177.217765</ele>
        <time>2026-08-07T18:09:28.993Z</time>
      </trkpt>
      <trkpt lat="44.543615" lon="20.889603">
        <ele>176.496066</ele>
        <time>2026-08-07T18:10:03.071Z</time>
      </trkpt>
      <trkpt lat="44.542808" lon="20.889388">
        <ele>175.893756</ele>
        <time>2026-08-07T18:10:18.959Z</time>
      </trkpt>
      <trkpt lat="44.542100" lon="20.889191">
        <ele>175.010791</ele>
        <time>2026-08-07T18:10:32.629Z</time>
      </trkpt>
      <trkpt lat="44.541511" lon="20.888968">
        <ele>174.264494</ele>
        <time>2026-08-07T18:10:44.315Z</time>
      </trkpt>
      <trkpt lat="44.539853" lon="20.888214">
        <ele>170.931955</ele>
        <time>2026-08-07T18:11:15.888Z</time>
      </trkpt>
      <trkpt lat="44.538891" lon="20.887656">
        <ele>167.237472</ele>
        <time>2026-08-07T18:11:32.833Z</time>
      </trkpt>
      <trkpt lat="44.538510" lon="20.887408">
        <ele>165.198686</ele>
        <time>2026-08-07T18:11:39.316Z</time>
      </trkpt>
      <trkpt lat="44.538254" lon="20.887194">
        <ele>163.752161</ele>
        <time>2026-08-07T18:11:43.807Z</time>
      </trkpt>
      <trkpt lat="44.538011" lon="20.886933">
        <ele>162.266614</ele>
        <time>2026-08-07T18:11:48.332Z</time>
      </trkpt>
      <trkpt lat="44.537326" lon="20.885941">
        <ele>155.274946</ele>
        <time>2026-08-07T18:12:02.277Z</time>
      </trkpt>
      <trkpt lat="44.537173" lon="20.885743">
        <ele>153.649231</ele>
        <time>2026-08-07T18:12:05.147Z</time>
      </trkpt>
      <trkpt lat="44.536626" lon="20.885074">
        <ele>147.981553</ele>
        <time>2026-08-07T18:12:15.208Z</time>
      </trkpt>
      <trkpt lat="44.536165" lon="20.884592">
        <ele>144.794678</ele>
        <time>2026-08-07T18:12:23.371Z</time>
      </trkpt>
      <trkpt lat="44.535846" lon="20.884337">
        <ele>142.970500</ele>
        <time>2026-08-07T18:12:28.802Z</time>
      </trkpt>
      <trkpt lat="44.535460" lon="20.884018">
        <ele>140.744644</ele>
        <time>2026-08-07T18:12:35.745Z</time>
      </trkpt>
      <trkpt lat="44.535282" lon="20.883813">
        <ele>139.600416</ele>
        <time>2026-08-07T18:12:39.468Z</time>
      </trkpt>
      <trkpt lat="44.535147" lon="20.883603">
        <ele>138.598895</ele>
        <time>2026-08-07T18:12:42.836Z</time>
      </trkpt>
      <trkpt lat="44.534129" lon="20.881487">
        <ele>134.949648</ele>
        <time>2026-08-07T18:13:15.474Z</time>
      </trkpt>
      <trkpt lat="44.533927" lon="20.881154">
        <ele>134.614050</ele>
        <time>2026-08-07T18:13:21.191Z</time>
      </trkpt>
      <trkpt lat="44.533366" lon="20.880358">
        <ele>133.938680</ele>
        <time>2026-08-07T18:13:36.424Z</time>
      </trkpt>
      <trkpt lat="44.533224" lon="20.880108">
        <ele>133.745812</ele>
        <time>2026-08-07T18:13:40.955Z</time>
      </trkpt>
      <trkpt lat="44.532490" lon="20.878357">
        <ele>133.319751</ele>
        <time>2026-08-07T18:14:12.559Z</time>
      </trkpt>
      <trkpt lat="44.532342" lon="20.878120">
        <ele>133.325900</ele>
        <time>2026-08-07T18:14:17.641Z</time>
      </trkpt>
      <trkpt lat="44.532174" lon="20.877940">
        <ele>133.331687</ele>
        <time>2026-08-07T18:14:22.294Z</time>
      </trkpt>
      <trkpt lat="44.532105" lon="20.877882">
        <ele>133.333890</ele>
        <time>2026-08-07T18:14:24.038Z</time>
      </trkpt>
      <trkpt lat="44.531836" lon="20.877719">
        <ele>133.341912</ele>
        <time>2026-08-07T18:14:30.580Z</time>
      </trkpt>
      <trkpt lat="44.531532" lon="20.877631">
        <ele>134.046028</ele>
        <time>2026-08-07T18:14:37.897Z</time>
      </trkpt>
      <trkpt lat="44.531259" lon="20.877631">
        <ele>134.857268</ele>
        <time>2026-08-07T18:14:44.617Z</time>
      </trkpt>
      <trkpt lat="44.531077" lon="20.877668">
        <ele>135.403745</ele>
        <time>2026-08-07T18:14:49.319Z</time>
      </trkpt>
      <trkpt lat="44.530231" lon="20.877819">
        <ele>137.937967</ele>
        <time>2026-08-07T18:15:18.617Z</time>
      </trkpt>
      <trkpt lat="44.529894" lon="20.877823">
        <ele>139.462864</ele>
        <time>2026-08-07T18:15:35.078Z</time>
      </trkpt>
      <trkpt lat="44.529483" lon="20.877773">
        <ele>143.248578</ele>
        <time>2026-08-07T18:15:58.163Z</time>
      </trkpt>
      <trkpt lat="44.528857" lon="20.877573">
        <ele>149.140207</ele>
        <time>2026-08-07T18:16:38.832Z</time>
      </trkpt>
      <trkpt lat="44.527795" lon="20.877049">
        <ele>157.772380</ele>
        <time>2026-08-07T18:17:51.578Z</time>
      </trkpt>
      <trkpt lat="44.527458" lon="20.876838">
        <ele>159.813945</ele>
        <time>2026-08-07T18:18:10.465Z</time>
      </trkpt>
      <trkpt lat="44.527062" lon="20.876471">
        <ele>162.439575</ele>
        <time>2026-08-07T18:18:29.920Z</time>
      </trkpt>
      <trkpt lat="44.526653" lon="20.875923">
        <ele>164.963038</ele>
        <time>2026-08-07T18:18:45.930Z</time>
      </trkpt>
      <trkpt lat="44.526161" lon="20.875188">
        <ele>163.266453</ele>
        <time>2026-08-07T18:18:58.877Z</time>
      </trkpt>
      <trkpt lat="44.524903" lon="20.873516">
        <ele>156.843166</ele>
        <time>2026-08-07T18:19:26.222Z</time>
      </trkpt>
      <trkpt lat="44.524056" lon="20.872722">
        <ele>151.182853</ele>
        <time>2026-08-07T18:19:40.872Z</time>
      </trkpt>
      <trkpt lat="44.523567" lon="20.872002">
        <ele>149.356878</ele>
        <time>2026-08-07T18:19:51.089Z</time>
      </trkpt>
      <trkpt lat="44.523412" lon="20.871837">
        <ele>148.899695</ele>
        <time>2026-08-07T18:19:54.087Z</time>
      </trkpt>
      <trkpt lat="44.523319" lon="20.871747">
        <ele>148.634227</ele>
        <time>2026-08-07T18:19:55.904Z</time>
      </trkpt>
      <trkpt lat="44.523138" lon="20.871638">
        <ele>148.171424</ele>
        <time>2026-08-07T18:19:59.182Z</time>
      </trkpt>
      <trkpt lat="44.520935" lon="20.870878">
        <ele>152.487206</ele>
        <time>2026-08-07T18:21:17.357Z</time>
      </trkpt>
      <trkpt lat="44.520353" lon="20.870775">
        <ele>155.779983</ele>
        <time>2026-08-07T18:21:44.627Z</time>
      </trkpt>
      <trkpt lat="44.518609" lon="20.870648">
        <ele>167.180253</ele>
        <time>2026-08-07T18:23:11.521Z</time>
      </trkpt>
      <trkpt lat="44.517741" lon="20.870682">
        <ele>173.201788</ele>
        <time>2026-08-07T18:23:57.278Z</time>
      </trkpt>
      <trkpt lat="44.516466" lon="20.870812">
        <ele>179.232049</ele>
        <time>2026-08-07T18:24:57.534Z</time>
      </trkpt>
      <trkpt lat="44.516064" lon="20.870863">
        <ele>180.436004</ele>
        <time>2026-08-07T18:25:11.349Z</time>
      </trkpt>
      <trkpt lat="44.514007" lon="20.871028">
        <ele>181.551761</ele>
        <time>2026-08-07T18:25:53.964Z</time>
      </trkpt>
      <trkpt lat="44.513635" lon="20.871088">
        <ele>181.306491</ele>
        <time>2026-08-07T18:26:00.955Z</time>
      </trkpt>
      <trkpt lat="44.513278" lon="20.871252">
        <ele>180.954437</ele>
        <time>2026-08-07T18:26:07.921Z</time>
      </trkpt>
      <trkpt lat="44.513117" lon="20.871216">
        <ele>180.795934</ele>
        <time>2026-08-07T18:26:13.299Z</time>
      </trkpt>
      <trkpt lat="44.512436" lon="20.871387">
        <ele>180.123327</ele>
        <time>2026-08-07T18:26:36.602Z</time>
      </trkpt>
      <trkpt lat="44.511393" lon="20.871531">
        <ele>179.022418</ele>
        <time>2026-08-07T18:27:13.141Z</time>
      </trkpt>
      <trkpt lat="44.509938" lon="20.871792">
        <ele>176.916018</ele>
        <time>2026-08-07T18:28:02.485Z</time>
      </trkpt>
      <trkpt lat="44.509664" lon="20.871814">
        <ele>175.552770</ele>
        <time>2026-08-07T18:28:10.913Z</time>
      </trkpt>
      <trkpt lat="44.508750" lon="20.871744">
        <ele>171.005962</ele>
        <time>2026-08-07T18:28:36.393Z</time>
      </trkpt>
      <trkpt lat="44.508198" lon="20.871755">
        <ele>168.112661</ele>
        <time>2026-08-07T18:28:50.460Z</time>
      </trkpt>
      <trkpt lat="44.507119" lon="20.871654">
        <ele>159.461849</ele>
        <time>2026-08-07T18:29:17.348Z</time>
      </trkpt>
      <trkpt lat="44.505724" lon="20.871668">
        <ele>152.299562</ele>
        <time>2026-08-07T18:29:53.685Z</time>
      </trkpt>
      <trkpt lat="44.505440" lon="20.871675">
        <ele>151.587813</ele>
        <time>2026-08-07T18:30:02.234Z</time>
      </trkpt>
      <trkpt lat="44.505403" lon="20.871753">
        <ele>151.420403</ele>
        <time>2026-08-07T18:30:03.477Z</time>
      </trkpt>
      <trkpt lat="44.505346" lon="20.871783">
        <ele>151.267844</ele>
        <time>2026-08-07T18:30:04.628Z</time>
      </trkpt>
      <trkpt lat="44.504710" lon="20.871827">
        <ele>149.672234</ele>
        <time>2026-08-07T18:30:21.412Z</time>
      </trkpt>
      <trkpt lat="44.504151" lon="20.872002">
        <ele>151.802775</ele>
        <time>2026-08-07T18:30:46.040Z</time>
      </trkpt>
      <trkpt lat="44.503042" lon="20.872480">
        <ele>156.413907</ele>
        <time>2026-08-07T18:31:37.186Z</time>
      </trkpt>
      <trkpt lat="44.502857" lon="20.872627">
        <ele>156.786589</ele>
        <time>2026-08-07T18:31:44.044Z</time>
      </trkpt>
      <trkpt lat="44.502433" lon="20.873002">
        <ele>156.876281</ele>
        <time>2026-08-07T18:31:56.784Z</time>
      </trkpt>
      <trkpt lat="44.502125" lon="20.873498">
        <ele>156.960201</ele>
        <time>2026-08-07T18:32:06.101Z</time>
      </trkpt>
      <trkpt lat="44.501546" lon="20.873299">
        <ele>157.066859</ele>
        <time>2026-08-07T18:32:17.071Z</time>
      </trkpt>
      <trkpt lat="44.501124" lon="20.873046">
        <ele>157.445218</ele>
        <time>2026-08-07T18:32:26.782Z</time>
      </trkpt>
      <trkpt lat="44.500492" lon="20.872532">
        <ele>158.192075</ele>
        <time>2026-08-07T18:32:46.898Z</time>
      </trkpt>
      <trkpt lat="44.499935" lon="20.872113">
        <ele>158.838220</ele>
        <time>2026-08-07T18:33:05.705Z</time>
      </trkpt>
      <trkpt lat="44.499722" lon="20.871982">
        <ele>158.951366</ele>
        <time>2026-08-07T18:33:12.736Z</time>
      </trkpt>
      <trkpt lat="44.499372" lon="20.871847">
        <ele>159.016762</ele>
        <time>2026-08-07T18:33:23.478Z</time>
      </trkpt>
      <trkpt lat="44.498733" lon="20.871694">
        <ele>159.133545</ele>
        <time>2026-08-07T18:33:40.259Z</time>
      </trkpt>
      <trkpt lat="44.498047" lon="20.871543">
        <ele>159.117998</ele>
        <time>2026-08-07T18:33:53.101Z</time>
      </trkpt>
      <trkpt lat="44.497858" lon="20.871508">
        <ele>158.664836</ele>
        <time>2026-08-07T18:33:56.315Z</time>
      </trkpt>
      <trkpt lat="44.497378" lon="20.871906">
        <ele>157.339247</ele>
        <time>2026-08-07T18:34:05.432Z</time>
      </trkpt>
      <trkpt lat="44.497153" lon="20.872084">
        <ele>156.725140</ele>
        <time>2026-08-07T18:34:09.598Z</time>
      </trkpt>
      <trkpt lat="44.497037" lon="20.872105">
        <ele>156.447114</ele>
        <time>2026-08-07T18:34:11.456Z</time>
      </trkpt>
      <trkpt lat="44.496401" lon="20.872106">
        <ele>155.038689</ele>
        <time>2026-08-07T18:34:22.136Z</time>
      </trkpt>
      <trkpt lat="44.496327" lon="20.872107">
        <ele>155.341549</ele>
        <time>2026-08-07T18:34:23.537Z</time>
      </trkpt>
      <trkpt lat="44.496142" lon="20.872191">
        <ele>156.137382</ele>
        <time>2026-08-07T18:34:27.367Z</time>
      </trkpt>
      <trkpt lat="44.496036" lon="20.872330">
        <ele>156.731379</ele>
        <time>2026-08-07T18:34:30.524Z</time>
      </trkpt>
      <trkpt lat="44.495958" lon="20.872576">
        <ele>157.517251</ele>
        <time>2026-08-07T18:34:35.343Z</time>
      </trkpt>
      <trkpt lat="44.495709" lon="20.873949">
        <ele>161.652815</ele>
        <time>2026-08-07T18:35:20.485Z</time>
      </trkpt>
      <trkpt lat="44.495647" lon="20.874165">
        <ele>162.332500</ele>
        <time>2026-08-07T18:35:30.946Z</time>
      </trkpt>
      <trkpt lat="44.495598" lon="20.874259">
        <ele>163.129915</ele>
        <time>2026-08-07T18:35:36.253Z</time>
      </trkpt>
      <trkpt lat="44.495470" lon="20.874406">
        <ele>164.723459</ele>
        <time>2026-08-07T18:35:46.811Z</time>
      </trkpt>
      <trkpt lat="44.494809" lon="20.874867">
        <ele>171.833583</ele>
        <time>2026-08-07T18:36:36.411Z</time>
      </trkpt>
      <trkpt lat="44.494724" lon="20.874893">
        <ele>172.671451</ele>
        <time>2026-08-07T18:36:42.393Z</time>
      </trkpt>
      <trkpt lat="44.494582" lon="20.874883">
        <ele>174.040733</ele>
        <time>2026-08-07T18:36:51.899Z</time>
      </trkpt>
      <trkpt lat="44.493761" lon="20.874307">
        <ele>181.721943</ele>
        <time>2026-08-07T18:37:44.200Z</time>
      </trkpt>
      <trkpt lat="44.493507" lon="20.874223">
        <ele>183.331169</ele>
        <time>2026-08-07T18:37:56.925Z</time>
      </trkpt>
      <trkpt lat="44.493295" lon="20.874243">
        <ele>184.641377</ele>
        <time>2026-08-07T18:38:07.220Z</time>
      </trkpt>
      <trkpt lat="44.492317" lon="20.874503">
        <ele>190.762714</ele>
        <time>2026-08-07T18:38:50.238Z</time>
      </trkpt>
      <trkpt lat="44.491922" lon="20.874509">
        <ele>191.926403</ele>
        <time>2026-08-07T18:39:05.211Z</time>
      </trkpt>
      <trkpt lat="44.491510" lon="20.874455">
        <ele>193.145396</ele>
        <time>2026-08-07T18:39:19.854Z</time>
      </trkpt>
      <trkpt lat="44.490597" lon="20.874360">
        <ele>195.842377</ele>
        <time>2026-08-07T18:39:48.557Z</time>
      </trkpt>
      <trkpt lat="44.489898" lon="20.874377">
        <ele>196.433082</ele>
        <time>2026-08-07T18:40:08.370Z</time>
      </trkpt>
      <trkpt lat="44.489052" lon="20.874103">
        <ele>196.966640</ele>
        <time>2026-08-07T18:40:28.916Z</time>
      </trkpt>
      <trkpt lat="44.488649" lon="20.874065">
        <ele>197.008400</ele>
        <time>2026-08-07T18:40:37.163Z</time>
      </trkpt>
      <trkpt lat="44.488039" lon="20.874094">
        <ele>196.166707</ele>
        <time>2026-08-07T18:40:48.808Z</time>
      </trkpt>
      <trkpt lat="44.487658" lon="20.874036">
        <ele>195.638206</ele>
        <time>2026-08-07T18:40:55.950Z</time>
      </trkpt>
      <trkpt lat="44.487289" lon="20.873985">
        <ele>195.126876</ele>
        <time>2026-08-07T18:41:02.750Z</time>
      </trkpt>
      <trkpt lat="44.486480" lon="20.873789">
        <ele>193.236123</ele>
        <time>2026-08-07T18:41:16.997Z</time>
      </trkpt>
      <trkpt lat="44.484861" lon="20.873259">
        <ele>188.336743</ele>
        <time>2026-08-07T18:41:43.963Z</time>
      </trkpt>
      <trkpt lat="44.484139" lon="20.873012">
        <ele>186.089985</ele>
        <time>2026-08-07T18:41:55.798Z</time>
      </trkpt>
      <trkpt lat="44.483885" lon="20.872930">
        <ele>185.302011</ele>
        <time>2026-08-07T18:42:00.083Z</time>
      </trkpt>
      <trkpt lat="44.483615" lon="20.872813">
        <ele>184.447652</ele>
        <time>2026-08-07T18:42:04.847Z</time>
      </trkpt>
      <trkpt lat="44.483232" lon="20.872703">
        <ele>183.746612</ele>
        <time>2026-08-07T18:42:11.743Z</time>
      </trkpt>
      <trkpt lat="44.481231" lon="20.872344">
        <ele>180.849633</ele>
        <time>2026-08-07T18:42:52.801Z</time>
      </trkpt>
      <trkpt lat="44.480686" lon="20.872242">
        <ele>179.151032</ele>
        <time>2026-08-07T18:43:02.199Z</time>
      </trkpt>
      <trkpt lat="44.480386" lon="20.872201">
        <ele>178.219853</ele>
        <time>2026-08-07T18:43:06.895Z</time>
      </trkpt>
      <trkpt lat="44.480238" lon="20.872180">
        <ele>177.760302</ele>
        <time>2026-08-07T18:43:09.150Z</time>
      </trkpt>
      <trkpt lat="44.479864" lon="20.872060">
        <ele>176.587136</ele>
        <time>2026-08-07T18:43:14.819Z</time>
      </trkpt>
      <trkpt lat="44.479253" lon="20.871686">
        <ele>174.747394</ele>
        <time>2026-08-07T18:43:24.617Z</time>
      </trkpt>
      <trkpt lat="44.478918" lon="20.871591">
        <ele>173.804280</ele>
        <time>2026-08-07T18:43:29.868Z</time>
      </trkpt>
      <trkpt lat="44.478600" lon="20.871627">
        <ele>172.923949</ele>
        <time>2026-08-07T18:43:35.126Z</time>
      </trkpt>
      <trkpt lat="44.477598" lon="20.871949">
        <ele>174.778323</ele>
        <time>2026-08-07T18:44:08.828Z</time>
      </trkpt>
      <trkpt lat="44.477409" lon="20.871988">
        <ele>175.760810</ele>
        <time>2026-08-07T18:44:17.630Z</time>
      </trkpt>
      <trkpt lat="44.477079" lon="20.871990">
        <ele>177.457984</ele>
        <time>2026-08-07T18:44:33.448Z</time>
      </trkpt>
      <trkpt lat="44.476837" lon="20.871941">
        <ele>178.715488</ele>
        <time>2026-08-07T18:44:45.526Z</time>
      </trkpt>
      <trkpt lat="44.476273" lon="20.871719">
        <ele>181.707981</ele>
        <time>2026-08-07T18:45:16.687Z</time>
      </trkpt>
      <trkpt lat="44.475941" lon="20.871588">
        <ele>183.433887</ele>
        <time>2026-08-07T18:45:33.463Z</time>
      </trkpt>
      <trkpt lat="44.475759" lon="20.871569">
        <ele>184.347132</ele>
        <time>2026-08-07T18:45:41.469Z</time>
      </trkpt>
      <trkpt lat="44.475570" lon="20.871607">
        <ele>185.302564</ele>
        <time>2026-08-07T18:45:49.610Z</time>
      </trkpt>
      <trkpt lat="44.475236" lon="20.871801">
        <ele>187.111748</ele>
        <time>2026-08-07T18:46:04.517Z</time>
      </trkpt>
      <trkpt lat="44.474636" lon="20.872177">
        <ele>190.061235</ele>
        <time>2026-08-07T18:46:28.990Z</time>
      </trkpt>
      <trkpt lat="44.474255" lon="20.872335">
        <ele>190.460539</ele>
        <time>2026-08-07T18:46:41.346Z</time>
      </trkpt>
      <trkpt lat="44.473639" lon="20.872575">
        <ele>191.103077</ele>
        <time>2026-08-07T18:46:58.027Z</time>
      </trkpt>
      <trkpt lat="44.472618" lon="20.872969">
        <ele>191.104005</ele>
        <time>2026-08-07T18:47:20.174Z</time>
      </trkpt>
      <trkpt lat="44.470671" lon="20.873971">
        <ele>187.187582</ele>
        <time>2026-08-07T18:47:55.981Z</time>
      </trkpt>
      <trkpt lat="44.470382" lon="20.874090">
        <ele>186.548056</ele>
        <time>2026-08-07T18:48:01.055Z</time>
      </trkpt>
      <trkpt lat="44.469769" lon="20.874258">
        <ele>185.221918</ele>
        <time>2026-08-07T18:48:11.882Z</time>
      </trkpt>
      <trkpt lat="44.468657" lon="20.874554">
        <ele>183.695357</ele>
        <time>2026-08-07T18:48:33.032Z</time>
      </trkpt>
      <trkpt lat="44.467900" lon="20.874758">
        <ele>182.795993</ele>
        <time>2026-08-07T18:48:48.072Z</time>
      </trkpt>
      <trkpt lat="44.466365" lon="20.875171">
        <ele>181.630137</ele>
        <time>2026-08-07T18:49:18.279Z</time>
      </trkpt>
      <trkpt lat="44.463744" lon="20.876111">
        <ele>180.867064</ele>
        <time>2026-08-07T18:50:20.752Z</time>
      </trkpt>
      <trkpt lat="44.463003" lon="20.876385">
        <ele>179.832816</ele>
        <time>2026-08-07T18:50:34.864Z</time>
      </trkpt>
      <trkpt lat="44.461530" lon="20.876718">
        <ele>175.361740</ele>
        <time>2026-08-07T18:50:59.481Z</time>
      </trkpt>
      <trkpt lat="44.461182" lon="20.876791">
        <ele>174.038871</ele>
        <time>2026-08-07T18:51:04.941Z</time>
      </trkpt>
      <trkpt lat="44.460912" lon="20.876809">
        <ele>173.022673</ele>
        <time>2026-08-07T18:51:09.063Z</time>
      </trkpt>
      <trkpt lat="44.459553" lon="20.876704">
        <ele>166.156907</ele>
        <time>2026-08-07T18:51:29.280Z</time>
      </trkpt>
      <trkpt lat="44.458472" lon="20.876694">
        <ele>162.362742</ele>
        <time>2026-08-07T18:51:45.613Z</time>
      </trkpt>
      <trkpt lat="44.457973" lon="20.876686">
        <ele>161.648174</ele>
        <time>2026-08-07T18:51:53.997Z</time>
      </trkpt>
      <trkpt lat="44.457898" lon="20.876683">
        <ele>161.540737</ele>
        <time>2026-08-07T18:51:55.396Z</time>
      </trkpt>
      <trkpt lat="44.457618" lon="20.876654">
        <ele>161.138709</ele>
        <time>2026-08-07T18:52:01.231Z</time>
      </trkpt>
      <trkpt lat="44.457379" lon="20.876634">
        <ele>160.795874</ele>
        <time>2026-08-07T18:52:07.314Z</time>
      </trkpt>
      <trkpt lat="44.455011" lon="20.876536">
        <ele>167.609306</ele>
        <time>2026-08-07T18:53:36.310Z</time>
      </trkpt>
      <trkpt lat="44.454787" lon="20.876533">
        <ele>168.136371</ele>
        <time>2026-08-07T18:53:44.109Z</time>
      </trkpt>
      <trkpt lat="44.453908" lon="20.876499">
        <ele>170.205325</ele>
        <time>2026-08-07T18:54:11.457Z</time>
      </trkpt>
      <trkpt lat="44.453012" lon="20.876326">
        <ele>171.161598</ele>
        <time>2026-08-07T18:54:34.339Z</time>
      </trkpt>
      <trkpt lat="44.452445" lon="20.876127">
        <ele>171.317913</ele>
        <time>2026-08-07T18:54:47.635Z</time>
      </trkpt>
      <trkpt lat="44.451919" lon="20.875848">
        <ele>171.468322</ele>
        <time>2026-08-07T18:54:59.907Z</time>
      </trkpt>
      <trkpt lat="44.451006" lon="20.875242">
        <ele>171.123938</ele>
        <time>2026-08-07T18:55:20.917Z</time>
      </trkpt>
      <trkpt lat="44.449559" lon="20.874171">
        <ele>170.599123</ele>
        <time>2026-08-07T18:55:54.814Z</time>
      </trkpt>
      <trkpt lat="44.449008" lon="20.873838">
        <ele>170.461929</ele>
        <time>2026-08-07T18:56:07.850Z</time>
      </trkpt>
      <trkpt lat="44.448768" lon="20.873718">
        <ele>170.403670</ele>
        <time>2026-08-07T18:56:13.499Z</time>
      </trkpt>
      <trkpt lat="44.448540" lon="20.873645">
        <ele>170.361714</ele>
        <time>2026-08-07T18:56:18.755Z</time>
      </trkpt>
      <trkpt lat="44.447915" lon="20.873595">
        <ele>170.366900</ele>
        <time>2026-08-07T18:56:32.900Z</time>
      </trkpt>
      <trkpt lat="44.447294" lon="20.873573">
        <ele>170.372046</ele>
        <time>2026-08-07T18:56:46.460Z</time>
      </trkpt>
      <trkpt lat="44.446890" lon="20.873625">
        <ele>170.375407</ele>
        <time>2026-08-07T18:56:55.461Z</time>
      </trkpt>
      <trkpt lat="44.446501" lon="20.873753">
        <ele>170.501194</ele>
        <time>2026-08-07T18:57:04.500Z</time>
      </trkpt>
      <trkpt lat="44.445758" lon="20.874153">
        <ele>170.830103</ele>
        <time>2026-08-07T18:57:23.087Z</time>
      </trkpt>
      <trkpt lat="44.445215" lon="20.874453">
        <ele>171.071298</ele>
        <time>2026-08-07T18:57:37.402Z</time>
      </trkpt>
      <trkpt lat="44.444307" lon="20.874826">
        <ele>172.418275</ele>
        <time>2026-08-07T18:58:02.507Z</time>
      </trkpt>
      <trkpt lat="44.444143" lon="20.874889">
        <ele>172.684466</ele>
        <time>2026-08-07T18:58:07.360Z</time>
      </trkpt>
      <trkpt lat="44.443920" lon="20.874940">
        <ele>173.038154</ele>
        <time>2026-08-07T18:58:14.012Z</time>
      </trkpt>
      <trkpt lat="44.443670" lon="20.874953">
        <ele>173.429753</ele>
        <time>2026-08-07T18:58:21.533Z</time>
      </trkpt>
      <trkpt lat="44.443122" lon="20.874867">
        <ele>174.524210</ele>
        <time>2026-08-07T18:58:38.862Z</time>
      </trkpt>
      <trkpt lat="44.443003" lon="20.874845">
        <ele>174.833475</ele>
        <time>2026-08-07T18:58:42.834Z</time>
      </trkpt>
      <trkpt lat="44.442737" lon="20.874799">
        <ele>175.524033</ele>
        <time>2026-08-07T18:58:51.757Z</time>
      </trkpt>
      <trkpt lat="44.442362" lon="20.874760">
        <ele>176.492887</ele>
        <time>2026-08-07T18:59:04.322Z</time>
      </trkpt>
      <trkpt lat="44.441919" lon="20.874772">
        <ele>177.634498</ele>
        <time>2026-08-07T18:59:19.179Z</time>
      </trkpt>
      <trkpt lat="44.440705" lon="20.874972">
        <ele>180.219174</ele>
        <time>2026-08-07T18:59:58.346Z</time>
      </trkpt>
      <trkpt lat="44.439923" lon="20.875041">
        <ele>181.723207</ele>
        <time>2026-08-07T19:00:21.202Z</time>
      </trkpt>
      <trkpt lat="44.439639" lon="20.875051">
        <ele>181.984970</ele>
        <time>2026-08-07T19:00:28.756Z</time>
      </trkpt>
      <trkpt lat="44.438895" lon="20.875075">
        <ele>181.772889</ele>
        <time>2026-08-07T19:00:46.206Z</time>
      </trkpt>
      <trkpt lat="44.438716" lon="20.875102">
        <ele>181.721583</ele>
        <time>2026-08-07T19:00:49.938Z</time>
      </trkpt>
      <trkpt lat="44.438175" lon="20.875215">
        <ele>181.565704</ele>
        <time>2026-08-07T19:01:00.419Z</time>
      </trkpt>
      <trkpt lat="44.437516" lon="20.875459">
        <ele>180.426408</ele>
        <time>2026-08-07T19:01:12.718Z</time>
      </trkpt>
      <trkpt lat="44.436884" lon="20.875768">
        <ele>178.925433</ele>
        <time>2026-08-07T19:01:24.324Z</time>
      </trkpt>
      <trkpt lat="44.436192" lon="20.876176">
        <ele>177.167594</ele>
        <time>2026-08-07T19:01:36.857Z</time>
      </trkpt>
      <trkpt lat="44.436024" lon="20.876293">
        <ele>176.613372</ele>
        <time>2026-08-07T19:01:39.931Z</time>
      </trkpt>
      <trkpt lat="44.434966" lon="20.877042">
        <ele>173.111572</ele>
        <time>2026-08-07T19:01:59.248Z</time>
      </trkpt>
      <trkpt lat="44.434680" lon="20.877238">
        <ele>172.171037</ele>
        <time>2026-08-07T19:02:04.580Z</time>
      </trkpt>
      <trkpt lat="44.434180" lon="20.877579">
        <ele>171.312749</ele>
        <time>2026-08-07T19:02:14.140Z</time>
      </trkpt>
      <trkpt lat="44.434019" lon="20.877697">
        <ele>171.033558</ele>
        <time>2026-08-07T19:02:17.378Z</time>
      </trkpt>
      <trkpt lat="44.433844" lon="20.877878">
        <ele>170.699305</ele>
        <time>2026-08-07T19:02:21.384Z</time>
      </trkpt>
      <trkpt lat="44.433611" lon="20.878224">
        <ele>170.177532</ele>
        <time>2026-08-07T19:02:27.833Z</time>
      </trkpt>
      <trkpt lat="44.433673" lon="20.878700">
        <ele>169.646695</ele>
        <time>2026-08-07T19:02:34.741Z</time>
      </trkpt>
      <trkpt lat="44.433704" lon="20.879518">
        <ele>169.617802</ele>
        <time>2026-08-07T19:02:47.426Z</time>
      </trkpt>
      <trkpt lat="44.433639" lon="20.879850">
        <ele>169.744287</ele>
        <time>2026-08-07T19:02:53.392Z</time>
      </trkpt>
      <trkpt lat="44.433530" lon="20.880052">
        <ele>169.837314</ele>
        <time>2026-08-07T19:02:58.015Z</time>
      </trkpt>
      <trkpt lat="44.433315" lon="20.880326">
        <ele>169.986892</ele>
        <time>2026-08-07T19:03:05.824Z</time>
      </trkpt>
      <trkpt lat="44.432673" lon="20.881123">
        <ele>170.452242</ele>
        <time>2026-08-07T19:03:29.943Z</time>
      </trkpt>
      <trkpt lat="44.432547" lon="20.881329">
        <ele>170.574969</ele>
        <time>2026-08-07T19:03:35.522Z</time>
      </trkpt>
      <trkpt lat="44.432393" lon="20.881684">
        <ele>170.762911</ele>
        <time>2026-08-07T19:03:43.842Z</time>
      </trkpt>
      <trkpt lat="44.432016" lon="20.882977">
        <ele>171.394843</ele>
        <time>2026-08-07T19:04:08.775Z</time>
      </trkpt>
      <trkpt lat="44.431942" lon="20.883087">
        <ele>171.463223</ele>
        <time>2026-08-07T19:04:11.183Z</time>
      </trkpt>
      <trkpt lat="44.431640" lon="20.883415">
        <ele>171.180643</ele>
        <time>2026-08-07T19:04:19.505Z</time>
      </trkpt>
      <trkpt lat="44.431215" lon="20.883876">
        <ele>170.778434</ele>
        <time>2026-08-07T19:04:30.817Z</time>
      </trkpt>
      <trkpt lat="44.431056" lon="20.884013">
        <ele>170.638758</ele>
        <time>2026-08-07T19:04:34.615Z</time>
      </trkpt>
      <trkpt lat="44.430437" lon="20.884380">
        <ele>170.135836</ele>
        <time>2026-08-07T19:04:47.937Z</time>
      </trkpt>
      <trkpt lat="44.429794" lon="20.884829">
        <ele>169.186618</ele>
        <time>2026-08-07T19:05:02.007Z</time>
      </trkpt>
      <trkpt lat="44.428762" lon="20.885938">
        <ele>167.365489</ele>
        <time>2026-08-07T19:05:27.319Z</time>
      </trkpt>
      <trkpt lat="44.427846" lon="20.886562">
        <ele>165.597359</ele>
        <time>2026-08-07T19:05:46.590Z</time>
      </trkpt>
      <trkpt lat="44.427280" lon="20.886961">
        <ele>164.498208</ele>
        <time>2026-08-07T19:05:58.214Z</time>
      </trkpt>
      <trkpt lat="44.427181" lon="20.887003">
        <ele>164.320185</ele>
        <time>2026-08-07T19:06:00.088Z</time>
      </trkpt>
      <trkpt lat="44.427067" lon="20.887011">
        <ele>164.123748</ele>
        <time>2026-08-07T19:06:02.163Z</time>
      </trkpt>
      <trkpt lat="44.426979" lon="20.887141">
        <ele>163.903606</ele>
        <time>2026-08-07T19:06:04.354Z</time>
      </trkpt>
      <trkpt lat="44.425265" lon="20.888287">
        <ele>161.334203</ele>
        <time>2026-08-07T19:06:38.894Z</time>
      </trkpt>
      <trkpt lat="44.424605" lon="20.888732">
        <ele>161.101856</ele>
        <time>2026-08-07T19:06:55.419Z</time>
      </trkpt>
      <trkpt lat="44.424242" lon="20.888892">
        <ele>160.981149</ele>
        <time>2026-08-07T19:07:04.631Z</time>
      </trkpt>
      <trkpt lat="44.423880" lon="20.889004">
        <ele>160.849784</ele>
        <time>2026-08-07T19:07:13.613Z</time>
      </trkpt>
      <trkpt lat="44.423514" lon="20.889108">
        <ele>160.703274</ele>
        <time>2026-08-07T19:07:22.189Z</time>
      </trkpt>
      <trkpt lat="44.422529" lon="20.889337">
        <ele>160.311563</ele>
        <time>2026-08-07T19:07:42.530Z</time>
      </trkpt>
      <trkpt lat="44.420945" lon="20.889908">
        <ele>158.681927</ele>
        <time>2026-08-07T19:08:13.323Z</time>
      </trkpt>
      <trkpt lat="44.420764" lon="20.889972">
        <ele>158.476226</ele>
        <time>2026-08-07T19:08:16.854Z</time>
      </trkpt>
      <trkpt lat="44.418989" lon="20.890639">
        <ele>157.215651</ele>
        <time>2026-08-07T19:08:53.498Z</time>
      </trkpt>
      <trkpt lat="44.418456" lon="20.890844">
        <ele>157.108106</ele>
        <time>2026-08-07T19:09:05.577Z</time>
      </trkpt>
      <trkpt lat="44.418238" lon="20.890968">
        <ele>157.111927</ele>
        <time>2026-08-07T19:09:10.948Z</time>
      </trkpt>
      <trkpt lat="44.418040" lon="20.891122">
        <ele>157.115605</ele>
        <time>2026-08-07T19:09:16.211Z</time>
      </trkpt>
      <trkpt lat="44.417825" lon="20.891344">
        <ele>157.119944</ele>
        <time>2026-08-07T19:09:22.483Z</time>
      </trkpt>
      <trkpt lat="44.417535" lon="20.891669">
        <ele>157.125976</ele>
        <time>2026-08-07T19:09:31.046Z</time>
      </trkpt>
      <trkpt lat="44.417157" lon="20.892075">
        <ele>157.097150</ele>
        <time>2026-08-07T19:09:41.623Z</time>
      </trkpt>
      <trkpt lat="44.415432" lon="20.893937">
        <ele>156.365913</ele>
        <time>2026-08-07T19:10:27.777Z</time>
      </trkpt>
      <trkpt lat="44.415146" lon="20.894207">
        <ele>156.133203</ele>
        <time>2026-08-07T19:10:34.707Z</time>
      </trkpt>
      <trkpt lat="44.413386" lon="20.895823">
        <ele>154.714829</ele>
        <time>2026-08-07T19:11:15.883Z</time>
      </trkpt>
      <trkpt lat="44.412906" lon="20.896274">
        <ele>154.325595</ele>
        <time>2026-08-07T19:11:28.091Z</time>
      </trkpt>
      <trkpt lat="44.412676" lon="20.896544">
        <ele>154.167697</ele>
        <time>2026-08-07T19:11:34.433Z</time>
      </trkpt>
      <trkpt lat="44.412422" lon="20.896916">
        <ele>153.982522</ele>
        <time>2026-08-07T19:11:42.140Z</time>
      </trkpt>
      <trkpt lat="44.412148" lon="20.897383">
        <ele>153.765059</ele>
        <time>2026-08-07T19:11:50.904Z</time>
      </trkpt>
      <trkpt lat="44.411674" lon="20.898191">
        <ele>153.392564</ele>
        <time>2026-08-07T19:12:05.633Z</time>
      </trkpt>
      <trkpt lat="44.410188" lon="20.900558">
        <ele>153.488664</ele>
        <time>2026-08-07T19:12:55.905Z</time>
      </trkpt>
      <trkpt lat="44.408393" lon="20.903198">
        <ele>154.513961</ele>
        <time>2026-08-07T19:13:59.538Z</time>
      </trkpt>
      <trkpt lat="44.408002" lon="20.903768">
        <ele>154.703615</ele>
        <time>2026-08-07T19:14:12.680Z</time>
      </trkpt>
      <trkpt lat="44.407927" lon="20.903859">
        <ele>154.644727</ele>
        <time>2026-08-07T19:14:14.946Z</time>
      </trkpt>
      <trkpt lat="44.406997" lon="20.904809">
        <ele>153.961653</ele>
        <time>2026-08-07T19:14:38.639Z</time>
      </trkpt>
      <trkpt lat="44.406559" lon="20.905254">
        <ele>153.624459</ele>
        <time>2026-08-07T19:14:48.950Z</time>
      </trkpt>
      <trkpt lat="44.405590" lon="20.906241">
        <ele>152.127314</ele>
        <time>2026-08-07T19:15:11.309Z</time>
      </trkpt>
      <trkpt lat="44.404835" lon="20.907010">
        <ele>150.880669</ele>
        <time>2026-08-07T19:15:28.912Z</time>
      </trkpt>
      <trkpt lat="44.404434" lon="20.907427">
        <ele>150.144746</ele>
        <time>2026-08-07T19:15:38.241Z</time>
      </trkpt>
      <trkpt lat="44.404064" lon="20.907916">
        <ele>149.395100</ele>
        <time>2026-08-07T19:15:47.510Z</time>
      </trkpt>
      <trkpt lat="44.402633" lon="20.909876">
        <ele>146.315077</ele>
        <time>2026-08-07T19:16:23.532Z</time>
      </trkpt>
      <trkpt lat="44.401145" lon="20.911753">
        <ele>144.073227</ele>
        <time>2026-08-07T19:17:02.339Z</time>
      </trkpt>
      <trkpt lat="44.400588" lon="20.912415">
        <ele>143.029504</ele>
        <time>2026-08-07T19:17:16.209Z</time>
      </trkpt>
      <trkpt lat="44.400380" lon="20.912599">
        <ele>142.674956</ele>
        <time>2026-08-07T19:17:20.737Z</time>
      </trkpt>
      <trkpt lat="44.400066" lon="20.912816">
        <ele>142.170369</ele>
        <time>2026-08-07T19:17:27.095Z</time>
      </trkpt>
      <trkpt lat="44.398320" lon="20.913970">
        <ele>139.016652</ele>
        <time>2026-08-07T19:18:01.481Z</time>
      </trkpt>
      <trkpt lat="44.396931" lon="20.914872">
        <ele>137.067161</ele>
        <time>2026-08-07T19:18:30.240Z</time>
      </trkpt>
      <trkpt lat="44.396349" lon="20.915219">
        <ele>136.346383</ele>
        <time>2026-08-07T19:18:42.421Z</time>
      </trkpt>
      <trkpt lat="44.394624" lon="20.916036">
        <ele>134.939097</ele>
        <time>2026-08-07T19:19:18.772Z</time>
      </trkpt>
      <trkpt lat="44.394327" lon="20.916180">
        <ele>134.675121</ele>
        <time>2026-08-07T19:19:25.109Z</time>
      </trkpt>
      <trkpt lat="44.394092" lon="20.916332">
        <ele>134.457701</ele>
        <time>2026-08-07T19:19:30.353Z</time>
      </trkpt>
      <trkpt lat="44.393546" lon="20.916862">
        <ele>133.899645</ele>
        <time>2026-08-07T19:19:43.653Z</time>
      </trkpt>
      <trkpt lat="44.392846" lon="20.917608">
        <ele>133.011542</ele>
        <time>2026-08-07T19:20:00.259Z</time>
      </trkpt>
      <trkpt lat="44.392549" lon="20.918005">
        <ele>132.487941</ele>
        <time>2026-08-07T19:20:07.949Z</time>
      </trkpt>
      <trkpt lat="44.391620" lon="20.919425">
        <ele>130.699874</ele>
        <time>2026-08-07T19:20:33.677Z</time>
      </trkpt>
      <trkpt lat="44.391298" lon="20.919916">
        <ele>130.043507</ele>
        <time>2026-08-07T19:20:42.729Z</time>
      </trkpt>
      <trkpt lat="44.390971" lon="20.920313">
        <ele>129.446838</ele>
        <time>2026-08-07T19:20:50.880Z</time>
      </trkpt>
      <trkpt lat="44.388948" lon="20.922252">
        <ele>124.846769</ele>
        <time>2026-08-07T19:21:34.779Z</time>
      </trkpt>
      <trkpt lat="44.388721" lon="20.922412">
        <ele>124.061500</ele>
        <time>2026-08-07T19:21:38.872Z</time>
      </trkpt>
      <trkpt lat="44.388247" lon="20.922642">
        <ele>122.511509</ele>
        <time>2026-08-07T19:21:46.727Z</time>
      </trkpt>
      <trkpt lat="44.387349" lon="20.923080">
        <ele>119.582027</ele>
        <time>2026-08-07T19:22:01.827Z</time>
      </trkpt>
      <trkpt lat="44.386369" lon="20.923560">
        <ele>119.634398</ele>
        <time>2026-08-07T19:22:22.872Z</time>
      </trkpt>
      <trkpt lat="44.385883" lon="20.923831">
        <ele>119.660787</ele>
        <time>2026-08-07T19:22:39.210Z</time>
      </trkpt>
      <trkpt lat="44.385689" lon="20.924008">
        <ele>119.672468</ele>
        <time>2026-08-07T19:22:46.195Z</time>
      </trkpt>
      <trkpt lat="44.385424" lon="20.924325">
        <ele>119.878429</ele>
        <time>2026-08-07T19:22:56.510Z</time>
      </trkpt>
      <trkpt lat="44.383814" lon="20.926218">
        <ele>121.726358</ele>
        <time>2026-08-07T19:23:44.515Z</time>
      </trkpt>
      <trkpt lat="44.383191" lon="20.926944">
        <ele>122.952589</ele>
        <time>2026-08-07T19:24:09.534Z</time>
      </trkpt>
      <trkpt lat="44.382392" lon="20.927836">
        <ele>124.348862</ele>
        <time>2026-08-07T19:24:42.835Z</time>
      </trkpt>
      <trkpt lat="44.381380" lon="20.928735">
        <ele>125.780012</ele>
        <time>2026-08-07T19:25:12.595Z</time>
      </trkpt>
      <trkpt lat="44.380857" lon="20.929226">
        <ele>125.702278</ele>
        <time>2026-08-07T19:25:26.292Z</time>
      </trkpt>
      <trkpt lat="44.380204" lon="20.930004">
        <ele>125.596423</ele>
        <time>2026-08-07T19:25:44.742Z</time>
      </trkpt>
      <trkpt lat="44.379710" lon="20.930636">
        <ele>125.355209</ele>
        <time>2026-08-07T19:25:58.529Z</time>
      </trkpt>
      <trkpt lat="44.379435" lon="20.931047">
        <ele>125.161386</ele>
        <time>2026-08-07T19:26:06.783Z</time>
      </trkpt>
      <trkpt lat="44.379324" lon="20.931218">
        <ele>125.081859</ele>
        <time>2026-08-07T19:26:10.159Z</time>
      </trkpt>
      <trkpt lat="44.378397" lon="20.932657">
        <ele>124.374603</ele>
        <time>2026-08-07T19:26:38.611Z</time>
      </trkpt>
      <trkpt lat="44.377724" lon="20.933721">
        <ele>123.816776</ele>
        <time>2026-08-07T19:26:59.457Z</time>
      </trkpt>
      <trkpt lat="44.377115" lon="20.934649">
        <ele>123.099044</ele>
        <time>2026-08-07T19:27:17.310Z</time>
      </trkpt>
      <trkpt lat="44.376624" lon="20.935414">
        <ele>122.465565</ele>
        <time>2026-08-07T19:27:31.741Z</time>
      </trkpt>
      <trkpt lat="44.376471" lon="20.935650">
        <ele>122.269255</ele>
        <time>2026-08-07T19:27:36.021Z</time>
      </trkpt>
      <trkpt lat="44.376225" lon="20.936032">
        <ele>122.002319</ele>
        <time>2026-08-07T19:27:42.970Z</time>
      </trkpt>
      <trkpt lat="44.376055" lon="20.936287">
        <ele>121.838209</ele>
        <time>2026-08-07T19:27:47.716Z</time>
      </trkpt>
      <trkpt lat="44.375990" lon="20.936387">
        <ele>121.774596</ele>
        <time>2026-08-07T19:27:49.610Z</time>
      </trkpt>
      <trkpt lat="44.375801" lon="20.936623">
        <ele>121.607793</ele>
        <time>2026-08-07T19:27:54.530Z</time>
      </trkpt>
      <trkpt lat="44.375550" lon="20.936848">
        <ele>121.411509</ele>
        <time>2026-08-07T19:28:00.536Z</time>
      </trkpt>
      <trkpt lat="44.374194" lon="20.937846">
        <ele>120.779981</ele>
        <time>2026-08-07T19:28:33.424Z</time>
      </trkpt>
      <trkpt lat="44.373971" lon="20.938102">
        <ele>120.714328</ele>
        <time>2026-08-07T19:28:40.019Z</time>
      </trkpt>
      <trkpt lat="44.373531" lon="20.938777">
        <ele>120.528808</ele>
        <time>2026-08-07T19:28:54.329Z</time>
      </trkpt>
      <trkpt lat="44.373276" lon="20.939145">
        <ele>119.718357</ele>
        <time>2026-08-07T19:29:01.698Z</time>
      </trkpt>
      <trkpt lat="44.373076" lon="20.939368">
        <ele>119.152589</ele>
        <time>2026-08-07T19:29:06.444Z</time>
      </trkpt>
      <trkpt lat="44.372429" lon="20.940009">
        <ele>117.398746</ele>
        <time>2026-08-07T19:29:19.842Z</time>
      </trkpt>
      <trkpt lat="44.371813" lon="20.940699">
        <ele>115.241293</ele>
        <time>2026-08-07T19:29:32.271Z</time>
      </trkpt>
      <trkpt lat="44.371704" lon="20.940799">
        <ele>114.826354</ele>
        <time>2026-08-07T19:29:34.319Z</time>
      </trkpt>
      <trkpt lat="44.371610" lon="20.940839">
        <ele>114.513586</ele>
        <time>2026-08-07T19:29:35.879Z</time>
      </trkpt>
      <trkpt lat="44.371438" lon="20.941554">
        <ele>112.796948</ele>
        <time>2026-08-07T19:29:44.626Z</time>
      </trkpt>
      <trkpt lat="44.371189" lon="20.942159">
        <ele>111.208385</ele>
        <time>2026-08-07T19:29:52.968Z</time>
      </trkpt>
      <trkpt lat="44.370912" lon="20.942651">
        <ele>110.281021</ele>
        <time>2026-08-07T19:30:00.531Z</time>
      </trkpt>
      <trkpt lat="44.370798" lon="20.942829">
        <ele>109.987341</ele>
        <time>2026-08-07T19:30:03.558Z</time>
      </trkpt>
      <trkpt lat="44.370610" lon="20.943044">
        <ele>109.569913</ele>
        <time>2026-08-07T19:30:08.028Z</time>
      </trkpt>
      <trkpt lat="44.370395" lon="20.943232">
        <ele>109.134056</ele>
        <time>2026-08-07T19:30:12.776Z</time>
      </trkpt>
      <trkpt lat="44.369326" lon="20.944161">
        <ele>107.182299</ele>
        <time>2026-08-07T19:30:36.082Z</time>
      </trkpt>
      <trkpt lat="44.369214" lon="20.944293">
        <ele>106.996914</ele>
        <time>2026-08-07T19:30:38.824Z</time>
      </trkpt>
      <trkpt lat="44.369002" lon="20.944635">
        <ele>106.587291</ele>
        <time>2026-08-07T19:30:44.883Z</time>
      </trkpt>
      <trkpt lat="44.368888" lon="20.944838">
        <ele>106.353693</ele>
        <time>2026-08-07T19:30:48.332Z</time>
      </trkpt>
      <trkpt lat="44.368580" lon="20.945476">
        <ele>105.657049</ele>
        <time>2026-08-07T19:30:58.616Z</time>
      </trkpt>
      <trkpt lat="44.368448" lon="20.945757">
        <ele>105.449038</ele>
        <time>2026-08-07T19:31:03.195Z</time>
      </trkpt>
      <trkpt lat="44.368150" lon="20.946406">
        <ele>105.218190</ele>
        <time>2026-08-07T19:31:14.316Z</time>
      </trkpt>
      <trkpt lat="44.367829" lon="20.947133">
        <ele>104.962455</ele>
        <time>2026-08-07T19:31:27.171Z</time>
      </trkpt>
      <trkpt lat="44.367677" lon="20.947475">
        <ele>104.841932</ele>
        <time>2026-08-07T19:31:33.407Z</time>
      </trkpt>
      <trkpt lat="44.367482" lon="20.947959">
        <ele>104.821704</ele>
        <time>2026-08-07T19:31:42.397Z</time>
      </trkpt>
      <trkpt lat="44.367336" lon="20.948435">
        <ele>104.999942</ele>
        <time>2026-08-07T19:31:50.836Z</time>
      </trkpt>
      <trkpt lat="44.367171" lon="20.949073">
        <ele>105.233411</ele>
        <time>2026-08-07T19:32:01.984Z</time>
      </trkpt>
      <trkpt lat="44.367138" lon="20.949203">
        <ele>105.280883</ele>
        <time>2026-08-07T19:32:04.350Z</time>
      </trkpt>
      <trkpt lat="44.367084" lon="20.949429">
        <ele>105.362882</ele>
        <time>2026-08-07T19:32:08.490Z</time>
      </trkpt>
      <trkpt lat="44.367006" lon="20.949897">
        <ele>105.528246</ele>
        <time>2026-08-07T19:32:17.177Z</time>
      </trkpt>
      <trkpt lat="44.367005" lon="20.949962">
        <ele>105.550619</ele>
        <time>2026-08-07T19:32:18.409Z</time>
      </trkpt>
      <trkpt lat="44.367003" lon="20.950121">
        <ele>105.605341</ele>
        <time>2026-08-07T19:32:21.447Z</time>
      </trkpt>
      <trkpt lat="44.366997" lon="20.951209">
        <ele>107.144382</ele>
        <time>2026-08-07T19:32:43.739Z</time>
      </trkpt>
      <trkpt lat="44.366965" lon="20.951566">
        <ele>107.657533</ele>
        <time>2026-08-07T19:32:51.820Z</time>
      </trkpt>
      <trkpt lat="44.366914" lon="20.951841">
        <ele>108.062730</ele>
        <time>2026-08-07T19:32:58.383Z</time>
      </trkpt>
      <trkpt lat="44.366895" lon="20.951908">
        <ele>108.165531</ele>
        <time>2026-08-07T19:33:00.041Z</time>
      </trkpt>
      <trkpt lat="44.366676" lon="20.952587">
        <ele>109.225918</ele>
        <time>2026-08-07T19:33:17.379Z</time>
      </trkpt>
      <trkpt lat="44.366458" lon="20.953075">
        <ele>109.991431</ele>
        <time>2026-08-07T19:33:30.502Z</time>
      </trkpt>
      <trkpt lat="44.366146" lon="20.953661">
        <ele>110.963439</ele>
        <time>2026-08-07T19:33:46.196Z</time>
      </trkpt>
      <trkpt lat="44.365674" lon="20.954580">
        <ele>112.468800</ele>
        <time>2026-08-07T19:34:08.540Z</time>
      </trkpt>
      <trkpt lat="44.365575" lon="20.954821">
        <ele>112.860675</ele>
        <time>2026-08-07T19:34:14.139Z</time>
      </trkpt>
      <trkpt lat="44.365398" lon="20.955477">
        <ele>113.863661</ele>
        <time>2026-08-07T19:34:28.929Z</time>
      </trkpt>
      <trkpt lat="44.365173" lon="20.956243">
        <ele>115.048275</ele>
        <time>2026-08-07T19:34:47.766Z</time>
      </trkpt>
      <trkpt lat="44.364865" lon="20.957306">
        <ele>116.141722</ele>
        <time>2026-08-07T19:35:14.186Z</time>
      </trkpt>
      <trkpt lat="44.364499" lon="20.958467">
        <ele>116.134764</ele>
        <time>2026-08-07T19:35:36.729Z</time>
      </trkpt>
      <trkpt lat="44.364093" lon="20.959734">
        <ele>115.530021</ele>
        <time>2026-08-07T19:35:53.883Z</time>
      </trkpt>
      <trkpt lat="44.363910" lon="20.960303">
        <ele>114.813590</ele>
        <time>2026-08-07T19:36:01.396Z</time>
      </trkpt>
      <trkpt lat="44.363853" lon="20.960580">
        <ele>114.482608</ele>
        <time>2026-08-07T19:36:04.986Z</time>
      </trkpt>
      <trkpt lat="44.364334" lon="20.962274">
        <ele>113.128345</ele>
        <time>2026-08-07T19:36:30.867Z</time>
      </trkpt>
      <trkpt lat="44.364372" lon="20.962413">
        <ele>113.105714</ele>
        <time>2026-08-07T19:36:33.197Z</time>
      </trkpt>
      <trkpt lat="44.364455" lon="20.962799">
        <ele>113.044415</ele>
        <time>2026-08-07T19:36:39.517Z</time>
      </trkpt>
      <trkpt lat="44.364407" lon="20.963210">
        <ele>112.981084</ele>
        <time>2026-08-07T19:36:46.140Z</time>
      </trkpt>
      <trkpt lat="44.364393" lon="20.963297">
        <ele>112.967523</ele>
        <time>2026-08-07T19:36:47.583Z</time>
      </trkpt>
      <trkpt lat="44.364316" lon="20.963777">
        <ele>112.892711</ele>
        <time>2026-08-07T19:36:55.504Z</time>
      </trkpt>
      <trkpt lat="44.364114" lon="20.965244">
        <ele>112.992235</ele>
        <time>2026-08-07T19:37:19.837Z</time>
      </trkpt>
      <trkpt lat="44.364093" lon="20.965389">
        <ele>113.007825</ele>
        <time>2026-08-07T19:37:22.474Z</time>
      </trkpt>
      <trkpt lat="44.364061" lon="20.965631">
        <ele>113.033759</ele>
        <time>2026-08-07T19:37:26.770Z</time>
      </trkpt>
      <trkpt lat="44.363969" lon="20.966320">
        <ele>113.107620</ele>
        <time>2026-08-07T19:37:38.375Z</time>
      </trkpt>
      <trkpt lat="44.363903" lon="20.966801">
        <ele>113.051003</ele>
        <time>2026-08-07T19:37:46.111Z</time>
      </trkpt>
      <trkpt lat="44.363828" lon="20.967168">
        <ele>112.968962</ele>
        <time>2026-08-07T19:37:51.883Z</time>
      </trkpt>
      <trkpt lat="44.363746" lon="20.967433">
        <ele>112.906897</ele>
        <time>2026-08-07T19:37:56.189Z</time>
      </trkpt>
      <trkpt lat="44.363663" lon="20.967598">
        <ele>112.863533</ele>
        <time>2026-08-07T19:37:59.180Z</time>
      </trkpt>
      <trkpt lat="44.363551" lon="20.967716">
        <ele>112.821377</ele>
        <time>2026-08-07T19:38:02.077Z</time>
      </trkpt>
      <trkpt lat="44.363324" lon="20.967795">
        <ele>112.751049</ele>
        <time>2026-08-07T19:38:06.896Z</time>
      </trkpt>
      <trkpt lat="44.362606" lon="20.968026">
        <ele>112.506964</ele>
        <time>2026-08-07T19:38:22.157Z</time>
      </trkpt>
      <trkpt lat="44.362048" lon="20.968211">
        <ele>112.261532</ele>
        <time>2026-08-07T19:38:34.148Z</time>
      </trkpt>
      <trkpt lat="44.361651" lon="20.968344">
        <ele>112.086816</ele>
        <time>2026-08-07T19:38:42.772Z</time>
      </trkpt>
      <trkpt lat="44.360952" lon="20.968579">
        <ele>111.745859</ele>
        <time>2026-08-07T19:38:57.659Z</time>
      </trkpt>
      <trkpt lat="44.360397" lon="20.968744">
        <ele>111.264953</ele>
        <time>2026-08-07T19:39:09.042Z</time>
      </trkpt>
      <trkpt lat="44.360341" lon="20.968761">
        <ele>111.216385</ele>
        <time>2026-08-07T19:39:10.178Z</time>
      </trkpt>
      <trkpt lat="44.360132" lon="20.968820">
        <ele>111.035673</ele>
        <time>2026-08-07T19:39:14.330Z</time>
      </trkpt>
      <trkpt lat="44.360009" lon="20.968860">
        <ele>110.928642</ele>
        <time>2026-08-07T19:39:16.774Z</time>
      </trkpt>
      <trkpt lat="44.359994" lon="20.968865">
        <ele>110.915572</ele>
        <time>2026-08-07T19:39:17.059Z</time>
      </trkpt>
      <trkpt lat="44.358479" lon="20.969365">
        <ele>109.304857</ele>
        <time>2026-08-07T19:39:46.827Z</time>
      </trkpt>
      <trkpt lat="44.357055" lon="20.969863">
        <ele>107.406738</ele>
        <time>2026-08-07T19:40:14.325Z</time>
      </trkpt>
      <trkpt lat="44.356972" lon="20.969887">
        <ele>107.281926</ele>
        <time>2026-08-07T19:40:15.887Z</time>
      </trkpt>
      <trkpt lat="44.355801" lon="20.970256">
        <ele>105.514275</ele>
        <time>2026-08-07T19:40:37.837Z</time>
      </trkpt>
      <trkpt lat="44.355463" lon="20.970359">
        <ele>105.055520</ele>
        <time>2026-08-07T19:40:44.097Z</time>
      </trkpt>
      <trkpt lat="44.355311" lon="20.970408">
        <ele>104.850628</ele>
        <time>2026-08-07T19:40:46.930Z</time>
      </trkpt>
      <trkpt lat="44.354366" lon="20.970717">
        <ele>103.575870</ele>
        <time>2026-08-07T19:41:05.014Z</time>
      </trkpt>
      <trkpt lat="44.353699" lon="20.970935">
        <ele>102.939748</ele>
        <time>2026-08-07T19:41:18.242Z</time>
      </trkpt>
      <trkpt lat="44.353428" lon="20.971026">
        <ele>102.795434</ele>
        <time>2026-08-07T19:41:23.850Z</time>
      </trkpt>
      <trkpt lat="44.353380" lon="20.971040">
        <ele>102.770045</ele>
        <time>2026-08-07T19:41:24.852Z</time>
      </trkpt>
      <trkpt lat="44.353144" lon="20.971109">
        <ele>102.645200</ele>
        <time>2026-08-07T19:41:29.845Z</time>
      </trkpt>
      <trkpt lat="44.352827" lon="20.971181">
        <ele>102.478905</ele>
        <time>2026-08-07T19:41:36.541Z</time>
      </trkpt>
      <trkpt lat="44.351429" lon="20.971330">
        <ele>102.151115</ele>
        <time>2026-08-07T19:42:06.596Z</time>
      </trkpt>
      <trkpt lat="44.350973" lon="20.971380">
        <ele>102.135129</ele>
        <time>2026-08-07T19:42:17.036Z</time>
      </trkpt>
      <trkpt lat="44.350816" lon="20.971401">
        <ele>102.129616</ele>
        <time>2026-08-07T19:42:20.657Z</time>
      </trkpt>
      <trkpt lat="44.350211" lon="20.971504">
        <ele>102.106514</ele>
        <time>2026-08-07T19:42:34.394Z</time>
      </trkpt>
      <trkpt lat="44.349870" lon="20.971678">
        <ele>102.091220</ele>
        <time>2026-08-07T19:42:42.682Z</time>
      </trkpt>
      <trkpt lat="44.349487" lon="20.971920">
        <ele>102.073512</ele>
        <time>2026-08-07T19:42:52.067Z</time>
      </trkpt>
      <trkpt lat="44.349215" lon="20.972082">
        <ele>102.061055</ele>
        <time>2026-08-07T19:42:58.436Z</time>
      </trkpt>
      <trkpt lat="44.348976" lon="20.972191">
        <ele>102.050463</ele>
        <time>2026-08-07T19:43:03.762Z</time>
      </trkpt>
      <trkpt lat="44.348081" lon="20.972483">
        <ele>101.934006</ele>
        <time>2026-08-07T19:43:23.600Z</time>
      </trkpt>
      <trkpt lat="44.347266" lon="20.972753">
        <ele>101.805881</ele>
        <time>2026-08-07T19:43:41.994Z</time>
      </trkpt>
      <trkpt lat="44.345733" lon="20.973256">
        <ele>101.699662</ele>
        <time>2026-08-07T19:44:16.187Z</time>
      </trkpt>
      <trkpt lat="44.345245" lon="20.973367">
        <ele>101.687185</ele>
        <time>2026-08-07T19:44:26.948Z</time>
      </trkpt>
      <trkpt lat="44.345047" lon="20.973368">
        <ele>101.910188</ele>
        <time>2026-08-07T19:44:31.516Z</time>
      </trkpt>
      <trkpt lat="44.344581" lon="20.973267">
        <ele>102.441295</ele>
        <time>2026-08-07T19:44:42.927Z</time>
      </trkpt>
      <trkpt lat="44.343738" lon="20.972997">
        <ele>103.415326</ele>
        <time>2026-08-07T19:45:06.855Z</time>
      </trkpt>
      <trkpt lat="44.343354" lon="20.972908">
        <ele>103.929815</ele>
        <time>2026-08-07T19:45:19.080Z</time>
      </trkpt>
      <trkpt lat="44.343276" lon="20.972902">
        <ele>104.061627</ele>
        <time>2026-08-07T19:45:21.597Z</time>
      </trkpt>
      <trkpt lat="44.342998" lon="20.972921">
        <ele>104.531269</ele>
        <time>2026-08-07T19:45:30.419Z</time>
      </trkpt>
      <trkpt lat="44.342744" lon="20.972989">
        <ele>104.967640</ele>
        <time>2026-08-07T19:45:38.387Z</time>
      </trkpt>
      <trkpt lat="44.342360" lon="20.973217">
        <ele>105.671577</ele>
        <time>2026-08-07T19:45:50.764Z</time>
      </trkpt>
      <trkpt lat="44.342161" lon="20.973394">
        <ele>106.069537</ele>
        <time>2026-08-07T19:45:57.438Z</time>
      </trkpt>
      <trkpt lat="44.341790" lon="20.973858">
        <ele>106.775416</ele>
        <time>2026-08-07T19:46:10.746Z</time>
      </trkpt>
      <trkpt lat="44.341506" lon="20.974455">
        <ele>106.972507</ele>
        <time>2026-08-07T19:46:23.204Z</time>
      </trkpt>
      <trkpt lat="44.341281" lon="20.975025">
        <ele>107.151470</ele>
        <time>2026-08-07T19:46:33.868Z</time>
      </trkpt>
      <trkpt lat="44.339578" lon="20.979184">
        <ele>108.102889</ele>
        <time>2026-08-07T19:47:52.342Z</time>
      </trkpt>
      <trkpt lat="44.339424" lon="20.979564">
        <ele>108.227103</ele>
        <time>2026-08-07T19:47:59.978Z</time>
      </trkpt>
      <trkpt lat="44.339353" lon="20.979740">
        <ele>108.284569</ele>
        <time>2026-08-07T19:48:03.528Z</time>
      </trkpt>
      <trkpt lat="44.339068" lon="20.980439">
        <ele>108.534483</ele>
        <time>2026-08-07T19:48:17.846Z</time>
      </trkpt>
      <trkpt lat="44.338821" lon="20.981046">
        <ele>108.805621</ele>
        <time>2026-08-07T19:48:30.406Z</time>
      </trkpt>
      <trkpt lat="44.338566" lon="20.981671">
        <ele>109.084983</ele>
        <time>2026-08-07T19:48:42.985Z</time>
      </trkpt>
      <trkpt lat="44.338150" lon="20.982704">
        <ele>109.456660</ele>
        <time>2026-08-07T19:49:03.269Z</time>
      </trkpt>
      <trkpt lat="44.337802" lon="20.983549">
        <ele>109.539046</ele>
        <time>2026-08-07T19:49:19.716Z</time>
      </trkpt>
      <trkpt lat="44.337223" lon="20.984938">
        <ele>109.450730</ele>
        <time>2026-08-07T19:49:44.894Z</time>
      </trkpt>
      <trkpt lat="44.337089" lon="20.985261">
        <ele>109.249545</ele>
        <time>2026-08-07T19:49:50.371Z</time>
      </trkpt>
      <trkpt lat="44.336727" lon="20.986179">
        <ele>108.684741</ele>
        <time>2026-08-07T19:50:04.983Z</time>
      </trkpt>
      <trkpt lat="44.336176" lon="20.987705">
        <ele>107.845593</ele>
        <time>2026-08-07T19:50:28.283Z</time>
      </trkpt>
      <trkpt lat="44.336007" lon="20.988161">
        <ele>107.611964</ele>
        <time>2026-08-07T19:50:35.499Z</time>
      </trkpt>
      <trkpt lat="44.335907" lon="20.988427">
        <ele>107.475263</ele>
        <time>2026-08-07T19:50:39.846Z</time>
      </trkpt>
      <trkpt lat="44.335903" lon="20.988437">
        <ele>107.470051</ele>
        <time>2026-08-07T19:50:40.011Z</time>
      </trkpt>
      <trkpt lat="44.335662" lon="20.989116">
        <ele>107.189265</ele>
        <time>2026-08-07T19:50:51.701Z</time>
      </trkpt>
      <trkpt lat="44.335447" lon="20.989723">
        <ele>107.848098</ele>
        <time>2026-08-07T19:51:03.421Z</time>
      </trkpt>
      <trkpt lat="44.334893" lon="20.991208">
        <ele>109.477176</ele>
        <time>2026-08-07T19:51:38.336Z</time>
      </trkpt>
      <trkpt lat="44.334599" lon="20.992071">
        <ele>110.619618</ele>
        <time>2026-08-07T19:52:00.601Z</time>
      </trkpt>
      <trkpt lat="44.334522" lon="20.992479">
        <ele>111.137105</ele>
        <time>2026-08-07T19:52:10.097Z</time>
      </trkpt>
      <trkpt lat="44.334499" lon="20.992836">
        <ele>111.576696</ele>
        <time>2026-08-07T19:52:17.993Z</time>
      </trkpt>
      <trkpt lat="44.334538" lon="20.993272">
        <ele>112.115564</ele>
        <time>2026-08-07T19:52:27.138Z</time>
      </trkpt>
      <trkpt lat="44.334720" lon="20.994942">
        <ele>112.148934</ele>
        <time>2026-08-07T19:52:54.380Z</time>
      </trkpt>
      <trkpt lat="44.334745" lon="20.995168">
        <ele>112.051257</ele>
        <time>2026-08-07T19:52:57.495Z</time>
      </trkpt>
      <trkpt lat="44.334816" lon="20.995904">
        <ele>111.734050</ele>
        <time>2026-08-07T19:53:07.235Z</time>
      </trkpt>
      <trkpt lat="44.334834" lon="20.996399">
        <ele>111.492908</ele>
        <time>2026-08-07T19:53:13.765Z</time>
      </trkpt>
      <trkpt lat="44.334825" lon="20.996772">
        <ele>111.274128</ele>
        <time>2026-08-07T19:53:18.677Z</time>
      </trkpt>
      <trkpt lat="44.334776" lon="20.997196">
        <ele>111.022353</ele>
        <time>2026-08-07T19:53:24.440Z</time>
      </trkpt>
      <trkpt lat="44.334753" lon="20.997873">
        <ele>110.625044</ele>
        <time>2026-08-07T19:53:33.977Z</time>
      </trkpt>
      <trkpt lat="44.334701" lon="20.999728">
        <ele>110.209012</ele>
        <time>2026-08-07T19:54:02.916Z</time>
      </trkpt>
      <trkpt lat="44.334612" lon="21.000575">
        <ele>110.278452</ele>
        <time>2026-08-07T19:54:16.673Z</time>
      </trkpt>
      <trkpt lat="44.334333" lon="21.002104">
        <ele>110.932827</ele>
        <time>2026-08-07T19:54:43.675Z</time>
      </trkpt>
      <trkpt lat="44.334038" lon="21.003298">
        <ele>111.752776</ele>
        <time>2026-08-07T19:55:07.960Z</time>
      </trkpt>
      <trkpt lat="44.333952" lon="21.003623">
        <ele>111.984825</ele>
        <time>2026-08-07T19:55:14.768Z</time>
      </trkpt>
      <trkpt lat="44.333896" lon="21.003836">
        <ele>112.205916</ele>
        <time>2026-08-07T19:55:19.278Z</time>
      </trkpt>
      <trkpt lat="44.333293" lon="21.006131">
        <ele>114.565389</ele>
        <time>2026-08-07T19:56:07.990Z</time>
      </trkpt>
      <trkpt lat="44.332845" lon="21.008064">
        <ele>116.289488</ele>
        <time>2026-08-07T19:56:47.711Z</time>
      </trkpt>
      <trkpt lat="44.332433" lon="21.009997">
        <ele>116.776726</ele>
        <time>2026-08-07T19:57:23.408Z</time>
      </trkpt>
      <trkpt lat="44.332251" lon="21.010727">
        <ele>116.880383</ele>
        <time>2026-08-07T19:57:34.618Z</time>
      </trkpt>
      <trkpt lat="44.331803" lon="21.012462">
        <ele>116.232053</ele>
        <time>2026-08-07T19:58:00.044Z</time>
      </trkpt>
      <trkpt lat="44.331525" lon="21.013688">
        <ele>116.321637</ele>
        <time>2026-08-07T19:58:21.762Z</time>
      </trkpt>
      <trkpt lat="44.331405" lon="21.014437">
        <ele>116.765377</ele>
        <time>2026-08-07T19:58:36.903Z</time>
      </trkpt>
      <trkpt lat="44.331148" lon="21.016771">
        <ele>117.469944</ele>
        <time>2026-08-07T19:59:20.360Z</time>
      </trkpt>
      <trkpt lat="44.331142" lon="21.017146">
        <ele>117.480768</ele>
        <time>2026-08-07T19:59:26.573Z</time>
      </trkpt>
      <trkpt lat="44.331185" lon="21.017362">
        <ele>117.487238</ele>
        <time>2026-08-07T19:59:30.056Z</time>
      </trkpt>
      <trkpt lat="44.331330" lon="21.017777">
        <ele>117.500565</ele>
        <time>2026-08-07T19:59:36.714Z</time>
      </trkpt>
      <trkpt lat="44.331638" lon="21.018408">
        <ele>116.782303</ele>
        <time>2026-08-07T19:59:46.706Z</time>
      </trkpt>
      <trkpt lat="44.332324" lon="21.019616">
        <ele>114.602719</ele>
        <time>2026-08-07T20:00:05.107Z</time>
      </trkpt>
      <trkpt lat="44.332493" lon="21.020079">
        <ele>113.969423</ele>
        <time>2026-08-07T20:00:11.742Z</time>
      </trkpt>
      <trkpt lat="44.332557" lon="21.020477">
        <ele>114.069053</ele>
        <time>2026-08-07T20:00:17.622Z</time>
      </trkpt>
      <trkpt lat="44.332567" lon="21.021074">
        <ele>114.214900</ele>
        <time>2026-08-07T20:00:27.703Z</time>
      </trkpt>
      <trkpt lat="44.332509" lon="21.022181">
        <ele>114.485990</ele>
        <time>2026-08-07T20:00:49.328Z</time>
      </trkpt>
      <trkpt lat="44.332474" lon="21.022911">
        <ele>114.579376</ele>
        <time>2026-08-07T20:01:03.314Z</time>
      </trkpt>
      <trkpt lat="44.332463" lon="21.023112">
        <ele>114.584881</ele>
        <time>2026-08-07T20:01:06.841Z</time>
      </trkpt>
      <trkpt lat="44.332439" lon="21.023540">
        <ele>114.596605</ele>
        <time>2026-08-07T20:01:13.815Z</time>
      </trkpt>
      <trkpt lat="44.332371" lon="21.024915">
        <ele>114.634242</ele>
        <time>2026-08-07T20:01:34.120Z</time>
      </trkpt>
      <trkpt lat="44.332359" lon="21.025232">
        <ele>114.617293</ele>
        <time>2026-08-07T20:01:38.866Z</time>
      </trkpt>
      <trkpt lat="44.332346" lon="21.026384">
        <ele>114.505007</ele>
        <time>2026-08-07T20:01:56.447Z</time>
      </trkpt>
      <trkpt lat="44.332336" lon="21.027087">
        <ele>114.436481</ele>
        <time>2026-08-07T20:02:07.618Z</time>
      </trkpt>
      <trkpt lat="44.332317" lon="21.027845">
        <ele>114.387266</ele>
        <time>2026-08-07T20:02:20.056Z</time>
      </trkpt>
      <trkpt lat="44.332309" lon="21.028146">
        <ele>114.382344</ele>
        <time>2026-08-07T20:02:25.015Z</time>
      </trkpt>
      <trkpt lat="44.332303" lon="21.028428">
        <ele>114.377734</ele>
        <time>2026-08-07T20:02:29.670Z</time>
      </trkpt>
      <trkpt lat="44.332294" lon="21.028824">
        <ele>114.371261</ele>
        <time>2026-08-07T20:02:36.179Z</time>
      </trkpt>
      <trkpt lat="44.332265" lon="21.030070">
        <ele>114.328681</ele>
        <time>2026-08-07T20:02:55.797Z</time>
      </trkpt>
      <trkpt lat="44.332257" lon="21.030431">
        <ele>113.827428</ele>
        <time>2026-08-07T20:03:01.049Z</time>
      </trkpt>
      <trkpt lat="44.332253" lon="21.030628">
        <ele>113.553912</ele>
        <time>2026-08-07T20:03:03.828Z</time>
      </trkpt>
      <trkpt lat="44.332242" lon="21.031074">
        <ele>112.934565</ele>
        <time>2026-08-07T20:03:09.806Z</time>
      </trkpt>
      <trkpt lat="44.332238" lon="21.031297">
        <ele>112.624978</ele>
        <time>2026-08-07T20:03:12.675Z</time>
      </trkpt>
      <trkpt lat="44.332249" lon="21.032142">
        <ele>111.452053</ele>
        <time>2026-08-07T20:03:22.906Z</time>
      </trkpt>
      <trkpt lat="44.332436" lon="21.034097">
        <ele>107.795560</ele>
        <time>2026-08-07T20:03:45.528Z</time>
      </trkpt>
      <trkpt lat="44.332566" lon="21.035314">
        <ele>105.805083</ele>
        <time>2026-08-07T20:04:00.998Z</time>
      </trkpt>
      <trkpt lat="44.332647" lon="21.035605">
        <ele>105.719083</ele>
        <time>2026-08-07T20:04:05.383Z</time>
      </trkpt>
      <trkpt lat="44.332803" lon="21.035857">
        <ele>105.627297</ele>
        <time>2026-08-07T20:04:10.180Z</time>
      </trkpt>
      <trkpt lat="44.333490" lon="21.036626">
        <ele>105.288438</ele>
        <time>2026-08-07T20:04:29.021Z</time>
      </trkpt>
      <trkpt lat="44.333700" lon="21.036939">
        <ele>105.206785</ele>
        <time>2026-08-07T20:04:37.263Z</time>
      </trkpt>
      <trkpt lat="44.333769" lon="21.037114">
        <ele>105.288910</ele>
        <time>2026-08-07T20:04:41.171Z</time>
      </trkpt>
      <trkpt lat="44.333826" lon="21.037311">
        <ele>105.376247</ele>
        <time>2026-08-07T20:04:45.240Z</time>
      </trkpt>
      <trkpt lat="44.333911" lon="21.037601">
        <ele>105.505050</ele>
        <time>2026-08-07T20:04:51.071Z</time>
      </trkpt>
      <trkpt lat="44.334100" lon="21.038299">
        <ele>105.811781</ele>
        <time>2026-08-07T20:05:04.738Z</time>
      </trkpt>
      <trkpt lat="44.334280" lon="21.039021">
        <ele>106.126016</ele>
        <time>2026-08-07T20:05:18.212Z</time>
      </trkpt>
      <trkpt lat="44.334350" lon="21.039494">
        <ele>106.154580</ele>
        <time>2026-08-07T20:05:25.864Z</time>
      </trkpt>
      <trkpt lat="44.334276" lon="21.040518">
        <ele>105.900451</ele>
        <time>2026-08-07T20:05:40.592Z</time>
      </trkpt>
      <trkpt lat="44.334177" lon="21.041663">
        <ele>105.615674</ele>
        <time>2026-08-07T20:05:57.542Z</time>
      </trkpt>
      <trkpt lat="44.334158" lon="21.042154">
        <ele>105.678015</ele>
        <time>2026-08-07T20:06:05.266Z</time>
      </trkpt>
      <trkpt lat="44.334278" lon="21.042865">
        <ele>105.818803</ele>
        <time>2026-08-07T20:06:16.972Z</time>
      </trkpt>
      <trkpt lat="44.334573" lon="21.044507">
        <ele>106.405587</ele>
        <time>2026-08-07T20:06:46.225Z</time>
      </trkpt>
      <trkpt lat="44.334762" lon="21.045890">
        <ele>107.799069</ele>
        <time>2026-08-07T20:07:13.701Z</time>
      </trkpt>
      <trkpt lat="44.334840" lon="21.046488">
        <ele>108.400655</ele>
        <time>2026-08-07T20:07:26.560Z</time>
      </trkpt>
      <trkpt lat="44.334872" lon="21.047026">
        <ele>108.994847</ele>
        <time>2026-08-07T20:07:38.754Z</time>
      </trkpt>
      <trkpt lat="44.334890" lon="21.047665">
        <ele>109.731854</ele>
        <time>2026-08-07T20:07:53.246Z</time>
      </trkpt>
      <trkpt lat="44.334962" lon="21.048346">
        <ele>110.525222</ele>
        <time>2026-08-07T20:08:08.504Z</time>
      </trkpt>
      <trkpt lat="44.335109" lon="21.048993">
        <ele>111.307591</ele>
        <time>2026-08-07T20:08:21.725Z</time>
      </trkpt>
      <trkpt lat="44.335310" lon="21.049560">
        <ele>111.196829</ele>
        <time>2026-08-07T20:08:31.922Z</time>
      </trkpt>
      <trkpt lat="44.335492" lon="21.049944">
        <ele>110.942603</ele>
        <time>2026-08-07T20:08:38.213Z</time>
      </trkpt>
      <trkpt lat="44.335915" lon="21.050719">
        <ele>110.404594</ele>
        <time>2026-08-07T20:08:50.942Z</time>
      </trkpt>
      <trkpt lat="44.336226" lon="21.051290">
        <ele>110.040382</ele>
        <time>2026-08-07T20:09:00.892Z</time>
      </trkpt>
      <trkpt lat="44.336293" lon="21.051468">
        <ele>109.978145</ele>
        <time>2026-08-07T20:09:03.701Z</time>
      </trkpt>
      <trkpt lat="44.336518" lon="21.052430">
        <ele>109.664978</ele>
        <time>2026-08-07T20:09:18.156Z</time>
      </trkpt>
      <trkpt lat="44.336730" lon="21.053408">
        <ele>109.348780</ele>
        <time>2026-08-07T20:09:33.849Z</time>
      </trkpt>
      <trkpt lat="44.336698" lon="21.054531">
        <ele>110.283105</ele>
        <time>2026-08-07T20:09:53.457Z</time>
      </trkpt>
      <trkpt lat="44.336706" lon="21.054993">
        <ele>110.747282</ele>
        <time>2026-08-07T20:10:02.984Z</time>
      </trkpt>
      <trkpt lat="44.336719" lon="21.055639">
        <ele>111.396394</ele>
        <time>2026-08-07T20:10:16.366Z</time>
      </trkpt>
      <trkpt lat="44.336802" lon="21.056557">
        <ele>113.150332</ele>
        <time>2026-08-07T20:10:37.979Z</time>
      </trkpt>
      <trkpt lat="44.336824" lon="21.057118">
        <ele>114.650922</ele>
        <time>2026-08-07T20:10:52.128Z</time>
      </trkpt>
      <trkpt lat="44.336798" lon="21.057353">
        <ele>115.286033</ele>
        <time>2026-08-07T20:10:58.366Z</time>
      </trkpt>
      <trkpt lat="44.336679" lon="21.057925">
        <ele>116.877068</ele>
        <time>2026-08-07T20:11:14.728Z</time>
      </trkpt>
      <trkpt lat="44.336608" lon="21.058268">
        <ele>117.830761</ele>
        <time>2026-08-07T20:11:25.074Z</time>
      </trkpt>
      <trkpt lat="44.336466" lon="21.058977">
        <ele>119.881886</ele>
        <time>2026-08-07T20:11:48.555Z</time>
      </trkpt>
      <trkpt lat="44.336246" lon="21.060158">
        <ele>123.361784</ele>
        <time>2026-08-07T20:12:24.624Z</time>
      </trkpt>
      <trkpt lat="44.335999" lon="21.061654">
        <ele>125.796513</ele>
        <time>2026-08-07T20:12:59.372Z</time>
      </trkpt>
      <trkpt lat="44.335811" lon="21.063078">
        <ele>125.961213</ele>
        <time>2026-08-07T20:13:21.137Z</time>
      </trkpt>
      <trkpt lat="44.335807" lon="21.063394">
        <ele>125.997160</ele>
        <time>2026-08-07T20:13:25.240Z</time>
      </trkpt>
      <trkpt lat="44.335760" lon="21.063672">
        <ele>125.566133</ele>
        <time>2026-08-07T20:13:28.867Z</time>
      </trkpt>
      <trkpt lat="44.335616" lon="21.064586">
        <ele>123.901008</ele>
        <time>2026-08-07T20:13:40.382Z</time>
      </trkpt>
      <trkpt lat="44.335518" lon="21.065950">
        <ele>121.462419</ele>
        <time>2026-08-07T20:13:56.485Z</time>
      </trkpt>
      <trkpt lat="44.335376" lon="21.067014">
        <ele>119.548107</ele>
        <time>2026-08-07T20:14:09.327Z</time>
      </trkpt>
      <trkpt lat="44.335362" lon="21.067122">
        <ele>119.353981</ele>
        <time>2026-08-07T20:14:10.641Z</time>
      </trkpt>
      <trkpt lat="44.335308" lon="21.067451">
        <ele>118.756973</ele>
        <time>2026-08-07T20:14:14.925Z</time>
      </trkpt>
      <trkpt lat="44.335299" lon="21.067519">
        <ele>118.634664</ele>
        <time>2026-08-07T20:14:15.819Z</time>
      </trkpt>
      <trkpt lat="44.335246" lon="21.067918">
        <ele>117.916907</ele>
        <time>2026-08-07T20:14:21.156Z</time>
      </trkpt>
      <trkpt lat="44.335152" lon="21.068612">
        <ele>116.838440</ele>
        <time>2026-08-07T20:14:30.664Z</time>
      </trkpt>
      <trkpt lat="44.335072" lon="21.069272">
        <ele>116.144554</ele>
        <time>2026-08-07T20:14:39.660Z</time>
      </trkpt>
      <trkpt lat="44.334812" lon="21.070530">
        <ele>114.787208</ele>
        <time>2026-08-07T20:14:57.600Z</time>
      </trkpt>
      <trkpt lat="44.334640" lon="21.071362">
        <ele>114.555202</ele>
        <time>2026-08-07T20:15:10.496Z</time>
      </trkpt>
      <trkpt lat="44.334553" lon="21.071760">
        <ele>114.615417</ele>
        <time>2026-08-07T20:15:31.180Z</time>
      </trkpt>
      <trkpt lat="44.334553" lon="21.071760">
        <ele>114.615417</ele>
        <time>2026-08-07T20:15:31.187Z</time>
      </trkpt>
      <trkpt lat="44.334503" lon="21.071739">
        <ele>114.625977</ele>
        <time>2026-08-07T20:15:32.537Z</time>
      </trkpt>
      <trkpt lat="44.334366" lon="21.072352">
        <ele>114.718899</ele>
        <time>2026-08-07T20:15:44.416Z</time>
      </trkpt>
      <trkpt lat="44.334229" lon="21.072965">
        <ele>114.811821</ele>
        <time>2026-08-07T20:15:56.295Z</time>
      </trkpt>
      <trkpt lat="44.334140" lon="21.073588">
        <ele>114.837494</ele>
        <time>2026-08-07T20:16:08.047Z</time>
      </trkpt>
      <trkpt lat="44.334051" lon="21.074212">
        <ele>114.837494</ele>
        <time>2026-08-07T20:16:19.816Z</time>
      </trkpt>
      <trkpt lat="44.334077" lon="21.074217">
        <ele>114.837494</ele>
        <time>2026-08-07T20:16:20.498Z</time>
      </trkpt>
      <trkpt lat="44.334064" lon="21.074339">
        <ele>114.837494</ele>
        <time>2026-08-07T20:16:26.620Z</time>
      </trkpt>
      <trkpt lat="44.334092" lon="21.074348">
        <ele>114.837494</ele>
        <time>2026-08-07T20:16:27.523Z</time>
      </trkpt>
      <trkpt lat="44.334066" lon="21.075503">
        <ele>114.837494</ele>
        <time>2026-08-07T20:17:24.967Z</time>
      </trkpt>
    </trkseg>
  </trk>
</gpx>