<?xml version='1.0' encoding='UTF-8'?>
<gpx version="1.1" creator="https://www.komoot.de" xmlns="http://www.topografix.com/GPX/1/1" xmlns:xsi="http://www.w3.org/2001/XMLSchema-instance" xsi:schemaLocation="http://www.topografix.com/GPX/1/1 http://www.topografix.com/GPX/1/1/gpx.xsd">
  <metadata>
    <name>von Sofia nach Dolna Banja</name>
    <author>
      <link href="https://www.komoot.de">
        <text>komoot</text>
        <type>text/html</type>
      </link>
    </author>
  </metadata>
  <trk>
    <name>von Sofia nach Dolna Banja</name>
    <trkseg>
      <trkpt lat="42.682486" lon="23.345860">
        <ele>572.099062</ele>
        <time>2026-05-11T17:36:16.559Z</time>
      </trkpt>
      <trkpt lat="42.682025" lon="23.345617">
        <ele>572.099062</ele>
        <time>2026-05-11T17:36:31.840Z</time>
      </trkpt>
      <trkpt lat="42.681686" lon="23.345394">
        <ele>572.099062</ele>
        <time>2026-05-11T17:36:44.010Z</time>
      </trkpt>
      <trkpt lat="42.681626" lon="23.345362">
        <ele>572.217777</ele>
        <time>2026-05-11T17:36:46.142Z</time>
      </trkpt>
      <trkpt lat="42.680951" lon="23.344533">
        <ele>575.209820</ele>
        <time>2026-05-11T17:37:16.767Z</time>
      </trkpt>
      <trkpt lat="42.680759" lon="23.344303">
        <ele>576.051549</ele>
        <time>2026-05-11T17:37:25.558Z</time>
      </trkpt>
      <trkpt lat="42.680366" lon="23.343835">
        <ele>577.770028</ele>
        <time>2026-05-11T17:37:46.089Z</time>
      </trkpt>
      <trkpt lat="42.680155" lon="23.343588">
        <ele>578.657246</ele>
        <time>2026-05-11T17:37:57.411Z</time>
      </trkpt>
      <trkpt lat="42.680084" lon="23.343506">
        <ele>578.950557</ele>
        <time>2026-05-11T17:38:01.325Z</time>
      </trkpt>
      <trkpt lat="42.679623" lon="23.343883">
        <ele>580.644484</ele>
        <time>2026-05-11T17:38:22.802Z</time>
      </trkpt>
      <trkpt lat="42.679594" lon="23.343905">
        <ele>580.749052</ele>
        <time>2026-05-11T17:38:24.094Z</time>
      </trkpt>
      <trkpt lat="42.679523" lon="23.343973">
        <ele>581.022505</ele>
        <time>2026-05-11T17:38:27.288Z</time>
      </trkpt>
      <trkpt lat="42.679340" lon="23.344242">
        <ele>581.871009</ele>
        <time>2026-05-11T17:38:36.979Z</time>
      </trkpt>
      <trkpt lat="42.679281" lon="23.344318">
        <ele>582.126900</ele>
        <time>2026-05-11T17:38:39.801Z</time>
      </trkpt>
      <trkpt lat="42.679138" lon="23.344500">
        <ele>582.743615</ele>
        <time>2026-05-11T17:38:46.221Z</time>
      </trkpt>
      <trkpt lat="42.679073" lon="23.344582">
        <ele>583.022792</ele>
        <time>2026-05-11T17:38:48.884Z</time>
      </trkpt>
      <trkpt lat="42.678941" lon="23.344746">
        <ele>583.585781</ele>
        <time>2026-05-11T17:38:53.785Z</time>
      </trkpt>
      <trkpt lat="42.678646" lon="23.345118">
        <ele>583.974995</ele>
        <time>2026-05-11T17:39:02.752Z</time>
      </trkpt>
      <trkpt lat="42.678618" lon="23.345120">
        <ele>583.997154</ele>
        <time>2026-05-11T17:39:03.333Z</time>
      </trkpt>
      <trkpt lat="42.678619" lon="23.345151">
        <ele>584.015182</ele>
        <time>2026-05-11T17:39:03.807Z</time>
      </trkpt>
      <trkpt lat="42.678571" lon="23.345213">
        <ele>584.067495</ele>
        <time>2026-05-11T17:39:05.158Z</time>
      </trkpt>
      <trkpt lat="42.678365" lon="23.345477">
        <ele>584.291171</ele>
        <time>2026-05-11T17:39:10.917Z</time>
      </trkpt>
      <trkpt lat="42.678343" lon="23.345473">
        <ele>584.308712</ele>
        <time>2026-05-11T17:39:11.379Z</time>
      </trkpt>
      <trkpt lat="42.678339" lon="23.345510">
        <ele>584.330440</ele>
        <time>2026-05-11T17:39:11.928Z</time>
      </trkpt>
      <trkpt lat="42.678080" lon="23.345844">
        <ele>584.612494</ele>
        <time>2026-05-11T17:39:19.428Z</time>
      </trkpt>
      <trkpt lat="42.678058" lon="23.345841">
        <ele>584.629968</ele>
        <time>2026-05-11T17:39:19.925Z</time>
      </trkpt>
      <trkpt lat="42.678002" lon="23.345911">
        <ele>584.690074</ele>
        <time>2026-05-11T17:39:21.680Z</time>
      </trkpt>
      <trkpt lat="42.678002" lon="23.345942">
        <ele>584.708085</ele>
        <time>2026-05-11T17:39:22.227Z</time>
      </trkpt>
      <trkpt lat="42.677917" lon="23.346055">
        <ele>584.802016</ele>
        <time>2026-05-11T17:39:25.102Z</time>
      </trkpt>
      <trkpt lat="42.677728" lon="23.346298">
        <ele>585.007548</ele>
        <time>2026-05-11T17:39:32.072Z</time>
      </trkpt>
      <trkpt lat="42.677290" lon="23.345707">
        <ele>587.762779</ele>
        <time>2026-05-11T17:39:53.861Z</time>
      </trkpt>
      <trkpt lat="42.677110" lon="23.345470">
        <ele>589.104072</ele>
        <time>2026-05-11T17:40:04.661Z</time>
      </trkpt>
      <trkpt lat="42.676912" lon="23.345206">
        <ele>590.588560</ele>
        <time>2026-05-11T17:40:17.718Z</time>
      </trkpt>
      <trkpt lat="42.676733" lon="23.344973">
        <ele>591.915081</ele>
        <time>2026-05-11T17:40:29.700Z</time>
      </trkpt>
      <trkpt lat="42.676211" lon="23.344298">
        <ele>595.961278</ele>
        <time>2026-05-11T17:41:06.885Z</time>
      </trkpt>
      <trkpt lat="42.675962" lon="23.343987">
        <ele>598.102192</ele>
        <time>2026-05-11T17:41:24.775Z</time>
      </trkpt>
      <trkpt lat="42.675941" lon="23.343957">
        <ele>598.295061</ele>
        <time>2026-05-11T17:41:26.412Z</time>
      </trkpt>
      <trkpt lat="42.675931" lon="23.343922">
        <ele>598.469897</ele>
        <time>2026-05-11T17:41:27.862Z</time>
      </trkpt>
      <trkpt lat="42.675851" lon="23.343842">
        <ele>599.098733</ele>
        <time>2026-05-11T17:41:32.956Z</time>
      </trkpt>
      <trkpt lat="42.675742" lon="23.343706">
        <ele>600.035480</ele>
        <time>2026-05-11T17:41:40.369Z</time>
      </trkpt>
      <trkpt lat="42.675720" lon="23.343678">
        <ele>600.226290</ele>
        <time>2026-05-11T17:41:41.886Z</time>
      </trkpt>
      <trkpt lat="42.675592" lon="23.343512">
        <ele>601.346341</ele>
        <time>2026-05-11T17:41:53.162Z</time>
      </trkpt>
      <trkpt lat="42.675167" lon="23.342955">
        <ele>605.084046</ele>
        <time>2026-05-11T17:42:28.898Z</time>
      </trkpt>
      <trkpt lat="42.674756" lon="23.342458">
        <ele>606.898203</ele>
        <time>2026-05-11T17:42:59.352Z</time>
      </trkpt>
      <trkpt lat="42.674444" lon="23.342046">
        <ele>607.771420</ele>
        <time>2026-05-11T17:43:19.984Z</time>
      </trkpt>
      <trkpt lat="42.674029" lon="23.341553">
        <ele>608.877875</ele>
        <time>2026-05-11T17:43:42.429Z</time>
      </trkpt>
      <trkpt lat="42.673399" lon="23.340680">
        <ele>609.521567</ele>
        <time>2026-05-11T17:44:15.137Z</time>
      </trkpt>
      <trkpt lat="42.673318" lon="23.340753">
        <ele>609.477614</ele>
        <time>2026-05-11T17:44:17.376Z</time>
      </trkpt>
      <trkpt lat="42.672685" lon="23.341469">
        <ele>609.105210</ele>
        <time>2026-05-11T17:44:36.702Z</time>
      </trkpt>
      <trkpt lat="42.672270" lon="23.341992">
        <ele>608.424235</ele>
        <time>2026-05-11T17:44:49.540Z</time>
      </trkpt>
      <trkpt lat="42.671886" lon="23.342510">
        <ele>606.742718</ele>
        <time>2026-05-11T17:45:00.490Z</time>
      </trkpt>
      <trkpt lat="42.671303" lon="23.343307">
        <ele>604.172729</ele>
        <time>2026-05-11T17:45:15.357Z</time>
      </trkpt>
      <trkpt lat="42.670728" lon="23.344189">
        <ele>600.001726</ele>
        <time>2026-05-11T17:45:29.953Z</time>
      </trkpt>
      <trkpt lat="42.670728" lon="23.344189">
        <ele>600.001726</ele>
        <time>2026-05-11T17:45:29.959Z</time>
      </trkpt>
      <trkpt lat="42.670728" lon="23.344189">
        <ele>600.001726</ele>
        <time>2026-05-11T17:45:29.959Z</time>
      </trkpt>
      <trkpt lat="42.670684" lon="23.344166">
        <ele>599.738307</ele>
        <time>2026-05-11T17:45:31.180Z</time>
      </trkpt>
      <trkpt lat="42.670105" lon="23.344016">
        <ele>596.444523</ele>
        <time>2026-05-11T17:45:46.443Z</time>
      </trkpt>
      <trkpt lat="42.669504" lon="23.343909">
        <ele>593.080945</ele>
        <time>2026-05-11T17:46:02.139Z</time>
      </trkpt>
      <trkpt lat="42.668999" lon="23.343823">
        <ele>590.540991</ele>
        <time>2026-05-11T17:46:15.315Z</time>
      </trkpt>
      <trkpt lat="42.668495" lon="23.343737">
        <ele>588.005988</ele>
        <time>2026-05-11T17:46:28.463Z</time>
      </trkpt>
      <trkpt lat="42.668519" lon="23.343679">
        <ele>587.761766</ele>
        <time>2026-05-11T17:46:29.742Z</time>
      </trkpt>
      <trkpt lat="42.668677" lon="23.343439">
        <ele>586.579656</ele>
        <time>2026-05-11T17:46:36.301Z</time>
      </trkpt>
      <trkpt lat="42.668455" lon="23.343497">
        <ele>585.451476</ele>
        <time>2026-05-11T17:46:42.376Z</time>
      </trkpt>
      <trkpt lat="42.668150" lon="23.343421">
        <ele>584.087270</ele>
        <time>2026-05-11T17:46:51.012Z</time>
      </trkpt>
      <trkpt lat="42.667856" lon="23.343349">
        <ele>583.283192</ele>
        <time>2026-05-11T17:46:59.674Z</time>
      </trkpt>
      <trkpt lat="42.667702" lon="23.343295">
        <ele>582.855118</ele>
        <time>2026-05-11T17:47:04.777Z</time>
      </trkpt>
      <trkpt lat="42.667541" lon="23.343248">
        <ele>582.411888</ele>
        <time>2026-05-11T17:47:09.862Z</time>
      </trkpt>
      <trkpt lat="42.667499" lon="23.343445">
        <ele>582.005931</ele>
        <time>2026-05-11T17:47:14.485Z</time>
      </trkpt>
      <trkpt lat="42.667240" lon="23.343327">
        <ele>581.270709</ele>
        <time>2026-05-11T17:47:33.492Z</time>
      </trkpt>
      <trkpt lat="42.666832" lon="23.343226">
        <ele>580.154463</ele>
        <time>2026-05-11T17:48:02.346Z</time>
      </trkpt>
      <trkpt lat="42.666755" lon="23.343268">
        <ele>579.931155</ele>
        <time>2026-05-11T17:48:03.782Z</time>
      </trkpt>
      <trkpt lat="42.666636" lon="23.343033">
        <ele>579.382613</ele>
        <time>2026-05-11T17:48:09.018Z</time>
      </trkpt>
      <trkpt lat="42.666489" lon="23.342820">
        <ele>578.903969</ele>
        <time>2026-05-11T17:48:14.254Z</time>
      </trkpt>
      <trkpt lat="42.666106" lon="23.342370">
        <ele>577.776125</ele>
        <time>2026-05-11T17:48:26.414Z</time>
      </trkpt>
      <trkpt lat="42.666041" lon="23.342292">
        <ele>577.582960</ele>
        <time>2026-05-11T17:48:28.519Z</time>
      </trkpt>
      <trkpt lat="42.665743" lon="23.342549">
        <ele>576.796655</ele>
        <time>2026-05-11T17:48:34.417Z</time>
      </trkpt>
      <trkpt lat="42.665762" lon="23.342650">
        <ele>576.625834</ele>
        <time>2026-05-11T17:48:35.671Z</time>
      </trkpt>
      <trkpt lat="42.665838" lon="23.343051">
        <ele>575.947310</ele>
        <time>2026-05-11T17:48:40.796Z</time>
      </trkpt>
      <trkpt lat="42.665762" lon="23.342650">
        <ele>575.372066</ele>
        <time>2026-05-11T17:48:45.995Z</time>
      </trkpt>
      <trkpt lat="42.665743" lon="23.342549">
        <ele>575.297255</ele>
        <time>2026-05-11T17:48:47.357Z</time>
      </trkpt>
      <trkpt lat="42.665618" lon="23.342652">
        <ele>575.154623</ele>
        <time>2026-05-11T17:48:49.893Z</time>
      </trkpt>
      <trkpt lat="42.664780" lon="23.343302">
        <ele>574.213153</ele>
        <time>2026-05-11T17:49:08.546Z</time>
      </trkpt>
      <trkpt lat="42.664570" lon="23.343465">
        <ele>573.977183</ele>
        <time>2026-05-11T17:49:13.405Z</time>
      </trkpt>
      <trkpt lat="42.664498" lon="23.343522">
        <ele>573.895880</ele>
        <time>2026-05-11T17:49:15.111Z</time>
      </trkpt>
      <trkpt lat="42.664175" lon="23.343778">
        <ele>574.015619</ele>
        <time>2026-05-11T17:49:23.783Z</time>
      </trkpt>
      <trkpt lat="42.663941" lon="23.343962">
        <ele>574.520868</ele>
        <time>2026-05-11T17:49:30.676Z</time>
      </trkpt>
      <trkpt lat="42.663801" lon="23.344071">
        <ele>574.822410</ele>
        <time>2026-05-11T17:49:35.010Z</time>
      </trkpt>
      <trkpt lat="42.663733" lon="23.344130">
        <ele>574.973183</ele>
        <time>2026-05-11T17:49:37.267Z</time>
      </trkpt>
      <trkpt lat="42.663680" lon="23.344176">
        <ele>575.090708</ele>
        <time>2026-05-11T17:49:39.007Z</time>
      </trkpt>
      <trkpt lat="42.663424" lon="23.344432">
        <ele>575.684674</ele>
        <time>2026-05-11T17:49:48.041Z</time>
      </trkpt>
      <trkpt lat="42.663253" lon="23.344601">
        <ele>576.079803</ele>
        <time>2026-05-11T17:49:54.683Z</time>
      </trkpt>
      <trkpt lat="42.662929" lon="23.344924">
        <ele>576.830729</ele>
        <time>2026-05-11T17:50:08.050Z</time>
      </trkpt>
      <trkpt lat="42.662751" lon="23.345099">
        <ele>577.543614</ele>
        <time>2026-05-11T17:50:16.067Z</time>
      </trkpt>
      <trkpt lat="42.662700" lon="23.345152">
        <ele>577.862889</ele>
        <time>2026-05-11T17:50:18.480Z</time>
      </trkpt>
      <trkpt lat="42.662659" lon="23.345193">
        <ele>578.116034</ele>
        <time>2026-05-11T17:50:20.508Z</time>
      </trkpt>
      <trkpt lat="42.662402" lon="23.345442">
        <ele>579.685659</ele>
        <time>2026-05-11T17:50:33.914Z</time>
      </trkpt>
      <trkpt lat="42.661944" lon="23.345888">
        <ele>582.487695</ele>
        <time>2026-05-11T17:50:59.413Z</time>
      </trkpt>
      <trkpt lat="42.661607" lon="23.346217">
        <ele>584.551227</ele>
        <time>2026-05-11T17:51:17.913Z</time>
      </trkpt>
      <trkpt lat="42.661346" lon="23.346460">
        <ele>586.093497</ele>
        <time>2026-05-11T17:51:31.609Z</time>
      </trkpt>
      <trkpt lat="42.661294" lon="23.346507">
        <ele>586.322611</ele>
        <time>2026-05-11T17:51:34.268Z</time>
      </trkpt>
      <trkpt lat="42.660780" lon="23.346895">
        <ele>588.479809</ele>
        <time>2026-05-11T17:51:58.710Z</time>
      </trkpt>
      <trkpt lat="42.660759" lon="23.346911">
        <ele>588.568138</ele>
        <time>2026-05-11T17:51:59.604Z</time>
      </trkpt>
      <trkpt lat="42.660575" lon="23.347052">
        <ele>589.343138</ele>
        <time>2026-05-11T17:52:07.191Z</time>
      </trkpt>
      <trkpt lat="42.660214" lon="23.347321">
        <ele>590.853648</ele>
        <time>2026-05-11T17:52:20.979Z</time>
      </trkpt>
      <trkpt lat="42.659937" lon="23.347529">
        <ele>592.014754</ele>
        <time>2026-05-11T17:52:31.515Z</time>
      </trkpt>
      <trkpt lat="42.659739" lon="23.347602">
        <ele>592.702996</ele>
        <time>2026-05-11T17:52:38.376Z</time>
      </trkpt>
      <trkpt lat="42.659616" lon="23.347687">
        <ele>593.006999</ele>
        <time>2026-05-11T17:52:42.888Z</time>
      </trkpt>
      <trkpt lat="42.659533" lon="23.347747">
        <ele>593.214114</ele>
        <time>2026-05-11T17:52:45.858Z</time>
      </trkpt>
      <trkpt lat="42.659443" lon="23.347812">
        <ele>593.438650</ele>
        <time>2026-05-11T17:52:49.075Z</time>
      </trkpt>
      <trkpt lat="42.659307" lon="23.347967">
        <ele>593.829639</ele>
        <time>2026-05-11T17:52:54.501Z</time>
      </trkpt>
      <trkpt lat="42.658987" lon="23.348177">
        <ele>594.612529</ele>
        <time>2026-05-11T17:53:05.260Z</time>
      </trkpt>
      <trkpt lat="42.658789" lon="23.348303">
        <ele>595.094205</ele>
        <time>2026-05-11T17:53:12.054Z</time>
      </trkpt>
      <trkpt lat="42.658723" lon="23.348345">
        <ele>595.254763</ele>
        <time>2026-05-11T17:53:14.302Z</time>
      </trkpt>
      <trkpt lat="42.658645" lon="23.348392">
        <ele>595.442743</ele>
        <time>2026-05-11T17:53:17.000Z</time>
      </trkpt>
      <trkpt lat="42.658545" lon="23.348457">
        <ele>595.686958</ele>
        <time>2026-05-11T17:53:20.459Z</time>
      </trkpt>
      <trkpt lat="42.658042" lon="23.348776">
        <ele>596.737541</ele>
        <time>2026-05-11T17:53:37.527Z</time>
      </trkpt>
      <trkpt lat="42.657908" lon="23.348864">
        <ele>596.899632</ele>
        <time>2026-05-11T17:53:41.865Z</time>
      </trkpt>
      <trkpt lat="42.657203" lon="23.349323">
        <ele>597.751039</ele>
        <time>2026-05-11T17:54:03.412Z</time>
      </trkpt>
      <trkpt lat="42.656977" lon="23.349452">
        <ele>598.018019</ele>
        <time>2026-05-11T17:54:09.644Z</time>
      </trkpt>
      <trkpt lat="42.656846" lon="23.349495">
        <ele>598.164810</ele>
        <time>2026-05-11T17:54:13.062Z</time>
      </trkpt>
      <trkpt lat="42.656609" lon="23.349554">
        <ele>598.427253</ele>
        <time>2026-05-11T17:54:18.938Z</time>
      </trkpt>
      <trkpt lat="42.656553" lon="23.349979">
        <ele>598.547718</ele>
        <time>2026-05-11T17:54:41.002Z</time>
      </trkpt>
      <trkpt lat="42.656554" lon="23.350142">
        <ele>598.558105</ele>
        <time>2026-05-11T17:54:49.349Z</time>
      </trkpt>
      <trkpt lat="42.656570" lon="23.350253">
        <ele>598.565313</ele>
        <time>2026-05-11T17:54:55.143Z</time>
      </trkpt>
      <trkpt lat="42.656272" lon="23.350591">
        <ele>598.598936</ele>
        <time>2026-05-11T17:55:22.068Z</time>
      </trkpt>
      <trkpt lat="42.655992" lon="23.350926">
        <ele>598.631251</ele>
        <time>2026-05-11T17:55:48.025Z</time>
      </trkpt>
      <trkpt lat="42.655595" lon="23.351435">
        <ele>598.678528</ele>
        <time>2026-05-11T17:56:25.956Z</time>
      </trkpt>
      <trkpt lat="42.655194" lon="23.351437">
        <ele>598.846416</ele>
        <time>2026-05-11T17:56:53.804Z</time>
      </trkpt>
      <trkpt lat="42.654925" lon="23.351428">
        <ele>598.976064</ele>
        <time>2026-05-11T17:57:12.526Z</time>
      </trkpt>
      <trkpt lat="42.653577" lon="23.351483">
        <ele>599.399816</ele>
        <time>2026-05-11T17:58:46.210Z</time>
      </trkpt>
      <trkpt lat="42.653063" lon="23.351463">
        <ele>598.902375</ele>
        <time>2026-05-11T17:59:21.967Z</time>
      </trkpt>
      <trkpt lat="42.652435" lon="23.351489">
        <ele>598.294573</ele>
        <time>2026-05-11T18:00:05.660Z</time>
      </trkpt>
      <trkpt lat="42.652319" lon="23.351568">
        <ele>598.169066</ele>
        <time>2026-05-11T18:00:14.636Z</time>
      </trkpt>
      <trkpt lat="42.651846" lon="23.351586">
        <ele>597.530335</ele>
        <time>2026-05-11T18:00:47.514Z</time>
      </trkpt>
      <trkpt lat="42.651843" lon="23.351644">
        <ele>597.413646</ele>
        <time>2026-05-11T18:00:50.503Z</time>
      </trkpt>
      <trkpt lat="42.651819" lon="23.352055">
        <ele>596.586199</ele>
        <time>2026-05-11T18:01:11.584Z</time>
      </trkpt>
      <trkpt lat="42.651771" lon="23.352872">
        <ele>594.941308</ele>
        <time>2026-05-11T18:01:53.489Z</time>
      </trkpt>
      <trkpt lat="42.651744" lon="23.353318">
        <ele>594.043186</ele>
        <time>2026-05-11T18:02:16.385Z</time>
      </trkpt>
      <trkpt lat="42.651691" lon="23.353312">
        <ele>593.898063</ele>
        <time>2026-05-11T18:02:17.241Z</time>
      </trkpt>
      <trkpt lat="42.651684" lon="23.353445">
        <ele>593.630457</ele>
        <time>2026-05-11T18:02:18.826Z</time>
      </trkpt>
      <trkpt lat="42.651593" lon="23.355041">
        <ele>591.578796</ele>
        <time>2026-05-11T18:02:38.805Z</time>
      </trkpt>
      <trkpt lat="42.651529" lon="23.356161">
        <ele>590.377632</ele>
        <time>2026-05-11T18:02:55.350Z</time>
      </trkpt>
      <trkpt lat="42.651505" lon="23.356393">
        <ele>590.319253</ele>
        <time>2026-05-11T18:02:59.461Z</time>
      </trkpt>
      <trkpt lat="42.651388" lon="23.356373">
        <ele>590.352746</ele>
        <time>2026-05-11T18:03:02.465Z</time>
      </trkpt>
      <trkpt lat="42.651236" lon="23.357540">
        <ele>590.600327</ele>
        <time>2026-05-11T18:03:25.517Z</time>
      </trkpt>
      <trkpt lat="42.651144" lon="23.358067">
        <ele>590.713476</ele>
        <time>2026-05-11T18:03:35.150Z</time>
      </trkpt>
      <trkpt lat="42.651073" lon="23.358408">
        <ele>590.787511</ele>
        <time>2026-05-11T18:03:40.555Z</time>
      </trkpt>
      <trkpt lat="42.651027" lon="23.358575">
        <ele>590.709072</ele>
        <time>2026-05-11T18:03:43.112Z</time>
      </trkpt>
      <trkpt lat="42.650949" lon="23.358499">
        <ele>590.615256</ele>
        <time>2026-05-11T18:03:44.958Z</time>
      </trkpt>
      <trkpt lat="42.650944" lon="23.358544">
        <ele>590.582532</ele>
        <time>2026-05-11T18:03:47.296Z</time>
      </trkpt>
      <trkpt lat="42.650933" lon="23.358564">
        <ele>590.564574</ele>
        <time>2026-05-11T18:03:48.565Z</time>
      </trkpt>
      <trkpt lat="42.650906" lon="23.358614">
        <ele>590.519972</ele>
        <time>2026-05-11T18:03:51.731Z</time>
      </trkpt>
      <trkpt lat="42.650983" lon="23.358688">
        <ele>590.427787</ele>
        <time>2026-05-11T18:03:53.477Z</time>
      </trkpt>
      <trkpt lat="42.651081" lon="23.358784">
        <ele>590.309701</ele>
        <time>2026-05-11T18:03:55.691Z</time>
      </trkpt>
      <trkpt lat="42.651142" lon="23.358842">
        <ele>590.236929</ele>
        <time>2026-05-11T18:03:57.038Z</time>
      </trkpt>
      <trkpt lat="42.651483" lon="23.359170">
        <ele>589.828562</ele>
        <time>2026-05-11T18:04:04.670Z</time>
      </trkpt>
      <trkpt lat="42.651542" lon="23.359283">
        <ele>589.728918</ele>
        <time>2026-05-11T18:04:06.562Z</time>
      </trkpt>
      <trkpt lat="42.651632" lon="23.359455">
        <ele>589.577137</ele>
        <time>2026-05-11T18:04:09.459Z</time>
      </trkpt>
      <trkpt lat="42.651587" lon="23.359530">
        <ele>589.507540</ele>
        <time>2026-05-11T18:04:10.805Z</time>
      </trkpt>
      <trkpt lat="42.651438" lon="23.359785">
        <ele>589.273363</ele>
        <time>2026-05-11T18:04:15.321Z</time>
      </trkpt>
      <trkpt lat="42.651401" lon="23.359847">
        <ele>589.215953</ele>
        <time>2026-05-11T18:04:16.503Z</time>
      </trkpt>
      <trkpt lat="42.651237" lon="23.360158">
        <ele>588.987484</ele>
        <time>2026-05-11T18:04:22.359Z</time>
      </trkpt>
      <trkpt lat="42.651070" lon="23.360474">
        <ele>588.838992</ele>
        <time>2026-05-11T18:04:28.603Z</time>
      </trkpt>
      <trkpt lat="42.650652" lon="23.361224">
        <ele>588.479890</ele>
        <time>2026-05-11T18:04:44.124Z</time>
      </trkpt>
      <trkpt lat="42.650519" lon="23.361530">
        <ele>588.344250</ele>
        <time>2026-05-11T18:04:49.567Z</time>
      </trkpt>
      <trkpt lat="42.650459" lon="23.361856">
        <ele>588.216006</ele>
        <time>2026-05-11T18:04:54.418Z</time>
      </trkpt>
      <trkpt lat="42.650445" lon="23.362270">
        <ele>587.925239</ele>
        <time>2026-05-11T18:05:00.163Z</time>
      </trkpt>
      <trkpt lat="42.650438" lon="23.362827">
        <ele>587.139728</ele>
        <time>2026-05-11T18:05:07.711Z</time>
      </trkpt>
      <trkpt lat="42.650306" lon="23.362987">
        <ele>586.800702</ele>
        <time>2026-05-11T18:05:13.472Z</time>
      </trkpt>
      <trkpt lat="42.650322" lon="23.363027">
        <ele>586.736499</ele>
        <time>2026-05-11T18:05:14.546Z</time>
      </trkpt>
      <trkpt lat="42.650319" lon="23.363282">
        <ele>586.376890</ele>
        <time>2026-05-11T18:05:20.550Z</time>
      </trkpt>
      <trkpt lat="42.650245" lon="23.363257">
        <ele>586.230709</ele>
        <time>2026-05-11T18:05:21.892Z</time>
      </trkpt>
      <trkpt lat="42.650017" lon="23.363256">
        <ele>585.793602</ele>
        <time>2026-05-11T18:05:25.848Z</time>
      </trkpt>
      <trkpt lat="42.649973" lon="23.363254">
        <ele>585.709201</ele>
        <time>2026-05-11T18:05:26.593Z</time>
      </trkpt>
      <trkpt lat="42.649971" lon="23.363039">
        <ele>585.406015</ele>
        <time>2026-05-11T18:05:29.271Z</time>
      </trkpt>
      <trkpt lat="42.649942" lon="23.363039">
        <ele>585.350418</ele>
        <time>2026-05-11T18:05:31.336Z</time>
      </trkpt>
      <trkpt lat="42.649903" lon="23.363039">
        <ele>585.275650</ele>
        <time>2026-05-11T18:05:34.013Z</time>
      </trkpt>
      <trkpt lat="42.649864" lon="23.363038">
        <ele>585.200869</ele>
        <time>2026-05-11T18:05:36.717Z</time>
      </trkpt>
      <trkpt lat="42.649860" lon="23.363455">
        <ele>584.641811</ele>
        <time>2026-05-11T18:05:41.794Z</time>
      </trkpt>
      <trkpt lat="42.649832" lon="23.364843">
        <ele>583.917473</ele>
        <time>2026-05-11T18:05:58.976Z</time>
      </trkpt>
      <trkpt lat="42.649799" lon="23.365399">
        <ele>583.626487</ele>
        <time>2026-05-11T18:06:08.795Z</time>
      </trkpt>
      <trkpt lat="42.649779" lon="23.365661">
        <ele>583.489078</ele>
        <time>2026-05-11T18:06:14.526Z</time>
      </trkpt>
      <trkpt lat="42.649727" lon="23.366345">
        <ele>585.146940</ele>
        <time>2026-05-11T18:06:32.080Z</time>
      </trkpt>
      <trkpt lat="42.649701" lon="23.366717">
        <ele>586.507103</ele>
        <time>2026-05-11T18:06:43.633Z</time>
      </trkpt>
      <trkpt lat="42.649636" lon="23.367665">
        <ele>589.972742</ele>
        <time>2026-05-11T18:07:17.495Z</time>
      </trkpt>
      <trkpt lat="42.649630" lon="23.367744">
        <ele>590.261828</ele>
        <time>2026-05-11T18:07:20.390Z</time>
      </trkpt>
      <trkpt lat="42.649615" lon="23.367949">
        <ele>591.011703</ele>
        <time>2026-05-11T18:07:27.448Z</time>
      </trkpt>
      <trkpt lat="42.649610" lon="23.368022">
        <ele>591.278570</ele>
        <time>2026-05-11T18:07:29.769Z</time>
      </trkpt>
      <trkpt lat="42.649551" lon="23.368728">
        <ele>593.513422</ele>
        <time>2026-05-11T18:07:51.688Z</time>
      </trkpt>
      <trkpt lat="42.649529" lon="23.368993">
        <ele>594.268254</ele>
        <time>2026-05-11T18:07:59.795Z</time>
      </trkpt>
      <trkpt lat="42.649441" lon="23.370060">
        <ele>597.307275</ele>
        <time>2026-05-11T18:08:30.215Z</time>
      </trkpt>
      <trkpt lat="42.649337" lon="23.370997">
        <ele>599.454246</ele>
        <time>2026-05-11T18:08:52.497Z</time>
      </trkpt>
      <trkpt lat="42.649241" lon="23.371579">
        <ele>599.989052</ele>
        <time>2026-05-11T18:09:05.031Z</time>
      </trkpt>
      <trkpt lat="42.649223" lon="23.371669">
        <ele>600.072680</ele>
        <time>2026-05-11T18:09:06.902Z</time>
      </trkpt>
      <trkpt lat="42.648820" lon="23.373542">
        <ele>601.386777</ele>
        <time>2026-05-11T18:09:42.997Z</time>
      </trkpt>
      <trkpt lat="42.648672" lon="23.374166">
        <ele>601.370154</ele>
        <time>2026-05-11T18:09:53.661Z</time>
      </trkpt>
      <trkpt lat="42.648662" lon="23.374211">
        <ele>601.368963</ele>
        <time>2026-05-11T18:09:54.414Z</time>
      </trkpt>
      <trkpt lat="42.648530" lon="23.374773">
        <ele>601.354005</ele>
        <time>2026-05-11T18:10:03.517Z</time>
      </trkpt>
      <trkpt lat="42.648485" lon="23.374754">
        <ele>601.352381</ele>
        <time>2026-05-11T18:10:04.575Z</time>
      </trkpt>
      <trkpt lat="42.648462" lon="23.374744">
        <ele>601.351549</ele>
        <time>2026-05-11T18:10:05.094Z</time>
      </trkpt>
      <trkpt lat="42.648454" lon="23.374774">
        <ele>601.350740</ele>
        <time>2026-05-11T18:10:05.602Z</time>
      </trkpt>
      <trkpt lat="42.648427" lon="23.374891">
        <ele>601.347631</ele>
        <time>2026-05-11T18:10:07.554Z</time>
      </trkpt>
      <trkpt lat="42.648407" lon="23.374975">
        <ele>601.345392</ele>
        <time>2026-05-11T18:10:08.998Z</time>
      </trkpt>
      <trkpt lat="42.648404" lon="23.374989">
        <ele>601.345023</ele>
        <time>2026-05-11T18:10:09.243Z</time>
      </trkpt>
      <trkpt lat="42.648128" lon="23.374992">
        <ele>601.327249</ele>
        <time>2026-05-11T18:10:14.937Z</time>
      </trkpt>
      <trkpt lat="42.647824" lon="23.375054">
        <ele>601.246668</ele>
        <time>2026-05-11T18:10:21.135Z</time>
      </trkpt>
      <trkpt lat="42.647615" lon="23.375144">
        <ele>601.189199</ele>
        <time>2026-05-11T18:10:25.534Z</time>
      </trkpt>
      <trkpt lat="42.647557" lon="23.375173">
        <ele>601.173000</ele>
        <time>2026-05-11T18:10:26.790Z</time>
      </trkpt>
      <trkpt lat="42.647508" lon="23.375198">
        <ele>601.159280</ele>
        <time>2026-05-11T18:10:27.852Z</time>
      </trkpt>
      <trkpt lat="42.647341" lon="23.375290">
        <ele>601.112046</ele>
        <time>2026-05-11T18:10:31.622Z</time>
      </trkpt>
      <trkpt lat="42.647242" lon="23.375341">
        <ele>601.084295</ele>
        <time>2026-05-11T18:10:33.787Z</time>
      </trkpt>
      <trkpt lat="42.647219" lon="23.375353">
        <ele>601.077837</ele>
        <time>2026-05-11T18:10:34.341Z</time>
      </trkpt>
      <trkpt lat="42.647105" lon="23.375412">
        <ele>601.045861</ele>
        <time>2026-05-11T18:10:36.887Z</time>
      </trkpt>
      <trkpt lat="42.647035" lon="23.375379">
        <ele>601.026440</ele>
        <time>2026-05-11T18:10:38.534Z</time>
      </trkpt>
      <trkpt lat="42.646894" lon="23.375996">
        <ele>600.901866</ele>
        <time>2026-05-11T18:10:49.253Z</time>
      </trkpt>
      <trkpt lat="42.646867" lon="23.376106">
        <ele>600.879506</ele>
        <time>2026-05-11T18:10:51.238Z</time>
      </trkpt>
      <trkpt lat="42.646833" lon="23.376227">
        <ele>600.880126</ele>
        <time>2026-05-11T18:10:53.354Z</time>
      </trkpt>
      <trkpt lat="42.646802" lon="23.376323">
        <ele>600.908088</ele>
        <time>2026-05-11T18:10:55.104Z</time>
      </trkpt>
      <trkpt lat="42.646634" lon="23.376769">
        <ele>601.041729</ele>
        <time>2026-05-11T18:11:03.089Z</time>
      </trkpt>
      <trkpt lat="42.646492" lon="23.377051">
        <ele>601.132876</ele>
        <time>2026-05-11T18:11:08.879Z</time>
      </trkpt>
      <trkpt lat="42.646339" lon="23.377277">
        <ele>601.214795</ele>
        <time>2026-05-11T18:11:14.341Z</time>
      </trkpt>
      <trkpt lat="42.646228" lon="23.377402">
        <ele>601.267057</ele>
        <time>2026-05-11T18:11:17.958Z</time>
      </trkpt>
      <trkpt lat="42.646126" lon="23.377452">
        <ele>601.306373</ele>
        <time>2026-05-11T18:11:20.663Z</time>
      </trkpt>
      <trkpt lat="42.645827" lon="23.377697">
        <ele>601.432957</ele>
        <time>2026-05-11T18:11:29.290Z</time>
      </trkpt>
      <trkpt lat="42.645807" lon="23.377652">
        <ele>601.446980</ele>
        <time>2026-05-11T18:11:30.270Z</time>
      </trkpt>
      <trkpt lat="42.644482" lon="23.378708">
        <ele>602.056171</ele>
        <time>2026-05-11T18:12:07.958Z</time>
      </trkpt>
      <trkpt lat="42.644453" lon="23.378732">
        <ele>602.069804</ele>
        <time>2026-05-11T18:12:08.708Z</time>
      </trkpt>
      <trkpt lat="42.644369" lon="23.378797">
        <ele>602.108617</ele>
        <time>2026-05-11T18:12:10.928Z</time>
      </trkpt>
      <trkpt lat="42.644189" lon="23.378941">
        <ele>602.192486</ele>
        <time>2026-05-11T18:12:15.613Z</time>
      </trkpt>
      <trkpt lat="42.644111" lon="23.379002">
        <ele>602.228621</ele>
        <time>2026-05-11T18:12:17.646Z</time>
      </trkpt>
      <trkpt lat="42.644100" lon="23.379011">
        <ele>602.233776</ele>
        <time>2026-05-11T18:12:17.928Z</time>
      </trkpt>
      <trkpt lat="42.644053" lon="23.379047">
        <ele>602.246226</ele>
        <time>2026-05-11T18:12:19.103Z</time>
      </trkpt>
      <trkpt lat="42.643988" lon="23.379098">
        <ele>602.258695</ele>
        <time>2026-05-11T18:12:20.792Z</time>
      </trkpt>
      <trkpt lat="42.643515" lon="23.379459">
        <ele>602.348817</ele>
        <time>2026-05-11T18:12:32.485Z</time>
      </trkpt>
      <trkpt lat="42.643450" lon="23.379463">
        <ele>602.359628</ele>
        <time>2026-05-11T18:12:33.889Z</time>
      </trkpt>
      <trkpt lat="42.643382" lon="23.379520">
        <ele>602.372900</ele>
        <time>2026-05-11T18:12:35.554Z</time>
      </trkpt>
      <trkpt lat="42.643358" lon="23.379588">
        <ele>602.382118</ele>
        <time>2026-05-11T18:12:36.772Z</time>
      </trkpt>
      <trkpt lat="42.642704" lon="23.380143">
        <ele>602.510208</ele>
        <time>2026-05-11T18:12:54.738Z</time>
      </trkpt>
      <trkpt lat="42.642469" lon="23.380339">
        <ele>602.573668</ele>
        <time>2026-05-11T18:13:01.612Z</time>
      </trkpt>
      <trkpt lat="42.641848" lon="23.380839">
        <ele>602.814834</ele>
        <time>2026-05-11T18:13:19.105Z</time>
      </trkpt>
      <trkpt lat="42.641406" lon="23.381121">
        <ele>602.977983</ele>
        <time>2026-05-11T18:13:30.903Z</time>
      </trkpt>
      <trkpt lat="42.641003" lon="23.381313">
        <ele>603.120673</ele>
        <time>2026-05-11T18:13:40.778Z</time>
      </trkpt>
      <trkpt lat="42.640980" lon="23.381323">
        <ele>603.128742</ele>
        <time>2026-05-11T18:13:41.286Z</time>
      </trkpt>
      <trkpt lat="42.640881" lon="23.381360">
        <ele>603.111960</ele>
        <time>2026-05-11T18:13:43.550Z</time>
      </trkpt>
      <trkpt lat="42.640903" lon="23.381536">
        <ele>603.060398</ele>
        <time>2026-05-11T18:13:46.316Z</time>
      </trkpt>
      <trkpt lat="42.640917" lon="23.381654">
        <ele>603.025877</ele>
        <time>2026-05-11T18:13:48.137Z</time>
      </trkpt>
      <trkpt lat="42.640992" lon="23.382279">
        <ele>602.842976</ele>
        <time>2026-05-11T18:13:57.919Z</time>
      </trkpt>
      <trkpt lat="42.641107" lon="23.383260">
        <ele>602.556065</ele>
        <time>2026-05-11T18:14:13.339Z</time>
      </trkpt>
      <trkpt lat="42.641120" lon="23.383416">
        <ele>602.510721</ele>
        <time>2026-05-11T18:14:15.670Z</time>
      </trkpt>
      <trkpt lat="42.641125" lon="23.383591">
        <ele>602.460138</ele>
        <time>2026-05-11T18:14:18.235Z</time>
      </trkpt>
      <trkpt lat="42.641148" lon="23.384163">
        <ele>601.977431</ele>
        <time>2026-05-11T18:14:26.467Z</time>
      </trkpt>
      <trkpt lat="42.641165" lon="23.385038">
        <ele>601.146257</ele>
        <time>2026-05-11T18:14:38.557Z</time>
      </trkpt>
      <trkpt lat="42.641212" lon="23.385535">
        <ele>600.670431</ele>
        <time>2026-05-11T18:14:45.151Z</time>
      </trkpt>
      <trkpt lat="42.641250" lon="23.385720">
        <ele>600.488039</ele>
        <time>2026-05-11T18:14:47.644Z</time>
      </trkpt>
      <trkpt lat="42.641299" lon="23.385953">
        <ele>600.257923</ele>
        <time>2026-05-11T18:14:50.816Z</time>
      </trkpt>
      <trkpt lat="42.641404" lon="23.386457">
        <ele>599.921571</ele>
        <time>2026-05-11T18:14:57.900Z</time>
      </trkpt>
      <trkpt lat="42.641430" lon="23.386581">
        <ele>599.855312</ele>
        <time>2026-05-11T18:14:59.709Z</time>
      </trkpt>
      <trkpt lat="42.641000" lon="23.386711">
        <ele>599.547581</ele>
        <time>2026-05-11T18:15:08.284Z</time>
      </trkpt>
      <trkpt lat="42.640371" lon="23.386784">
        <ele>599.106573</ele>
        <time>2026-05-11T18:15:21.608Z</time>
      </trkpt>
      <trkpt lat="42.639741" lon="23.386713">
        <ele>598.589201</ele>
        <time>2026-05-11T18:15:35.748Z</time>
      </trkpt>
      <trkpt lat="42.639377" lon="23.386562">
        <ele>598.217383</ele>
        <time>2026-05-11T18:15:43.464Z</time>
      </trkpt>
      <trkpt lat="42.639280" lon="23.387281">
        <ele>597.692009</ele>
        <time>2026-05-11T18:15:53.627Z</time>
      </trkpt>
      <trkpt lat="42.639270" lon="23.387360">
        <ele>597.634397</ele>
        <time>2026-05-11T18:15:54.707Z</time>
      </trkpt>
      <trkpt lat="42.639247" lon="23.387546">
        <ele>597.498840</ele>
        <time>2026-05-11T18:15:57.251Z</time>
      </trkpt>
      <trkpt lat="42.639240" lon="23.387600">
        <ele>597.459432</ele>
        <time>2026-05-11T18:15:57.978Z</time>
      </trkpt>
      <trkpt lat="42.639230" lon="23.387685">
        <ele>597.397565</ele>
        <time>2026-05-11T18:15:59.129Z</time>
      </trkpt>
      <trkpt lat="42.639202" lon="23.387921">
        <ele>597.225756</ele>
        <time>2026-05-11T18:16:02.306Z</time>
      </trkpt>
      <trkpt lat="42.638952" lon="23.390106">
        <ele>595.288897</ele>
        <time>2026-05-11T18:16:32.384Z</time>
      </trkpt>
      <trkpt lat="42.638907" lon="23.390788">
        <ele>594.843115</ele>
        <time>2026-05-11T18:16:42.788Z</time>
      </trkpt>
      <trkpt lat="42.638790" lon="23.392864">
        <ele>594.237526</ele>
        <time>2026-05-11T18:17:15.974Z</time>
      </trkpt>
      <trkpt lat="42.638737" lon="23.394100">
        <ele>592.782541</ele>
        <time>2026-05-11T18:17:33.249Z</time>
      </trkpt>
      <trkpt lat="42.638685" lon="23.395304">
        <ele>591.281545</ele>
        <time>2026-05-11T18:17:48.571Z</time>
      </trkpt>
      <trkpt lat="42.638670" lon="23.395637">
        <ele>590.756762</ele>
        <time>2026-05-11T18:17:52.734Z</time>
      </trkpt>
      <trkpt lat="42.638633" lon="23.396396">
        <ele>589.466726</ele>
        <time>2026-05-11T18:18:02.150Z</time>
      </trkpt>
      <trkpt lat="42.638578" lon="23.397508">
        <ele>587.576591</ele>
        <time>2026-05-11T18:18:16.195Z</time>
      </trkpt>
      <trkpt lat="42.638522" lon="23.397656">
        <ele>587.294337</ele>
        <time>2026-05-11T18:18:18.357Z</time>
      </trkpt>
      <trkpt lat="42.638406" lon="23.397754">
        <ele>586.985207</ele>
        <time>2026-05-11T18:18:20.782Z</time>
      </trkpt>
      <trkpt lat="42.637045" lon="23.397618">
        <ele>584.264319</ele>
        <time>2026-05-11T18:18:45.292Z</time>
      </trkpt>
      <trkpt lat="42.637015" lon="23.397644">
        <ele>584.193382</ele>
        <time>2026-05-11T18:18:45.901Z</time>
      </trkpt>
      <trkpt lat="42.636981" lon="23.397722">
        <ele>584.060399</ele>
        <time>2026-05-11T18:18:47.073Z</time>
      </trkpt>
      <trkpt lat="42.636854" lon="23.399369">
        <ele>581.250432</ele>
        <time>2026-05-11T18:19:07.690Z</time>
      </trkpt>
      <trkpt lat="42.636789" lon="23.400066">
        <ele>580.002329</ele>
        <time>2026-05-11T18:19:16.402Z</time>
      </trkpt>
      <trkpt lat="42.636765" lon="23.400506">
        <ele>579.218540</ele>
        <time>2026-05-11T18:19:21.970Z</time>
      </trkpt>
      <trkpt lat="42.636832" lon="23.401154">
        <ele>578.364928</ele>
        <time>2026-05-11T18:19:30.432Z</time>
      </trkpt>
      <trkpt lat="42.636921" lon="23.401596">
        <ele>577.793462</ele>
        <time>2026-05-11T18:19:36.485Z</time>
      </trkpt>
      <trkpt lat="42.637011" lon="23.402040">
        <ele>577.219142</ele>
        <time>2026-05-11T18:19:42.736Z</time>
      </trkpt>
      <trkpt lat="42.637191" lon="23.402576">
        <ele>576.484380</ele>
        <time>2026-05-11T18:19:50.856Z</time>
      </trkpt>
      <trkpt lat="42.637259" lon="23.402780">
        <ele>576.205088</ele>
        <time>2026-05-11T18:19:53.911Z</time>
      </trkpt>
      <trkpt lat="42.637448" lon="23.403258">
        <ele>575.594061</ele>
        <time>2026-05-11T18:20:01.167Z</time>
      </trkpt>
      <trkpt lat="42.637565" lon="23.403537">
        <ele>575.244658</ele>
        <time>2026-05-11T18:20:05.424Z</time>
      </trkpt>
      <trkpt lat="42.637724" lon="23.403915">
        <ele>574.770918</ele>
        <time>2026-05-11T18:20:11.184Z</time>
      </trkpt>
      <trkpt lat="42.638020" lon="23.404617">
        <ele>573.890595</ele>
        <time>2026-05-11T18:20:21.895Z</time>
      </trkpt>
      <trkpt lat="42.638621" lon="23.406042">
        <ele>572.841395</ele>
        <time>2026-05-11T18:20:45.139Z</time>
      </trkpt>
      <trkpt lat="42.638660" lon="23.406135">
        <ele>572.792074</ele>
        <time>2026-05-11T18:20:46.862Z</time>
      </trkpt>
      <trkpt lat="42.638290" lon="23.406378">
        <ele>572.534712</ele>
        <time>2026-05-11T18:20:56.010Z</time>
      </trkpt>
      <trkpt lat="42.638088" lon="23.406516">
        <ele>572.393120</ele>
        <time>2026-05-11T18:21:00.991Z</time>
      </trkpt>
      <trkpt lat="42.637747" lon="23.406750">
        <ele>572.113675</ele>
        <time>2026-05-11T18:21:09.173Z</time>
      </trkpt>
      <trkpt lat="42.637540" lon="23.406894">
        <ele>571.911207</ele>
        <time>2026-05-11T18:21:13.993Z</time>
      </trkpt>
      <trkpt lat="42.637462" lon="23.406949">
        <ele>571.834698</ele>
        <time>2026-05-11T18:21:15.768Z</time>
      </trkpt>
      <trkpt lat="42.637164" lon="23.407149">
        <ele>571.545324</ele>
        <time>2026-05-11T18:21:22.210Z</time>
      </trkpt>
      <trkpt lat="42.636754" lon="23.407426">
        <ele>571.146670</ele>
        <time>2026-05-11T18:21:30.795Z</time>
      </trkpt>
      <trkpt lat="42.635931" lon="23.407974">
        <ele>570.497401</ele>
        <time>2026-05-11T18:21:48.099Z</time>
      </trkpt>
      <trkpt lat="42.635650" lon="23.408168">
        <ele>570.342251</ele>
        <time>2026-05-11T18:21:54.451Z</time>
      </trkpt>
      <trkpt lat="42.635193" lon="23.408494">
        <ele>570.088181</ele>
        <time>2026-05-11T18:22:05.125Z</time>
      </trkpt>
      <trkpt lat="42.634871" lon="23.408697">
        <ele>569.913448</ele>
        <time>2026-05-11T18:22:12.840Z</time>
      </trkpt>
      <trkpt lat="42.634627" lon="23.408825">
        <ele>569.831329</ele>
        <time>2026-05-11T18:22:18.945Z</time>
      </trkpt>
      <trkpt lat="42.634355" lon="23.408954">
        <ele>570.009298</ele>
        <time>2026-05-11T18:22:26.012Z</time>
      </trkpt>
      <trkpt lat="42.633864" lon="23.409084">
        <ele>570.318326</ele>
        <time>2026-05-11T18:22:38.974Z</time>
      </trkpt>
      <trkpt lat="42.633745" lon="23.409105">
        <ele>570.392458</ele>
        <time>2026-05-11T18:22:42.086Z</time>
      </trkpt>
      <trkpt lat="42.633284" lon="23.409160">
        <ele>570.678346</ele>
        <time>2026-05-11T18:22:54.325Z</time>
      </trkpt>
      <trkpt lat="42.633134" lon="23.408995">
        <ele>570.797555</ele>
        <time>2026-05-11T18:22:59.463Z</time>
      </trkpt>
      <trkpt lat="42.632755" lon="23.409001">
        <ele>571.031284</ele>
        <time>2026-05-11T18:23:09.553Z</time>
      </trkpt>
      <trkpt lat="42.632678" lon="23.409036">
        <ele>571.081257</ele>
        <time>2026-05-11T18:23:11.722Z</time>
      </trkpt>
      <trkpt lat="42.632540" lon="23.409008">
        <ele>571.167138</ele>
        <time>2026-05-11T18:23:15.425Z</time>
      </trkpt>
      <trkpt lat="42.632560" lon="23.409103">
        <ele>571.211884</ele>
        <time>2026-05-11T18:23:17.250Z</time>
      </trkpt>
      <trkpt lat="42.631714" lon="23.408943">
        <ele>571.737616</ele>
        <time>2026-05-11T18:23:37.992Z</time>
      </trkpt>
      <trkpt lat="42.631280" lon="23.408858">
        <ele>572.007503</ele>
        <time>2026-05-11T18:23:48.720Z</time>
      </trkpt>
      <trkpt lat="42.631217" lon="23.408844">
        <ele>572.053420</ele>
        <time>2026-05-11T18:23:50.295Z</time>
      </trkpt>
      <trkpt lat="42.630894" lon="23.408781">
        <ele>572.311635</ele>
        <time>2026-05-11T18:23:58.262Z</time>
      </trkpt>
      <trkpt lat="42.630551" lon="23.408710">
        <ele>572.586188</ele>
        <time>2026-05-11T18:24:06.872Z</time>
      </trkpt>
      <trkpt lat="42.630337" lon="23.408670">
        <ele>572.757124</ele>
        <time>2026-05-11T18:24:12.322Z</time>
      </trkpt>
      <trkpt lat="42.630262" lon="23.408656">
        <ele>572.817030</ele>
        <time>2026-05-11T18:24:14.233Z</time>
      </trkpt>
      <trkpt lat="42.629935" lon="23.408584">
        <ele>573.079166</ele>
        <time>2026-05-11T18:24:22.643Z</time>
      </trkpt>
      <trkpt lat="42.629832" lon="23.408562">
        <ele>573.161672</ele>
        <time>2026-05-11T18:24:25.331Z</time>
      </trkpt>
      <trkpt lat="42.629492" lon="23.408469">
        <ele>573.436116</ele>
        <time>2026-05-11T18:24:34.447Z</time>
      </trkpt>
      <trkpt lat="42.628837" lon="23.408110">
        <ele>574.297380</ele>
        <time>2026-05-11T18:24:53.544Z</time>
      </trkpt>
      <trkpt lat="42.628268" lon="23.407757">
        <ele>575.065407</ele>
        <time>2026-05-11T18:25:11.049Z</time>
      </trkpt>
      <trkpt lat="42.628221" lon="23.407728">
        <ele>575.128788</ele>
        <time>2026-05-11T18:25:12.500Z</time>
      </trkpt>
      <trkpt lat="42.628162" lon="23.407692">
        <ele>575.208201</ele>
        <time>2026-05-11T18:25:14.262Z</time>
      </trkpt>
      <trkpt lat="42.627429" lon="23.407238">
        <ele>576.051846</ele>
        <time>2026-05-11T18:25:35.843Z</time>
      </trkpt>
      <trkpt lat="42.626865" lon="23.406910">
        <ele>576.602887</ele>
        <time>2026-05-11T18:25:51.404Z</time>
      </trkpt>
      <trkpt lat="42.626459" lon="23.406769">
        <ele>576.979293</ele>
        <time>2026-05-11T18:26:01.917Z</time>
      </trkpt>
      <trkpt lat="42.626393" lon="23.406753">
        <ele>577.039513</ele>
        <time>2026-05-11T18:26:03.629Z</time>
      </trkpt>
      <trkpt lat="42.625424" lon="23.406465">
        <ele>578.076637</ele>
        <time>2026-05-11T18:26:29.070Z</time>
      </trkpt>
      <trkpt lat="42.625202" lon="23.406378">
        <ele>578.330174</ele>
        <time>2026-05-11T18:26:35.329Z</time>
      </trkpt>
      <trkpt lat="42.625024" lon="23.406295">
        <ele>578.536679</ele>
        <time>2026-05-11T18:26:40.542Z</time>
      </trkpt>
      <trkpt lat="42.624692" lon="23.406122">
        <ele>578.926860</ele>
        <time>2026-05-11T18:26:50.423Z</time>
      </trkpt>
      <trkpt lat="42.624028" lon="23.405766">
        <ele>579.667964</ele>
        <time>2026-05-11T18:27:10.059Z</time>
      </trkpt>
      <trkpt lat="42.623722" lon="23.405602">
        <ele>579.996195</ele>
        <time>2026-05-11T18:27:18.931Z</time>
      </trkpt>
      <trkpt lat="42.623331" lon="23.405378">
        <ele>580.419608</ele>
        <time>2026-05-11T18:27:30.395Z</time>
      </trkpt>
      <trkpt lat="42.622887" lon="23.405105">
        <ele>580.905894</ele>
        <time>2026-05-11T18:27:42.801Z</time>
      </trkpt>
      <trkpt lat="42.622866" lon="23.405092">
        <ele>580.928920</ele>
        <time>2026-05-11T18:27:43.365Z</time>
      </trkpt>
      <trkpt lat="42.622801" lon="23.405052">
        <ele>581.000121</ele>
        <time>2026-05-11T18:27:45.091Z</time>
      </trkpt>
      <trkpt lat="42.622669" lon="23.404829">
        <ele>580.962394</ele>
        <time>2026-05-11T18:27:50.071Z</time>
      </trkpt>
      <trkpt lat="42.622652" lon="23.404684">
        <ele>580.913584</ele>
        <time>2026-05-11T18:27:52.586Z</time>
      </trkpt>
      <trkpt lat="42.622597" lon="23.404568">
        <ele>580.867711</ele>
        <time>2026-05-11T18:27:54.877Z</time>
      </trkpt>
      <trkpt lat="42.622486" lon="23.404470">
        <ele>580.807912</ele>
        <time>2026-05-11T18:27:57.821Z</time>
      </trkpt>
      <trkpt lat="42.622369" lon="23.404450">
        <ele>580.754639</ele>
        <time>2026-05-11T18:28:00.412Z</time>
      </trkpt>
      <trkpt lat="42.622231" lon="23.404531">
        <ele>580.686729</ele>
        <time>2026-05-11T18:28:03.619Z</time>
      </trkpt>
      <trkpt lat="42.622173" lon="23.404611">
        <ele>580.649395</ele>
        <time>2026-05-11T18:28:05.354Z</time>
      </trkpt>
      <trkpt lat="42.622140" lon="23.404693">
        <ele>580.618326</ele>
        <time>2026-05-11T18:28:06.798Z</time>
      </trkpt>
      <trkpt lat="42.622129" lon="23.404857">
        <ele>580.563582</ele>
        <time>2026-05-11T18:28:09.303Z</time>
      </trkpt>
      <trkpt lat="42.622201" lon="23.405063">
        <ele>580.487770</ele>
        <time>2026-05-11T18:28:12.696Z</time>
      </trkpt>
      <trkpt lat="42.622221" lon="23.405264">
        <ele>580.420344</ele>
        <time>2026-05-11T18:28:15.636Z</time>
      </trkpt>
      <trkpt lat="42.622206" lon="23.405685">
        <ele>580.280229</ele>
        <time>2026-05-11T18:28:21.576Z</time>
      </trkpt>
      <trkpt lat="42.622147" lon="23.407267">
        <ele>578.050712</ele>
        <time>2026-05-11T18:28:42.422Z</time>
      </trkpt>
      <trkpt lat="42.622143" lon="23.407369">
        <ele>577.894614</ele>
        <time>2026-05-11T18:28:43.709Z</time>
      </trkpt>
      <trkpt lat="42.622102" lon="23.408469">
        <ele>576.221758</ele>
        <time>2026-05-11T18:28:57.333Z</time>
      </trkpt>
      <trkpt lat="42.622098" lon="23.408800">
        <ele>575.734501</ele>
        <time>2026-05-11T18:29:01.334Z</time>
      </trkpt>
      <trkpt lat="42.622119" lon="23.410278">
        <ele>573.558661</ele>
        <time>2026-05-11T18:29:20.262Z</time>
      </trkpt>
      <trkpt lat="42.622119" lon="23.410278">
        <ele>573.558661</ele>
        <time>2026-05-11T18:29:20.284Z</time>
      </trkpt>
      <trkpt lat="42.622125" lon="23.410277">
        <ele>573.546569</ele>
        <time>2026-05-11T18:29:20.440Z</time>
      </trkpt>
      <trkpt lat="42.622125" lon="23.410449">
        <ele>573.293406</ele>
        <time>2026-05-11T18:29:23.714Z</time>
      </trkpt>
      <trkpt lat="42.622093" lon="23.411168">
        <ele>572.681989</ele>
        <time>2026-05-11T18:29:37.420Z</time>
      </trkpt>
      <trkpt lat="42.622061" lon="23.411887">
        <ele>572.342044</ele>
        <time>2026-05-11T18:29:51.127Z</time>
      </trkpt>
      <trkpt lat="42.622018" lon="23.412660">
        <ele>571.976194</ele>
        <time>2026-05-11T18:30:05.878Z</time>
      </trkpt>
      <trkpt lat="42.621975" lon="23.413432">
        <ele>571.691238</ele>
        <time>2026-05-11T18:30:20.610Z</time>
      </trkpt>
      <trkpt lat="42.621953" lon="23.414419">
        <ele>571.514843</ele>
        <time>2026-05-11T18:30:39.399Z</time>
      </trkpt>
      <trkpt lat="42.621946" lon="23.414431">
        <ele>571.512108</ele>
        <time>2026-05-11T18:30:39.691Z</time>
      </trkpt>
      <trkpt lat="42.621810" lon="23.415789">
        <ele>571.313420</ele>
        <time>2026-05-11T18:31:01.857Z</time>
      </trkpt>
      <trkpt lat="42.621777" lon="23.416498">
        <ele>571.347863</ele>
        <time>2026-05-11T18:31:13.749Z</time>
      </trkpt>
      <trkpt lat="42.621642" lon="23.420256">
        <ele>571.700900</ele>
        <time>2026-05-11T18:32:16.372Z</time>
      </trkpt>
      <trkpt lat="42.621609" lon="23.420444">
        <ele>571.725047</ele>
        <time>2026-05-11T18:32:19.708Z</time>
      </trkpt>
      <trkpt lat="42.621598" lon="23.420465">
        <ele>571.731172</ele>
        <time>2026-05-11T18:32:20.164Z</time>
      </trkpt>
      <trkpt lat="42.621553" lon="23.420623">
        <ele>571.829131</ele>
        <time>2026-05-11T18:32:23.135Z</time>
      </trkpt>
      <trkpt lat="42.621561" lon="23.420741">
        <ele>571.897647</ele>
        <time>2026-05-11T18:32:25.227Z</time>
      </trkpt>
      <trkpt lat="42.621603" lon="23.420854">
        <ele>571.970845</ele>
        <time>2026-05-11T18:32:27.479Z</time>
      </trkpt>
      <trkpt lat="42.621612" lon="23.421190">
        <ele>572.165248</ele>
        <time>2026-05-11T18:32:33.545Z</time>
      </trkpt>
      <trkpt lat="42.621498" lon="23.424586">
        <ele>574.163662</ele>
        <time>2026-05-11T18:33:38.934Z</time>
      </trkpt>
      <trkpt lat="42.621491" lon="23.424782">
        <ele>574.280882</ele>
        <time>2026-05-11T18:33:42.571Z</time>
      </trkpt>
      <trkpt lat="42.621481" lon="23.425095">
        <ele>574.468033</ele>
        <time>2026-05-11T18:33:48.268Z</time>
      </trkpt>
      <trkpt lat="42.621436" lon="23.426425">
        <ele>574.757577</ele>
        <time>2026-05-11T18:34:11.987Z</time>
      </trkpt>
      <trkpt lat="42.621481" lon="23.425095">
        <ele>574.945659</ele>
        <time>2026-05-11T18:35:20.073Z</time>
      </trkpt>
      <trkpt lat="42.621436" lon="23.426425">
        <ele>575.351768</ele>
        <time>2026-05-11T18:35:43.374Z</time>
      </trkpt>
      <trkpt lat="42.621401" lon="23.427430">
        <ele>575.659152</ele>
        <time>2026-05-11T18:36:02.445Z</time>
      </trkpt>
      <trkpt lat="42.621393" lon="23.427686">
        <ele>575.828513</ele>
        <time>2026-05-11T18:36:07.423Z</time>
      </trkpt>
      <trkpt lat="42.621387" lon="23.427862">
        <ele>575.992662</ele>
        <time>2026-05-11T18:36:10.919Z</time>
      </trkpt>
      <trkpt lat="42.621380" lon="23.428059">
        <ele>576.176415</ele>
        <time>2026-05-11T18:36:14.857Z</time>
      </trkpt>
      <trkpt lat="42.621356" lon="23.428746">
        <ele>576.817192</ele>
        <time>2026-05-11T18:36:29.035Z</time>
      </trkpt>
      <trkpt lat="42.621354" lon="23.428811">
        <ele>576.877804</ele>
        <time>2026-05-11T18:36:30.429Z</time>
      </trkpt>
      <trkpt lat="42.621349" lon="23.428948">
        <ele>577.005599</ele>
        <time>2026-05-11T18:36:33.344Z</time>
      </trkpt>
      <trkpt lat="42.621347" lon="23.429001">
        <ele>577.055043</ele>
        <time>2026-05-11T18:36:34.470Z</time>
      </trkpt>
      <trkpt lat="42.621312" lon="23.430037">
        <ele>578.038497</ele>
        <time>2026-05-11T18:36:56.753Z</time>
      </trkpt>
      <trkpt lat="42.621201" lon="23.433358">
        <ele>582.049271</ele>
        <time>2026-05-11T18:38:10.225Z</time>
      </trkpt>
      <trkpt lat="42.621190" lon="23.433702">
        <ele>582.429388</ele>
        <time>2026-05-11T18:38:17.506Z</time>
      </trkpt>
      <trkpt lat="42.621167" lon="23.434517">
        <ele>583.329768</ele>
        <time>2026-05-11T18:38:34.225Z</time>
      </trkpt>
      <trkpt lat="42.621164" lon="23.434676">
        <ele>583.505353</ele>
        <time>2026-05-11T18:38:37.409Z</time>
      </trkpt>
      <trkpt lat="42.621167" lon="23.435466">
        <ele>584.194579</ele>
        <time>2026-05-11T18:38:53.065Z</time>
      </trkpt>
      <trkpt lat="42.621205" lon="23.436185">
        <ele>584.770426</ele>
        <time>2026-05-11T18:39:07.123Z</time>
      </trkpt>
      <trkpt lat="42.621314" lon="23.437203">
        <ele>585.592211</ele>
        <time>2026-05-11T18:39:27.067Z</time>
      </trkpt>
      <trkpt lat="42.621440" lon="23.437952">
        <ele>585.928245</ele>
        <time>2026-05-11T18:39:41.903Z</time>
      </trkpt>
      <trkpt lat="42.621556" lon="23.438532">
        <ele>586.160364</ele>
        <time>2026-05-11T18:39:53.285Z</time>
      </trkpt>
      <trkpt lat="42.621885" lon="23.439736">
        <ele>586.514811</ele>
        <time>2026-05-11T18:40:15.174Z</time>
      </trkpt>
      <trkpt lat="42.622102" lon="23.440352">
        <ele>585.931321</ele>
        <time>2026-05-11T18:40:25.415Z</time>
      </trkpt>
      <trkpt lat="42.622464" lon="23.441238">
        <ele>585.065494</ele>
        <time>2026-05-11T18:40:39.349Z</time>
      </trkpt>
      <trkpt lat="42.622637" lon="23.441612">
        <ele>584.688072</ele>
        <time>2026-05-11T18:40:45.148Z</time>
      </trkpt>
      <trkpt lat="42.623135" lon="23.442525">
        <ele>582.834234</ele>
        <time>2026-05-11T18:40:59.700Z</time>
      </trkpt>
      <trkpt lat="42.623183" lon="23.442605">
        <ele>582.649541</ele>
        <time>2026-05-11T18:41:01.008Z</time>
      </trkpt>
      <trkpt lat="42.623737" lon="23.443429">
        <ele>580.652469</ele>
        <time>2026-05-11T18:41:14.839Z</time>
      </trkpt>
      <trkpt lat="42.623906" lon="23.443652">
        <ele>580.072664</ele>
        <time>2026-05-11T18:41:18.730Z</time>
      </trkpt>
      <trkpt lat="42.624171" lon="23.443993">
        <ele>579.096939</ele>
        <time>2026-05-11T18:41:24.745Z</time>
      </trkpt>
      <trkpt lat="42.624664" lon="23.444532">
        <ele>577.405252</ele>
        <time>2026-05-11T18:41:35.190Z</time>
      </trkpt>
      <trkpt lat="42.625442" lon="23.445256">
        <ele>575.194901</ele>
        <time>2026-05-11T18:41:51.128Z</time>
      </trkpt>
      <trkpt lat="42.626009" lon="23.445687">
        <ele>574.638245</ele>
        <time>2026-05-11T18:42:03.098Z</time>
      </trkpt>
      <trkpt lat="42.626092" lon="23.445733">
        <ele>574.561442</ele>
        <time>2026-05-11T18:42:04.858Z</time>
      </trkpt>
      <trkpt lat="42.626191" lon="23.445806">
        <ele>574.464934</ele>
        <time>2026-05-11T18:42:07.107Z</time>
      </trkpt>
      <trkpt lat="42.626249" lon="23.445896">
        <ele>574.389507</ele>
        <time>2026-05-11T18:42:08.899Z</time>
      </trkpt>
      <trkpt lat="42.626261" lon="23.446000">
        <ele>574.323138</ele>
        <time>2026-05-11T18:42:10.499Z</time>
      </trkpt>
      <trkpt lat="42.626207" lon="23.446144">
        <ele>574.221242</ele>
        <time>2026-05-11T18:42:13.002Z</time>
      </trkpt>
      <trkpt lat="42.626039" lon="23.446326">
        <ele>574.037158</ele>
        <time>2026-05-11T18:42:17.761Z</time>
      </trkpt>
      <trkpt lat="42.625978" lon="23.446393">
        <ele>573.969955</ele>
        <time>2026-05-11T18:42:19.591Z</time>
      </trkpt>
      <trkpt lat="42.625484" lon="23.446979">
        <ele>574.169157</ele>
        <time>2026-05-11T18:42:36.149Z</time>
      </trkpt>
      <trkpt lat="42.625424" lon="23.447050">
        <ele>574.233284</ele>
        <time>2026-05-11T18:42:38.239Z</time>
      </trkpt>
      <trkpt lat="42.625314" lon="23.447184">
        <ele>574.352355</ele>
        <time>2026-05-11T18:42:42.154Z</time>
      </trkpt>
      <trkpt lat="42.625044" lon="23.447506">
        <ele>574.641901</ele>
        <time>2026-05-11T18:42:51.758Z</time>
      </trkpt>
      <trkpt lat="42.622360" lon="23.450668">
        <ele>577.644891</ele>
        <time>2026-05-11T18:44:21.172Z</time>
      </trkpt>
      <trkpt lat="42.622143" lon="23.450927">
        <ele>577.955997</ele>
        <time>2026-05-11T18:44:28.755Z</time>
      </trkpt>
      <trkpt lat="42.622069" lon="23.451022">
        <ele>578.065653</ele>
        <time>2026-05-11T18:44:31.466Z</time>
      </trkpt>
      <trkpt lat="42.619506" lon="23.454125">
        <ele>584.567701</ele>
        <time>2026-05-11T18:46:13.221Z</time>
      </trkpt>
      <trkpt lat="42.616525" lon="23.457832">
        <ele>597.111187</ele>
        <time>2026-05-11T18:48:35.242Z</time>
      </trkpt>
      <trkpt lat="42.616197" lon="23.458240">
        <ele>598.553209</ele>
        <time>2026-05-11T18:48:51.597Z</time>
      </trkpt>
      <trkpt lat="42.615412" lon="23.459209">
        <ele>601.974399</ele>
        <time>2026-05-11T18:49:28.881Z</time>
      </trkpt>
      <trkpt lat="42.614572" lon="23.460279">
        <ele>606.046902</ele>
        <time>2026-05-11T18:50:08.256Z</time>
      </trkpt>
      <trkpt lat="42.614041" lon="23.460914">
        <ele>608.677055</ele>
        <time>2026-05-11T18:50:34.173Z</time>
      </trkpt>
      <trkpt lat="42.613529" lon="23.461552">
        <ele>612.103664</ele>
        <time>2026-05-11T18:51:03.116Z</time>
      </trkpt>
      <trkpt lat="42.613186" lon="23.461979">
        <ele>615.018802</ele>
        <time>2026-05-11T18:51:24.683Z</time>
      </trkpt>
      <trkpt lat="42.612994" lon="23.462232">
        <ele>616.694829</ele>
        <time>2026-05-11T18:51:37.614Z</time>
      </trkpt>
      <trkpt lat="42.612532" lon="23.462808">
        <ele>620.624029</ele>
        <time>2026-05-11T18:52:09.739Z</time>
      </trkpt>
      <trkpt lat="42.609432" lon="23.466665">
        <ele>650.771012</ele>
        <time>2026-05-11T18:55:45.672Z</time>
      </trkpt>
      <trkpt lat="42.608708" lon="23.467462">
        <ele>657.172313</ele>
        <time>2026-05-11T18:56:30.622Z</time>
      </trkpt>
      <trkpt lat="42.608520" lon="23.467665">
        <ele>658.822017</ele>
        <time>2026-05-11T18:56:42.287Z</time>
      </trkpt>
      <trkpt lat="42.608397" lon="23.467789">
        <ele>659.886787</ele>
        <time>2026-05-11T18:56:49.825Z</time>
      </trkpt>
      <trkpt lat="42.607414" lon="23.468766">
        <ele>668.879535</ele>
        <time>2026-05-11T18:57:54.799Z</time>
      </trkpt>
      <trkpt lat="42.607290" lon="23.468892">
        <ele>670.022834</ele>
        <time>2026-05-11T18:58:03.128Z</time>
      </trkpt>
      <trkpt lat="42.606817" lon="23.469393">
        <ele>673.997228</ele>
        <time>2026-05-11T18:58:33.925Z</time>
      </trkpt>
      <trkpt lat="42.606609" lon="23.469666">
        <ele>675.470855</ele>
        <time>2026-05-11T18:58:47.991Z</time>
      </trkpt>
      <trkpt lat="42.606090" lon="23.470456">
        <ele>679.442242</ele>
        <time>2026-05-11T18:59:21.297Z</time>
      </trkpt>
      <trkpt lat="42.605097" lon="23.471950">
        <ele>684.560020</ele>
        <time>2026-05-11T19:00:13.376Z</time>
      </trkpt>
      <trkpt lat="42.604493" lon="23.472841">
        <ele>686.799231</ele>
        <time>2026-05-11T19:00:39.588Z</time>
      </trkpt>
      <trkpt lat="42.604113" lon="23.473447">
        <ele>687.992368</ele>
        <time>2026-05-11T19:00:55.602Z</time>
      </trkpt>
      <trkpt lat="42.604050" lon="23.473550">
        <ele>688.193081</ele>
        <time>2026-05-11T19:00:58.447Z</time>
      </trkpt>
      <trkpt lat="42.603913" lon="23.473761">
        <ele>688.614770</ele>
        <time>2026-05-11T19:01:04.267Z</time>
      </trkpt>
      <trkpt lat="42.603408" lon="23.474517">
        <ele>690.144855</ele>
        <time>2026-05-11T19:01:28.269Z</time>
      </trkpt>
      <trkpt lat="42.603220" lon="23.474847">
        <ele>690.883409</ele>
        <time>2026-05-11T19:01:38.976Z</time>
      </trkpt>
      <trkpt lat="42.603160" lon="23.474970">
        <ele>691.167740</ele>
        <time>2026-05-11T19:01:42.753Z</time>
      </trkpt>
      <trkpt lat="42.602903" lon="23.476032">
        <ele>693.321865</ele>
        <time>2026-05-11T19:02:10.943Z</time>
      </trkpt>
      <trkpt lat="42.602846" lon="23.476268">
        <ele>693.800469</ele>
        <time>2026-05-11T19:02:16.962Z</time>
      </trkpt>
      <trkpt lat="42.602290" lon="23.478439">
        <ele>697.783375</ele>
        <time>2026-05-11T19:03:07.594Z</time>
      </trkpt>
      <trkpt lat="42.602211" lon="23.478691">
        <ele>698.236297</ele>
        <time>2026-05-11T19:03:14.056Z</time>
      </trkpt>
      <trkpt lat="42.601995" lon="23.479312">
        <ele>699.513496</ele>
        <time>2026-05-11T19:03:30.714Z</time>
      </trkpt>
      <trkpt lat="42.601950" lon="23.479501">
        <ele>700.028880</ele>
        <time>2026-05-11T19:03:35.637Z</time>
      </trkpt>
      <trkpt lat="42.601883" lon="23.479809">
        <ele>700.862166</ele>
        <time>2026-05-11T19:03:44.088Z</time>
      </trkpt>
      <trkpt lat="42.601826" lon="23.480389">
        <ele>702.380357</ele>
        <time>2026-05-11T19:04:00.326Z</time>
      </trkpt>
      <trkpt lat="42.601827" lon="23.480537">
        <ele>702.764366</ele>
        <time>2026-05-11T19:04:04.523Z</time>
      </trkpt>
      <trkpt lat="42.601817" lon="23.480868">
        <ele>703.623885</ele>
        <time>2026-05-11T19:04:14.076Z</time>
      </trkpt>
      <trkpt lat="42.601789" lon="23.481226">
        <ele>704.557962</ele>
        <time>2026-05-11T19:04:24.785Z</time>
      </trkpt>
      <trkpt lat="42.601542" lon="23.482657">
        <ele>706.449451</ele>
        <time>2026-05-11T19:05:02.412Z</time>
      </trkpt>
      <trkpt lat="42.601654" lon="23.483317">
        <ele>707.045305</ele>
        <time>2026-05-11T19:05:14.659Z</time>
      </trkpt>
      <trkpt lat="42.601681" lon="23.483606">
        <ele>707.301587</ele>
        <time>2026-05-11T19:05:18.823Z</time>
      </trkpt>
      <trkpt lat="42.601652" lon="23.483888">
        <ele>707.552081</ele>
        <time>2026-05-11T19:05:22.627Z</time>
      </trkpt>
      <trkpt lat="42.601584" lon="23.485008">
        <ele>706.966993</ele>
        <time>2026-05-11T19:05:37.054Z</time>
      </trkpt>
      <trkpt lat="42.601589" lon="23.485215">
        <ele>706.840090</ele>
        <time>2026-05-11T19:05:39.950Z</time>
      </trkpt>
      <trkpt lat="42.601607" lon="23.485385">
        <ele>706.734854</ele>
        <time>2026-05-11T19:05:42.369Z</time>
      </trkpt>
      <trkpt lat="42.601639" lon="23.485697">
        <ele>706.541837</ele>
        <time>2026-05-11T19:05:46.875Z</time>
      </trkpt>
      <trkpt lat="42.601688" lon="23.486625">
        <ele>706.015817</ele>
        <time>2026-05-11T19:06:03.464Z</time>
      </trkpt>
      <trkpt lat="42.601709" lon="23.487063">
        <ele>705.829094</ele>
        <time>2026-05-11T19:06:12.957Z</time>
      </trkpt>
      <trkpt lat="42.601726" lon="23.488494">
        <ele>705.220258</ele>
        <time>2026-05-11T19:06:37.009Z</time>
      </trkpt>
      <trkpt lat="42.601765" lon="23.489100">
        <ele>703.832716</ele>
        <time>2026-05-11T19:06:44.310Z</time>
      </trkpt>
      <trkpt lat="42.602153" lon="23.490498">
        <ele>696.951937</ele>
        <time>2026-05-11T19:07:00.083Z</time>
      </trkpt>
      <trkpt lat="42.602293" lon="23.491028">
        <ele>694.358685</ele>
        <time>2026-05-11T19:07:05.899Z</time>
      </trkpt>
      <trkpt lat="42.602467" lon="23.491549">
        <ele>691.472429</ele>
        <time>2026-05-11T19:07:11.844Z</time>
      </trkpt>
      <trkpt lat="42.602533" lon="23.491666">
        <ele>690.712245</ele>
        <time>2026-05-11T19:07:13.384Z</time>
      </trkpt>
      <trkpt lat="42.602932" lon="23.492398">
        <ele>686.014928</ele>
        <time>2026-05-11T19:07:22.913Z</time>
      </trkpt>
      <trkpt lat="42.603415" lon="23.493270">
        <ele>680.561863</ele>
        <time>2026-05-11T19:07:34.545Z</time>
      </trkpt>
      <trkpt lat="42.603521" lon="23.493569">
        <ele>679.209135</ele>
        <time>2026-05-11T19:07:38.157Z</time>
      </trkpt>
      <trkpt lat="42.603746" lon="23.494209">
        <ele>676.318195</ele>
        <time>2026-05-11T19:07:45.879Z</time>
      </trkpt>
      <trkpt lat="42.603824" lon="23.494465">
        <ele>675.188869</ele>
        <time>2026-05-11T19:07:48.877Z</time>
      </trkpt>
      <trkpt lat="42.603943" lon="23.494619">
        <ele>674.278775</ele>
        <time>2026-05-11T19:07:51.306Z</time>
      </trkpt>
      <trkpt lat="42.604453" lon="23.495007">
        <ele>671.057287</ele>
        <time>2026-05-11T19:08:00.262Z</time>
      </trkpt>
      <trkpt lat="42.604805" lon="23.495274">
        <ele>668.981517</ele>
        <time>2026-05-11T19:08:06.382Z</time>
      </trkpt>
      <trkpt lat="42.605050" lon="23.495469">
        <ele>667.519495</ele>
        <time>2026-05-11T19:08:10.619Z</time>
      </trkpt>
      <trkpt lat="42.605318" lon="23.495637">
        <ele>665.999775</ele>
        <time>2026-05-11T19:08:14.997Z</time>
      </trkpt>
      <trkpt lat="42.605911" lon="23.495920">
        <ele>662.763560</ele>
        <time>2026-05-11T19:08:24.453Z</time>
      </trkpt>
      <trkpt lat="42.606640" lon="23.496151">
        <ele>658.648636</ele>
        <time>2026-05-11T19:08:35.715Z</time>
      </trkpt>
      <trkpt lat="42.607247" lon="23.496784">
        <ele>654.376503</ele>
        <time>2026-05-11T19:08:47.038Z</time>
      </trkpt>
      <trkpt lat="42.607933" lon="23.497513">
        <ele>649.149600</ele>
        <time>2026-05-11T19:08:59.811Z</time>
      </trkpt>
      <trkpt lat="42.608172" lon="23.497763">
        <ele>647.214391</ele>
        <time>2026-05-11T19:09:04.183Z</time>
      </trkpt>
      <trkpt lat="42.608345" lon="23.497943">
        <ele>645.816360</ele>
        <time>2026-05-11T19:09:07.346Z</time>
      </trkpt>
      <trkpt lat="42.608756" lon="23.498371">
        <ele>642.493971</ele>
        <time>2026-05-11T19:09:14.859Z</time>
      </trkpt>
      <trkpt lat="42.609208" lon="23.498840">
        <ele>638.620748</ele>
        <time>2026-05-11T19:09:23.011Z</time>
      </trkpt>
      <trkpt lat="42.609631" lon="23.499176">
        <ele>635.028721</ele>
        <time>2026-05-11T19:09:29.994Z</time>
      </trkpt>
      <trkpt lat="42.609800" lon="23.499293">
        <ele>633.638238</ele>
        <time>2026-05-11T19:09:32.688Z</time>
      </trkpt>
      <trkpt lat="42.610881" lon="23.499990">
        <ele>624.966614</ele>
        <time>2026-05-11T19:09:49.578Z</time>
      </trkpt>
      <trkpt lat="42.611362" lon="23.500252">
        <ele>621.328455</ele>
        <time>2026-05-11T19:09:56.976Z</time>
      </trkpt>
      <trkpt lat="42.612052" lon="23.500518">
        <ele>616.293027</ele>
        <time>2026-05-11T19:10:07.253Z</time>
      </trkpt>
      <trkpt lat="42.613110" lon="23.500872">
        <ele>609.558603</ele>
        <time>2026-05-11T19:10:23.078Z</time>
      </trkpt>
      <trkpt lat="42.613660" lon="23.501057">
        <ele>606.191494</ele>
        <time>2026-05-11T19:10:31.407Z</time>
      </trkpt>
      <trkpt lat="42.614052" lon="23.501188">
        <ele>603.829293</ele>
        <time>2026-05-11T19:10:37.448Z</time>
      </trkpt>
      <trkpt lat="42.614559" lon="23.501365">
        <ele>601.646966</ele>
        <time>2026-05-11T19:10:45.406Z</time>
      </trkpt>
      <trkpt lat="42.614708" lon="23.501418">
        <ele>601.004855</ele>
        <time>2026-05-11T19:10:47.793Z</time>
      </trkpt>
      <trkpt lat="42.615519" lon="23.501702">
        <ele>597.513331</ele>
        <time>2026-05-11T19:11:00.983Z</time>
      </trkpt>
      <trkpt lat="42.615697" lon="23.501762">
        <ele>596.748759</ele>
        <time>2026-05-11T19:11:03.957Z</time>
      </trkpt>
      <trkpt lat="42.616290" lon="23.501936">
        <ele>594.661046</ele>
        <time>2026-05-11T19:11:13.835Z</time>
      </trkpt>
      <trkpt lat="42.616440" lon="23.501951">
        <ele>594.159976</ele>
        <time>2026-05-11T19:11:16.282Z</time>
      </trkpt>
      <trkpt lat="42.616481" lon="23.501955">
        <ele>594.023035</ele>
        <time>2026-05-11T19:11:16.952Z</time>
      </trkpt>
      <trkpt lat="42.617332" lon="23.502038">
        <ele>591.180676</ele>
        <time>2026-05-11T19:11:30.758Z</time>
      </trkpt>
      <trkpt lat="42.617642" lon="23.502069">
        <ele>590.173983</ele>
        <time>2026-05-11T19:11:35.785Z</time>
      </trkpt>
      <trkpt lat="42.617884" lon="23.502090">
        <ele>589.449408</ele>
        <time>2026-05-11T19:11:39.693Z</time>
      </trkpt>
      <trkpt lat="42.618715" lon="23.502128">
        <ele>586.964953</ele>
        <time>2026-05-11T19:11:53.289Z</time>
      </trkpt>
      <trkpt lat="42.620561" lon="23.501906">
        <ele>581.885796</ele>
        <time>2026-05-11T19:12:24.542Z</time>
      </trkpt>
      <trkpt lat="42.621652" lon="23.501765">
        <ele>579.096121</ele>
        <time>2026-05-11T19:12:42.994Z</time>
      </trkpt>
      <trkpt lat="42.622995" lon="23.501586">
        <ele>575.796003</ele>
        <time>2026-05-11T19:13:05.992Z</time>
      </trkpt>
      <trkpt lat="42.623410" lon="23.501558">
        <ele>575.007277</ele>
        <time>2026-05-11T19:13:13.205Z</time>
      </trkpt>
      <trkpt lat="42.623809" lon="23.501581">
        <ele>574.249211</ele>
        <time>2026-05-11T19:13:20.186Z</time>
      </trkpt>
      <trkpt lat="42.625311" lon="23.501815">
        <ele>571.977497</ele>
        <time>2026-05-11T19:13:47.625Z</time>
      </trkpt>
      <trkpt lat="42.625311" lon="23.501815">
        <ele>571.977497</ele>
        <time>2026-05-11T19:13:47.639Z</time>
      </trkpt>
      <trkpt lat="42.625301" lon="23.501816">
        <ele>571.968650</ele>
        <time>2026-05-11T19:13:47.898Z</time>
      </trkpt>
      <trkpt lat="42.625773" lon="23.501859">
        <ele>571.551281</ele>
        <time>2026-05-11T19:14:00.131Z</time>
      </trkpt>
      <trkpt lat="42.625880" lon="23.501902">
        <ele>571.452837</ele>
        <time>2026-05-11T19:14:03.017Z</time>
      </trkpt>
      <trkpt lat="42.625945" lon="23.501945">
        <ele>571.389056</ele>
        <time>2026-05-11T19:14:04.886Z</time>
      </trkpt>
      <trkpt lat="42.625966" lon="23.502030">
        <ele>571.330849</ele>
        <time>2026-05-11T19:14:06.592Z</time>
      </trkpt>
      <trkpt lat="42.625966" lon="23.502116">
        <ele>571.275020</ele>
        <time>2026-05-11T19:14:08.229Z</time>
      </trkpt>
      <trkpt lat="42.625838" lon="23.503167">
        <ele>571.040797</ele>
        <time>2026-05-11T19:14:28.498Z</time>
      </trkpt>
      <trkpt lat="42.625709" lon="23.504219">
        <ele>571.318179</ele>
        <time>2026-05-11T19:14:48.791Z</time>
      </trkpt>
      <trkpt lat="42.625623" lon="23.505270">
        <ele>571.746984</ele>
        <time>2026-05-11T19:15:08.912Z</time>
      </trkpt>
      <trkpt lat="42.625473" lon="23.506408">
        <ele>573.021939</ele>
        <time>2026-05-11T19:15:30.911Z</time>
      </trkpt>
      <trkpt lat="42.625365" lon="23.507266">
        <ele>573.981882</ele>
        <time>2026-05-11T19:15:47.476Z</time>
      </trkpt>
      <trkpt lat="42.625237" lon="23.508017">
        <ele>575.123600</ele>
        <time>2026-05-11T19:16:02.146Z</time>
      </trkpt>
      <trkpt lat="42.625108" lon="23.509047">
        <ele>576.844791</ele>
        <time>2026-05-11T19:16:22.030Z</time>
      </trkpt>
      <trkpt lat="42.624979" lon="23.510109">
        <ele>578.555556</ele>
        <time>2026-05-11T19:16:42.516Z</time>
      </trkpt>
      <trkpt lat="42.624850" lon="23.511171">
        <ele>580.012074</ele>
        <time>2026-05-11T19:17:03.000Z</time>
      </trkpt>
      <trkpt lat="42.624743" lon="23.512015">
        <ele>581.170980</ele>
        <time>2026-05-11T19:17:19.297Z</time>
      </trkpt>
      <trkpt lat="42.624635" lon="23.512859">
        <ele>581.775920</ele>
        <time>2026-05-11T19:17:35.598Z</time>
      </trkpt>
      <trkpt lat="42.624528" lon="23.513703">
        <ele>582.082851</ele>
        <time>2026-05-11T19:17:51.894Z</time>
      </trkpt>
      <trkpt lat="42.624410" lon="23.514294">
        <ele>582.302314</ele>
        <time>2026-05-11T19:18:03.546Z</time>
      </trkpt>
      <trkpt lat="42.624292" lon="23.514884">
        <ele>582.322950</ele>
        <time>2026-05-11T19:18:15.180Z</time>
      </trkpt>
      <trkpt lat="42.624207" lon="23.515248">
        <ele>582.066967</ele>
        <time>2026-05-11T19:18:22.446Z</time>
      </trkpt>
      <trkpt lat="42.624099" lon="23.515527">
        <ele>581.855652</ele>
        <time>2026-05-11T19:18:28.445Z</time>
      </trkpt>
      <trkpt lat="42.623992" lon="23.515785">
        <ele>581.657134</ele>
        <time>2026-05-11T19:18:34.080Z</time>
      </trkpt>
      <trkpt lat="42.623885" lon="23.515999">
        <ele>581.483705</ele>
        <time>2026-05-11T19:18:39.004Z</time>
      </trkpt>
      <trkpt lat="42.623520" lon="23.516622">
        <ele>580.949896</ele>
        <time>2026-05-11T19:18:54.158Z</time>
      </trkpt>
      <trkpt lat="42.623434" lon="23.516815">
        <ele>580.784449</ele>
        <time>2026-05-11T19:18:58.451Z</time>
      </trkpt>
      <trkpt lat="42.623370" lon="23.517051">
        <ele>580.457412</ele>
        <time>2026-05-11T19:19:03.237Z</time>
      </trkpt>
      <trkpt lat="42.623327" lon="23.517244">
        <ele>580.195212</ele>
        <time>2026-05-11T19:19:07.075Z</time>
      </trkpt>
      <trkpt lat="42.623284" lon="23.517501">
        <ele>579.852516</ele>
        <time>2026-05-11T19:19:12.090Z</time>
      </trkpt>
      <trkpt lat="42.623284" lon="23.517694">
        <ele>579.601566</ele>
        <time>2026-05-11T19:19:15.763Z</time>
      </trkpt>
      <trkpt lat="42.623305" lon="23.517931">
        <ele>579.291179</ele>
        <time>2026-05-11T19:19:20.306Z</time>
      </trkpt>
      <trkpt lat="42.623348" lon="23.518209">
        <ele>578.921808</ele>
        <time>2026-05-11T19:19:25.712Z</time>
      </trkpt>
      <trkpt lat="42.623531" lon="23.518918">
        <ele>577.944857</ele>
        <time>2026-05-11T19:19:40.011Z</time>
      </trkpt>
      <trkpt lat="42.623713" lon="23.519626">
        <ele>576.883452</ele>
        <time>2026-05-11T19:19:54.283Z</time>
      </trkpt>
      <trkpt lat="42.623756" lon="23.520119">
        <ele>576.154292</ele>
        <time>2026-05-11T19:20:03.732Z</time>
      </trkpt>
      <trkpt lat="42.624017" lon="23.520272">
        <ele>575.586919</ele>
        <time>2026-05-11T19:20:11.083Z</time>
      </trkpt>
      <trkpt lat="42.623745" lon="23.520858">
        <ele>574.569300</ele>
        <time>2026-05-11T19:20:24.269Z</time>
      </trkpt>
      <trkpt lat="42.623745" lon="23.520858">
        <ele>574.569300</ele>
        <time>2026-05-11T19:20:24.284Z</time>
      </trkpt>
      <trkpt lat="42.623245" lon="23.524463">
        <ele>570.704626</ele>
        <time>2026-05-11T19:21:13.332Z</time>
      </trkpt>
      <trkpt lat="42.622988" lon="23.526339">
        <ele>570.381382</ele>
        <time>2026-05-11T19:21:42.585Z</time>
      </trkpt>
      <trkpt lat="42.622180" lon="23.532233">
        <ele>577.916510</ele>
        <time>2026-05-11T19:23:59.018Z</time>
      </trkpt>
      <trkpt lat="42.621361" lon="23.538199">
        <ele>577.355803</ele>
        <time>2026-05-11T19:25:30.638Z</time>
      </trkpt>
      <trkpt lat="42.620186" lon="23.546722">
        <ele>584.947754</ele>
        <time>2026-05-11T19:28:28.949Z</time>
      </trkpt>
      <trkpt lat="42.620127" lon="23.547155">
        <ele>585.132548</ele>
        <time>2026-05-11T19:28:36.022Z</time>
      </trkpt>
      <trkpt lat="42.619778" lon="23.549656">
        <ele>583.487870</ele>
        <time>2026-05-11T19:29:11.374Z</time>
      </trkpt>
      <trkpt lat="42.619585" lon="23.550619">
        <ele>582.466286</ele>
        <time>2026-05-11T19:29:24.834Z</time>
      </trkpt>
      <trkpt lat="42.619161" lon="23.552400">
        <ele>580.419191</ele>
        <time>2026-05-11T19:29:49.851Z</time>
      </trkpt>
      <trkpt lat="42.618823" lon="23.553520">
        <ele>579.634936</ele>
        <time>2026-05-11T19:30:06.896Z</time>
      </trkpt>
      <trkpt lat="42.618398" lon="23.554785">
        <ele>578.775813</ele>
        <time>2026-05-11T19:30:27.788Z</time>
      </trkpt>
      <trkpt lat="42.617651" lon="23.556738">
        <ele>577.829011</ele>
        <time>2026-05-11T19:31:00.859Z</time>
      </trkpt>
      <trkpt lat="42.617383" lon="23.557359">
        <ele>577.620727</ele>
        <time>2026-05-11T19:31:11.295Z</time>
      </trkpt>
      <trkpt lat="42.616885" lon="23.558350">
        <ele>577.286458</ele>
        <time>2026-05-11T19:31:29.303Z</time>
      </trkpt>
      <trkpt lat="42.616391" lon="23.559221">
        <ele>577.534762</ele>
        <time>2026-05-11T19:31:47.551Z</time>
      </trkpt>
      <trkpt lat="42.616352" lon="23.559290">
        <ele>577.602561</ele>
        <time>2026-05-11T19:31:49.142Z</time>
      </trkpt>
      <trkpt lat="42.615636" lon="23.560579">
        <ele>578.861061</ele>
        <time>2026-05-11T19:32:21.802Z</time>
      </trkpt>
      <trkpt lat="42.610491" lon="23.569558">
        <ele>595.127077</ele>
        <time>2026-05-11T19:36:34.741Z</time>
      </trkpt>
      <trkpt lat="42.610434" lon="23.569666">
        <ele>595.305533</ele>
        <time>2026-05-11T19:36:37.545Z</time>
      </trkpt>
      <trkpt lat="42.610272" lon="23.569985">
        <ele>595.825962</ele>
        <time>2026-05-11T19:36:45.664Z</time>
      </trkpt>
      <trkpt lat="42.610028" lon="23.570590">
        <ele>596.796631</ele>
        <time>2026-05-11T19:37:00.225Z</time>
      </trkpt>
      <trkpt lat="42.609878" lon="23.571198">
        <ele>597.844259</ele>
        <time>2026-05-11T19:37:13.989Z</time>
      </trkpt>
      <trkpt lat="42.609814" lon="23.571581">
        <ele>598.485902</ele>
        <time>2026-05-11T19:37:22.641Z</time>
      </trkpt>
      <trkpt lat="42.609220" lon="23.576929">
        <ele>606.784332</ele>
        <time>2026-05-11T19:39:28.964Z</time>
      </trkpt>
      <trkpt lat="42.608973" lon="23.578737">
        <ele>607.972685</ele>
        <time>2026-05-11T19:40:02.071Z</time>
      </trkpt>
      <trkpt lat="42.608772" lon="23.579699">
        <ele>608.169350</ele>
        <time>2026-05-11T19:40:17.942Z</time>
      </trkpt>
      <trkpt lat="42.608553" lon="23.580526">
        <ele>608.810832</ele>
        <time>2026-05-11T19:40:32.216Z</time>
      </trkpt>
      <trkpt lat="42.608104" lon="23.582056">
        <ele>610.571687</ele>
        <time>2026-05-11T19:41:06.438Z</time>
      </trkpt>
      <trkpt lat="42.607934" lon="23.582693">
        <ele>611.989163</ele>
        <time>2026-05-11T19:41:24.060Z</time>
      </trkpt>
      <trkpt lat="42.607603" lon="23.583977">
        <ele>615.698912</ele>
        <time>2026-05-11T19:42:03.086Z</time>
      </trkpt>
      <trkpt lat="42.606985" lon="23.586603">
        <ele>623.016602</ele>
        <time>2026-05-11T19:43:18.727Z</time>
      </trkpt>
      <trkpt lat="42.606953" lon="23.586742">
        <ele>623.399810</ele>
        <time>2026-05-11T19:43:22.471Z</time>
      </trkpt>
      <trkpt lat="42.606716" lon="23.587854">
        <ele>625.484155</ele>
        <time>2026-05-11T19:43:50.836Z</time>
      </trkpt>
      <trkpt lat="42.606647" lon="23.588273">
        <ele>626.179824</ele>
        <time>2026-05-11T19:44:00.641Z</time>
      </trkpt>
      <trkpt lat="42.606358" lon="23.590075">
        <ele>628.562482</ele>
        <time>2026-05-11T19:44:39.292Z</time>
      </trkpt>
      <trkpt lat="42.606231" lon="23.590860">
        <ele>629.241745</ele>
        <time>2026-05-11T19:44:55.429Z</time>
      </trkpt>
      <trkpt lat="42.606185" lon="23.591289">
        <ele>629.608132</ele>
        <time>2026-05-11T19:45:03.805Z</time>
      </trkpt>
      <trkpt lat="42.606145" lon="23.592008">
        <ele>629.899366</ele>
        <time>2026-05-11T19:45:16.786Z</time>
      </trkpt>
      <trkpt lat="42.606150" lon="23.592492">
        <ele>629.787844</ele>
        <time>2026-05-11T19:45:24.966Z</time>
      </trkpt>
      <trkpt lat="42.606509" lon="23.594389">
        <ele>629.213122</ele>
        <time>2026-05-11T19:45:53.886Z</time>
      </trkpt>
      <trkpt lat="42.606536" lon="23.594791">
        <ele>628.951099</ele>
        <time>2026-05-11T19:45:59.617Z</time>
      </trkpt>
      <trkpt lat="42.606492" lon="23.595127">
        <ele>628.729575</ele>
        <time>2026-05-11T19:46:04.474Z</time>
      </trkpt>
      <trkpt lat="42.606440" lon="23.595308">
        <ele>628.603454</ele>
        <time>2026-05-11T19:46:07.233Z</time>
      </trkpt>
      <trkpt lat="42.606117" lon="23.595857">
        <ele>628.147236</ele>
        <time>2026-05-11T19:46:17.222Z</time>
      </trkpt>
      <trkpt lat="42.605658" lon="23.596644">
        <ele>627.601180</ele>
        <time>2026-05-11T19:46:31.774Z</time>
      </trkpt>
      <trkpt lat="42.605511" lon="23.596969">
        <ele>627.434671</ele>
        <time>2026-05-11T19:46:37.406Z</time>
      </trkpt>
      <trkpt lat="42.605358" lon="23.597572">
        <ele>627.156258</ele>
        <time>2026-05-11T19:46:46.852Z</time>
      </trkpt>
      <trkpt lat="42.605284" lon="23.597938">
        <ele>626.990579</ele>
        <time>2026-05-11T19:46:52.646Z</time>
      </trkpt>
      <trkpt lat="42.605174" lon="23.599050">
        <ele>626.506417</ele>
        <time>2026-05-11T19:47:10.163Z</time>
      </trkpt>
      <trkpt lat="42.605115" lon="23.599652">
        <ele>626.247236</ele>
        <time>2026-05-11T19:47:19.265Z</time>
      </trkpt>
      <trkpt lat="42.605000" lon="23.600879">
        <ele>625.719366</ele>
        <time>2026-05-11T19:47:37.721Z</time>
      </trkpt>
      <trkpt lat="42.604924" lon="23.601678">
        <ele>624.993299</ele>
        <time>2026-05-11T19:47:49.168Z</time>
      </trkpt>
      <trkpt lat="42.604893" lon="23.602131">
        <ele>624.576365</ele>
        <time>2026-05-11T19:47:55.621Z</time>
      </trkpt>
      <trkpt lat="42.604929" lon="23.603492">
        <ele>623.129204</ele>
        <time>2026-05-11T19:48:14.270Z</time>
      </trkpt>
      <trkpt lat="42.605043" lon="23.604515">
        <ele>620.841461</ele>
        <time>2026-05-11T19:48:27.102Z</time>
      </trkpt>
      <trkpt lat="42.605176" lon="23.605549">
        <ele>618.520530</ele>
        <time>2026-05-11T19:48:39.461Z</time>
      </trkpt>
      <trkpt lat="42.605218" lon="23.605907">
        <ele>617.756279</ele>
        <time>2026-05-11T19:48:43.595Z</time>
      </trkpt>
      <trkpt lat="42.605232" lon="23.606066">
        <ele>617.440282</ele>
        <time>2026-05-11T19:48:45.408Z</time>
      </trkpt>
      <trkpt lat="42.605198" lon="23.606672">
        <ele>616.240975</ele>
        <time>2026-05-11T19:48:52.431Z</time>
      </trkpt>
      <trkpt lat="42.605102" lon="23.607175">
        <ele>615.215563</ele>
        <time>2026-05-11T19:48:58.643Z</time>
      </trkpt>
      <trkpt lat="42.605039" lon="23.607429">
        <ele>614.686642</ele>
        <time>2026-05-11T19:49:01.907Z</time>
      </trkpt>
      <trkpt lat="42.604394" lon="23.610049">
        <ele>613.664484</ele>
        <time>2026-05-11T19:49:42.727Z</time>
      </trkpt>
      <trkpt lat="42.604308" lon="23.610486">
        <ele>613.874700</ele>
        <time>2026-05-11T19:49:54.053Z</time>
      </trkpt>
      <trkpt lat="42.604236" lon="23.611180">
        <ele>616.053450</ele>
        <time>2026-05-11T19:50:14.593Z</time>
      </trkpt>
      <trkpt lat="42.604230" lon="23.611512">
        <ele>617.085844</ele>
        <time>2026-05-11T19:50:25.322Z</time>
      </trkpt>
      <trkpt lat="42.604266" lon="23.612224">
        <ele>619.304442</ele>
        <time>2026-05-11T19:50:48.523Z</time>
      </trkpt>
      <trkpt lat="42.604327" lon="23.612782">
        <ele>621.058113</ele>
        <time>2026-05-11T19:51:05.761Z</time>
      </trkpt>
      <trkpt lat="42.604641" lon="23.615558">
        <ele>627.385757</ele>
        <time>2026-05-11T19:52:14.024Z</time>
      </trkpt>
      <trkpt lat="42.604716" lon="23.616678">
        <ele>630.220864</ele>
        <time>2026-05-11T19:52:42.445Z</time>
      </trkpt>
      <trkpt lat="42.604713" lon="23.617568">
        <ele>632.464517</ele>
        <time>2026-05-11T19:53:07.822Z</time>
      </trkpt>
      <trkpt lat="42.604567" lon="23.619099">
        <ele>635.656499</ele>
        <time>2026-05-11T19:53:51.657Z</time>
      </trkpt>
      <trkpt lat="42.604507" lon="23.619566">
        <ele>636.612377</ele>
        <time>2026-05-11T19:54:03.209Z</time>
      </trkpt>
      <trkpt lat="42.603856" lon="23.624622">
        <ele>637.956785</ele>
        <time>2026-05-11T19:55:28.789Z</time>
      </trkpt>
      <trkpt lat="42.603749" lon="23.625404">
        <ele>637.523980</ele>
        <time>2026-05-11T19:55:40.143Z</time>
      </trkpt>
      <trkpt lat="42.602949" lon="23.630580">
        <ele>632.814246</ele>
        <time>2026-05-11T19:56:52.365Z</time>
      </trkpt>
      <trkpt lat="42.602730" lon="23.631244">
        <ele>632.411164</ele>
        <time>2026-05-11T19:57:03.029Z</time>
      </trkpt>
      <trkpt lat="42.602581" lon="23.631578">
        <ele>632.194804</ele>
        <time>2026-05-11T19:57:09.050Z</time>
      </trkpt>
      <trkpt lat="42.602393" lon="23.631913">
        <ele>631.961433</ele>
        <time>2026-05-11T19:57:15.805Z</time>
      </trkpt>
      <trkpt lat="42.602234" lon="23.632130">
        <ele>631.921089</ele>
        <time>2026-05-11T19:57:20.828Z</time>
      </trkpt>
      <trkpt lat="42.601847" lon="23.632571">
        <ele>631.879686</ele>
        <time>2026-05-11T19:57:32.359Z</time>
      </trkpt>
      <trkpt lat="42.599540" lon="23.635148">
        <ele>630.861578</ele>
        <time>2026-05-11T19:58:37.442Z</time>
      </trkpt>
      <trkpt lat="42.598165" lon="23.636677">
        <ele>626.197956</ele>
        <time>2026-05-11T19:59:06.818Z</time>
      </trkpt>
      <trkpt lat="42.597675" lon="23.637233">
        <ele>624.537521</ele>
        <time>2026-05-11T19:59:16.796Z</time>
      </trkpt>
      <trkpt lat="42.597324" lon="23.637607">
        <ele>623.377352</ele>
        <time>2026-05-11T19:59:23.720Z</time>
      </trkpt>
      <trkpt lat="42.596522" lon="23.638503">
        <ele>623.395609</ele>
        <time>2026-05-11T19:59:43.891Z</time>
      </trkpt>
      <trkpt lat="42.596209" lon="23.638992">
        <ele>625.481743</ele>
        <time>2026-05-11T20:00:02.289Z</time>
      </trkpt>
      <trkpt lat="42.596013" lon="23.639475">
        <ele>627.257287</ele>
        <time>2026-05-11T20:00:21.666Z</time>
      </trkpt>
      <trkpt lat="42.595880" lon="23.640040">
        <ele>629.166952</ele>
        <time>2026-05-11T20:00:45.719Z</time>
      </trkpt>
      <trkpt lat="42.595833" lon="23.640396">
        <ele>630.660686</ele>
        <time>2026-05-11T20:01:00.917Z</time>
      </trkpt>
      <trkpt lat="42.595697" lon="23.642873">
        <ele>641.347789</ele>
        <time>2026-05-11T20:02:27.098Z</time>
      </trkpt>
      <trkpt lat="42.595607" lon="23.646299">
        <ele>648.096602</ele>
        <time>2026-05-11T20:03:43.579Z</time>
      </trkpt>
      <trkpt lat="42.595144" lon="23.656525">
        <ele>668.542458</ele>
        <time>2026-05-11T20:07:59.065Z</time>
      </trkpt>
      <trkpt lat="42.594885" lon="23.662044">
        <ele>669.974535</ele>
        <time>2026-05-11T20:09:33.475Z</time>
      </trkpt>
      <trkpt lat="42.594813" lon="23.662583">
        <ele>669.711318</ele>
        <time>2026-05-11T20:09:40.474Z</time>
      </trkpt>
      <trkpt lat="42.594642" lon="23.663047">
        <ele>669.435819</ele>
        <time>2026-05-11T20:09:46.936Z</time>
      </trkpt>
      <trkpt lat="42.594471" lon="23.663293">
        <ele>669.256184</ele>
        <time>2026-05-11T20:09:51.315Z</time>
      </trkpt>
      <trkpt lat="42.594227" lon="23.663523">
        <ele>669.041987</ele>
        <time>2026-05-11T20:09:56.785Z</time>
      </trkpt>
      <trkpt lat="42.593991" lon="23.663678">
        <ele>668.852928</ele>
        <time>2026-05-11T20:10:01.986Z</time>
      </trkpt>
      <trkpt lat="42.592300" lon="23.664370">
        <ele>672.476607</ele>
        <time>2026-05-11T20:10:59.517Z</time>
      </trkpt>
      <trkpt lat="42.591297" lon="23.664531">
        <ele>675.110130</ele>
        <time>2026-05-11T20:11:35.259Z</time>
      </trkpt>
      <trkpt lat="42.590740" lon="23.664494">
        <ele>676.585394</ele>
        <time>2026-05-11T20:11:52.947Z</time>
      </trkpt>
      <trkpt lat="42.590332" lon="23.664384">
        <ele>677.685785</ele>
        <time>2026-05-11T20:12:05.374Z</time>
      </trkpt>
      <trkpt lat="42.589641" lon="23.663929">
        <ele>681.259387</ele>
        <time>2026-05-11T20:12:30.017Z</time>
      </trkpt>
      <trkpt lat="42.589444" lon="23.663852">
        <ele>682.273637</ele>
        <time>2026-05-11T20:12:37.937Z</time>
      </trkpt>
      <trkpt lat="42.589257" lon="23.663892">
        <ele>683.210259</ele>
        <time>2026-05-11T20:12:45.835Z</time>
      </trkpt>
      <trkpt lat="42.589135" lon="23.663962">
        <ele>683.865524</ele>
        <time>2026-05-11T20:12:51.750Z</time>
      </trkpt>
      <trkpt lat="42.588993" lon="23.664089">
        <ele>684.706726</ele>
        <time>2026-05-11T20:12:59.936Z</time>
      </trkpt>
      <trkpt lat="42.588806" lon="23.664479">
        <ele>686.402076</ele>
        <time>2026-05-11T20:13:18.394Z</time>
      </trkpt>
      <trkpt lat="42.588773" lon="23.664758">
        <ele>687.696040</ele>
        <time>2026-05-11T20:13:30.230Z</time>
      </trkpt>
      <trkpt lat="42.588729" lon="23.665062">
        <ele>689.333367</ele>
        <time>2026-05-11T20:13:43.633Z</time>
      </trkpt>
      <trkpt lat="42.588589" lon="23.665903">
        <ele>693.890077</ele>
        <time>2026-05-11T20:14:19.997Z</time>
      </trkpt>
      <trkpt lat="42.588550" lon="23.666358">
        <ele>696.310904</ele>
        <time>2026-05-11T20:14:36.309Z</time>
      </trkpt>
      <trkpt lat="42.588562" lon="23.666670">
        <ele>697.962011</ele>
        <time>2026-05-11T20:14:46.844Z</time>
      </trkpt>
      <trkpt lat="42.588691" lon="23.667014">
        <ele>699.954628</ele>
        <time>2026-05-11T20:14:59.087Z</time>
      </trkpt>
      <trkpt lat="42.588963" lon="23.667316">
        <ele>701.990202</ele>
        <time>2026-05-11T20:15:13.075Z</time>
      </trkpt>
      <trkpt lat="42.589225" lon="23.667548">
        <ele>703.802395</ele>
        <time>2026-05-11T20:15:25.558Z</time>
      </trkpt>
      <trkpt lat="42.589419" lon="23.667762">
        <ele>705.250469</ele>
        <time>2026-05-11T20:15:35.903Z</time>
      </trkpt>
      <trkpt lat="42.589540" lon="23.668076">
        <ele>706.762329</ele>
        <time>2026-05-11T20:15:47.574Z</time>
      </trkpt>
      <trkpt lat="42.589594" lon="23.668405">
        <ele>708.200239</ele>
        <time>2026-05-11T20:15:59.502Z</time>
      </trkpt>
      <trkpt lat="42.589582" lon="23.668785">
        <ele>709.822740</ele>
        <time>2026-05-11T20:16:13.971Z</time>
      </trkpt>
      <trkpt lat="42.589470" lon="23.669141">
        <ele>712.022396</ele>
        <time>2026-05-11T20:16:29.448Z</time>
      </trkpt>
      <trkpt lat="42.589338" lon="23.669359">
        <ele>713.735315</ele>
        <time>2026-05-11T20:16:40.815Z</time>
      </trkpt>
      <trkpt lat="42.588824" lon="23.669973">
        <ele>719.377567</ele>
        <time>2026-05-11T20:17:18.859Z</time>
      </trkpt>
      <trkpt lat="42.588587" lon="23.670186">
        <ele>721.720067</ele>
        <time>2026-05-11T20:17:35.082Z</time>
      </trkpt>
      <trkpt lat="42.588364" lon="23.670280">
        <ele>723.644716</ele>
        <time>2026-05-11T20:17:48.542Z</time>
      </trkpt>
      <trkpt lat="42.588147" lon="23.670312">
        <ele>725.436360</ele>
        <time>2026-05-11T20:18:01.057Z</time>
      </trkpt>
      <trkpt lat="42.588057" lon="23.670295">
        <ele>726.172490</ele>
        <time>2026-05-11T20:18:06.370Z</time>
      </trkpt>
      <trkpt lat="42.586692" lon="23.669876">
        <ele>737.509584</ele>
        <time>2026-05-11T20:19:25.167Z</time>
      </trkpt>
      <trkpt lat="42.586454" lon="23.669739">
        <ele>739.594149</ele>
        <time>2026-05-11T20:19:38.372Z</time>
      </trkpt>
      <trkpt lat="42.586062" lon="23.669313">
        <ele>742.336920</ele>
        <time>2026-05-11T20:20:01.977Z</time>
      </trkpt>
      <trkpt lat="42.585761" lon="23.669062">
        <ele>744.266583</ele>
        <time>2026-05-11T20:20:16.851Z</time>
      </trkpt>
      <trkpt lat="42.585427" lon="23.668985">
        <ele>746.117430</ele>
        <time>2026-05-11T20:20:30.493Z</time>
      </trkpt>
      <trkpt lat="42.585190" lon="23.669038">
        <ele>747.429670</ele>
        <time>2026-05-11T20:20:40.378Z</time>
      </trkpt>
      <trkpt lat="42.584975" lon="23.669165">
        <ele>748.710564</ele>
        <time>2026-05-11T20:20:50.218Z</time>
      </trkpt>
      <trkpt lat="42.584749" lon="23.669437">
        <ele>750.342371</ele>
        <time>2026-05-11T20:21:03.034Z</time>
      </trkpt>
      <trkpt lat="42.584554" lon="23.669880">
        <ele>752.379733</ele>
        <time>2026-05-11T20:21:19.290Z</time>
      </trkpt>
      <trkpt lat="42.584488" lon="23.670390">
        <ele>754.423754</ele>
        <time>2026-05-11T20:21:36.121Z</time>
      </trkpt>
      <trkpt lat="42.584130" lon="23.675474">
        <ele>775.383450</ele>
        <time>2026-05-11T20:24:22.866Z</time>
      </trkpt>
      <trkpt lat="42.584023" lon="23.676929">
        <ele>782.014450</ele>
        <time>2026-05-11T20:25:14.023Z</time>
      </trkpt>
      <trkpt lat="42.583712" lon="23.679241">
        <ele>792.899825</ele>
        <time>2026-05-11T20:26:41.055Z</time>
      </trkpt>
      <trkpt lat="42.583503" lon="23.680259">
        <ele>796.246420</ele>
        <time>2026-05-11T20:27:14.941Z</time>
      </trkpt>
      <trkpt lat="42.583274" lon="23.681092">
        <ele>799.062091</ele>
        <time>2026-05-11T20:27:36.101Z</time>
      </trkpt>
      <trkpt lat="42.583210" lon="23.681386">
        <ele>799.478802</ele>
        <time>2026-05-11T20:27:42.154Z</time>
      </trkpt>
      <trkpt lat="42.583166" lon="23.681802">
        <ele>799.798969</ele>
        <time>2026-05-11T20:27:49.690Z</time>
      </trkpt>
      <trkpt lat="42.583200" lon="23.682482">
        <ele>800.318195</ele>
        <time>2026-05-11T20:28:01.228Z</time>
      </trkpt>
      <trkpt lat="42.583332" lon="23.683323">
        <ele>800.973273</ele>
        <time>2026-05-11T20:28:17.090Z</time>
      </trkpt>
      <trkpt lat="42.583545" lon="23.684298">
        <ele>801.982906</ele>
        <time>2026-05-11T20:28:39.646Z</time>
      </trkpt>
      <trkpt lat="42.583604" lon="23.684704">
        <ele>802.424996</ele>
        <time>2026-05-11T20:28:49.062Z</time>
      </trkpt>
      <trkpt lat="42.583665" lon="23.685255">
        <ele>803.020237</ele>
        <time>2026-05-11T20:29:01.335Z</time>
      </trkpt>
      <trkpt lat="42.583709" lon="23.686396">
        <ele>803.688625</ele>
        <time>2026-05-11T20:29:22.743Z</time>
      </trkpt>
      <trkpt lat="42.583882" lon="23.687408">
        <ele>803.485947</ele>
        <time>2026-05-11T20:29:38.638Z</time>
      </trkpt>
      <trkpt lat="42.584678" lon="23.690964">
        <ele>802.214814</ele>
        <time>2026-05-11T20:30:32.585Z</time>
      </trkpt>
      <trkpt lat="42.584754" lon="23.691584">
        <ele>802.777583</ele>
        <time>2026-05-11T20:30:43.145Z</time>
      </trkpt>
      <trkpt lat="42.584721" lon="23.692958">
        <ele>804.008473</ele>
        <time>2026-05-11T20:31:11.899Z</time>
      </trkpt>
      <trkpt lat="42.584677" lon="23.693623">
        <ele>806.270211</ele>
        <time>2026-05-11T20:31:30.053Z</time>
      </trkpt>
      <trkpt lat="42.584553" lon="23.694248">
        <ele>808.862801</ele>
        <time>2026-05-11T20:31:50.399Z</time>
      </trkpt>
      <trkpt lat="42.584342" lon="23.694841">
        <ele>811.500747</ele>
        <time>2026-05-11T20:32:13.535Z</time>
      </trkpt>
      <trkpt lat="42.584063" lon="23.695401">
        <ele>814.295635</ele>
        <time>2026-05-11T20:32:39.056Z</time>
      </trkpt>
      <trkpt lat="42.583627" lon="23.695922">
        <ele>818.375760</ele>
        <time>2026-05-11T20:33:09.535Z</time>
      </trkpt>
      <trkpt lat="42.582994" lon="23.696541">
        <ele>823.855961</ele>
        <time>2026-05-11T20:33:49.316Z</time>
      </trkpt>
      <trkpt lat="42.582466" lon="23.696938">
        <ele>827.833050</ele>
        <time>2026-05-11T20:34:18.933Z</time>
      </trkpt>
      <trkpt lat="42.580769" lon="23.697935">
        <ele>838.072185</ele>
        <time>2026-05-11T20:35:42.672Z</time>
      </trkpt>
      <trkpt lat="42.579751" lon="23.698678">
        <ele>842.492888</ele>
        <time>2026-05-11T20:36:26.027Z</time>
      </trkpt>
      <trkpt lat="42.577242" lon="23.700626">
        <ele>848.669058</ele>
        <time>2026-05-11T20:37:56.349Z</time>
      </trkpt>
      <trkpt lat="42.576637" lon="23.701091">
        <ele>849.251750</ele>
        <time>2026-05-11T20:38:12.751Z</time>
      </trkpt>
      <trkpt lat="42.575944" lon="23.701532">
        <ele>849.373307</ele>
        <time>2026-05-11T20:38:27.888Z</time>
      </trkpt>
      <trkpt lat="42.575281" lon="23.701904">
        <ele>848.995520</ele>
        <time>2026-05-11T20:38:41.513Z</time>
      </trkpt>
      <trkpt lat="42.574514" lon="23.702255">
        <ele>848.771330</ele>
        <time>2026-05-11T20:38:58.760Z</time>
      </trkpt>
      <trkpt lat="42.568167" lon="23.705218">
        <ele>857.135876</ele>
        <time>2026-05-11T20:42:06.103Z</time>
      </trkpt>
      <trkpt lat="42.567883" lon="23.705335">
        <ele>857.417613</ele>
        <time>2026-05-11T20:42:13.146Z</time>
      </trkpt>
      <trkpt lat="42.567677" lon="23.705439">
        <ele>857.250700</ele>
        <time>2026-05-11T20:42:17.964Z</time>
      </trkpt>
      <trkpt lat="42.567604" lon="23.705484">
        <ele>857.115747</ele>
        <time>2026-05-11T20:42:19.720Z</time>
      </trkpt>
      <trkpt lat="42.564490" lon="23.706972">
        <ele>850.048306</ele>
        <time>2026-05-11T20:43:17.017Z</time>
      </trkpt>
      <trkpt lat="42.563735" lon="23.707399">
        <ele>846.592826</ele>
        <time>2026-05-11T20:43:29.441Z</time>
      </trkpt>
      <trkpt lat="42.562517" lon="23.708087">
        <ele>840.788742</ele>
        <time>2026-05-11T20:43:49.649Z</time>
      </trkpt>
      <trkpt lat="42.562474" lon="23.708112">
        <ele>840.580919</ele>
        <time>2026-05-11T20:43:50.398Z</time>
      </trkpt>
      <trkpt lat="42.561933" lon="23.708422">
        <ele>837.972017</ele>
        <time>2026-05-11T20:43:59.509Z</time>
      </trkpt>
      <trkpt lat="42.561843" lon="23.708472">
        <ele>837.539977</ele>
        <time>2026-05-11T20:44:01.006Z</time>
      </trkpt>
      <trkpt lat="42.561460" lon="23.708689">
        <ele>835.696127</ele>
        <time>2026-05-11T20:44:07.380Z</time>
      </trkpt>
      <trkpt lat="42.560946" lon="23.708989">
        <ele>833.287236</ele>
        <time>2026-05-11T20:44:15.966Z</time>
      </trkpt>
      <trkpt lat="42.560437" lon="23.709286">
        <ele>831.072868</ele>
        <time>2026-05-11T20:44:24.521Z</time>
      </trkpt>
      <trkpt lat="42.559933" lon="23.709579">
        <ele>828.881507</ele>
        <time>2026-05-11T20:44:33.160Z</time>
      </trkpt>
      <trkpt lat="42.559385" lon="23.709899">
        <ele>826.511106</ele>
        <time>2026-05-11T20:44:42.783Z</time>
      </trkpt>
      <trkpt lat="42.558013" lon="23.710608">
        <ele>820.925569</ele>
        <time>2026-05-11T20:45:06.082Z</time>
      </trkpt>
      <trkpt lat="42.557129" lon="23.711026">
        <ele>817.618955</ele>
        <time>2026-05-11T20:45:20.632Z</time>
      </trkpt>
      <trkpt lat="42.557122" lon="23.711030">
        <ele>817.592915</ele>
        <time>2026-05-11T20:45:20.754Z</time>
      </trkpt>
      <trkpt lat="42.556712" lon="23.711145">
        <ele>816.157477</ele>
        <time>2026-05-11T20:45:27.317Z</time>
      </trkpt>
      <trkpt lat="42.555960" lon="23.711274">
        <ele>813.715899</ele>
        <time>2026-05-11T20:45:39.904Z</time>
      </trkpt>
      <trkpt lat="42.555050" lon="23.711478">
        <ele>812.837170</ele>
        <time>2026-05-11T20:45:57.157Z</time>
      </trkpt>
      <trkpt lat="42.554322" lon="23.711614">
        <ele>812.137043</ele>
        <time>2026-05-11T20:46:13.671Z</time>
      </trkpt>
      <trkpt lat="42.553603" lon="23.711844">
        <ele>811.610498</ele>
        <time>2026-05-11T20:46:29.874Z</time>
      </trkpt>
      <trkpt lat="42.553110" lon="23.712046">
        <ele>811.257999</ele>
        <time>2026-05-11T20:46:40.574Z</time>
      </trkpt>
      <trkpt lat="42.551788" lon="23.712868">
        <ele>808.809420</ele>
        <time>2026-05-11T20:47:07.111Z</time>
      </trkpt>
      <trkpt lat="42.551670" lon="23.712937">
        <ele>808.496827</ele>
        <time>2026-05-11T20:47:09.289Z</time>
      </trkpt>
      <trkpt lat="42.550955" lon="23.713487">
        <ele>806.497370</ele>
        <time>2026-05-11T20:47:22.765Z</time>
      </trkpt>
      <trkpt lat="42.550598" lon="23.713761">
        <ele>805.136641</ele>
        <time>2026-05-11T20:47:29.234Z</time>
      </trkpt>
      <trkpt lat="42.550244" lon="23.714136">
        <ele>803.629392</ele>
        <time>2026-05-11T20:47:36.314Z</time>
      </trkpt>
      <trkpt lat="42.549861" lon="23.714680">
        <ele>801.768667</ele>
        <time>2026-05-11T20:47:45.179Z</time>
      </trkpt>
      <trkpt lat="42.548145" lon="23.717677">
        <ele>794.788887</ele>
        <time>2026-05-11T20:48:32.295Z</time>
      </trkpt>
      <trkpt lat="42.546107" lon="23.721302">
        <ele>791.055012</ele>
        <time>2026-05-11T20:49:37.514Z</time>
      </trkpt>
      <trkpt lat="42.545255" lon="23.722821">
        <ele>790.156145</ele>
        <time>2026-05-11T20:50:06.781Z</time>
      </trkpt>
      <trkpt lat="42.543668" lon="23.725566">
        <ele>787.991259</ele>
        <time>2026-05-11T20:50:56.045Z</time>
      </trkpt>
      <trkpt lat="42.542727" lon="23.726659">
        <ele>787.419036</ele>
        <time>2026-05-11T20:51:22.484Z</time>
      </trkpt>
      <trkpt lat="42.542241" lon="23.727024">
        <ele>787.380869</ele>
        <time>2026-05-11T20:51:35.745Z</time>
      </trkpt>
      <trkpt lat="42.541666" lon="23.727332">
        <ele>787.338393</ele>
        <time>2026-05-11T20:51:50.741Z</time>
      </trkpt>
      <trkpt lat="42.540877" lon="23.727555">
        <ele>786.427583</ele>
        <time>2026-05-11T20:52:07.360Z</time>
      </trkpt>
      <trkpt lat="42.538331" lon="23.728172">
        <ele>778.460212</ele>
        <time>2026-05-11T20:52:49.594Z</time>
      </trkpt>
      <trkpt lat="42.537692" lon="23.728422">
        <ele>775.876328</ele>
        <time>2026-05-11T20:52:59.634Z</time>
      </trkpt>
      <trkpt lat="42.537572" lon="23.728493">
        <ele>775.223759</ele>
        <time>2026-05-11T20:53:01.595Z</time>
      </trkpt>
      <trkpt lat="42.536804" lon="23.728970">
        <ele>771.013456</ele>
        <time>2026-05-11T20:53:14.324Z</time>
      </trkpt>
      <trkpt lat="42.536404" lon="23.729134">
        <ele>768.930472</ele>
        <time>2026-05-11T20:53:20.662Z</time>
      </trkpt>
      <trkpt lat="42.536049" lon="23.729197">
        <ele>767.145752</ele>
        <time>2026-05-11T20:53:26.092Z</time>
      </trkpt>
      <trkpt lat="42.535185" lon="23.729137">
        <ele>762.747890</ele>
        <time>2026-05-11T20:53:39.135Z</time>
      </trkpt>
      <trkpt lat="42.534637" lon="23.729163">
        <ele>759.958168</ele>
        <time>2026-05-11T20:53:47.345Z</time>
      </trkpt>
      <trkpt lat="42.534395" lon="23.729265">
        <ele>758.668947</ele>
        <time>2026-05-11T20:53:51.145Z</time>
      </trkpt>
      <trkpt lat="42.534151" lon="23.729440">
        <ele>757.306226</ele>
        <time>2026-05-11T20:53:55.324Z</time>
      </trkpt>
      <trkpt lat="42.533801" lon="23.729828">
        <ele>755.178197</ele>
        <time>2026-05-11T20:54:02.196Z</time>
      </trkpt>
      <trkpt lat="42.533490" lon="23.730262">
        <ele>753.077677</ele>
        <time>2026-05-11T20:54:09.049Z</time>
      </trkpt>
      <trkpt lat="42.533319" lon="23.730586">
        <ele>751.694860</ele>
        <time>2026-05-11T20:54:13.571Z</time>
      </trkpt>
      <trkpt lat="42.532525" lon="23.732400">
        <ele>743.872470</ele>
        <time>2026-05-11T20:54:37.313Z</time>
      </trkpt>
      <trkpt lat="42.531285" lon="23.735129">
        <ele>730.725959</ele>
        <time>2026-05-11T20:55:12.058Z</time>
      </trkpt>
      <trkpt lat="42.530704" lon="23.736231">
        <ele>726.236539</ele>
        <time>2026-05-11T20:55:27.080Z</time>
      </trkpt>
      <trkpt lat="42.530359" lon="23.736747">
        <ele>724.066290</ele>
        <time>2026-05-11T20:55:35.086Z</time>
      </trkpt>
      <trkpt lat="42.529969" lon="23.737164">
        <ele>722.070850</ele>
        <time>2026-05-11T20:55:43.162Z</time>
      </trkpt>
      <trkpt lat="42.529356" lon="23.737481">
        <ele>721.411388</ele>
        <time>2026-05-11T20:55:54.804Z</time>
      </trkpt>
      <trkpt lat="42.528262" lon="23.737987">
        <ele>720.256896</ele>
        <time>2026-05-11T20:56:19.764Z</time>
      </trkpt>
      <trkpt lat="42.527724" lon="23.738382">
        <ele>719.742120</ele>
        <time>2026-05-11T20:56:34.087Z</time>
      </trkpt>
      <trkpt lat="42.527148" lon="23.738992">
        <ele>719.127235</ele>
        <time>2026-05-11T20:56:48.931Z</time>
      </trkpt>
      <trkpt lat="42.526572" lon="23.739765">
        <ele>717.596218</ele>
        <time>2026-05-11T20:57:02.816Z</time>
      </trkpt>
      <trkpt lat="42.526208" lon="23.740532">
        <ele>715.599701</ele>
        <time>2026-05-11T20:57:13.522Z</time>
      </trkpt>
      <trkpt lat="42.525759" lon="23.741852">
        <ele>712.784473</ele>
        <time>2026-05-11T20:57:31.027Z</time>
      </trkpt>
      <trkpt lat="42.525377" lon="23.743412">
        <ele>710.476871</ele>
        <time>2026-05-11T20:57:53.219Z</time>
      </trkpt>
      <trkpt lat="42.524554" lon="23.746067">
        <ele>707.418163</ele>
        <time>2026-05-11T20:58:32.031Z</time>
      </trkpt>
      <trkpt lat="42.524234" lon="23.746765">
        <ele>707.098651</ele>
        <time>2026-05-11T20:58:44.805Z</time>
      </trkpt>
      <trkpt lat="42.523933" lon="23.747212">
        <ele>706.863305</ele>
        <time>2026-05-11T20:58:55.149Z</time>
      </trkpt>
      <trkpt lat="42.523588" lon="23.747621">
        <ele>706.621686</ele>
        <time>2026-05-11T20:59:05.269Z</time>
      </trkpt>
      <trkpt lat="42.523111" lon="23.747974">
        <ele>705.729052</ele>
        <time>2026-05-11T20:59:15.796Z</time>
      </trkpt>
      <trkpt lat="42.520509" lon="23.749613">
        <ele>699.188076</ele>
        <time>2026-05-11T21:00:03.450Z</time>
      </trkpt>
      <trkpt lat="42.516085" lon="23.752404">
        <ele>695.944148</ele>
        <time>2026-05-11T21:01:45.105Z</time>
      </trkpt>
      <trkpt lat="42.515906" lon="23.752517">
        <ele>695.784186</ele>
        <time>2026-05-11T21:01:49.062Z</time>
      </trkpt>
      <trkpt lat="42.513611" lon="23.753969">
        <ele>692.807171</ele>
        <time>2026-05-11T21:02:36.089Z</time>
      </trkpt>
      <trkpt lat="42.512624" lon="23.754639">
        <ele>691.547026</ele>
        <time>2026-05-11T21:02:57.532Z</time>
      </trkpt>
      <trkpt lat="42.512333" lon="23.754931">
        <ele>691.133755</ele>
        <time>2026-05-11T21:03:04.515Z</time>
      </trkpt>
      <trkpt lat="42.512077" lon="23.755286">
        <ele>690.669570</ele>
        <time>2026-05-11T21:03:11.327Z</time>
      </trkpt>
      <trkpt lat="42.511805" lon="23.755840">
        <ele>689.693552</ele>
        <time>2026-05-11T21:03:20.146Z</time>
      </trkpt>
      <trkpt lat="42.511485" lon="23.756853">
        <ele>688.077549</ele>
        <time>2026-05-11T21:03:34.286Z</time>
      </trkpt>
      <trkpt lat="42.511122" lon="23.757834">
        <ele>686.531659</ele>
        <time>2026-05-11T21:03:48.037Z</time>
      </trkpt>
      <trkpt lat="42.510889" lon="23.758463">
        <ele>685.589130</ele>
        <time>2026-05-11T21:03:56.977Z</time>
      </trkpt>
      <trkpt lat="42.510602" lon="23.759216">
        <ele>684.454135</ele>
        <time>2026-05-11T21:04:08.175Z</time>
      </trkpt>
      <trkpt lat="42.510407" lon="23.759595">
        <ele>683.936614</ele>
        <time>2026-05-11T21:04:14.671Z</time>
      </trkpt>
      <trkpt lat="42.509907" lon="23.760436">
        <ele>683.985933</ele>
        <time>2026-05-11T21:04:32.050Z</time>
      </trkpt>
      <trkpt lat="42.508472" lon="23.762496">
        <ele>684.150713</ele>
        <time>2026-05-11T21:05:23.527Z</time>
      </trkpt>
      <trkpt lat="42.508307" lon="23.762749">
        <ele>684.173858</ele>
        <time>2026-05-11T21:05:28.964Z</time>
      </trkpt>
      <trkpt lat="42.508081" lon="23.763085">
        <ele>684.205024</ele>
        <time>2026-05-11T21:05:35.921Z</time>
      </trkpt>
      <trkpt lat="42.507469" lon="23.763753">
        <ele>682.623882</ele>
        <time>2026-05-11T21:05:50.316Z</time>
      </trkpt>
      <trkpt lat="42.505515" lon="23.765591">
        <ele>676.820732</ele>
        <time>2026-05-11T21:06:29.613Z</time>
      </trkpt>
      <trkpt lat="42.505194" lon="23.765892">
        <ele>675.799066</ele>
        <time>2026-05-11T21:06:36.203Z</time>
      </trkpt>
      <trkpt lat="42.503040" lon="23.767952">
        <ele>672.300616</ele>
        <time>2026-05-11T21:07:25.765Z</time>
      </trkpt>
      <trkpt lat="42.502365" lon="23.768456">
        <ele>671.545997</ele>
        <time>2026-05-11T21:07:41.058Z</time>
      </trkpt>
      <trkpt lat="42.500969" lon="23.769487">
        <ele>670.111314</ele>
        <time>2026-05-11T21:08:12.398Z</time>
      </trkpt>
      <trkpt lat="42.499955" lon="23.770234">
        <ele>669.021769</ele>
        <time>2026-05-11T21:08:34.454Z</time>
      </trkpt>
      <trkpt lat="42.498713" lon="23.771140">
        <ele>667.668850</ele>
        <time>2026-05-11T21:09:01.715Z</time>
      </trkpt>
      <trkpt lat="42.497743" lon="23.771870">
        <ele>666.779621</ele>
        <time>2026-05-11T21:09:23.576Z</time>
      </trkpt>
      <trkpt lat="42.496823" lon="23.772563">
        <ele>666.208471</ele>
        <time>2026-05-11T21:09:44.915Z</time>
      </trkpt>
      <trkpt lat="42.495463" lon="23.773577">
        <ele>665.843300</ele>
        <time>2026-05-11T21:10:18.237Z</time>
      </trkpt>
      <trkpt lat="42.495463" lon="23.773577">
        <ele>665.843300</ele>
        <time>2026-05-11T21:10:18.251Z</time>
      </trkpt>
      <trkpt lat="42.495525" lon="23.773534">
        <ele>665.854272</ele>
        <time>2026-05-11T21:10:20.051Z</time>
      </trkpt>
      <trkpt lat="42.495039" lon="23.772797">
        <ele>665.969131</ele>
        <time>2026-05-11T21:10:38.904Z</time>
      </trkpt>
      <trkpt lat="42.494552" lon="23.772061">
        <ele>666.203528</ele>
        <time>2026-05-11T21:10:57.759Z</time>
      </trkpt>
      <trkpt lat="42.494066" lon="23.771324">
        <ele>667.247769</ele>
        <time>2026-05-11T21:11:16.613Z</time>
      </trkpt>
      <trkpt lat="42.493937" lon="23.771110">
        <ele>667.539698</ele>
        <time>2026-05-11T21:11:21.883Z</time>
      </trkpt>
      <trkpt lat="42.493680" lon="23.770895">
        <ele>667.972211</ele>
        <time>2026-05-11T21:11:29.693Z</time>
      </trkpt>
      <trkpt lat="42.493465" lon="23.770895">
        <ele>668.280165</ele>
        <time>2026-05-11T21:11:35.253Z</time>
      </trkpt>
      <trkpt lat="42.492843" lon="23.771045">
        <ele>669.962771</ele>
        <time>2026-05-11T21:11:51.594Z</time>
      </trkpt>
      <trkpt lat="42.492650" lon="23.771174">
        <ele>670.715202</ele>
        <time>2026-05-11T21:11:57.160Z</time>
      </trkpt>
      <trkpt lat="42.492306" lon="23.771496">
        <ele>672.176873</ele>
        <time>2026-05-11T21:12:07.974Z</time>
      </trkpt>
      <trkpt lat="42.492156" lon="23.771603">
        <ele>672.769554</ele>
        <time>2026-05-11T21:12:12.359Z</time>
      </trkpt>
      <trkpt lat="42.491984" lon="23.771582">
        <ele>673.373464</ele>
        <time>2026-05-11T21:12:16.828Z</time>
      </trkpt>
      <trkpt lat="42.491856" lon="23.771496">
        <ele>673.872995</ele>
        <time>2026-05-11T21:12:20.524Z</time>
      </trkpt>
      <trkpt lat="42.491770" lon="23.771367">
        <ele>674.321426</ele>
        <time>2026-05-11T21:12:23.843Z</time>
      </trkpt>
      <trkpt lat="42.491641" lon="23.770809">
        <ele>676.260089</ele>
        <time>2026-05-11T21:12:35.004Z</time>
      </trkpt>
      <trkpt lat="42.491598" lon="23.770573">
        <ele>677.188965</ele>
        <time>2026-05-11T21:12:39.644Z</time>
      </trkpt>
      <trkpt lat="42.491620" lon="23.770401">
        <ele>677.855989</ele>
        <time>2026-05-11T21:12:42.976Z</time>
      </trkpt>
      <trkpt lat="42.491727" lon="23.770144">
        <ele>678.983703</ele>
        <time>2026-05-11T21:12:48.610Z</time>
      </trkpt>
      <trkpt lat="42.491684" lon="23.769865">
        <ele>680.072795</ele>
        <time>2026-05-11T21:12:54.052Z</time>
      </trkpt>
      <trkpt lat="42.491692" lon="23.769862">
        <ele>680.115806</ele>
        <time>2026-05-11T21:12:54.267Z</time>
      </trkpt>
      <trkpt lat="42.491687" lon="23.769835">
        <ele>680.222176</ele>
        <time>2026-05-11T21:12:54.798Z</time>
      </trkpt>
      <trkpt lat="42.491600" lon="23.769690">
        <ele>680.936463</ele>
        <time>2026-05-11T21:12:58.368Z</time>
      </trkpt>
      <trkpt lat="42.491228" lon="23.769350">
        <ele>683.261034</ele>
        <time>2026-05-11T21:13:09.983Z</time>
      </trkpt>
      <trkpt lat="42.490880" lon="23.769101">
        <ele>685.133467</ele>
        <time>2026-05-11T21:13:20.168Z</time>
      </trkpt>
      <trkpt lat="42.490844" lon="23.769097">
        <ele>685.290804</ele>
        <time>2026-05-11T21:13:21.098Z</time>
      </trkpt>
      <trkpt lat="42.490664" lon="23.769023">
        <ele>686.110095</ele>
        <time>2026-05-11T21:13:28.939Z</time>
      </trkpt>
      <trkpt lat="42.489883" lon="23.768836">
        <ele>689.564646</ele>
        <time>2026-05-11T21:14:00.813Z</time>
      </trkpt>
      <trkpt lat="42.488720" lon="23.768678">
        <ele>693.752738</ele>
        <time>2026-05-11T21:14:43.243Z</time>
      </trkpt>
      <trkpt lat="42.488484" lon="23.768701">
        <ele>694.420567</ele>
        <time>2026-05-11T21:14:51.437Z</time>
      </trkpt>
      <trkpt lat="42.488243" lon="23.768801">
        <ele>695.131922</ele>
        <time>2026-05-11T21:15:00.042Z</time>
      </trkpt>
      <trkpt lat="42.487019" lon="23.769418">
        <ele>698.253260</ele>
        <time>2026-05-11T21:15:40.130Z</time>
      </trkpt>
      <trkpt lat="42.486762" lon="23.769442">
        <ele>698.731758</ele>
        <time>2026-05-11T21:15:47.455Z</time>
      </trkpt>
      <trkpt lat="42.486461" lon="23.769423">
        <ele>699.291460</ele>
        <time>2026-05-11T21:15:56.065Z</time>
      </trkpt>
      <trkpt lat="42.485623" lon="23.769146">
        <ele>701.130101</ele>
        <time>2026-05-11T21:16:21.252Z</time>
      </trkpt>
      <trkpt lat="42.485199" lon="23.768914">
        <ele>702.500133</ele>
        <time>2026-05-11T21:16:35.491Z</time>
      </trkpt>
      <trkpt lat="42.484922" lon="23.768667">
        <ele>703.493532</ele>
        <time>2026-05-11T21:16:46.454Z</time>
      </trkpt>
      <trkpt lat="42.484750" lon="23.768260">
        <ele>704.530112</ele>
        <time>2026-05-11T21:16:58.721Z</time>
      </trkpt>
      <trkpt lat="42.484681" lon="23.767871">
        <ele>705.414225</ele>
        <time>2026-05-11T21:17:09.893Z</time>
      </trkpt>
      <trkpt lat="42.484669" lon="23.767262">
        <ele>707.257966</ele>
        <time>2026-05-11T21:17:27.939Z</time>
      </trkpt>
      <trkpt lat="42.484786" lon="23.766459">
        <ele>710.109444</ele>
        <time>2026-05-11T21:17:53.271Z</time>
      </trkpt>
      <trkpt lat="42.484858" lon="23.766159">
        <ele>711.208501</ele>
        <time>2026-05-11T21:18:03.247Z</time>
      </trkpt>
      <trkpt lat="42.485080" lon="23.765524">
        <ele>713.656627</ele>
        <time>2026-05-11T21:18:25.215Z</time>
      </trkpt>
      <trkpt lat="42.485175" lon="23.765073">
        <ele>715.049139</ele>
        <time>2026-05-11T21:18:39.332Z</time>
      </trkpt>
      <trkpt lat="42.485181" lon="23.764869">
        <ele>715.568812</ele>
        <time>2026-05-11T21:18:45.295Z</time>
      </trkpt>
      <trkpt lat="42.485155" lon="23.764673">
        <ele>716.075717</ele>
        <time>2026-05-11T21:18:50.977Z</time>
      </trkpt>
      <trkpt lat="42.485037" lon="23.764420">
        <ele>716.837689</ele>
        <time>2026-05-11T21:18:59.359Z</time>
      </trkpt>
      <trkpt lat="42.484863" lon="23.764198">
        <ele>717.662317</ele>
        <time>2026-05-11T21:19:08.292Z</time>
      </trkpt>
      <trkpt lat="42.484036" lon="23.763324">
        <ele>720.858910</ele>
        <time>2026-05-11T21:19:43.096Z</time>
      </trkpt>
      <trkpt lat="42.483704" lon="23.762757">
        <ele>721.555319</ele>
        <time>2026-05-11T21:19:58.474Z</time>
      </trkpt>
      <trkpt lat="42.483525" lon="23.762321">
        <ele>722.035322</ele>
        <time>2026-05-11T21:20:08.502Z</time>
      </trkpt>
      <trkpt lat="42.482893" lon="23.760361">
        <ele>722.129241</ele>
        <time>2026-05-11T21:20:46.693Z</time>
      </trkpt>
      <trkpt lat="42.482774" lon="23.759991">
        <ele>721.851391</ele>
        <time>2026-05-11T21:20:52.279Z</time>
      </trkpt>
      <trkpt lat="42.482536" lon="23.759232">
        <ele>721.283679</ele>
        <time>2026-05-11T21:21:02.698Z</time>
      </trkpt>
      <trkpt lat="42.482377" lon="23.758724">
        <ele>719.574664</ele>
        <time>2026-05-11T21:21:09.345Z</time>
      </trkpt>
      <trkpt lat="42.482271" lon="23.758354">
        <ele>718.308516</ele>
        <time>2026-05-11T21:21:13.922Z</time>
      </trkpt>
      <trkpt lat="42.482126" lon="23.758035">
        <ele>717.113220</ele>
        <time>2026-05-11T21:21:18.156Z</time>
      </trkpt>
      <trkpt lat="42.481826" lon="23.757661">
        <ele>715.350576</ele>
        <time>2026-05-11T21:21:24.368Z</time>
      </trkpt>
      <trkpt lat="42.481475" lon="23.757259">
        <ele>713.291822</ele>
        <time>2026-05-11T21:21:31.298Z</time>
      </trkpt>
      <trkpt lat="42.480870" lon="23.756533">
        <ele>707.824804</ele>
        <time>2026-05-11T21:21:43.073Z</time>
      </trkpt>
      <trkpt lat="42.480440" lon="23.756029">
        <ele>703.978569</ele>
        <time>2026-05-11T21:21:51.161Z</time>
      </trkpt>
      <trkpt lat="42.480176" lon="23.755678">
        <ele>701.476563</ele>
        <time>2026-05-11T21:21:56.361Z</time>
      </trkpt>
      <trkpt lat="42.480011" lon="23.755315">
        <ele>699.527685</ele>
        <time>2026-05-11T21:22:00.744Z</time>
      </trkpt>
      <trkpt lat="42.479647" lon="23.754515">
        <ele>695.263092</ele>
        <time>2026-05-11T21:22:10.605Z</time>
      </trkpt>
      <trkpt lat="42.479537" lon="23.754413">
        <ele>694.443323</ele>
        <time>2026-05-11T21:22:12.569Z</time>
      </trkpt>
      <trkpt lat="42.479463" lon="23.754411">
        <ele>693.988022</ele>
        <time>2026-05-11T21:22:13.655Z</time>
      </trkpt>
      <trkpt lat="42.479295" lon="23.754534">
        <ele>692.813533</ele>
        <time>2026-05-11T21:22:16.502Z</time>
      </trkpt>
      <trkpt lat="42.478428" lon="23.755411">
        <ele>687.716818</ele>
        <time>2026-05-11T21:22:33.762Z</time>
      </trkpt>
      <trkpt lat="42.478110" lon="23.755728">
        <ele>686.212222</ele>
        <time>2026-05-11T21:22:40.336Z</time>
      </trkpt>
      <trkpt lat="42.478006" lon="23.755793">
        <ele>685.775679</ele>
        <time>2026-05-11T21:22:42.193Z</time>
      </trkpt>
      <trkpt lat="42.476323" lon="23.756808">
        <ele>677.967903</ele>
        <time>2026-05-11T21:23:10.567Z</time>
      </trkpt>
      <trkpt lat="42.475253" lon="23.757456">
        <ele>672.947326</ele>
        <time>2026-05-11T21:23:28.551Z</time>
      </trkpt>
      <trkpt lat="42.475000" lon="23.757541">
        <ele>671.874932</ele>
        <time>2026-05-11T21:23:32.602Z</time>
      </trkpt>
      <trkpt lat="42.474758" lon="23.757584">
        <ele>670.870764</ele>
        <time>2026-05-11T21:23:36.385Z</time>
      </trkpt>
      <trkpt lat="42.473102" lon="23.757837">
        <ele>665.268838</ele>
        <time>2026-05-11T21:24:02.958Z</time>
      </trkpt>
      <trkpt lat="42.467909" lon="23.758636">
        <ele>654.796981</ele>
        <time>2026-05-11T21:25:35.741Z</time>
      </trkpt>
      <trkpt lat="42.464836" lon="23.759183">
        <ele>650.152794</ele>
        <time>2026-05-11T21:26:32.849Z</time>
      </trkpt>
      <trkpt lat="42.463922" lon="23.759328">
        <ele>648.934100</ele>
        <time>2026-05-11T21:26:49.923Z</time>
      </trkpt>
      <trkpt lat="42.462439" lon="23.759624">
        <ele>647.304404</ele>
        <time>2026-05-11T21:27:18.163Z</time>
      </trkpt>
      <trkpt lat="42.462367" lon="23.759639">
        <ele>647.236167</ele>
        <time>2026-05-11T21:27:19.581Z</time>
      </trkpt>
      <trkpt lat="42.462302" lon="23.759651">
        <ele>647.174716</ele>
        <time>2026-05-11T21:27:20.842Z</time>
      </trkpt>
      <trkpt lat="42.459351" lon="23.760172">
        <ele>645.353860</ele>
        <time>2026-05-11T21:28:21.295Z</time>
      </trkpt>
      <trkpt lat="42.458506" lon="23.760282">
        <ele>645.130228</ele>
        <time>2026-05-11T21:28:39.716Z</time>
      </trkpt>
      <trkpt lat="42.458097" lon="23.760257">
        <ele>645.022371</ele>
        <time>2026-05-11T21:28:48.787Z</time>
      </trkpt>
      <trkpt lat="42.457815" lon="23.760193">
        <ele>644.977403</ele>
        <time>2026-05-11T21:28:55.143Z</time>
      </trkpt>
      <trkpt lat="42.455973" lon="23.759644">
        <ele>644.787967</ele>
        <time>2026-05-11T21:29:36.181Z</time>
      </trkpt>
      <trkpt lat="42.454613" lon="23.759184">
        <ele>644.597416</ele>
        <time>2026-05-11T21:30:06.593Z</time>
      </trkpt>
      <trkpt lat="42.453309" lon="23.758731">
        <ele>644.681348</ele>
        <time>2026-05-11T21:30:35.891Z</time>
      </trkpt>
      <trkpt lat="42.453149" lon="23.758669">
        <ele>644.695245</ele>
        <time>2026-05-11T21:30:39.658Z</time>
      </trkpt>
      <trkpt lat="42.452753" lon="23.758092">
        <ele>644.933799</ele>
        <time>2026-05-11T21:30:53.337Z</time>
      </trkpt>
      <trkpt lat="42.451294" lon="23.756009">
        <ele>647.584986</ele>
        <time>2026-05-11T21:31:52.386Z</time>
      </trkpt>
      <trkpt lat="42.451055" lon="23.755700">
        <ele>648.020345</ele>
        <time>2026-05-11T21:32:02.414Z</time>
      </trkpt>
      <trkpt lat="42.450800" lon="23.755456">
        <ele>648.431773</ele>
        <time>2026-05-11T21:32:11.529Z</time>
      </trkpt>
      <trkpt lat="42.450352" lon="23.755083">
        <ele>649.124780</ele>
        <time>2026-05-11T21:32:25.974Z</time>
      </trkpt>
      <trkpt lat="42.449858" lon="23.754912">
        <ele>649.140415</ele>
        <time>2026-05-11T21:32:37.865Z</time>
      </trkpt>
      <trkpt lat="42.449725" lon="23.754822">
        <ele>649.069412</ele>
        <time>2026-05-11T21:32:40.929Z</time>
      </trkpt>
      <trkpt lat="42.449608" lon="23.754705">
        <ele>648.999964</ele>
        <time>2026-05-11T21:32:43.860Z</time>
      </trkpt>
      <trkpt lat="42.448973" lon="23.754563">
        <ele>648.692569</ele>
        <time>2026-05-11T21:32:56.341Z</time>
      </trkpt>
      <trkpt lat="42.448767" lon="23.754520">
        <ele>648.593017</ele>
        <time>2026-05-11T21:33:00.333Z</time>
      </trkpt>
      <trkpt lat="42.448130" lon="23.754421">
        <ele>648.173693</ele>
        <time>2026-05-11T21:33:12.838Z</time>
      </trkpt>
      <trkpt lat="42.447670" lon="23.754397">
        <ele>647.806832</ele>
        <time>2026-05-11T21:33:22.081Z</time>
      </trkpt>
      <trkpt lat="42.447817" lon="23.754693">
        <ele>647.597017</ele>
        <time>2026-05-11T21:33:27.387Z</time>
      </trkpt>
      <trkpt lat="42.447847" lon="23.754911">
        <ele>647.466612</ele>
        <time>2026-05-11T21:33:30.686Z</time>
      </trkpt>
      <trkpt lat="42.447865" lon="23.755262">
        <ele>647.259707</ele>
        <time>2026-05-11T21:33:35.892Z</time>
      </trkpt>
      <trkpt lat="42.447820" lon="23.756350">
        <ele>646.573720</ele>
        <time>2026-05-11T21:33:51.727Z</time>
      </trkpt>
      <trkpt lat="42.447747" lon="23.758016">
        <ele>645.482434</ele>
        <time>2026-05-11T21:34:15.476Z</time>
      </trkpt>
      <trkpt lat="42.447740" lon="23.758101">
        <ele>645.427266</ele>
        <time>2026-05-11T21:34:16.703Z</time>
      </trkpt>
      <trkpt lat="42.447665" lon="23.759747">
        <ele>644.728798</ele>
        <time>2026-05-11T21:34:41.464Z</time>
      </trkpt>
      <trkpt lat="42.447555" lon="23.762075">
        <ele>643.682087</ele>
        <time>2026-05-11T21:35:16.896Z</time>
      </trkpt>
      <trkpt lat="42.447517" lon="23.762893">
        <ele>643.303862</ele>
        <time>2026-05-11T21:35:28.842Z</time>
      </trkpt>
      <trkpt lat="42.447480" lon="23.763621">
        <ele>642.920810</ele>
        <time>2026-05-11T21:35:39.443Z</time>
      </trkpt>
      <trkpt lat="42.447453" lon="23.764487">
        <ele>642.459957</ele>
        <time>2026-05-11T21:35:52.259Z</time>
      </trkpt>
      <trkpt lat="42.447349" lon="23.770038">
        <ele>639.821110</ele>
        <time>2026-05-11T21:37:14.888Z</time>
      </trkpt>
      <trkpt lat="42.445426" lon="23.774385">
        <ele>637.729925</ele>
        <time>2026-05-11T21:38:34.400Z</time>
      </trkpt>
      <trkpt lat="42.444810" lon="23.775701">
        <ele>637.162009</ele>
        <time>2026-05-11T21:38:59.243Z</time>
      </trkpt>
      <trkpt lat="42.444156" lon="23.776923">
        <ele>636.570396</ele>
        <time>2026-05-11T21:39:23.024Z</time>
      </trkpt>
      <trkpt lat="42.443532" lon="23.778176">
        <ele>635.910910</ele>
        <time>2026-05-11T21:39:46.683Z</time>
      </trkpt>
      <trkpt lat="42.442611" lon="23.780184">
        <ele>635.015100</ele>
        <time>2026-05-11T21:40:23.796Z</time>
      </trkpt>
      <trkpt lat="42.442388" lon="23.780563">
        <ele>634.853578</ele>
        <time>2026-05-11T21:40:31.595Z</time>
      </trkpt>
      <trkpt lat="42.441646" lon="23.781661">
        <ele>634.646267</ele>
        <time>2026-05-11T21:40:56.252Z</time>
      </trkpt>
      <trkpt lat="42.440471" lon="23.783299">
        <ele>634.260908</ele>
        <time>2026-05-11T21:41:34.525Z</time>
      </trkpt>
      <trkpt lat="42.435467" lon="23.790182">
        <ele>631.281834</ele>
        <time>2026-05-11T21:44:09.069Z</time>
      </trkpt>
      <trkpt lat="42.435040" lon="23.790765">
        <ele>631.007014</ele>
        <time>2026-05-11T21:44:22.045Z</time>
      </trkpt>
      <trkpt lat="42.433738" lon="23.792417">
        <ele>630.216094</ele>
        <time>2026-05-11T21:45:00.498Z</time>
      </trkpt>
      <trkpt lat="42.434095" lon="23.792908">
        <ele>630.090470</ele>
        <time>2026-05-11T21:45:11.098Z</time>
      </trkpt>
      <trkpt lat="42.434158" lon="23.793050">
        <ele>630.079864</ele>
        <time>2026-05-11T21:45:13.678Z</time>
      </trkpt>
      <trkpt lat="42.434170" lon="23.793179">
        <ele>630.071541</ele>
        <time>2026-05-11T21:45:15.697Z</time>
      </trkpt>
      <trkpt lat="42.434144" lon="23.793341">
        <ele>630.060929</ele>
        <time>2026-05-11T21:45:18.287Z</time>
      </trkpt>
      <trkpt lat="42.434091" lon="23.793459">
        <ele>630.052086</ele>
        <time>2026-05-11T21:45:20.472Z</time>
      </trkpt>
      <trkpt lat="42.429792" lon="23.799316">
        <ele>629.429969</ele>
        <time>2026-05-11T21:47:35.212Z</time>
      </trkpt>
      <trkpt lat="42.430197" lon="23.799896">
        <ele>629.320740</ele>
        <time>2026-05-11T21:47:47.733Z</time>
      </trkpt>
      <trkpt lat="42.430895" lon="23.800842">
        <ele>629.080281</ele>
        <time>2026-05-11T21:48:09.043Z</time>
      </trkpt>
      <trkpt lat="42.432295" lon="23.802865">
        <ele>629.156365</ele>
        <time>2026-05-11T21:48:58.092Z</time>
      </trkpt>
      <trkpt lat="42.433436" lon="23.804479">
        <ele>629.259141</ele>
        <time>2026-05-11T21:49:36.582Z</time>
      </trkpt>
      <trkpt lat="42.433655" lon="23.804765">
        <ele>629.270660</ele>
        <time>2026-05-11T21:49:43.518Z</time>
      </trkpt>
      <trkpt lat="42.433815" lon="23.804983">
        <ele>629.275529</ele>
        <time>2026-05-11T21:49:48.685Z</time>
      </trkpt>
      <trkpt lat="42.436840" lon="23.809194">
        <ele>629.555580</ele>
        <time>2026-05-11T21:51:27.774Z</time>
      </trkpt>
      <trkpt lat="42.437219" lon="23.809680">
        <ele>629.948076</ele>
        <time>2026-05-11T21:51:41.565Z</time>
      </trkpt>
      <trkpt lat="42.437418" lon="23.809941">
        <ele>630.156395</ele>
        <time>2026-05-11T21:51:49.611Z</time>
      </trkpt>
      <trkpt lat="42.437471" lon="23.810004">
        <ele>630.209426</ele>
        <time>2026-05-11T21:51:51.715Z</time>
      </trkpt>
      <trkpt lat="42.438105" lon="23.810792">
        <ele>631.880101</ele>
        <time>2026-05-11T21:52:19.131Z</time>
      </trkpt>
      <trkpt lat="42.438284" lon="23.811251">
        <ele>632.726350</ele>
        <time>2026-05-11T21:52:32.179Z</time>
      </trkpt>
      <trkpt lat="42.439004" lon="23.812819">
        <ele>635.291572</ele>
        <time>2026-05-11T21:53:15.365Z</time>
      </trkpt>
      <trkpt lat="42.439087" lon="23.813394">
        <ele>635.950574</ele>
        <time>2026-05-11T21:53:28.311Z</time>
      </trkpt>
      <trkpt lat="42.439229" lon="23.813962">
        <ele>636.625108</ele>
        <time>2026-05-11T21:53:40.532Z</time>
      </trkpt>
      <trkpt lat="42.439276" lon="23.814032">
        <ele>636.731552</ele>
        <time>2026-05-11T21:53:42.408Z</time>
      </trkpt>
      <trkpt lat="42.439321" lon="23.814539">
        <ele>637.099925</ele>
        <time>2026-05-11T21:53:54.446Z</time>
      </trkpt>
      <trkpt lat="42.439307" lon="23.814811">
        <ele>637.167158</ele>
        <time>2026-05-11T21:54:00.885Z</time>
      </trkpt>
      <trkpt lat="42.439297" lon="23.815001">
        <ele>637.214127</ele>
        <time>2026-05-11T21:54:05.405Z</time>
      </trkpt>
      <trkpt lat="42.438912" lon="23.815230">
        <ele>637.354612</ele>
        <time>2026-05-11T21:54:34.669Z</time>
      </trkpt>
      <trkpt lat="42.438941" lon="23.815342">
        <ele>637.383880</ele>
        <time>2026-05-11T21:54:40.799Z</time>
      </trkpt>
      <trkpt lat="42.438751" lon="23.815449">
        <ele>637.452628</ele>
        <time>2026-05-11T21:54:55.133Z</time>
      </trkpt>
      <trkpt lat="42.438489" lon="23.815591">
        <ele>637.546911</ele>
        <time>2026-05-11T21:55:14.732Z</time>
      </trkpt>
      <trkpt lat="42.438555" lon="23.815793">
        <ele>637.601384</ele>
        <time>2026-05-11T21:55:26.086Z</time>
      </trkpt>
      <trkpt lat="42.438160" lon="23.816003">
        <ele>637.495231</ele>
        <time>2026-05-11T21:55:55.610Z</time>
      </trkpt>
      <trkpt lat="42.437961" lon="23.816108">
        <ele>637.389865</ele>
        <time>2026-05-11T21:56:10.460Z</time>
      </trkpt>
      <trkpt lat="42.437790" lon="23.816199">
        <ele>637.299221</ele>
        <time>2026-05-11T21:56:23.214Z</time>
      </trkpt>
      <trkpt lat="42.437815" lon="23.816369">
        <ele>637.236102</ele>
        <time>2026-05-11T21:56:32.111Z</time>
      </trkpt>
      <trkpt lat="42.437740" lon="23.816388">
        <ele>637.198456</ele>
        <time>2026-05-11T21:56:37.465Z</time>
      </trkpt>
      <trkpt lat="42.437720" lon="23.816354">
        <ele>637.182624</ele>
        <time>2026-05-11T21:56:38.167Z</time>
      </trkpt>
      <trkpt lat="42.437639" lon="23.816355">
        <ele>637.142658</ele>
        <time>2026-05-11T21:56:39.876Z</time>
      </trkpt>
      <trkpt lat="42.437476" lon="23.816436">
        <ele>637.056997</ele>
        <time>2026-05-11T21:56:43.523Z</time>
      </trkpt>
      <trkpt lat="42.436294" lon="23.817026">
        <ele>635.995374</ele>
        <time>2026-05-11T21:57:08.784Z</time>
      </trkpt>
      <trkpt lat="42.435885" lon="23.817461">
        <ele>635.386131</ele>
        <time>2026-05-11T21:57:18.956Z</time>
      </trkpt>
      <trkpt lat="42.435541" lon="23.817963">
        <ele>634.793739</ele>
        <time>2026-05-11T21:57:28.760Z</time>
      </trkpt>
      <trkpt lat="42.434551" lon="23.817570">
        <ele>633.868685</ele>
        <time>2026-05-11T21:57:49.580Z</time>
      </trkpt>
      <trkpt lat="42.434399" lon="23.817515">
        <ele>633.733538</ele>
        <time>2026-05-11T21:57:52.827Z</time>
      </trkpt>
      <trkpt lat="42.434333" lon="23.817425">
        <ele>633.653100</ele>
        <time>2026-05-11T21:57:54.745Z</time>
      </trkpt>
      <trkpt lat="42.433924" lon="23.817702">
        <ele>633.260311</ele>
        <time>2026-05-11T21:58:04.268Z</time>
      </trkpt>
      <trkpt lat="42.433098" lon="23.818128">
        <ele>632.651305</ele>
        <time>2026-05-11T21:58:23.448Z</time>
      </trkpt>
      <trkpt lat="42.432608" lon="23.818734">
        <ele>632.223621</ele>
        <time>2026-05-11T21:58:37.420Z</time>
      </trkpt>
      <trkpt lat="42.432478" lon="23.818901">
        <ele>632.108137</ele>
        <time>2026-05-11T21:58:41.150Z</time>
      </trkpt>
      <trkpt lat="42.431102" lon="23.818287">
        <ele>630.780836</ele>
        <time>2026-05-11T21:59:10.657Z</time>
      </trkpt>
      <trkpt lat="42.430848" lon="23.818274">
        <ele>630.533187</ele>
        <time>2026-05-11T21:59:15.768Z</time>
      </trkpt>
      <trkpt lat="42.429612" lon="23.819569">
        <ele>628.851130</ele>
        <time>2026-05-11T21:59:46.825Z</time>
      </trkpt>
      <trkpt lat="42.429110" lon="23.820101">
        <ele>628.158287</ele>
        <time>2026-05-11T21:59:59.479Z</time>
      </trkpt>
      <trkpt lat="42.427780" lon="23.818630">
        <ele>626.676084</ele>
        <time>2026-05-11T22:00:34.720Z</time>
      </trkpt>
      <trkpt lat="42.427621" lon="23.818455">
        <ele>626.560903</ele>
        <time>2026-05-11T22:00:38.983Z</time>
      </trkpt>
      <trkpt lat="42.427372" lon="23.818548">
        <ele>626.429902</ele>
        <time>2026-05-11T22:00:44.442Z</time>
      </trkpt>
      <trkpt lat="42.426845" lon="23.818811">
        <ele>626.145057</ele>
        <time>2026-05-11T22:00:56.625Z</time>
      </trkpt>
      <trkpt lat="42.426399" lon="23.819003">
        <ele>625.907705</ele>
        <time>2026-05-11T22:01:06.666Z</time>
      </trkpt>
      <trkpt lat="42.425971" lon="23.818979">
        <ele>625.694428</ele>
        <time>2026-05-11T22:01:16.012Z</time>
      </trkpt>
      <trkpt lat="42.425825" lon="23.818895">
        <ele>625.620940</ele>
        <time>2026-05-11T22:01:19.533Z</time>
      </trkpt>
      <trkpt lat="42.425575" lon="23.818719">
        <ele>625.490411</ele>
        <time>2026-05-11T22:01:25.822Z</time>
      </trkpt>
      <trkpt lat="42.424924" lon="23.818387">
        <ele>625.168143</ele>
        <time>2026-05-11T22:01:40.731Z</time>
      </trkpt>
      <trkpt lat="42.424595" lon="23.818297">
        <ele>625.012643</ele>
        <time>2026-05-11T22:01:47.799Z</time>
      </trkpt>
      <trkpt lat="42.424175" lon="23.818243">
        <ele>624.816950</ele>
        <time>2026-05-11T22:01:56.856Z</time>
      </trkpt>
      <trkpt lat="42.423743" lon="23.818239">
        <ele>624.616256</ele>
        <time>2026-05-11T22:02:06.184Z</time>
      </trkpt>
      <trkpt lat="42.423338" lon="23.818227">
        <ele>624.428065</ele>
        <time>2026-05-11T22:02:14.976Z</time>
      </trkpt>
      <trkpt lat="42.422639" lon="23.818107">
        <ele>624.100741</ele>
        <time>2026-05-11T22:02:30.311Z</time>
      </trkpt>
      <trkpt lat="42.419246" lon="23.817256">
        <ele>622.706965</ele>
        <time>2026-05-11T22:03:44.904Z</time>
      </trkpt>
      <trkpt lat="42.418081" lon="23.816926">
        <ele>622.731644</ele>
        <time>2026-05-11T22:04:12.313Z</time>
      </trkpt>
      <trkpt lat="42.410449" lon="23.815101">
        <ele>625.658494</ele>
        <time>2026-05-11T22:07:23.764Z</time>
      </trkpt>
      <trkpt lat="42.410134" lon="23.815478">
        <ele>625.957536</ele>
        <time>2026-05-11T22:07:40.634Z</time>
      </trkpt>
      <trkpt lat="42.410053" lon="23.815521">
        <ele>626.054214</ele>
        <time>2026-05-11T22:07:44.163Z</time>
      </trkpt>
      <trkpt lat="42.409923" lon="23.815526">
        <ele>626.198736</ele>
        <time>2026-05-11T22:07:49.505Z</time>
      </trkpt>
      <trkpt lat="42.408499" lon="23.814978">
        <ele>627.840136</ele>
        <time>2026-05-11T22:08:51.635Z</time>
      </trkpt>
      <trkpt lat="42.408349" lon="23.815002">
        <ele>627.996503</ele>
        <time>2026-05-11T22:08:57.962Z</time>
      </trkpt>
      <trkpt lat="42.408252" lon="23.815073">
        <ele>628.110650</ele>
        <time>2026-05-11T22:09:02.591Z</time>
      </trkpt>
      <trkpt lat="42.407024" lon="23.816700">
        <ele>629.829654</ele>
        <time>2026-05-11T22:10:13.291Z</time>
      </trkpt>
      <trkpt lat="42.406395" lon="23.817713">
        <ele>630.587459</ele>
        <time>2026-05-11T22:10:52.634Z</time>
      </trkpt>
      <trkpt lat="42.406088" lon="23.818273">
        <ele>630.986796</ele>
        <time>2026-05-11T22:11:13.034Z</time>
      </trkpt>
      <trkpt lat="42.405844" lon="23.818810">
        <ele>631.272876</ele>
        <time>2026-05-11T22:11:31.303Z</time>
      </trkpt>
      <trkpt lat="42.405296" lon="23.820160">
        <ele>631.935243</ele>
        <time>2026-05-11T22:12:15.765Z</time>
      </trkpt>
      <trkpt lat="42.404390" lon="23.822534">
        <ele>633.243959</ele>
        <time>2026-05-11T22:13:34.333Z</time>
      </trkpt>
      <trkpt lat="42.404215" lon="23.823055">
        <ele>633.489176</ele>
        <time>2026-05-11T22:13:51.399Z</time>
      </trkpt>
      <trkpt lat="42.403812" lon="23.824604">
        <ele>634.157397</ele>
        <time>2026-05-11T22:14:39.404Z</time>
      </trkpt>
      <trkpt lat="42.402965" lon="23.826572">
        <ele>634.730767</ele>
        <time>2026-05-11T22:15:42.925Z</time>
      </trkpt>
      <trkpt lat="42.401010" lon="23.831893">
        <ele>636.911757</ele>
        <time>2026-05-11T22:18:35.373Z</time>
      </trkpt>
      <trkpt lat="42.400700" lon="23.832672">
        <ele>637.029446</ele>
        <time>2026-05-11T22:18:59.900Z</time>
      </trkpt>
      <trkpt lat="42.400355" lon="23.833749">
        <ele>637.179032</ele>
        <time>2026-05-11T22:19:31.919Z</time>
      </trkpt>
      <trkpt lat="42.398932" lon="23.837859">
        <ele>637.649675</ele>
        <time>2026-05-11T22:21:38.251Z</time>
      </trkpt>
      <trkpt lat="42.398855" lon="23.838272">
        <ele>637.625857</ele>
        <time>2026-05-11T22:21:50.035Z</time>
      </trkpt>
      <trkpt lat="42.398697" lon="23.838773">
        <ele>637.546422</ele>
        <time>2026-05-11T22:22:04.925Z</time>
      </trkpt>
      <trkpt lat="42.398679" lon="23.838889">
        <ele>637.529138</ele>
        <time>2026-05-11T22:22:08.128Z</time>
      </trkpt>
      <trkpt lat="42.398613" lon="23.839978">
        <ele>637.369814</ele>
        <time>2026-05-11T22:22:37.427Z</time>
      </trkpt>
      <trkpt lat="42.398205" lon="23.841397">
        <ele>636.320516</ele>
        <time>2026-05-11T22:23:16.942Z</time>
      </trkpt>
      <trkpt lat="42.397985" lon="23.842365">
        <ele>635.424389</ele>
        <time>2026-05-11T22:23:41.377Z</time>
      </trkpt>
      <trkpt lat="42.397952" lon="23.842639">
        <ele>635.178751</ele>
        <time>2026-05-11T22:23:47.768Z</time>
      </trkpt>
      <trkpt lat="42.398857" lon="23.843357">
        <ele>632.964830</ele>
        <time>2026-05-11T22:24:19.701Z</time>
      </trkpt>
      <trkpt lat="42.398960" lon="23.843550">
        <ele>632.590703</ele>
        <time>2026-05-11T22:24:25.025Z</time>
      </trkpt>
      <trkpt lat="42.398968" lon="23.843687">
        <ele>632.374784</ele>
        <time>2026-05-11T22:24:28.111Z</time>
      </trkpt>
      <trkpt lat="42.398948" lon="23.843816">
        <ele>632.167688</ele>
        <time>2026-05-11T22:24:31.086Z</time>
      </trkpt>
      <trkpt lat="42.398047" lon="23.846128">
        <ele>630.214635</ele>
        <time>2026-05-11T22:25:35.425Z</time>
      </trkpt>
      <trkpt lat="42.397374" lon="23.847874">
        <ele>630.851528</ele>
        <time>2026-05-11T22:26:36.864Z</time>
      </trkpt>
      <trkpt lat="42.397280" lon="23.848239">
        <ele>631.049575</ele>
        <time>2026-05-11T22:26:48.530Z</time>
      </trkpt>
      <trkpt lat="42.397189" lon="23.853493">
        <ele>629.309830</ele>
        <time>2026-05-11T22:29:04.778Z</time>
      </trkpt>
      <trkpt lat="42.397051" lon="23.857031">
        <ele>625.694668</ele>
        <time>2026-05-11T22:30:31.011Z</time>
      </trkpt>
      <trkpt lat="42.397058" lon="23.857257">
        <ele>625.406251</ele>
        <time>2026-05-11T22:30:36.237Z</time>
      </trkpt>
      <trkpt lat="42.397215" lon="23.858625">
        <ele>623.644848</ele>
        <time>2026-05-11T22:31:08.269Z</time>
      </trkpt>
      <trkpt lat="42.397291" lon="23.859985">
        <ele>621.928216</ele>
        <time>2026-05-11T22:31:40.484Z</time>
      </trkpt>
      <trkpt lat="42.397318" lon="23.860457">
        <ele>621.332364</ele>
        <time>2026-05-11T22:31:51.891Z</time>
      </trkpt>
      <trkpt lat="42.397387" lon="23.860714">
        <ele>620.988182</ele>
        <time>2026-05-11T22:31:58.495Z</time>
      </trkpt>
      <trkpt lat="42.397611" lon="23.860977">
        <ele>620.585278</ele>
        <time>2026-05-11T22:32:08.157Z</time>
      </trkpt>
      <trkpt lat="42.398136" lon="23.861390">
        <ele>619.823120</ele>
        <time>2026-05-11T22:32:27.936Z</time>
      </trkpt>
      <trkpt lat="42.399130" lon="23.861941">
        <ele>618.524049</ele>
        <time>2026-05-11T22:33:03.844Z</time>
      </trkpt>
      <trkpt lat="42.399195" lon="23.862005">
        <ele>618.458902</ele>
        <time>2026-05-11T22:33:06.616Z</time>
      </trkpt>
      <trkpt lat="42.399812" lon="23.862978">
        <ele>617.691164</ele>
        <time>2026-05-11T22:33:26.341Z</time>
      </trkpt>
      <trkpt lat="42.399994" lon="23.863160">
        <ele>617.507761</ele>
        <time>2026-05-11T22:33:31.076Z</time>
      </trkpt>
      <trkpt lat="42.400715" lon="23.864013">
        <ele>617.042660</ele>
        <time>2026-05-11T22:33:50.759Z</time>
      </trkpt>
      <trkpt lat="42.400899" lon="23.864281">
        <ele>616.984281</ele>
        <time>2026-05-11T22:33:56.541Z</time>
      </trkpt>
      <trkpt lat="42.401012" lon="23.864515">
        <ele>616.939678</ele>
        <time>2026-05-11T22:34:01.121Z</time>
      </trkpt>
      <trkpt lat="42.401129" lon="23.864952">
        <ele>616.865523</ele>
        <time>2026-05-11T22:34:09.192Z</time>
      </trkpt>
      <trkpt lat="42.401398" lon="23.866459">
        <ele>617.057292</ele>
        <time>2026-05-11T22:34:38.019Z</time>
      </trkpt>
      <trkpt lat="42.400172" lon="23.867110">
        <ele>617.683936</ele>
        <time>2026-05-11T22:35:09.233Z</time>
      </trkpt>
      <trkpt lat="42.399999" lon="23.867191">
        <ele>617.824672</ele>
        <time>2026-05-11T22:35:13.541Z</time>
      </trkpt>
      <trkpt lat="42.399624" lon="23.867367">
        <ele>618.129814</ele>
        <time>2026-05-11T22:35:23.071Z</time>
      </trkpt>
      <trkpt lat="42.399093" lon="23.867640">
        <ele>618.566505</ele>
        <time>2026-05-11T22:35:37.387Z</time>
      </trkpt>
      <trkpt lat="42.398384" lon="23.867951">
        <ele>619.636752</ele>
        <time>2026-05-11T22:35:57.421Z</time>
      </trkpt>
      <trkpt lat="42.397553" lon="23.868321">
        <ele>621.749636</ele>
        <time>2026-05-11T22:36:24.611Z</time>
      </trkpt>
      <trkpt lat="42.395982" lon="23.868944">
        <ele>626.285497</ele>
        <time>2026-05-11T22:37:23.472Z</time>
      </trkpt>
      <trkpt lat="42.395202" lon="23.869326">
        <ele>628.706324</ele>
        <time>2026-05-11T22:37:51.019Z</time>
      </trkpt>
      <trkpt lat="42.394802" lon="23.869564">
        <ele>629.459182</ele>
        <time>2026-05-11T22:38:04.260Z</time>
      </trkpt>
      <trkpt lat="42.393802" lon="23.870134">
        <ele>631.328758</ele>
        <time>2026-05-11T22:38:34.771Z</time>
      </trkpt>
      <trkpt lat="42.393398" lon="23.870298">
        <ele>632.021869</ele>
        <time>2026-05-11T22:38:46.442Z</time>
      </trkpt>
      <trkpt lat="42.392469" lon="23.870636">
        <ele>633.509941</ele>
        <time>2026-05-11T22:39:13.525Z</time>
      </trkpt>
      <trkpt lat="42.390723" lon="23.871296">
        <ele>636.589868</ele>
        <time>2026-05-11T22:40:06.257Z</time>
      </trkpt>
      <trkpt lat="42.389541" lon="23.871652">
        <ele>639.097944</ele>
        <time>2026-05-11T22:40:42.284Z</time>
      </trkpt>
      <trkpt lat="42.389337" lon="23.871736">
        <ele>639.606569</ele>
        <time>2026-05-11T22:40:49.016Z</time>
      </trkpt>
      <trkpt lat="42.389091" lon="23.871838">
        <ele>640.220276</ele>
        <time>2026-05-11T22:40:57.320Z</time>
      </trkpt>
      <trkpt lat="42.388629" lon="23.872097">
        <ele>641.413060</ele>
        <time>2026-05-11T22:41:14.088Z</time>
      </trkpt>
      <trkpt lat="42.387516" lon="23.872945">
        <ele>644.550760</ele>
        <time>2026-05-11T22:41:56.686Z</time>
      </trkpt>
      <trkpt lat="42.386361" lon="23.873826">
        <ele>647.690941</ele>
        <time>2026-05-11T22:42:36.938Z</time>
      </trkpt>
      <trkpt lat="42.386002" lon="23.874048">
        <ele>648.568099</ele>
        <time>2026-05-11T22:42:48.829Z</time>
      </trkpt>
      <trkpt lat="42.385247" lon="23.874369">
        <ele>650.326869</ele>
        <time>2026-05-11T22:43:13.998Z</time>
      </trkpt>
      <trkpt lat="42.385188" lon="23.874398">
        <ele>650.469382</ele>
        <time>2026-05-11T22:43:16.045Z</time>
      </trkpt>
      <trkpt lat="42.382114" lon="23.875778">
        <ele>659.630998</ele>
        <time>2026-05-11T22:45:04.642Z</time>
      </trkpt>
      <trkpt lat="42.382057" lon="23.875805">
        <ele>659.806153</ele>
        <time>2026-05-11T22:45:06.634Z</time>
      </trkpt>
      <trkpt lat="42.381261" lon="23.876156">
        <ele>663.056552</ele>
        <time>2026-05-11T22:45:35.759Z</time>
      </trkpt>
      <trkpt lat="42.380900" lon="23.876231">
        <ele>664.667552</ele>
        <time>2026-05-11T22:45:49.555Z</time>
      </trkpt>
      <trkpt lat="42.380561" lon="23.876286">
        <ele>666.173568</ele>
        <time>2026-05-11T22:46:03.264Z</time>
      </trkpt>
      <trkpt lat="42.379375" lon="23.876362">
        <ele>672.814640</ele>
        <time>2026-05-11T22:46:58.087Z</time>
      </trkpt>
      <trkpt lat="42.379129" lon="23.876377">
        <ele>674.441237</ele>
        <time>2026-05-11T22:47:10.250Z</time>
      </trkpt>
      <trkpt lat="42.377400" lon="23.876561">
        <ele>685.042516</ele>
        <time>2026-05-11T22:48:38.146Z</time>
      </trkpt>
      <trkpt lat="42.376842" lon="23.876759">
        <ele>688.252733</ele>
        <time>2026-05-11T22:49:03.464Z</time>
      </trkpt>
      <trkpt lat="42.376221" lon="23.877187">
        <ele>690.977852</ele>
        <time>2026-05-11T22:49:29.056Z</time>
      </trkpt>
      <trkpt lat="42.374850" lon="23.878384">
        <ele>693.334769</ele>
        <time>2026-05-11T22:50:13.637Z</time>
      </trkpt>
      <trkpt lat="42.374449" lon="23.878824">
        <ele>692.676685</ele>
        <time>2026-05-11T22:50:24.005Z</time>
      </trkpt>
      <trkpt lat="42.373558" lon="23.879891">
        <ele>691.100104</ele>
        <time>2026-05-11T22:50:44.913Z</time>
      </trkpt>
      <trkpt lat="42.372828" lon="23.880798">
        <ele>688.217204</ele>
        <time>2026-05-11T22:51:01.411Z</time>
      </trkpt>
      <trkpt lat="42.371684" lon="23.882171">
        <ele>683.301027</ele>
        <time>2026-05-11T22:51:26.264Z</time>
      </trkpt>
      <trkpt lat="42.371102" lon="23.882925">
        <ele>680.459743</ele>
        <time>2026-05-11T22:51:39.063Z</time>
      </trkpt>
      <trkpt lat="42.370530" lon="23.883521">
        <ele>677.898587</ele>
        <time>2026-05-11T22:51:50.485Z</time>
      </trkpt>
      <trkpt lat="42.368745" lon="23.884925">
        <ele>671.219203</ele>
        <time>2026-05-11T22:52:23.667Z</time>
      </trkpt>
      <trkpt lat="42.368190" lon="23.885332">
        <ele>669.532354</ele>
        <time>2026-05-11T22:52:34.316Z</time>
      </trkpt>
      <trkpt lat="42.367925" lon="23.885477">
        <ele>668.768506</ele>
        <time>2026-05-11T22:52:39.594Z</time>
      </trkpt>
      <trkpt lat="42.367710" lon="23.885558">
        <ele>668.233157</ele>
        <time>2026-05-11T22:52:43.713Z</time>
      </trkpt>
      <trkpt lat="42.367489" lon="23.885569">
        <ele>667.785546</ele>
        <time>2026-05-11T22:52:47.735Z</time>
      </trkpt>
      <trkpt lat="42.367255" lon="23.885518">
        <ele>667.305825</ele>
        <time>2026-05-11T22:52:51.990Z</time>
      </trkpt>
      <trkpt lat="42.366881" lon="23.885310">
        <ele>666.487428</ele>
        <time>2026-05-11T22:52:59.357Z</time>
      </trkpt>
      <trkpt lat="42.366400" lon="23.884930">
        <ele>665.360160</ele>
        <time>2026-05-11T22:53:09.211Z</time>
      </trkpt>
      <trkpt lat="42.366134" lon="23.884784">
        <ele>664.778145</ele>
        <time>2026-05-11T22:53:14.016Z</time>
      </trkpt>
      <trkpt lat="42.365889" lon="23.884704">
        <ele>664.137618</ele>
        <time>2026-05-11T22:53:18.086Z</time>
      </trkpt>
      <trkpt lat="42.364980" lon="23.884648">
        <ele>661.825023</ele>
        <time>2026-05-11T22:53:32.977Z</time>
      </trkpt>
      <trkpt lat="42.364560" lon="23.884551">
        <ele>660.742172</ele>
        <time>2026-05-11T22:53:40.375Z</time>
      </trkpt>
      <trkpt lat="42.363620" lon="23.884165">
        <ele>658.631169</ele>
        <time>2026-05-11T22:53:58.516Z</time>
      </trkpt>
      <trkpt lat="42.363328" lon="23.883990">
        <ele>657.978675</ele>
        <time>2026-05-11T22:54:04.454Z</time>
      </trkpt>
      <trkpt lat="42.362950" lon="23.883664">
        <ele>657.062861</ele>
        <time>2026-05-11T22:54:12.399Z</time>
      </trkpt>
      <trkpt lat="42.362225" lon="23.882917">
        <ele>653.595263</ele>
        <time>2026-05-11T22:54:26.989Z</time>
      </trkpt>
      <trkpt lat="42.361890" lon="23.882613">
        <ele>651.780574</ele>
        <time>2026-05-11T22:54:33.125Z</time>
      </trkpt>
      <trkpt lat="42.361623" lon="23.882483">
        <ele>650.503918</ele>
        <time>2026-05-11T22:54:37.384Z</time>
      </trkpt>
      <trkpt lat="42.360306" lon="23.882189">
        <ele>643.683593</ele>
        <time>2026-05-11T22:54:57.203Z</time>
      </trkpt>
      <trkpt lat="42.358587" lon="23.881391">
        <ele>634.399862</ele>
        <time>2026-05-11T22:55:24.366Z</time>
      </trkpt>
      <trkpt lat="42.358195" lon="23.881345">
        <ele>632.519257</ele>
        <time>2026-05-11T22:55:30.392Z</time>
      </trkpt>
      <trkpt lat="42.357686" lon="23.881378">
        <ele>630.083854</ele>
        <time>2026-05-11T22:55:38.345Z</time>
      </trkpt>
      <trkpt lat="42.357116" lon="23.881516">
        <ele>627.822509</ele>
        <time>2026-05-11T22:55:47.478Z</time>
      </trkpt>
      <trkpt lat="42.356697" lon="23.881708">
        <ele>626.094938</ele>
        <time>2026-05-11T22:55:54.443Z</time>
      </trkpt>
      <trkpt lat="42.356136" lon="23.882067">
        <ele>623.671472</ele>
        <time>2026-05-11T22:56:04.190Z</time>
      </trkpt>
      <trkpt lat="42.355824" lon="23.882221">
        <ele>622.539606</ele>
        <time>2026-05-11T22:56:09.438Z</time>
      </trkpt>
      <trkpt lat="42.355504" lon="23.882283">
        <ele>621.581044</ele>
        <time>2026-05-11T22:56:14.613Z</time>
      </trkpt>
      <trkpt lat="42.353346" lon="23.882303">
        <ele>615.204122</ele>
        <time>2026-05-11T22:56:51.020Z</time>
      </trkpt>
      <trkpt lat="42.352648" lon="23.882423">
        <ele>613.135985</ele>
        <time>2026-05-11T22:57:02.383Z</time>
      </trkpt>
      <trkpt lat="42.352112" lon="23.882417">
        <ele>611.705576</ele>
        <time>2026-05-11T22:57:10.975Z</time>
      </trkpt>
      <trkpt lat="42.350796" lon="23.882217">
        <ele>608.455215</ele>
        <time>2026-05-11T22:57:33.624Z</time>
      </trkpt>
      <trkpt lat="42.349952" lon="23.882217">
        <ele>606.418872</ele>
        <time>2026-05-11T22:57:49.378Z</time>
      </trkpt>
      <trkpt lat="42.349584" lon="23.882275">
        <ele>605.529030</ele>
        <time>2026-05-11T22:57:56.002Z</time>
      </trkpt>
      <trkpt lat="42.349288" lon="23.882363">
        <ele>604.801136</ele>
        <time>2026-05-11T22:58:01.134Z</time>
      </trkpt>
      <trkpt lat="42.348708" lon="23.882684">
        <ele>603.057971</ele>
        <time>2026-05-11T22:58:11.106Z</time>
      </trkpt>
      <trkpt lat="42.348033" lon="23.883135">
        <ele>600.198463</ele>
        <time>2026-05-11T22:58:22.794Z</time>
      </trkpt>
      <trkpt lat="42.347743" lon="23.883243">
        <ele>599.055953</ele>
        <time>2026-05-11T22:58:27.466Z</time>
      </trkpt>
      <trkpt lat="42.347402" lon="23.883325">
        <ele>597.740389</ele>
        <time>2026-05-11T22:58:32.880Z</time>
      </trkpt>
      <trkpt lat="42.347003" lon="23.883368">
        <ele>596.439756</ele>
        <time>2026-05-11T22:58:39.385Z</time>
      </trkpt>
      <trkpt lat="42.346622" lon="23.883410">
        <ele>595.476031</ele>
        <time>2026-05-11T22:58:45.877Z</time>
      </trkpt>
      <trkpt lat="42.346253" lon="23.883389">
        <ele>594.544920</ele>
        <time>2026-05-11T22:58:52.369Z</time>
      </trkpt>
      <trkpt lat="42.345809" lon="23.883272">
        <ele>593.404515</ele>
        <time>2026-05-11T22:59:00.229Z</time>
      </trkpt>
      <trkpt lat="42.345176" lon="23.882956">
        <ele>591.597685</ele>
        <time>2026-05-11T22:59:11.872Z</time>
      </trkpt>
      <trkpt lat="42.344036" lon="23.882463">
        <ele>588.077939</ele>
        <time>2026-05-11T22:59:31.311Z</time>
      </trkpt>
      <trkpt lat="42.343543" lon="23.882171">
        <ele>586.615425</ele>
        <time>2026-05-11T22:59:40.157Z</time>
      </trkpt>
      <trkpt lat="42.342321" lon="23.881342">
        <ele>583.467439</ele>
        <time>2026-05-11T23:00:03.969Z</time>
      </trkpt>
      <trkpt lat="42.341837" lon="23.881053">
        <ele>582.261906</ele>
        <time>2026-05-11T23:00:13.233Z</time>
      </trkpt>
      <trkpt lat="42.341809" lon="23.880954">
        <ele>582.084980</ele>
        <time>2026-05-11T23:00:15.711Z</time>
      </trkpt>
      <trkpt lat="42.341756" lon="23.880880">
        <ele>581.912991</ele>
        <time>2026-05-11T23:00:18.094Z</time>
      </trkpt>
      <trkpt lat="42.341529" lon="23.880755">
        <ele>581.359548</ele>
        <time>2026-05-11T23:00:25.764Z</time>
      </trkpt>
      <trkpt lat="42.341238" lon="23.880485">
        <ele>580.562728</ele>
        <time>2026-05-11T23:00:36.754Z</time>
      </trkpt>
      <trkpt lat="42.340913" lon="23.880423">
        <ele>579.821556</ele>
        <time>2026-05-11T23:00:46.943Z</time>
      </trkpt>
      <trkpt lat="42.339861" lon="23.879797">
        <ele>577.189886</ele>
        <time>2026-05-11T23:01:21.926Z</time>
      </trkpt>
      <trkpt lat="42.338982" lon="23.879436">
        <ele>575.068841</ele>
        <time>2026-05-11T23:01:50.078Z</time>
      </trkpt>
      <trkpt lat="42.337904" lon="23.878941">
        <ele>572.891600</ele>
        <time>2026-05-11T23:02:27.119Z</time>
      </trkpt>
      <trkpt lat="42.337537" lon="23.878846">
        <ele>572.201710</ele>
        <time>2026-05-11T23:02:39.521Z</time>
      </trkpt>
      <trkpt lat="42.336760" lon="23.878630">
        <ele>570.187957</ele>
        <time>2026-05-11T23:02:53.674Z</time>
      </trkpt>
      <trkpt lat="42.336414" lon="23.878434">
        <ele>568.896007</ele>
        <time>2026-05-11T23:03:00.040Z</time>
      </trkpt>
      <trkpt lat="42.335881" lon="23.877992">
        <ele>566.742790</ele>
        <time>2026-05-11T23:03:10.540Z</time>
      </trkpt>
      <trkpt lat="42.335591" lon="23.877651">
        <ele>565.419395</ele>
        <time>2026-05-11T23:03:16.866Z</time>
      </trkpt>
      <trkpt lat="42.335188" lon="23.877052">
        <ele>563.253577</ele>
        <time>2026-05-11T23:03:26.447Z</time>
      </trkpt>
      <trkpt lat="42.334927" lon="23.876619">
        <ele>561.750044</ele>
        <time>2026-05-11T23:03:33.116Z</time>
      </trkpt>
      <trkpt lat="42.334759" lon="23.876278">
        <ele>560.647243</ele>
        <time>2026-05-11T23:03:38.240Z</time>
      </trkpt>
      <trkpt lat="42.334646" lon="23.875971">
        <ele>559.724319</ele>
        <time>2026-05-11T23:03:42.623Z</time>
      </trkpt>
      <trkpt lat="42.334530" lon="23.875813">
        <ele>559.125048</ele>
        <time>2026-05-11T23:03:45.526Z</time>
      </trkpt>
      <trkpt lat="42.334385" lon="23.875194">
        <ele>557.708837</ele>
        <time>2026-05-11T23:03:54.376Z</time>
      </trkpt>
      <trkpt lat="42.333995" lon="23.873619">
        <ele>554.422046</ele>
        <time>2026-05-11T23:04:16.895Z</time>
      </trkpt>
      <trkpt lat="42.333995" lon="23.873619">
        <ele>554.422046</ele>
        <time>2026-05-11T23:04:16.936Z</time>
      </trkpt>
      <trkpt lat="42.333995" lon="23.873619">
        <ele>554.422046</ele>
        <time>2026-05-11T23:04:16.936Z</time>
      </trkpt>
      <trkpt lat="42.333857" lon="23.873096">
        <ele>553.067836</ele>
        <time>2026-05-11T23:04:27.558Z</time>
      </trkpt>
      <trkpt lat="42.333157" lon="23.872639">
        <ele>549.905467</ele>
        <time>2026-05-11T23:04:47.682Z</time>
      </trkpt>
      <trkpt lat="42.332457" lon="23.872182">
        <ele>546.743092</ele>
        <time>2026-05-11T23:05:07.794Z</time>
      </trkpt>
      <trkpt lat="42.332471" lon="23.872171">
        <ele>546.677219</ele>
        <time>2026-05-11T23:05:08.219Z</time>
      </trkpt>
      <trkpt lat="42.332457" lon="23.872136">
        <ele>546.557527</ele>
        <time>2026-05-11T23:05:08.825Z</time>
      </trkpt>
      <trkpt lat="42.332314" lon="23.871567">
        <ele>545.583922</ele>
        <time>2026-05-11T23:05:16.793Z</time>
      </trkpt>
      <trkpt lat="42.332235" lon="23.871282">
        <ele>545.105634</ele>
        <time>2026-05-11T23:05:20.956Z</time>
      </trkpt>
      <trkpt lat="42.332183" lon="23.871177">
        <ele>544.907038</ele>
        <time>2026-05-11T23:05:22.556Z</time>
      </trkpt>
      <trkpt lat="42.332031" lon="23.870996">
        <ele>544.476592</ele>
        <time>2026-05-11T23:05:26.154Z</time>
      </trkpt>
      <trkpt lat="42.331929" lon="23.870942">
        <ele>544.243765</ele>
        <time>2026-05-11T23:05:28.031Z</time>
      </trkpt>
      <trkpt lat="42.331536" lon="23.870963">
        <ele>543.407745</ele>
        <time>2026-05-11T23:05:35.415Z</time>
      </trkpt>
      <trkpt lat="42.331532" lon="23.870964">
        <ele>543.399099</ele>
        <time>2026-05-11T23:05:35.487Z</time>
      </trkpt>
      <trkpt lat="42.330444" lon="23.871107">
        <ele>542.609260</ele>
        <time>2026-05-11T23:05:54.108Z</time>
      </trkpt>
      <trkpt lat="42.330332" lon="23.870833">
        <ele>542.589610</ele>
        <time>2026-05-11T23:05:59.160Z</time>
      </trkpt>
      <trkpt lat="42.330222" lon="23.870668">
        <ele>542.575666</ele>
        <time>2026-05-11T23:06:03.403Z</time>
      </trkpt>
      <trkpt lat="42.329922" lon="23.870425">
        <ele>542.545981</ele>
        <time>2026-05-11T23:06:13.840Z</time>
      </trkpt>
      <trkpt lat="42.329432" lon="23.870074">
        <ele>542.811412</ele>
        <time>2026-05-11T23:06:32.727Z</time>
      </trkpt>
      <trkpt lat="42.329082" lon="23.869783">
        <ele>543.284440</ele>
        <time>2026-05-11T23:06:48.132Z</time>
      </trkpt>
      <trkpt lat="42.328495" lon="23.869445">
        <ele>544.018998</ele>
        <time>2026-05-11T23:07:08.063Z</time>
      </trkpt>
      <trkpt lat="42.327638" lon="23.868897">
        <ele>542.960828</ele>
        <time>2026-05-11T23:07:25.868Z</time>
      </trkpt>
      <trkpt lat="42.326323" lon="23.867674">
        <ele>536.867470</ele>
        <time>2026-05-11T23:07:51.702Z</time>
      </trkpt>
      <trkpt lat="42.325299" lon="23.866477">
        <ele>530.215069</ele>
        <time>2026-05-11T23:08:12.987Z</time>
      </trkpt>
      <trkpt lat="42.324872" lon="23.866123">
        <ele>528.163749</ele>
        <time>2026-05-11T23:08:20.985Z</time>
      </trkpt>
      <trkpt lat="42.323741" lon="23.865368">
        <ele>523.668660</ele>
        <time>2026-05-11T23:08:42.217Z</time>
      </trkpt>
      <trkpt lat="42.323575" lon="23.865060">
        <ele>522.694976</ele>
        <time>2026-05-11T23:08:47.204Z</time>
      </trkpt>
      <trkpt lat="42.323172" lon="23.864364">
        <ele>520.782030</ele>
        <time>2026-05-11T23:08:58.456Z</time>
      </trkpt>
      <trkpt lat="42.323005" lon="23.864188">
        <ele>520.162409</ele>
        <time>2026-05-11T23:09:02.006Z</time>
      </trkpt>
      <trkpt lat="42.322014" lon="23.863298">
        <ele>516.745778</ele>
        <time>2026-05-11T23:09:21.169Z</time>
      </trkpt>
      <trkpt lat="42.321474" lon="23.862881">
        <ele>515.058515</ele>
        <time>2026-05-11T23:09:31.265Z</time>
      </trkpt>
      <trkpt lat="42.320601" lon="23.862324">
        <ele>512.529439</ele>
        <time>2026-05-11T23:09:47.948Z</time>
      </trkpt>
      <trkpt lat="42.320408" lon="23.862162">
        <ele>512.133597</ele>
        <time>2026-05-11T23:09:52.138Z</time>
      </trkpt>
      <trkpt lat="42.320254" lon="23.861993">
        <ele>511.787995</ele>
        <time>2026-05-11T23:09:55.958Z</time>
      </trkpt>
      <trkpt lat="42.319800" lon="23.861278">
        <ele>510.573618</ele>
        <time>2026-05-11T23:10:08.698Z</time>
      </trkpt>
      <trkpt lat="42.319658" lon="23.861078">
        <ele>510.216341</ele>
        <time>2026-05-11T23:10:12.290Z</time>
      </trkpt>
      <trkpt lat="42.319483" lon="23.860930">
        <ele>509.856660</ele>
        <time>2026-05-11T23:10:15.830Z</time>
      </trkpt>
      <trkpt lat="42.318742" lon="23.860500">
        <ele>508.500000</ele>
        <time>2026-05-11T23:10:30.303Z</time>
      </trkpt>
      <trkpt lat="42.318590" lon="23.860361">
        <ele>508.194277</ele>
        <time>2026-05-11T23:10:33.609Z</time>
      </trkpt>
      <trkpt lat="42.318442" lon="23.860166">
        <ele>507.850002</ele>
        <time>2026-05-11T23:10:37.214Z</time>
      </trkpt>
      <trkpt lat="42.317990" lon="23.859414">
        <ele>506.656045</ele>
        <time>2026-05-11T23:10:50.128Z</time>
      </trkpt>
      <trkpt lat="42.317861" lon="23.859194">
        <ele>506.506695</ele>
        <time>2026-05-11T23:10:54.112Z</time>
      </trkpt>
      <trkpt lat="42.317640" lon="23.858822">
        <ele>506.381493</ele>
        <time>2026-05-11T23:11:01.309Z</time>
      </trkpt>
      <trkpt lat="42.316966" lon="23.858009">
        <ele>506.061030</ele>
        <time>2026-05-11T23:11:20.466Z</time>
      </trkpt>
      <trkpt lat="42.316541" lon="23.857596">
        <ele>505.961627</ele>
        <time>2026-05-11T23:11:32.860Z</time>
      </trkpt>
      <trkpt lat="42.316187" lon="23.857341">
        <ele>506.084353</ele>
        <time>2026-05-11T23:11:42.566Z</time>
      </trkpt>
      <trkpt lat="42.315634" lon="23.857238">
        <ele>506.255159</ele>
        <time>2026-05-11T23:11:56.706Z</time>
      </trkpt>
      <trkpt lat="42.315074" lon="23.857215">
        <ele>506.426590</ele>
        <time>2026-05-11T23:12:10.181Z</time>
      </trkpt>
      <trkpt lat="42.314954" lon="23.857260">
        <ele>506.464693</ele>
        <time>2026-05-11T23:12:13.008Z</time>
      </trkpt>
      <trkpt lat="42.314728" lon="23.857409">
        <ele>506.391071</ele>
        <time>2026-05-11T23:12:18.696Z</time>
      </trkpt>
      <trkpt lat="42.314497" lon="23.857625">
        <ele>506.291118</ele>
        <time>2026-05-11T23:12:25.025Z</time>
      </trkpt>
      <trkpt lat="42.313559" lon="23.858405">
        <ele>505.899217</ele>
        <time>2026-05-11T23:12:49.241Z</time>
      </trkpt>
      <trkpt lat="42.313308" lon="23.858614">
        <ele>505.705050</ele>
        <time>2026-05-11T23:12:55.312Z</time>
      </trkpt>
      <trkpt lat="42.312807" lon="23.859016">
        <ele>505.005190</ele>
        <time>2026-05-11T23:13:06.943Z</time>
      </trkpt>
      <trkpt lat="42.312562" lon="23.859145">
        <ele>504.689333</ele>
        <time>2026-05-11T23:13:12.014Z</time>
      </trkpt>
      <trkpt lat="42.312500" lon="23.859177">
        <ele>504.609607</ele>
        <time>2026-05-11T23:13:13.237Z</time>
      </trkpt>
      <trkpt lat="42.312168" lon="23.859323">
        <ele>504.190195</ele>
        <time>2026-05-11T23:13:19.696Z</time>
      </trkpt>
      <trkpt lat="42.311556" lon="23.859481">
        <ele>503.747327</ele>
        <time>2026-05-11T23:13:32.040Z</time>
      </trkpt>
      <trkpt lat="42.311402" lon="23.859473">
        <ele>503.808887</ele>
        <time>2026-05-11T23:13:35.307Z</time>
      </trkpt>
      <trkpt lat="42.311256" lon="23.859456">
        <ele>503.867421</ele>
        <time>2026-05-11T23:13:38.599Z</time>
      </trkpt>
      <trkpt lat="42.311056" lon="23.859459">
        <ele>503.947314</ele>
        <time>2026-05-11T23:13:43.162Z</time>
      </trkpt>
      <trkpt lat="42.311002" lon="23.859461">
        <ele>503.968892</ele>
        <time>2026-05-11T23:13:44.359Z</time>
      </trkpt>
      <trkpt lat="42.310944" lon="23.859349">
        <ele>504.009281</ele>
        <time>2026-05-11T23:13:46.706Z</time>
      </trkpt>
      <trkpt lat="42.310883" lon="23.859125">
        <ele>504.079792</ele>
        <time>2026-05-11T23:13:50.910Z</time>
      </trkpt>
      <trkpt lat="42.310826" lon="23.858830">
        <ele>504.169857</ele>
        <time>2026-05-11T23:13:56.409Z</time>
      </trkpt>
      <trkpt lat="42.310697" lon="23.858377">
        <ele>504.313246</ele>
        <time>2026-05-11T23:14:06.324Z</time>
      </trkpt>
      <trkpt lat="42.310584" lon="23.857982">
        <ele>504.777395</ele>
        <time>2026-05-11T23:14:15.939Z</time>
      </trkpt>
      <trkpt lat="42.310515" lon="23.857825">
        <ele>505.205867</ele>
        <time>2026-05-11T23:14:20.159Z</time>
      </trkpt>
      <trkpt lat="42.309838" lon="23.857205">
        <ele>507.799845</ele>
        <time>2026-05-11T23:14:47.608Z</time>
      </trkpt>
      <trkpt lat="42.309148" lon="23.856600">
        <ele>510.397493</ele>
        <time>2026-05-11T23:15:19.668Z</time>
      </trkpt>
      <trkpt lat="42.309060" lon="23.856491">
        <ele>510.762457</ele>
        <time>2026-05-11T23:15:24.395Z</time>
      </trkpt>
      <trkpt lat="42.308968" lon="23.856287">
        <ele>511.302852</ele>
        <time>2026-05-11T23:15:31.449Z</time>
      </trkpt>
      <trkpt lat="42.308919" lon="23.856034">
        <ele>511.894343</ele>
        <time>2026-05-11T23:15:39.063Z</time>
      </trkpt>
      <trkpt lat="42.308901" lon="23.855710">
        <ele>512.629179</ele>
        <time>2026-05-11T23:15:48.228Z</time>
      </trkpt>
      <trkpt lat="42.308956" lon="23.855239">
        <ele>513.707608</ele>
        <time>2026-05-11T23:16:00.765Z</time>
      </trkpt>
      <trkpt lat="42.309116" lon="23.854770">
        <ele>514.875738</ele>
        <time>2026-05-11T23:16:12.642Z</time>
      </trkpt>
      <trkpt lat="42.309294" lon="23.854251">
        <ele>515.753133</ele>
        <time>2026-05-11T23:16:23.961Z</time>
      </trkpt>
      <trkpt lat="42.309617" lon="23.853058">
        <ele>516.538983</ele>
        <time>2026-05-11T23:16:46.233Z</time>
      </trkpt>
      <trkpt lat="42.309713" lon="23.852587">
        <ele>516.841189</ele>
        <time>2026-05-11T23:16:54.654Z</time>
      </trkpt>
      <trkpt lat="42.309706" lon="23.852278">
        <ele>517.032415</ele>
        <time>2026-05-11T23:17:00.508Z</time>
      </trkpt>
      <trkpt lat="42.309602" lon="23.851673">
        <ele>517.819298</ele>
        <time>2026-05-11T23:17:13.914Z</time>
      </trkpt>
      <trkpt lat="42.309499" lon="23.851275">
        <ele>518.412682</ele>
        <time>2026-05-11T23:17:23.774Z</time>
      </trkpt>
      <trkpt lat="42.309314" lon="23.850654">
        <ele>519.354821</ele>
        <time>2026-05-11T23:17:39.561Z</time>
      </trkpt>
      <trkpt lat="42.309199" lon="23.850100">
        <ele>520.164564</ele>
        <time>2026-05-11T23:17:52.404Z</time>
      </trkpt>
      <trkpt lat="42.309069" lon="23.849261">
        <ele>520.861659</ele>
        <time>2026-05-11T23:18:10.974Z</time>
      </trkpt>
      <trkpt lat="42.308935" lon="23.848741">
        <ele>521.170928</ele>
        <time>2026-05-11T23:18:21.680Z</time>
      </trkpt>
      <trkpt lat="42.308536" lon="23.847759">
        <ele>521.800209</ele>
        <time>2026-05-11T23:18:41.316Z</time>
      </trkpt>
      <trkpt lat="42.308277" lon="23.846748">
        <ele>521.645854</ele>
        <time>2026-05-11T23:18:57.563Z</time>
      </trkpt>
      <trkpt lat="42.308101" lon="23.845907">
        <ele>521.412196</ele>
        <time>2026-05-11T23:19:10.339Z</time>
      </trkpt>
      <trkpt lat="42.308067" lon="23.845491">
        <ele>521.300307</ele>
        <time>2026-05-11T23:19:16.773Z</time>
      </trkpt>
      <trkpt lat="42.308106" lon="23.844918">
        <ele>521.431378</ele>
        <time>2026-05-11T23:19:26.540Z</time>
      </trkpt>
      <trkpt lat="42.308194" lon="23.844222">
        <ele>521.822439</ele>
        <time>2026-05-11T23:19:39.785Z</time>
      </trkpt>
      <trkpt lat="42.308207" lon="23.843755">
        <ele>522.081262</ele>
        <time>2026-05-11T23:19:49.083Z</time>
      </trkpt>
      <trkpt lat="42.308021" lon="23.841650">
        <ele>523.504128</ele>
        <time>2026-05-11T23:20:30.429Z</time>
      </trkpt>
      <trkpt lat="42.307520" lon="23.836304">
        <ele>527.834149</ele>
        <time>2026-05-11T23:22:15.074Z</time>
      </trkpt>
      <trkpt lat="42.307030" lon="23.831671">
        <ele>532.836185</ele>
        <time>2026-05-11T23:23:54.667Z</time>
      </trkpt>
      <trkpt lat="42.306773" lon="23.829222">
        <ele>534.162827</ele>
        <time>2026-05-11T23:24:40.996Z</time>
      </trkpt>
      <trkpt lat="42.306769" lon="23.828877">
        <ele>534.266363</ele>
        <time>2026-05-11T23:24:46.367Z</time>
      </trkpt>
      <trkpt lat="42.306834" lon="23.828480">
        <ele>534.388375</ele>
        <time>2026-05-11T23:24:52.635Z</time>
      </trkpt>
      <trkpt lat="42.307179" lon="23.827424">
        <ele>534.858098</ele>
        <time>2026-05-11T23:25:11.207Z</time>
      </trkpt>
      <trkpt lat="42.307271" lon="23.827082">
        <ele>535.009469</ele>
        <time>2026-05-11T23:25:17.629Z</time>
      </trkpt>
      <trkpt lat="42.307701" lon="23.825484">
        <ele>536.219757</ele>
        <time>2026-05-11T23:25:52.551Z</time>
      </trkpt>
      <trkpt lat="42.307901" lon="23.824601">
        <ele>537.270786</ele>
        <time>2026-05-11T23:26:12.337Z</time>
      </trkpt>
      <trkpt lat="42.308016" lon="23.823806">
        <ele>538.192727</ele>
        <time>2026-05-11T23:26:29.465Z</time>
      </trkpt>
      <trkpt lat="42.308082" lon="23.823005">
        <ele>539.054332</ele>
        <time>2026-05-11T23:26:46.327Z</time>
      </trkpt>
      <trkpt lat="42.308145" lon="23.820220">
        <ele>542.032637</ele>
        <time>2026-05-11T23:27:43.679Z</time>
      </trkpt>
      <trkpt lat="42.308156" lon="23.819353">
        <ele>542.959569</ele>
        <time>2026-05-11T23:28:01.523Z</time>
      </trkpt>
      <trkpt lat="42.308192" lon="23.816792">
        <ele>545.842953</ele>
        <time>2026-05-11T23:28:55.418Z</time>
      </trkpt>
      <trkpt lat="42.308191" lon="23.815910">
        <ele>546.805148</ele>
        <time>2026-05-11T23:29:13.704Z</time>
      </trkpt>
      <trkpt lat="42.308137" lon="23.814486">
        <ele>548.330886</ele>
        <time>2026-05-11T23:29:43.105Z</time>
      </trkpt>
      <trkpt lat="42.308094" lon="23.812972">
        <ele>550.090601</ele>
        <time>2026-05-11T23:30:15.029Z</time>
      </trkpt>
      <trkpt lat="42.308106" lon="23.811910">
        <ele>551.359234</ele>
        <time>2026-05-11T23:30:37.865Z</time>
      </trkpt>
      <trkpt lat="42.308113" lon="23.811374">
        <ele>552.000527</ele>
        <time>2026-05-11T23:30:49.298Z</time>
      </trkpt>
      <trkpt lat="42.308126" lon="23.809554">
        <ele>554.180863</ele>
        <time>2026-05-11T23:31:27.669Z</time>
      </trkpt>
      <trkpt lat="42.308104" lon="23.808911">
        <ele>554.993991</ele>
        <time>2026-05-11T23:31:41.258Z</time>
      </trkpt>
      <trkpt lat="42.307929" lon="23.807245">
        <ele>557.237225</ele>
        <time>2026-05-11T23:32:17.651Z</time>
      </trkpt>
      <trkpt lat="42.307758" lon="23.806167">
        <ele>558.957846</ele>
        <time>2026-05-11T23:32:42.638Z</time>
      </trkpt>
      <trkpt lat="42.307458" lon="23.804901">
        <ele>561.232232</ele>
        <time>2026-05-11T23:33:13.971Z</time>
      </trkpt>
      <trkpt lat="42.307265" lon="23.803983">
        <ele>563.005940</ele>
        <time>2026-05-11T23:33:36.481Z</time>
      </trkpt>
      <trkpt lat="42.307155" lon="23.803230">
        <ele>564.528815</ele>
        <time>2026-05-11T23:33:54.863Z</time>
      </trkpt>
      <trkpt lat="42.306704" lon="23.798228">
        <ele>575.182094</ele>
        <time>2026-05-11T23:36:01.859Z</time>
      </trkpt>
      <trkpt lat="42.306693" lon="23.797795">
        <ele>576.092837</ele>
        <time>2026-05-11T23:36:13.057Z</time>
      </trkpt>
      <trkpt lat="42.306733" lon="23.797351">
        <ele>577.033064</ele>
        <time>2026-05-11T23:36:24.253Z</time>
      </trkpt>
      <trkpt lat="42.306816" lon="23.796851">
        <ele>577.628549</ele>
        <time>2026-05-11T23:36:36.541Z</time>
      </trkpt>
      <trkpt lat="42.307426" lon="23.793561">
        <ele>579.548072</ele>
        <time>2026-05-11T23:37:40.905Z</time>
      </trkpt>
      <trkpt lat="42.307575" lon="23.792941">
        <ele>579.548895</ele>
        <time>2026-05-11T23:37:50.136Z</time>
      </trkpt>
      <trkpt lat="42.308050" lon="23.791523">
        <ele>579.702581</ele>
        <time>2026-05-11T23:38:12.057Z</time>
      </trkpt>
      <trkpt lat="42.309346" lon="23.787578">
        <ele>583.165750</ele>
        <time>2026-05-11T23:39:40.380Z</time>
      </trkpt>
      <trkpt lat="42.309652" lon="23.786479">
        <ele>584.782535</ele>
        <time>2026-05-11T23:40:06.271Z</time>
      </trkpt>
      <trkpt lat="42.309743" lon="23.786114">
        <ele>585.312851</ele>
        <time>2026-05-11T23:40:14.937Z</time>
      </trkpt>
      <trkpt lat="42.310037" lon="23.784808">
        <ele>587.708731</ele>
        <time>2026-05-11T23:40:46.662Z</time>
      </trkpt>
      <trkpt lat="42.310196" lon="23.784183">
        <ele>588.928874</ele>
        <time>2026-05-11T23:41:02.596Z</time>
      </trkpt>
      <trkpt lat="42.310853" lon="23.780964">
        <ele>596.046450</ele>
        <time>2026-05-11T23:42:26.373Z</time>
      </trkpt>
      <trkpt lat="42.311013" lon="23.780208">
        <ele>597.897108</ele>
        <time>2026-05-11T23:42:47.462Z</time>
      </trkpt>
      <trkpt lat="42.311022" lon="23.780166">
        <ele>598.000020</ele>
        <time>2026-05-11T23:42:48.672Z</time>
      </trkpt>
      <trkpt lat="42.311112" lon="23.779711">
        <ele>599.108494</ele>
        <time>2026-05-11T23:43:01.278Z</time>
      </trkpt>
      <trkpt lat="42.311189" lon="23.779345">
        <ele>600.004042</ele>
        <time>2026-05-11T23:43:11.259Z</time>
      </trkpt>
      <trkpt lat="42.311322" lon="23.778737">
        <ele>601.426199</ele>
        <time>2026-05-11T23:43:27.464Z</time>
      </trkpt>
      <trkpt lat="42.311867" lon="23.776622">
        <ele>605.385436</ele>
        <time>2026-05-11T23:44:18.306Z</time>
      </trkpt>
      <trkpt lat="42.311955" lon="23.776361">
        <ele>606.027350</ele>
        <time>2026-05-11T23:44:25.294Z</time>
      </trkpt>
      <trkpt lat="42.312059" lon="23.776145">
        <ele>606.645470</ele>
        <time>2026-05-11T23:44:31.781Z</time>
      </trkpt>
      <trkpt lat="42.312134" lon="23.776001">
        <ele>607.067858</ele>
        <time>2026-05-11T23:44:36.322Z</time>
      </trkpt>
      <trkpt lat="42.312294" lon="23.775566">
        <ele>608.232964</ele>
        <time>2026-05-11T23:44:49.051Z</time>
      </trkpt>
      <trkpt lat="42.312326" lon="23.775413">
        <ele>608.614271</ele>
        <time>2026-05-11T23:44:53.270Z</time>
      </trkpt>
      <trkpt lat="42.312350" lon="23.775228">
        <ele>609.064700</ele>
        <time>2026-05-11T23:44:58.323Z</time>
      </trkpt>
      <trkpt lat="42.312349" lon="23.774928">
        <ele>609.784146</ele>
        <time>2026-05-11T23:45:06.400Z</time>
      </trkpt>
      <trkpt lat="42.312290" lon="23.773980">
        <ele>612.132445</ele>
        <time>2026-05-11T23:45:32.645Z</time>
      </trkpt>
      <trkpt lat="42.312282" lon="23.773860">
        <ele>612.448274</ele>
        <time>2026-05-11T23:45:35.868Z</time>
      </trkpt>
      <trkpt lat="42.312241" lon="23.772987">
        <ele>614.741259</ele>
        <time>2026-05-11T23:45:58.824Z</time>
      </trkpt>
      <trkpt lat="42.312223" lon="23.772181">
        <ele>616.854973</ele>
        <time>2026-05-11T23:46:20.574Z</time>
      </trkpt>
      <trkpt lat="42.312208" lon="23.771710">
        <ele>618.017925</ele>
        <time>2026-05-11T23:46:33.702Z</time>
      </trkpt>
      <trkpt lat="42.312087" lon="23.771255">
        <ele>619.034403</ele>
        <time>2026-05-11T23:46:46.962Z</time>
      </trkpt>
      <trkpt lat="42.311869" lon="23.770602">
        <ele>620.540559</ele>
        <time>2026-05-11T23:47:05.269Z</time>
      </trkpt>
      <trkpt lat="42.311841" lon="23.770226">
        <ele>621.334993</ele>
        <time>2026-05-11T23:47:14.229Z</time>
      </trkpt>
      <trkpt lat="42.311960" lon="23.769074">
        <ele>623.668020</ele>
        <time>2026-05-11T23:47:40.359Z</time>
      </trkpt>
      <trkpt lat="42.311942" lon="23.768867">
        <ele>624.054082</ele>
        <time>2026-05-11T23:47:44.941Z</time>
      </trkpt>
      <trkpt lat="42.311781" lon="23.768195">
        <ele>625.362509</ele>
        <time>2026-05-11T23:48:01.305Z</time>
      </trkpt>
      <trkpt lat="42.311754" lon="23.768019">
        <ele>625.695451</ele>
        <time>2026-05-11T23:48:05.670Z</time>
      </trkpt>
      <trkpt lat="42.311496" lon="23.766740">
        <ele>628.222713</ele>
        <time>2026-05-11T23:48:39.330Z</time>
      </trkpt>
      <trkpt lat="42.311321" lon="23.765891">
        <ele>629.999693</ele>
        <time>2026-05-11T23:49:01.370Z</time>
      </trkpt>
      <trkpt lat="42.311198" lon="23.765506">
        <ele>630.845262</ele>
        <time>2026-05-11T23:49:11.698Z</time>
      </trkpt>
      <trkpt lat="42.311119" lon="23.765175">
        <ele>631.546513</ele>
        <time>2026-05-11T23:49:20.015Z</time>
      </trkpt>
      <trkpt lat="42.310648" lon="23.764801">
        <ele>632.245268</ele>
        <time>2026-05-11T23:49:37.936Z</time>
      </trkpt>
      <trkpt lat="42.310638" lon="23.764791">
        <ele>632.245268</ele>
        <time>2026-05-11T23:49:38.350Z</time>
      </trkpt>
      <trkpt lat="42.309954" lon="23.764137">
        <ele>632.245268</ele>
        <time>2026-05-11T23:50:03.656Z</time>
      </trkpt>
      <trkpt lat="42.309984" lon="23.763847">
        <ele>632.245268</ele>
        <time>2026-05-11T23:50:09.697Z</time>
      </trkpt>
    </trkseg>
  </trk>
</gpx>