<?xml version='1.0' encoding='UTF-8'?>
<gpx version="1.1" creator="https://www.komoot.de" xmlns="http://www.topografix.com/GPX/1/1" xmlns:xsi="http://www.w3.org/2001/XMLSchema-instance" xsi:schemaLocation="http://www.topografix.com/GPX/1/1 http://www.topografix.com/GPX/1/1/gpx.xsd">
  <metadata>
    <name>von Jagodina nach Krusevac</name>
    <author>
      <link href="https://www.komoot.de">
        <text>komoot</text>
        <type>text/html</type>
      </link>
    </author>
  </metadata>
  <trk>
    <name>von Jagodina nach Krusevac</name>
    <type>touring_bicycle</type>
    <trkseg>
      <trkpt lat="43.979542" lon="21.259325">
        <ele>120.720600</ele>
        <time>2026-08-07T13:25:27.999Z</time>
      </trkpt>
      <trkpt lat="43.979494" lon="21.259335">
        <ele>120.720600</ele>
        <time>2026-08-07T13:25:29.290Z</time>
      </trkpt>
      <trkpt lat="43.979459" lon="21.259382">
        <ele>120.720600</ele>
        <time>2026-08-07T13:25:30.473Z</time>
      </trkpt>
      <trkpt lat="43.979451" lon="21.259448">
        <ele>120.720600</ele>
        <time>2026-08-07T13:25:31.616Z</time>
      </trkpt>
      <trkpt lat="43.979244" lon="21.259966">
        <ele>120.720600</ele>
        <time>2026-08-07T13:25:42.508Z</time>
      </trkpt>
      <trkpt lat="43.979207" lon="21.260031">
        <ele>120.720600</ele>
        <time>2026-08-07T13:25:44.078Z</time>
      </trkpt>
      <trkpt lat="43.979083" lon="21.260238">
        <ele>120.720600</ele>
        <time>2026-08-07T13:25:49.222Z</time>
      </trkpt>
      <trkpt lat="43.978932" lon="21.260439">
        <ele>120.712576</ele>
        <time>2026-08-07T13:25:54.401Z</time>
      </trkpt>
      <trkpt lat="43.978697" lon="21.260676">
        <ele>120.695313</ele>
        <time>2026-08-07T13:26:01.002Z</time>
      </trkpt>
      <trkpt lat="43.978632" lon="21.260748">
        <ele>120.690371</ele>
        <time>2026-08-07T13:26:02.809Z</time>
      </trkpt>
      <trkpt lat="43.978403" lon="21.260972">
        <ele>120.673722</ele>
        <time>2026-08-07T13:26:08.745Z</time>
      </trkpt>
      <trkpt lat="43.978301" lon="21.261074">
        <ele>120.666250</ele>
        <time>2026-08-07T13:26:11.388Z</time>
      </trkpt>
      <trkpt lat="43.977831" lon="21.261573">
        <ele>120.631085</ele>
        <time>2026-08-07T13:26:24.003Z</time>
      </trkpt>
      <trkpt lat="43.977130" lon="21.262292">
        <ele>120.595557</ele>
        <time>2026-08-07T13:26:42.235Z</time>
      </trkpt>
      <trkpt lat="43.977112" lon="21.262320">
        <ele>120.594711</ele>
        <time>2026-08-07T13:26:42.838Z</time>
      </trkpt>
      <trkpt lat="43.976387" lon="21.263060">
        <ele>120.566542</ele>
        <time>2026-08-07T13:27:03.877Z</time>
      </trkpt>
      <trkpt lat="43.976128" lon="21.263329">
        <ele>120.555584</ele>
        <time>2026-08-07T13:27:11.032Z</time>
      </trkpt>
      <trkpt lat="43.975868" lon="21.263593">
        <ele>120.536410</ele>
        <time>2026-08-07T13:27:18.022Z</time>
      </trkpt>
      <trkpt lat="43.975564" lon="21.263901">
        <ele>120.514010</ele>
        <time>2026-08-07T13:27:26.089Z</time>
      </trkpt>
      <trkpt lat="43.975061" lon="21.264413">
        <ele>120.476885</ele>
        <time>2026-08-07T13:27:39.922Z</time>
      </trkpt>
      <trkpt lat="43.974739" lon="21.264725">
        <ele>120.453512</ele>
        <time>2026-08-07T13:27:48.240Z</time>
      </trkpt>
      <trkpt lat="43.974415" lon="21.265110">
        <ele>120.640147</ele>
        <time>2026-08-07T13:27:57.652Z</time>
      </trkpt>
      <trkpt lat="43.974217" lon="21.265266">
        <ele>120.756494</ele>
        <time>2026-08-07T13:28:02.918Z</time>
      </trkpt>
      <trkpt lat="43.973959" lon="21.265600">
        <ele>120.936739</ele>
        <time>2026-08-07T13:28:11.555Z</time>
      </trkpt>
      <trkpt lat="43.973661" lon="21.266035">
        <ele>121.157668</ele>
        <time>2026-08-07T13:28:22.650Z</time>
      </trkpt>
      <trkpt lat="43.972445" lon="21.267636">
        <ele>121.826491</ele>
        <time>2026-08-07T13:29:06.043Z</time>
      </trkpt>
      <trkpt lat="43.971151" lon="21.269381">
        <ele>121.127145</ele>
        <time>2026-08-07T13:29:41.799Z</time>
      </trkpt>
      <trkpt lat="43.970729" lon="21.269945">
        <ele>120.745373</ele>
        <time>2026-08-07T13:29:53.297Z</time>
      </trkpt>
      <trkpt lat="43.970377" lon="21.270371">
        <ele>120.704881</ele>
        <time>2026-08-07T13:30:02.775Z</time>
      </trkpt>
      <trkpt lat="43.969890" lon="21.270960">
        <ele>120.648875</ele>
        <time>2026-08-07T13:30:17.465Z</time>
      </trkpt>
      <trkpt lat="43.969325" lon="21.271719">
        <ele>120.610163</ele>
        <time>2026-08-07T13:30:35.682Z</time>
      </trkpt>
      <trkpt lat="43.968641" lon="21.272592">
        <ele>120.710055</ele>
        <time>2026-08-07T13:30:56.825Z</time>
      </trkpt>
      <trkpt lat="43.968130" lon="21.273253">
        <ele>120.785145</ele>
        <time>2026-08-07T13:31:12.007Z</time>
      </trkpt>
      <trkpt lat="43.968060" lon="21.273098">
        <ele>120.818182</ele>
        <time>2026-08-07T13:31:14.928Z</time>
      </trkpt>
      <trkpt lat="43.966142" lon="21.275529">
        <ele>121.270945</ele>
        <time>2026-08-07T13:32:18.993Z</time>
      </trkpt>
      <trkpt lat="43.968060" lon="21.273098">
        <ele>120.903371</ele>
        <time>2026-08-07T13:33:15.531Z</time>
      </trkpt>
      <trkpt lat="43.965708" lon="21.276079">
        <ele>123.527730</ele>
        <time>2026-08-07T13:34:39.192Z</time>
      </trkpt>
      <trkpt lat="43.965467" lon="21.276506">
        <ele>123.963626</ele>
        <time>2026-08-07T13:34:51.394Z</time>
      </trkpt>
      <trkpt lat="43.965220" lon="21.276807">
        <ele>124.320951</ele>
        <time>2026-08-07T13:35:01.437Z</time>
      </trkpt>
      <trkpt lat="43.964848" lon="21.277251">
        <ele>124.846788</ele>
        <time>2026-08-07T13:35:15.992Z</time>
      </trkpt>
      <trkpt lat="43.963989" lon="21.278322">
        <ele>126.046964</ele>
        <time>2026-08-07T13:35:46.126Z</time>
      </trkpt>
      <trkpt lat="43.963881" lon="21.278432">
        <ele>126.106371</ele>
        <time>2026-08-07T13:35:49.244Z</time>
      </trkpt>
      <trkpt lat="43.963222" lon="21.278752">
        <ele>126.416059</ele>
        <time>2026-08-07T13:36:06.050Z</time>
      </trkpt>
      <trkpt lat="43.961718" lon="21.279408">
        <ele>127.204860</ele>
        <time>2026-08-07T13:36:46.092Z</time>
      </trkpt>
      <trkpt lat="43.960457" lon="21.279915">
        <ele>127.871951</ele>
        <time>2026-08-07T13:37:19.789Z</time>
      </trkpt>
      <trkpt lat="43.960026" lon="21.279982">
        <ele>127.907425</ele>
        <time>2026-08-07T13:37:30.389Z</time>
      </trkpt>
      <trkpt lat="43.959455" lon="21.280051">
        <ele>127.954307</ele>
        <time>2026-08-07T13:37:43.857Z</time>
      </trkpt>
      <trkpt lat="43.957197" lon="21.280096">
        <ele>127.538512</ele>
        <time>2026-08-07T13:38:33.563Z</time>
      </trkpt>
      <trkpt lat="43.955467" lon="21.279639">
        <ele>127.260302</ele>
        <time>2026-08-07T13:39:13.422Z</time>
      </trkpt>
      <trkpt lat="43.955219" lon="21.279574">
        <ele>127.209197</ele>
        <time>2026-08-07T13:39:19.468Z</time>
      </trkpt>
      <trkpt lat="43.953941" lon="21.279217">
        <ele>126.738262</ele>
        <time>2026-08-07T13:39:48.785Z</time>
      </trkpt>
      <trkpt lat="43.953921" lon="21.279357">
        <ele>126.701142</ele>
        <time>2026-08-07T13:39:50.920Z</time>
      </trkpt>
      <trkpt lat="43.952690" lon="21.278983">
        <ele>125.722013</ele>
        <time>2026-08-07T13:40:15.132Z</time>
      </trkpt>
      <trkpt lat="43.952235" lon="21.278831">
        <ele>125.290340</ele>
        <time>2026-08-07T13:40:24.215Z</time>
      </trkpt>
      <trkpt lat="43.951691" lon="21.278639">
        <ele>124.890146</ele>
        <time>2026-08-07T13:40:35.181Z</time>
      </trkpt>
      <trkpt lat="43.950625" lon="21.278280">
        <ele>124.663587</ele>
        <time>2026-08-07T13:40:57.947Z</time>
      </trkpt>
      <trkpt lat="43.950366" lon="21.278246">
        <ele>124.609853</ele>
        <time>2026-08-07T13:41:03.742Z</time>
      </trkpt>
      <trkpt lat="43.949106" lon="21.278211">
        <ele>125.984324</ele>
        <time>2026-08-07T13:41:36.047Z</time>
      </trkpt>
      <trkpt lat="43.948941" lon="21.278205">
        <ele>126.224769</ele>
        <time>2026-08-07T13:41:40.983Z</time>
      </trkpt>
      <trkpt lat="43.948008" lon="21.278187">
        <ele>127.615856</ele>
        <time>2026-08-07T13:42:10.898Z</time>
      </trkpt>
      <trkpt lat="43.947032" lon="21.278122">
        <ele>129.149366</ele>
        <time>2026-08-07T13:42:40.450Z</time>
      </trkpt>
      <trkpt lat="43.945717" lon="21.277643">
        <ele>130.214111</ele>
        <time>2026-08-07T13:43:12.601Z</time>
      </trkpt>
      <trkpt lat="43.945435" lon="21.277579">
        <ele>130.290247</ele>
        <time>2026-08-07T13:43:19.191Z</time>
      </trkpt>
      <trkpt lat="43.943651" lon="21.277513">
        <ele>130.256348</ele>
        <time>2026-08-07T13:43:59.759Z</time>
      </trkpt>
      <trkpt lat="43.943479" lon="21.277506">
        <ele>130.221928</ele>
        <time>2026-08-07T13:44:03.224Z</time>
      </trkpt>
      <trkpt lat="43.943301" lon="21.277457">
        <ele>130.185630</ele>
        <time>2026-08-07T13:44:06.852Z</time>
      </trkpt>
      <trkpt lat="43.943173" lon="21.277392">
        <ele>130.158368</ele>
        <time>2026-08-07T13:44:09.561Z</time>
      </trkpt>
      <trkpt lat="43.943038" lon="21.277282">
        <ele>130.127059</ele>
        <time>2026-08-07T13:44:12.669Z</time>
      </trkpt>
      <trkpt lat="43.942079" lon="21.276412">
        <ele>129.563095</ele>
        <time>2026-08-07T13:44:35.368Z</time>
      </trkpt>
      <trkpt lat="43.941998" lon="21.276337">
        <ele>129.513585</ele>
        <time>2026-08-07T13:44:37.521Z</time>
      </trkpt>
      <trkpt lat="43.941696" lon="21.276042">
        <ele>129.325808</ele>
        <time>2026-08-07T13:44:45.568Z</time>
      </trkpt>
      <trkpt lat="43.941572" lon="21.275917">
        <ele>129.247883</ele>
        <time>2026-08-07T13:44:48.901Z</time>
      </trkpt>
      <trkpt lat="43.941488" lon="21.275893">
        <ele>129.204268</ele>
        <time>2026-08-07T13:44:50.764Z</time>
      </trkpt>
      <trkpt lat="43.941429" lon="21.275937">
        <ele>129.198214</ele>
        <time>2026-08-07T13:44:52.198Z</time>
      </trkpt>
      <trkpt lat="43.941395" lon="21.276036">
        <ele>129.195480</ele>
        <time>2026-08-07T13:44:53.911Z</time>
      </trkpt>
      <trkpt lat="43.941407" lon="21.276484">
        <ele>129.184309</ele>
        <time>2026-08-07T13:45:00.858Z</time>
      </trkpt>
      <trkpt lat="43.941436" lon="21.276715">
        <ele>129.178466</ele>
        <time>2026-08-07T13:45:04.507Z</time>
      </trkpt>
      <trkpt lat="43.941487" lon="21.276984">
        <ele>129.171535</ele>
        <time>2026-08-07T13:45:08.906Z</time>
      </trkpt>
      <trkpt lat="43.942329" lon="21.280324">
        <ele>129.737523</ele>
        <time>2026-08-07T13:46:06.151Z</time>
      </trkpt>
      <trkpt lat="43.942495" lon="21.281560">
        <ele>131.032274</ele>
        <time>2026-08-07T13:46:32.625Z</time>
      </trkpt>
      <trkpt lat="43.942549" lon="21.281973">
        <ele>131.565969</ele>
        <time>2026-08-07T13:46:42.332Z</time>
      </trkpt>
      <trkpt lat="43.942645" lon="21.282754">
        <ele>132.573332</ele>
        <time>2026-08-07T13:47:00.068Z</time>
      </trkpt>
      <trkpt lat="43.942696" lon="21.283103">
        <ele>133.006560</ele>
        <time>2026-08-07T13:47:07.678Z</time>
      </trkpt>
      <trkpt lat="43.942760" lon="21.283318">
        <ele>133.105155</ele>
        <time>2026-08-07T13:47:12.541Z</time>
      </trkpt>
      <trkpt lat="43.943498" lon="21.285124">
        <ele>133.985191</ele>
        <time>2026-08-07T13:47:47.587Z</time>
      </trkpt>
      <trkpt lat="43.943659" lon="21.285493">
        <ele>134.266223</ele>
        <time>2026-08-07T13:47:54.759Z</time>
      </trkpt>
      <trkpt lat="43.944007" lon="21.286118">
        <ele>134.892957</ele>
        <time>2026-08-07T13:48:08.271Z</time>
      </trkpt>
      <trkpt lat="43.944374" lon="21.286740">
        <ele>135.530866</ele>
        <time>2026-08-07T13:48:23.401Z</time>
      </trkpt>
      <trkpt lat="43.944669" lon="21.287293">
        <ele>136.159124</ele>
        <time>2026-08-07T13:48:38.149Z</time>
      </trkpt>
      <trkpt lat="43.944922" lon="21.287789">
        <ele>137.638524</ele>
        <time>2026-08-07T13:48:53.162Z</time>
      </trkpt>
      <trkpt lat="43.945019" lon="21.288183">
        <ele>138.651947</ele>
        <time>2026-08-07T13:49:03.918Z</time>
      </trkpt>
      <trkpt lat="43.945114" lon="21.288422">
        <ele>139.316378</ele>
        <time>2026-08-07T13:49:11.458Z</time>
      </trkpt>
      <trkpt lat="43.945361" lon="21.288814">
        <ele>140.584168</ele>
        <time>2026-08-07T13:49:26.268Z</time>
      </trkpt>
      <trkpt lat="43.945629" lon="21.289361">
        <ele>142.165963</ele>
        <time>2026-08-07T13:49:44.526Z</time>
      </trkpt>
      <trkpt lat="43.945737" lon="21.289651">
        <ele>142.668937</ele>
        <time>2026-08-07T13:49:53.200Z</time>
      </trkpt>
      <trkpt lat="43.945774" lon="21.289881">
        <ele>143.031991</ele>
        <time>2026-08-07T13:49:58.999Z</time>
      </trkpt>
      <trkpt lat="43.945764" lon="21.291018">
        <ele>144.783685</ele>
        <time>2026-08-07T13:50:23.614Z</time>
      </trkpt>
      <trkpt lat="43.945802" lon="21.292418">
        <ele>146.406027</ele>
        <time>2026-08-07T13:50:50.358Z</time>
      </trkpt>
      <trkpt lat="43.945770" lon="21.292701">
        <ele>146.605188</ele>
        <time>2026-08-07T13:50:55.700Z</time>
      </trkpt>
      <trkpt lat="43.945564" lon="21.293607">
        <ele>147.265727</ele>
        <time>2026-08-07T13:51:13.381Z</time>
      </trkpt>
      <trkpt lat="43.945543" lon="21.293832">
        <ele>147.423462</ele>
        <time>2026-08-07T13:51:17.628Z</time>
      </trkpt>
      <trkpt lat="43.945539" lon="21.294262">
        <ele>147.722488</ele>
        <time>2026-08-07T13:51:25.646Z</time>
      </trkpt>
      <trkpt lat="43.945666" lon="21.296241">
        <ele>149.107306</ele>
        <time>2026-08-07T13:52:02.531Z</time>
      </trkpt>
      <trkpt lat="43.945382" lon="21.296048">
        <ele>149.413377</ele>
        <time>2026-08-07T13:52:10.983Z</time>
      </trkpt>
      <trkpt lat="43.945066" lon="21.295694">
        <ele>150.054778</ele>
        <time>2026-08-07T13:52:21.961Z</time>
      </trkpt>
      <trkpt lat="43.944488" lon="21.296563">
        <ele>151.443311</ele>
        <time>2026-08-07T13:52:46.085Z</time>
      </trkpt>
      <trkpt lat="43.943465" lon="21.297916">
        <ele>154.471576</ele>
        <time>2026-08-07T13:53:29.793Z</time>
      </trkpt>
      <trkpt lat="43.943101" lon="21.298397">
        <ele>155.724043</ele>
        <time>2026-08-07T13:53:46.762Z</time>
      </trkpt>
      <trkpt lat="43.942779" lon="21.298652">
        <ele>156.648043</ele>
        <time>2026-08-07T13:53:58.960Z</time>
      </trkpt>
      <trkpt lat="43.942480" lon="21.298859">
        <ele>157.390953</ele>
        <time>2026-08-07T13:54:09.921Z</time>
      </trkpt>
      <trkpt lat="43.942432" lon="21.298933">
        <ele>157.543886</ele>
        <time>2026-08-07T13:54:12.255Z</time>
      </trkpt>
      <trkpt lat="43.942307" lon="21.299425">
        <ele>158.344993</ele>
        <time>2026-08-07T13:54:24.391Z</time>
      </trkpt>
      <trkpt lat="43.942240" lon="21.299593">
        <ele>158.639879</ele>
        <time>2026-08-07T13:54:28.665Z</time>
      </trkpt>
      <trkpt lat="43.942169" lon="21.299754">
        <ele>158.929774</ele>
        <time>2026-08-07T13:54:32.684Z</time>
      </trkpt>
      <trkpt lat="43.941688" lon="21.300564">
        <ele>160.541929</ele>
        <time>2026-08-07T13:54:54.436Z</time>
      </trkpt>
      <trkpt lat="43.941488" lon="21.300973">
        <ele>161.418001</ele>
        <time>2026-08-07T13:55:05.143Z</time>
      </trkpt>
      <trkpt lat="43.940452" lon="21.303119">
        <ele>166.118745</ele>
        <time>2026-08-07T13:56:06.688Z</time>
      </trkpt>
      <trkpt lat="43.940377" lon="21.303307">
        <ele>166.498453</ele>
        <time>2026-08-07T13:56:12.053Z</time>
      </trkpt>
      <trkpt lat="43.940307" lon="21.303547">
        <ele>166.955925</ele>
        <time>2026-08-07T13:56:18.451Z</time>
      </trkpt>
      <trkpt lat="43.940143" lon="21.304371">
        <ele>168.466276</ele>
        <time>2026-08-07T13:56:38.814Z</time>
      </trkpt>
      <trkpt lat="43.940138" lon="21.304412">
        <ele>168.539743</ele>
        <time>2026-08-07T13:56:39.792Z</time>
      </trkpt>
      <trkpt lat="43.940058" lon="21.305850">
        <ele>170.534998</ele>
        <time>2026-08-07T13:57:10.019Z</time>
      </trkpt>
      <trkpt lat="43.940044" lon="21.306506">
        <ele>171.238414</ele>
        <time>2026-08-07T13:57:22.301Z</time>
      </trkpt>
      <trkpt lat="43.940115" lon="21.307055">
        <ele>171.836252</ele>
        <time>2026-08-07T13:57:33.089Z</time>
      </trkpt>
      <trkpt lat="43.940121" lon="21.307289">
        <ele>172.087214</ele>
        <time>2026-08-07T13:57:37.743Z</time>
      </trkpt>
      <trkpt lat="43.940028" lon="21.307865">
        <ele>173.002214</ele>
        <time>2026-08-07T13:57:50.026Z</time>
      </trkpt>
      <trkpt lat="43.939820" lon="21.308903">
        <ele>175.061745</ele>
        <time>2026-08-07T13:58:15.028Z</time>
      </trkpt>
      <trkpt lat="43.939716" lon="21.309708">
        <ele>176.625075</ele>
        <time>2026-08-07T13:58:35.584Z</time>
      </trkpt>
      <trkpt lat="43.939636" lon="21.310135">
        <ele>177.586664</ele>
        <time>2026-08-07T13:58:46.802Z</time>
      </trkpt>
      <trkpt lat="43.939279" lon="21.311588">
        <ele>181.559218</ele>
        <time>2026-08-07T13:59:28.861Z</time>
      </trkpt>
      <trkpt lat="43.938821" lon="21.313168">
        <ele>182.618343</ele>
        <time>2026-08-07T14:00:12.607Z</time>
      </trkpt>
      <trkpt lat="43.938680" lon="21.313926">
        <ele>181.780907</ele>
        <time>2026-08-07T14:00:22.896Z</time>
      </trkpt>
      <trkpt lat="43.938705" lon="21.314405">
        <ele>181.267184</ele>
        <time>2026-08-07T14:00:28.156Z</time>
      </trkpt>
      <trkpt lat="43.938696" lon="21.314600">
        <ele>181.058168</ele>
        <time>2026-08-07T14:00:30.202Z</time>
      </trkpt>
      <trkpt lat="43.938638" lon="21.314850">
        <ele>179.886290</ele>
        <time>2026-08-07T14:00:32.871Z</time>
      </trkpt>
      <trkpt lat="43.938403" lon="21.315554">
        <ele>174.076305</ele>
        <time>2026-08-07T14:00:40.531Z</time>
      </trkpt>
      <trkpt lat="43.938179" lon="21.316729">
        <ele>164.975439</ele>
        <time>2026-08-07T14:00:52.230Z</time>
      </trkpt>
      <trkpt lat="43.938027" lon="21.317205">
        <ele>160.857572</ele>
        <time>2026-08-07T14:00:57.182Z</time>
      </trkpt>
      <trkpt lat="43.937962" lon="21.317529">
        <ele>157.858074</ele>
        <time>2026-08-07T14:01:00.377Z</time>
      </trkpt>
      <trkpt lat="43.937945" lon="21.317730">
        <ele>156.053217</ele>
        <time>2026-08-07T14:01:02.297Z</time>
      </trkpt>
      <trkpt lat="43.937973" lon="21.318015">
        <ele>153.488017</ele>
        <time>2026-08-07T14:01:05.016Z</time>
      </trkpt>
      <trkpt lat="43.937941" lon="21.318259">
        <ele>151.276211</ele>
        <time>2026-08-07T14:01:07.364Z</time>
      </trkpt>
      <trkpt lat="43.937875" lon="21.318366">
        <ele>150.019753</ele>
        <time>2026-08-07T14:01:08.695Z</time>
      </trkpt>
      <trkpt lat="43.937732" lon="21.318482">
        <ele>147.968741</ele>
        <time>2026-08-07T14:01:10.870Z</time>
      </trkpt>
      <trkpt lat="43.937267" lon="21.319021">
        <ele>140.467366</ele>
        <time>2026-08-07T14:01:18.888Z</time>
      </trkpt>
      <trkpt lat="43.937019" lon="21.319160">
        <ele>138.429093</ele>
        <time>2026-08-07T14:01:22.463Z</time>
      </trkpt>
      <trkpt lat="43.936852" lon="21.319347">
        <ele>136.984162</ele>
        <time>2026-08-07T14:01:25.378Z</time>
      </trkpt>
      <trkpt lat="43.936489" lon="21.320536">
        <ele>130.720385</ele>
        <time>2026-08-07T14:01:38.942Z</time>
      </trkpt>
      <trkpt lat="43.936429" lon="21.320748">
        <ele>129.615572</ele>
        <time>2026-08-07T14:01:41.594Z</time>
      </trkpt>
      <trkpt lat="43.936385" lon="21.320924">
        <ele>128.711951</ele>
        <time>2026-08-07T14:01:43.796Z</time>
      </trkpt>
      <trkpt lat="43.936345" lon="21.321084">
        <ele>127.890478</ele>
        <time>2026-08-07T14:01:45.820Z</time>
      </trkpt>
      <trkpt lat="43.936296" lon="21.321099">
        <ele>127.742919</ele>
        <time>2026-08-07T14:01:46.637Z</time>
      </trkpt>
      <trkpt lat="43.936203" lon="21.321149">
        <ele>127.526748</ele>
        <time>2026-08-07T14:01:48.318Z</time>
      </trkpt>
      <trkpt lat="43.936076" lon="21.321251">
        <ele>127.208732</ele>
        <time>2026-08-07T14:01:50.782Z</time>
      </trkpt>
      <trkpt lat="43.935772" lon="21.321578">
        <ele>126.375205</ele>
        <time>2026-08-07T14:01:57.378Z</time>
      </trkpt>
      <trkpt lat="43.935015" lon="21.321970">
        <ele>124.623930</ele>
        <time>2026-08-07T14:02:11.515Z</time>
      </trkpt>
      <trkpt lat="43.934700" lon="21.322034">
        <ele>123.934859</ele>
        <time>2026-08-07T14:02:16.958Z</time>
      </trkpt>
      <trkpt lat="43.934240" lon="21.322011">
        <ele>124.554182</ele>
        <time>2026-08-07T14:02:26.373Z</time>
      </trkpt>
      <trkpt lat="43.934067" lon="21.321973">
        <ele>124.789844</ele>
        <time>2026-08-07T14:02:31.304Z</time>
      </trkpt>
      <trkpt lat="43.933934" lon="21.321897">
        <ele>124.983353</ele>
        <time>2026-08-07T14:02:35.907Z</time>
      </trkpt>
      <trkpt lat="43.933723" lon="21.321665">
        <ele>125.345471</ele>
        <time>2026-08-07T14:02:45.362Z</time>
      </trkpt>
      <trkpt lat="43.933499" lon="21.321498">
        <ele>125.687550</ele>
        <time>2026-08-07T14:02:54.478Z</time>
      </trkpt>
      <trkpt lat="43.932931" lon="21.321373">
        <ele>126.422059</ele>
        <time>2026-08-07T14:03:12.478Z</time>
      </trkpt>
      <trkpt lat="43.932622" lon="21.321358">
        <ele>126.685135</ele>
        <time>2026-08-07T14:03:20.982Z</time>
      </trkpt>
      <trkpt lat="43.932184" lon="21.321534">
        <ele>127.073102</ele>
        <time>2026-08-07T14:03:32.708Z</time>
      </trkpt>
      <trkpt lat="43.931871" lon="21.321530">
        <ele>127.339433</ele>
        <time>2026-08-07T14:03:39.686Z</time>
      </trkpt>
      <trkpt lat="43.931709" lon="21.321465">
        <ele>127.482911</ele>
        <time>2026-08-07T14:03:43.293Z</time>
      </trkpt>
      <trkpt lat="43.931137" lon="21.321120">
        <ele>127.698307</ele>
        <time>2026-08-07T14:03:58.756Z</time>
      </trkpt>
      <trkpt lat="43.930923" lon="21.321078">
        <ele>127.431517</ele>
        <time>2026-08-07T14:04:04.219Z</time>
      </trkpt>
      <trkpt lat="43.930536" lon="21.321070">
        <ele>126.953746</ele>
        <time>2026-08-07T14:04:13.118Z</time>
      </trkpt>
      <trkpt lat="43.930423" lon="21.321091">
        <ele>126.813014</ele>
        <time>2026-08-07T14:04:15.380Z</time>
      </trkpt>
      <trkpt lat="43.930271" lon="21.321168">
        <ele>126.613286</ele>
        <time>2026-08-07T14:04:18.414Z</time>
      </trkpt>
      <trkpt lat="43.929755" lon="21.321565">
        <ele>125.885084</ele>
        <time>2026-08-07T14:04:28.552Z</time>
      </trkpt>
      <trkpt lat="43.929443" lon="21.321875">
        <ele>125.219528</ele>
        <time>2026-08-07T14:04:34.670Z</time>
      </trkpt>
      <trkpt lat="43.928798" lon="21.322229">
        <ele>123.714139</ele>
        <time>2026-08-07T14:04:45.724Z</time>
      </trkpt>
      <trkpt lat="43.928502" lon="21.322265">
        <ele>123.069203</ele>
        <time>2026-08-07T14:04:50.977Z</time>
      </trkpt>
      <trkpt lat="43.928024" lon="21.322184">
        <ele>122.023993</ele>
        <time>2026-08-07T14:05:00.292Z</time>
      </trkpt>
      <trkpt lat="43.927706" lon="21.322172">
        <ele>121.780413</ele>
        <time>2026-08-07T14:05:07.148Z</time>
      </trkpt>
      <trkpt lat="43.927286" lon="21.322109">
        <ele>121.822861</ele>
        <time>2026-08-07T14:05:17.042Z</time>
      </trkpt>
      <trkpt lat="43.926935" lon="21.322109">
        <ele>121.858130</ele>
        <time>2026-08-07T14:05:25.419Z</time>
      </trkpt>
      <trkpt lat="43.926259" lon="21.322152">
        <ele>121.926127</ele>
        <time>2026-08-07T14:05:41.205Z</time>
      </trkpt>
      <trkpt lat="43.925892" lon="21.322250">
        <ele>121.842492</ele>
        <time>2026-08-07T14:05:50.003Z</time>
      </trkpt>
      <trkpt lat="43.924854" lon="21.322521">
        <ele>121.372113</ele>
        <time>2026-08-07T14:06:11.707Z</time>
      </trkpt>
      <trkpt lat="43.924063" lon="21.322468">
        <ele>121.009071</ele>
        <time>2026-08-07T14:06:27.226Z</time>
      </trkpt>
      <trkpt lat="43.923730" lon="21.322364">
        <ele>120.844043</ele>
        <time>2026-08-07T14:06:34.054Z</time>
      </trkpt>
      <trkpt lat="43.923178" lon="21.322070">
        <ele>120.558186</ele>
        <time>2026-08-07T14:06:46.637Z</time>
      </trkpt>
      <trkpt lat="43.922476" lon="21.321606">
        <ele>120.165927</ele>
        <time>2026-08-07T14:07:03.043Z</time>
      </trkpt>
      <trkpt lat="43.922190" lon="21.321410">
        <ele>119.983220</ele>
        <time>2026-08-07T14:07:09.640Z</time>
      </trkpt>
      <trkpt lat="43.921957" lon="21.321290">
        <ele>119.840859</ele>
        <time>2026-08-07T14:07:14.908Z</time>
      </trkpt>
      <trkpt lat="43.921571" lon="21.321233">
        <ele>119.618493</ele>
        <time>2026-08-07T14:07:22.683Z</time>
      </trkpt>
      <trkpt lat="43.921462" lon="21.321234">
        <ele>119.556052</ele>
        <time>2026-08-07T14:07:24.807Z</time>
      </trkpt>
      <trkpt lat="43.921029" lon="21.321292">
        <ele>119.306858</ele>
        <time>2026-08-07T14:07:33.130Z</time>
      </trkpt>
      <trkpt lat="43.920698" lon="21.321363">
        <ele>119.169063</ele>
        <time>2026-08-07T14:07:39.798Z</time>
      </trkpt>
      <trkpt lat="43.920474" lon="21.321379">
        <ele>119.095994</ele>
        <time>2026-08-07T14:07:44.617Z</time>
      </trkpt>
      <trkpt lat="43.920024" lon="21.321314">
        <ele>118.948608</ele>
        <time>2026-08-07T14:07:54.721Z</time>
      </trkpt>
      <trkpt lat="43.919651" lon="21.321228">
        <ele>118.825432</ele>
        <time>2026-08-07T14:08:02.550Z</time>
      </trkpt>
      <trkpt lat="43.919198" lon="21.321068">
        <ele>118.673158</ele>
        <time>2026-08-07T14:08:12.442Z</time>
      </trkpt>
      <trkpt lat="43.918945" lon="21.320921">
        <ele>118.652112</ele>
        <time>2026-08-07T14:08:18.435Z</time>
      </trkpt>
      <trkpt lat="43.918780" lon="21.320786">
        <ele>118.650081</ele>
        <time>2026-08-07T14:08:22.662Z</time>
      </trkpt>
      <trkpt lat="43.918616" lon="21.320640">
        <ele>118.648015</ele>
        <time>2026-08-07T14:08:27.037Z</time>
      </trkpt>
      <trkpt lat="43.918419" lon="21.320452">
        <ele>118.645481</ele>
        <time>2026-08-07T14:08:32.349Z</time>
      </trkpt>
      <trkpt lat="43.917969" lon="21.320070">
        <ele>118.639889</ele>
        <time>2026-08-07T14:08:44.054Z</time>
      </trkpt>
      <trkpt lat="43.917736" lon="21.319930">
        <ele>118.637197</ele>
        <time>2026-08-07T14:08:49.904Z</time>
      </trkpt>
      <trkpt lat="43.917267" lon="21.319757">
        <ele>118.540157</ele>
        <time>2026-08-07T14:09:00.960Z</time>
      </trkpt>
      <trkpt lat="43.917006" lon="21.319725">
        <ele>118.459732</ele>
        <time>2026-08-07T14:09:06.796Z</time>
      </trkpt>
      <trkpt lat="43.916744" lon="21.319730">
        <ele>118.379304</ele>
        <time>2026-08-07T14:09:12.471Z</time>
      </trkpt>
      <trkpt lat="43.916583" lon="21.319740">
        <ele>118.329836</ele>
        <time>2026-08-07T14:09:15.841Z</time>
      </trkpt>
      <trkpt lat="43.916479" lon="21.319752">
        <ele>118.297803</ele>
        <time>2026-08-07T14:09:17.989Z</time>
      </trkpt>
      <trkpt lat="43.915962" lon="21.319816">
        <ele>118.138482</ele>
        <time>2026-08-07T14:09:28.474Z</time>
      </trkpt>
      <trkpt lat="43.915759" lon="21.319841">
        <ele>118.077064</ele>
        <time>2026-08-07T14:09:32.530Z</time>
      </trkpt>
      <trkpt lat="43.914749" lon="21.319933">
        <ele>117.814629</ele>
        <time>2026-08-07T14:09:52.843Z</time>
      </trkpt>
      <trkpt lat="43.914128" lon="21.319910">
        <ele>117.653560</ele>
        <time>2026-08-07T14:10:07.192Z</time>
      </trkpt>
      <trkpt lat="43.913826" lon="21.319852">
        <ele>117.695459</ele>
        <time>2026-08-07T14:10:14.403Z</time>
      </trkpt>
      <trkpt lat="43.913465" lon="21.319672">
        <ele>117.879778</ele>
        <time>2026-08-07T14:10:23.626Z</time>
      </trkpt>
      <trkpt lat="43.913043" lon="21.319333">
        <ele>118.114064</ele>
        <time>2026-08-07T14:10:35.930Z</time>
      </trkpt>
      <trkpt lat="43.912992" lon="21.319292">
        <ele>118.142384</ele>
        <time>2026-08-07T14:10:37.404Z</time>
      </trkpt>
      <trkpt lat="43.912632" lon="21.319025">
        <ele>118.338514</ele>
        <time>2026-08-07T14:10:47.618Z</time>
      </trkpt>
      <trkpt lat="43.912187" lon="21.318751">
        <ele>118.592025</ele>
        <time>2026-08-07T14:10:58.621Z</time>
      </trkpt>
      <trkpt lat="43.911830" lon="21.318561">
        <ele>118.815183</ele>
        <time>2026-08-07T14:11:07.584Z</time>
      </trkpt>
      <trkpt lat="43.911456" lon="21.318417">
        <ele>119.041715</ele>
        <time>2026-08-07T14:11:17.209Z</time>
      </trkpt>
      <trkpt lat="43.911063" lon="21.318339">
        <ele>119.273428</ele>
        <time>2026-08-07T14:11:27.219Z</time>
      </trkpt>
      <trkpt lat="43.910603" lon="21.318334">
        <ele>119.544756</ele>
        <time>2026-08-07T14:11:38.783Z</time>
      </trkpt>
      <trkpt lat="43.910299" lon="21.318347">
        <ele>119.768290</ele>
        <time>2026-08-07T14:11:46.457Z</time>
      </trkpt>
      <trkpt lat="43.910158" lon="21.318350">
        <ele>119.871931</ele>
        <time>2026-08-07T14:11:50.095Z</time>
      </trkpt>
      <trkpt lat="43.909872" lon="21.318351">
        <ele>120.082130</ele>
        <time>2026-08-07T14:11:57.581Z</time>
      </trkpt>
      <trkpt lat="43.909219" lon="21.318338">
        <ele>120.562108</ele>
        <time>2026-08-07T14:12:14.086Z</time>
      </trkpt>
      <trkpt lat="43.908960" lon="21.318330">
        <ele>120.752509</ele>
        <time>2026-08-07T14:12:20.561Z</time>
      </trkpt>
      <trkpt lat="43.908756" lon="21.318324">
        <ele>120.908254</ele>
        <time>2026-08-07T14:12:25.583Z</time>
      </trkpt>
      <trkpt lat="43.908452" lon="21.318312">
        <ele>121.157840</ele>
        <time>2026-08-07T14:12:32.946Z</time>
      </trkpt>
      <trkpt lat="43.907857" lon="21.318272">
        <ele>121.646713</ele>
        <time>2026-08-07T14:12:47.603Z</time>
      </trkpt>
      <trkpt lat="43.907676" lon="21.318207">
        <ele>121.800146</ele>
        <time>2026-08-07T14:12:52.119Z</time>
      </trkpt>
      <trkpt lat="43.907440" lon="21.317962">
        <ele>122.042005</ele>
        <time>2026-08-07T14:12:59.530Z</time>
      </trkpt>
      <trkpt lat="43.906873" lon="21.317218">
        <ele>123.403653</ele>
        <time>2026-08-07T14:13:21.126Z</time>
      </trkpt>
      <trkpt lat="43.906569" lon="21.316997">
        <ele>124.260220</ele>
        <time>2026-08-07T14:13:31.591Z</time>
      </trkpt>
      <trkpt lat="43.906136" lon="21.316803">
        <ele>125.395909</ele>
        <time>2026-08-07T14:13:46.696Z</time>
      </trkpt>
      <trkpt lat="43.905482" lon="21.316514">
        <ele>126.967908</ele>
        <time>2026-08-07T14:14:12.535Z</time>
      </trkpt>
      <trkpt lat="43.905383" lon="21.316448">
        <ele>127.108898</ele>
        <time>2026-08-07T14:14:16.431Z</time>
      </trkpt>
      <trkpt lat="43.905241" lon="21.316353">
        <ele>127.311260</ele>
        <time>2026-08-07T14:14:21.789Z</time>
      </trkpt>
      <trkpt lat="43.904972" lon="21.316144">
        <ele>127.707008</ele>
        <time>2026-08-07T14:14:31.681Z</time>
      </trkpt>
      <trkpt lat="43.904873" lon="21.316061">
        <ele>127.855485</ele>
        <time>2026-08-07T14:14:35.165Z</time>
      </trkpt>
      <trkpt lat="43.904849" lon="21.316042">
        <ele>127.890954</ele>
        <time>2026-08-07T14:14:35.921Z</time>
      </trkpt>
      <trkpt lat="43.904674" lon="21.315930">
        <ele>128.138341</ele>
        <time>2026-08-07T14:14:41.234Z</time>
      </trkpt>
      <trkpt lat="43.904114" lon="21.315756">
        <ele>128.875026</ele>
        <time>2026-08-07T14:14:54.874Z</time>
      </trkpt>
      <trkpt lat="43.903715" lon="21.315619">
        <ele>128.911850</ele>
        <time>2026-08-07T14:15:02.422Z</time>
      </trkpt>
      <trkpt lat="43.903210" lon="21.315495">
        <ele>128.396181</ele>
        <time>2026-08-07T14:15:11.590Z</time>
      </trkpt>
      <trkpt lat="43.903130" lon="21.315479">
        <ele>128.314910</ele>
        <time>2026-08-07T14:15:13.069Z</time>
      </trkpt>
      <trkpt lat="43.902554" lon="21.315352">
        <ele>127.728472</ele>
        <time>2026-08-07T14:15:24.076Z</time>
      </trkpt>
      <trkpt lat="43.901740" lon="21.315123">
        <ele>127.360759</ele>
        <time>2026-08-07T14:15:41.628Z</time>
      </trkpt>
      <trkpt lat="43.901263" lon="21.315092">
        <ele>127.408011</ele>
        <time>2026-08-07T14:15:51.968Z</time>
      </trkpt>
      <trkpt lat="43.901031" lon="21.315091">
        <ele>127.430968</ele>
        <time>2026-08-07T14:15:57.462Z</time>
      </trkpt>
      <trkpt lat="43.900470" lon="21.315090">
        <ele>127.486480</ele>
        <time>2026-08-07T14:16:11.505Z</time>
      </trkpt>
      <trkpt lat="43.900176" lon="21.315205">
        <ele>127.502483</ele>
        <time>2026-08-07T14:16:19.044Z</time>
      </trkpt>
      <trkpt lat="43.899601" lon="21.315521">
        <ele>127.519819</ele>
        <time>2026-08-07T14:16:33.383Z</time>
      </trkpt>
      <trkpt lat="43.899342" lon="21.315618">
        <ele>127.527340</ele>
        <time>2026-08-07T14:16:39.838Z</time>
      </trkpt>
      <trkpt lat="43.898918" lon="21.315723">
        <ele>127.539413</ele>
        <time>2026-08-07T14:16:49.564Z</time>
      </trkpt>
      <trkpt lat="43.898152" lon="21.315801">
        <ele>127.446321</ele>
        <time>2026-08-07T14:17:03.833Z</time>
      </trkpt>
      <trkpt lat="43.896501" lon="21.315621">
        <ele>127.875387</ele>
        <time>2026-08-07T14:17:40.273Z</time>
      </trkpt>
      <trkpt lat="43.895954" lon="21.315336">
        <ele>129.062745</ele>
        <time>2026-08-07T14:18:00.201Z</time>
      </trkpt>
      <trkpt lat="43.895847" lon="21.315319">
        <ele>129.281607</ele>
        <time>2026-08-07T14:18:04.117Z</time>
      </trkpt>
      <trkpt lat="43.895228" lon="21.315290">
        <ele>130.540233</ele>
        <time>2026-08-07T14:18:26.372Z</time>
      </trkpt>
      <trkpt lat="43.894964" lon="21.315293">
        <ele>130.755007</ele>
        <time>2026-08-07T14:18:34.526Z</time>
      </trkpt>
      <trkpt lat="43.894311" lon="21.315345">
        <ele>130.352295</ele>
        <time>2026-08-07T14:18:48.801Z</time>
      </trkpt>
      <trkpt lat="43.894135" lon="21.315358">
        <ele>130.243779</ele>
        <time>2026-08-07T14:18:52.069Z</time>
      </trkpt>
      <trkpt lat="43.893791" lon="21.315281">
        <ele>130.029242</ele>
        <time>2026-08-07T14:18:58.215Z</time>
      </trkpt>
      <trkpt lat="43.893593" lon="21.315287">
        <ele>129.907305</ele>
        <time>2026-08-07T14:19:01.679Z</time>
      </trkpt>
      <trkpt lat="43.893472" lon="21.315341">
        <ele>129.829047</ele>
        <time>2026-08-07T14:19:03.906Z</time>
      </trkpt>
      <trkpt lat="43.893294" lon="21.315515">
        <ele>129.698848</ele>
        <time>2026-08-07T14:19:07.738Z</time>
      </trkpt>
      <trkpt lat="43.893177" lon="21.315592">
        <ele>129.630339</ele>
        <time>2026-08-07T14:19:10.044Z</time>
      </trkpt>
      <trkpt lat="43.893028" lon="21.315678">
        <ele>129.544961</ele>
        <time>2026-08-07T14:19:12.937Z</time>
      </trkpt>
      <trkpt lat="43.892827" lon="21.315706">
        <ele>129.438085</ele>
        <time>2026-08-07T14:19:16.616Z</time>
      </trkpt>
      <trkpt lat="43.892618" lon="21.315616">
        <ele>129.322308</ele>
        <time>2026-08-07T14:19:20.670Z</time>
      </trkpt>
      <trkpt lat="43.892486" lon="21.315462">
        <ele>129.231069</ele>
        <time>2026-08-07T14:19:24.065Z</time>
      </trkpt>
      <trkpt lat="43.892316" lon="21.315101">
        <ele>129.066651</ele>
        <time>2026-08-07T14:19:30.755Z</time>
      </trkpt>
      <trkpt lat="43.892228" lon="21.314914">
        <ele>128.981499</ele>
        <time>2026-08-07T14:19:34.361Z</time>
      </trkpt>
      <trkpt lat="43.892118" lon="21.314760">
        <ele>128.898829</ele>
        <time>2026-08-07T14:19:38.048Z</time>
      </trkpt>
      <trkpt lat="43.892022" lon="21.314659">
        <ele>128.835091</ele>
        <time>2026-08-07T14:19:41.066Z</time>
      </trkpt>
      <trkpt lat="43.891917" lon="21.314595">
        <ele>128.774416</ele>
        <time>2026-08-07T14:19:44.141Z</time>
      </trkpt>
      <trkpt lat="43.891764" lon="21.314550">
        <ele>128.901227</ele>
        <time>2026-08-07T14:19:48.607Z</time>
      </trkpt>
      <trkpt lat="43.891633" lon="21.314552">
        <ele>129.015468</ele>
        <time>2026-08-07T14:19:52.559Z</time>
      </trkpt>
      <trkpt lat="43.891038" lon="21.314774">
        <ele>129.552747</ele>
        <time>2026-08-07T14:20:10.097Z</time>
      </trkpt>
      <trkpt lat="43.890547" lon="21.314874">
        <ele>129.985494</ele>
        <time>2026-08-07T14:20:22.671Z</time>
      </trkpt>
      <trkpt lat="43.890358" lon="21.314898">
        <ele>130.150994</ele>
        <time>2026-08-07T14:20:27.113Z</time>
      </trkpt>
      <trkpt lat="43.890063" lon="21.314911">
        <ele>130.319349</ele>
        <time>2026-08-07T14:20:33.978Z</time>
      </trkpt>
      <trkpt lat="43.889856" lon="21.314960">
        <ele>130.266630</ele>
        <time>2026-08-07T14:20:38.831Z</time>
      </trkpt>
      <trkpt lat="43.889636" lon="21.315035">
        <ele>130.209756</ele>
        <time>2026-08-07T14:20:43.717Z</time>
      </trkpt>
      <trkpt lat="43.889362" lon="21.315174">
        <ele>130.136514</ele>
        <time>2026-08-07T14:20:49.411Z</time>
      </trkpt>
      <trkpt lat="43.888111" lon="21.315788">
        <ele>130.200265</ele>
        <time>2026-08-07T14:21:16.698Z</time>
      </trkpt>
      <trkpt lat="43.887632" lon="21.315857">
        <ele>130.648466</ele>
        <time>2026-08-07T14:21:30.660Z</time>
      </trkpt>
      <trkpt lat="43.887119" lon="21.315990">
        <ele>131.134178</ele>
        <time>2026-08-07T14:21:45.240Z</time>
      </trkpt>
      <trkpt lat="43.886603" lon="21.316185">
        <ele>131.635227</ele>
        <time>2026-08-07T14:21:59.671Z</time>
      </trkpt>
      <trkpt lat="43.886452" lon="21.316282">
        <ele>131.797403</ele>
        <time>2026-08-07T14:22:04.013Z</time>
      </trkpt>
      <trkpt lat="43.886008" lon="21.316679">
        <ele>132.312208</ele>
        <time>2026-08-07T14:22:17.336Z</time>
      </trkpt>
      <trkpt lat="43.885831" lon="21.316771">
        <ele>132.496424</ele>
        <time>2026-08-07T14:22:21.745Z</time>
      </trkpt>
      <trkpt lat="43.885565" lon="21.316848">
        <ele>132.761257</ele>
        <time>2026-08-07T14:22:27.530Z</time>
      </trkpt>
      <trkpt lat="43.884956" lon="21.316882">
        <ele>133.400405</ele>
        <time>2026-08-07T14:22:43.574Z</time>
      </trkpt>
      <trkpt lat="43.883593" lon="21.317073">
        <ele>136.219730</ele>
        <time>2026-08-07T14:23:30.981Z</time>
      </trkpt>
      <trkpt lat="43.883338" lon="21.317014">
        <ele>136.751768</ele>
        <time>2026-08-07T14:23:38.558Z</time>
      </trkpt>
      <trkpt lat="43.883138" lon="21.316885">
        <ele>136.855311</ele>
        <time>2026-08-07T14:23:43.777Z</time>
      </trkpt>
      <trkpt lat="43.882886" lon="21.316729">
        <ele>136.372509</ele>
        <time>2026-08-07T14:23:49.356Z</time>
      </trkpt>
      <trkpt lat="43.882759" lon="21.316691">
        <ele>136.145199</ele>
        <time>2026-08-07T14:23:53.599Z</time>
      </trkpt>
      <trkpt lat="43.882539" lon="21.316768">
        <ele>135.748223</ele>
        <time>2026-08-07T14:23:57.514Z</time>
      </trkpt>
      <trkpt lat="43.882135" lon="21.317041">
        <ele>134.961994</ele>
        <time>2026-08-07T14:24:04.887Z</time>
      </trkpt>
      <trkpt lat="43.881947" lon="21.317087">
        <ele>134.627988</ele>
        <time>2026-08-07T14:24:07.943Z</time>
      </trkpt>
      <trkpt lat="43.881384" lon="21.317090">
        <ele>133.934939</ele>
        <time>2026-08-07T14:24:17.155Z</time>
      </trkpt>
      <trkpt lat="43.881041" lon="21.317084">
        <ele>134.108785</ele>
        <time>2026-08-07T14:24:24.002Z</time>
      </trkpt>
      <trkpt lat="43.880920" lon="21.317085">
        <ele>134.170108</ele>
        <time>2026-08-07T14:24:26.951Z</time>
      </trkpt>
      <trkpt lat="43.880873" lon="21.317086">
        <ele>134.193931</ele>
        <time>2026-08-07T14:24:28.168Z</time>
      </trkpt>
      <trkpt lat="43.880253" lon="21.317115">
        <ele>134.508324</ele>
        <time>2026-08-07T14:24:46.396Z</time>
      </trkpt>
      <trkpt lat="43.879953" lon="21.317165">
        <ele>134.661457</ele>
        <time>2026-08-07T14:24:56.791Z</time>
      </trkpt>
      <trkpt lat="43.878921" lon="21.317622">
        <ele>134.112207</ele>
        <time>2026-08-07T14:25:23.964Z</time>
      </trkpt>
      <trkpt lat="43.878832" lon="21.317722">
        <ele>134.021853</ele>
        <time>2026-08-07T14:25:26.053Z</time>
      </trkpt>
      <trkpt lat="43.878673" lon="21.317965">
        <ele>133.835224</ele>
        <time>2026-08-07T14:25:30.172Z</time>
      </trkpt>
      <trkpt lat="43.878536" lon="21.318102">
        <ele>133.701990</ele>
        <time>2026-08-07T14:25:33.046Z</time>
      </trkpt>
      <trkpt lat="43.877787" lon="21.318677">
        <ele>133.020365</ele>
        <time>2026-08-07T14:25:47.310Z</time>
      </trkpt>
      <trkpt lat="43.877627" lon="21.318825">
        <ele>132.865809</ele>
        <time>2026-08-07T14:25:50.744Z</time>
      </trkpt>
      <trkpt lat="43.877407" lon="21.318983">
        <ele>132.666705</ele>
        <time>2026-08-07T14:25:55.695Z</time>
      </trkpt>
      <trkpt lat="43.876909" lon="21.319152">
        <ele>132.254658</ele>
        <time>2026-08-07T14:26:06.782Z</time>
      </trkpt>
      <trkpt lat="43.876405" lon="21.319435">
        <ele>132.082839</ele>
        <time>2026-08-07T14:26:20.148Z</time>
      </trkpt>
      <trkpt lat="43.876265" lon="21.319460">
        <ele>132.274313</ele>
        <time>2026-08-07T14:26:23.918Z</time>
      </trkpt>
      <trkpt lat="43.875744" lon="21.319447">
        <ele>132.981153</ele>
        <time>2026-08-07T14:26:38.108Z</time>
      </trkpt>
      <trkpt lat="43.875593" lon="21.319502">
        <ele>133.192924</ele>
        <time>2026-08-07T14:26:42.432Z</time>
      </trkpt>
      <trkpt lat="43.875512" lon="21.319564">
        <ele>133.318415</ele>
        <time>2026-08-07T14:26:45.063Z</time>
      </trkpt>
      <trkpt lat="43.875375" lon="21.319670">
        <ele>133.531202</ele>
        <time>2026-08-07T14:26:49.401Z</time>
      </trkpt>
      <trkpt lat="43.874897" lon="21.320065">
        <ele>134.285921</ele>
        <time>2026-08-07T14:27:04.928Z</time>
      </trkpt>
      <trkpt lat="43.874530" lon="21.320417">
        <ele>134.504385</ele>
        <time>2026-08-07T14:27:19.588Z</time>
      </trkpt>
      <trkpt lat="43.874077" lon="21.320742">
        <ele>134.696065</ele>
        <time>2026-08-07T14:27:35.531Z</time>
      </trkpt>
      <trkpt lat="43.873648" lon="21.320893">
        <ele>134.862413</ele>
        <time>2026-08-07T14:27:44.419Z</time>
      </trkpt>
      <trkpt lat="43.873330" lon="21.320982">
        <ele>134.984340</ele>
        <time>2026-08-07T14:27:50.108Z</time>
      </trkpt>
      <trkpt lat="43.873219" lon="21.321098">
        <ele>135.016375</ele>
        <time>2026-08-07T14:27:52.569Z</time>
      </trkpt>
      <trkpt lat="43.873005" lon="21.321459">
        <ele>134.562958</ele>
        <time>2026-08-07T14:27:58.600Z</time>
      </trkpt>
      <trkpt lat="43.872893" lon="21.321697">
        <ele>134.287228</ele>
        <time>2026-08-07T14:28:02.101Z</time>
      </trkpt>
      <trkpt lat="43.872759" lon="21.321901">
        <ele>134.019487</ele>
        <time>2026-08-07T14:28:05.426Z</time>
      </trkpt>
      <trkpt lat="43.872619" lon="21.322063">
        <ele>133.774139</ele>
        <time>2026-08-07T14:28:08.480Z</time>
      </trkpt>
      <trkpt lat="43.872444" lon="21.322211">
        <ele>133.498317</ele>
        <time>2026-08-07T14:28:11.919Z</time>
      </trkpt>
      <trkpt lat="43.872220" lon="21.322326">
        <ele>133.176887</ele>
        <time>2026-08-07T14:28:16.293Z</time>
      </trkpt>
      <trkpt lat="43.872028" lon="21.322392">
        <ele>132.910688</ele>
        <time>2026-08-07T14:28:20.646Z</time>
      </trkpt>
      <trkpt lat="43.871743" lon="21.322429">
        <ele>132.637364</ele>
        <time>2026-08-07T14:28:28.333Z</time>
      </trkpt>
      <trkpt lat="43.871023" lon="21.322387">
        <ele>132.926819</ele>
        <time>2026-08-07T14:28:47.923Z</time>
      </trkpt>
      <trkpt lat="43.870928" lon="21.322377">
        <ele>132.965087</ele>
        <time>2026-08-07T14:28:50.326Z</time>
      </trkpt>
      <trkpt lat="43.870732" lon="21.322336">
        <ele>133.044703</ele>
        <time>2026-08-07T14:28:55.204Z</time>
      </trkpt>
      <trkpt lat="43.869454" lon="21.321976">
        <ele>133.517575</ele>
        <time>2026-08-07T14:29:23.093Z</time>
      </trkpt>
      <trkpt lat="43.869030" lon="21.321854">
        <ele>133.653715</ele>
        <time>2026-08-07T14:29:32.945Z</time>
      </trkpt>
      <trkpt lat="43.868657" lon="21.321788">
        <ele>133.771932</ele>
        <time>2026-08-07T14:29:42.358Z</time>
      </trkpt>
      <trkpt lat="43.868110" lon="21.321745">
        <ele>133.866993</ele>
        <time>2026-08-07T14:29:56.976Z</time>
      </trkpt>
      <trkpt lat="43.867704" lon="21.321738">
        <ele>133.773758</ele>
        <time>2026-08-07T14:30:07.321Z</time>
      </trkpt>
      <trkpt lat="43.867507" lon="21.321689">
        <ele>133.727800</ele>
        <time>2026-08-07T14:30:12.049Z</time>
      </trkpt>
      <trkpt lat="43.867218" lon="21.321562">
        <ele>133.658187</ele>
        <time>2026-08-07T14:30:18.668Z</time>
      </trkpt>
      <trkpt lat="43.867178" lon="21.321538">
        <ele>133.648180</ele>
        <time>2026-08-07T14:30:19.553Z</time>
      </trkpt>
      <trkpt lat="43.867078" lon="21.321515">
        <ele>133.624903</ele>
        <time>2026-08-07T14:30:23.083Z</time>
      </trkpt>
      <trkpt lat="43.866993" lon="21.321559">
        <ele>133.604070</ele>
        <time>2026-08-07T14:30:24.887Z</time>
      </trkpt>
      <trkpt lat="43.866801" lon="21.321793">
        <ele>133.545381</ele>
        <time>2026-08-07T14:30:29.731Z</time>
      </trkpt>
      <trkpt lat="43.866728" lon="21.321875">
        <ele>133.523811</ele>
        <time>2026-08-07T14:30:31.444Z</time>
      </trkpt>
      <trkpt lat="43.865837" lon="21.322784">
        <ele>132.127957</ele>
        <time>2026-08-07T14:30:51.190Z</time>
      </trkpt>
      <trkpt lat="43.865296" lon="21.323143">
        <ele>131.264673</ele>
        <time>2026-08-07T14:31:02.294Z</time>
      </trkpt>
      <trkpt lat="43.865068" lon="21.323255">
        <ele>130.916500</ele>
        <time>2026-08-07T14:31:06.954Z</time>
      </trkpt>
      <trkpt lat="43.864504" lon="21.323421">
        <ele>130.569559</ele>
        <time>2026-08-07T14:31:18.435Z</time>
      </trkpt>
      <trkpt lat="43.863521" lon="21.323632">
        <ele>129.990546</ele>
        <time>2026-08-07T14:31:38.537Z</time>
      </trkpt>
      <trkpt lat="43.862876" lon="21.323683">
        <ele>129.928791</ele>
        <time>2026-08-07T14:31:53.367Z</time>
      </trkpt>
      <trkpt lat="43.861875" lon="21.323527">
        <ele>130.123305</ele>
        <time>2026-08-07T14:32:16.577Z</time>
      </trkpt>
      <trkpt lat="43.861627" lon="21.323523">
        <ele>130.171198</ele>
        <time>2026-08-07T14:32:22.363Z</time>
      </trkpt>
      <trkpt lat="43.861319" lon="21.323584">
        <ele>130.172140</ele>
        <time>2026-08-07T14:32:29.736Z</time>
      </trkpt>
      <trkpt lat="43.860758" lon="21.323800">
        <ele>130.085832</ele>
        <time>2026-08-07T14:32:43.679Z</time>
      </trkpt>
      <trkpt lat="43.859658" lon="21.324467">
        <ele>129.650165</ele>
        <time>2026-08-07T14:33:08.999Z</time>
      </trkpt>
      <trkpt lat="43.859202" lon="21.324667">
        <ele>128.796057</ele>
        <time>2026-08-07T14:33:17.693Z</time>
      </trkpt>
      <trkpt lat="43.857954" lon="21.325018">
        <ele>126.824448</ele>
        <time>2026-08-07T14:33:39.285Z</time>
      </trkpt>
      <trkpt lat="43.857755" lon="21.325025">
        <ele>127.014525</ele>
        <time>2026-08-07T14:33:42.961Z</time>
      </trkpt>
      <trkpt lat="43.856878" lon="21.324857">
        <ele>127.859879</ele>
        <time>2026-08-07T14:34:03.398Z</time>
      </trkpt>
      <trkpt lat="43.856133" lon="21.324571">
        <ele>129.047824</ele>
        <time>2026-08-07T14:34:31.536Z</time>
      </trkpt>
      <trkpt lat="43.855413" lon="21.324351">
        <ele>131.712519</ele>
        <time>2026-08-07T14:35:02.090Z</time>
      </trkpt>
      <trkpt lat="43.854500" lon="21.324140">
        <ele>134.952450</ele>
        <time>2026-08-07T14:35:35.919Z</time>
      </trkpt>
      <trkpt lat="43.854025" lon="21.323962">
        <ele>135.176223</ele>
        <time>2026-08-07T14:35:49.048Z</time>
      </trkpt>
      <trkpt lat="43.853831" lon="21.323871">
        <ele>135.269362</ele>
        <time>2026-08-07T14:35:54.027Z</time>
      </trkpt>
      <trkpt lat="43.852672" lon="21.323069">
        <ele>135.346680</ele>
        <time>2026-08-07T14:36:21.078Z</time>
      </trkpt>
      <trkpt lat="43.852486" lon="21.323003">
        <ele>135.000844</ele>
        <time>2026-08-07T14:36:24.671Z</time>
      </trkpt>
      <trkpt lat="43.852273" lon="21.323006">
        <ele>134.617147</ele>
        <time>2026-08-07T14:36:28.686Z</time>
      </trkpt>
      <trkpt lat="43.852011" lon="21.323083">
        <ele>134.134725</ele>
        <time>2026-08-07T14:36:33.611Z</time>
      </trkpt>
      <trkpt lat="43.851790" lon="21.323192">
        <ele>133.712208</ele>
        <time>2026-08-07T14:36:37.749Z</time>
      </trkpt>
      <trkpt lat="43.851703" lon="21.323206">
        <ele>133.554444</ele>
        <time>2026-08-07T14:36:39.293Z</time>
      </trkpt>
      <trkpt lat="43.851645" lon="21.323185">
        <ele>133.446466</ele>
        <time>2026-08-07T14:36:40.317Z</time>
      </trkpt>
      <trkpt lat="43.851251" lon="21.322836">
        <ele>132.604318</ele>
        <time>2026-08-07T14:36:48.144Z</time>
      </trkpt>
      <trkpt lat="43.851028" lon="21.322721">
        <ele>132.001639</ele>
        <time>2026-08-07T14:36:51.967Z</time>
      </trkpt>
      <trkpt lat="43.850122" lon="21.322526">
        <ele>129.503482</ele>
        <time>2026-08-07T14:37:06.964Z</time>
      </trkpt>
      <trkpt lat="43.849371" lon="21.322266">
        <ele>127.536738</ele>
        <time>2026-08-07T14:37:20.095Z</time>
      </trkpt>
      <trkpt lat="43.848722" lon="21.322098">
        <ele>126.900735</ele>
        <time>2026-08-07T14:37:32.416Z</time>
      </trkpt>
      <trkpt lat="43.848295" lon="21.322105">
        <ele>126.489363</ele>
        <time>2026-08-07T14:37:40.919Z</time>
      </trkpt>
      <trkpt lat="43.846832" lon="21.322360">
        <ele>125.887527</ele>
        <time>2026-08-07T14:38:12.514Z</time>
      </trkpt>
      <trkpt lat="43.846543" lon="21.322387">
        <ele>125.889461</ele>
        <time>2026-08-07T14:38:19.112Z</time>
      </trkpt>
      <trkpt lat="43.846091" lon="21.322373">
        <ele>125.892480</ele>
        <time>2026-08-07T14:38:29.601Z</time>
      </trkpt>
      <trkpt lat="43.845492" lon="21.322263">
        <ele>126.131616</ele>
        <time>2026-08-07T14:38:43.714Z</time>
      </trkpt>
      <trkpt lat="43.845004" lon="21.322275">
        <ele>126.428140</ele>
        <time>2026-08-07T14:38:55.285Z</time>
      </trkpt>
      <trkpt lat="43.844592" lon="21.322338">
        <ele>126.679962</ele>
        <time>2026-08-07T14:39:05.404Z</time>
      </trkpt>
      <trkpt lat="43.844207" lon="21.322414">
        <ele>126.916222</ele>
        <time>2026-08-07T14:39:15.211Z</time>
      </trkpt>
      <trkpt lat="43.843311" lon="21.322697">
        <ele>128.398152</ele>
        <time>2026-08-07T14:39:41.009Z</time>
      </trkpt>
      <trkpt lat="43.843123" lon="21.322732">
        <ele>128.731566</ele>
        <time>2026-08-07T14:39:46.369Z</time>
      </trkpt>
      <trkpt lat="43.842923" lon="21.322728">
        <ele>129.083143</ele>
        <time>2026-08-07T14:39:52.093Z</time>
      </trkpt>
      <trkpt lat="43.842697" lon="21.322699">
        <ele>129.482081</ele>
        <time>2026-08-07T14:39:58.765Z</time>
      </trkpt>
      <trkpt lat="43.842264" lon="21.322704">
        <ele>130.312663</ele>
        <time>2026-08-07T14:40:12.690Z</time>
      </trkpt>
      <trkpt lat="43.841999" lon="21.322698">
        <ele>131.118927</ele>
        <time>2026-08-07T14:40:21.864Z</time>
      </trkpt>
      <trkpt lat="43.841676" lon="21.322708">
        <ele>132.101771</ele>
        <time>2026-08-07T14:40:33.289Z</time>
      </trkpt>
      <trkpt lat="43.841396" lon="21.322677">
        <ele>132.956270</ele>
        <time>2026-08-07T14:40:42.757Z</time>
      </trkpt>
      <trkpt lat="43.840725" lon="21.322488">
        <ele>135.039217</ele>
        <time>2026-08-07T14:41:06.266Z</time>
      </trkpt>
      <trkpt lat="43.840574" lon="21.322410">
        <ele>135.529421</ele>
        <time>2026-08-07T14:41:12.456Z</time>
      </trkpt>
      <trkpt lat="43.840382" lon="21.322241">
        <ele>136.119827</ele>
        <time>2026-08-07T14:41:21.202Z</time>
      </trkpt>
      <trkpt lat="43.840345" lon="21.322177">
        <ele>136.269445</ele>
        <time>2026-08-07T14:41:23.412Z</time>
      </trkpt>
      <trkpt lat="43.840235" lon="21.322027">
        <ele>136.659650</ele>
        <time>2026-08-07T14:41:28.936Z</time>
      </trkpt>
      <trkpt lat="43.840081" lon="21.321710">
        <ele>137.356832</ele>
        <time>2026-08-07T14:41:38.257Z</time>
      </trkpt>
      <trkpt lat="43.839877" lon="21.321055">
        <ele>138.658274</ele>
        <time>2026-08-07T14:41:53.775Z</time>
      </trkpt>
      <trkpt lat="43.839594" lon="21.320438">
        <ele>139.992066</ele>
        <time>2026-08-07T14:42:10.443Z</time>
      </trkpt>
      <trkpt lat="43.839519" lon="21.320312">
        <ele>140.163702</ele>
        <time>2026-08-07T14:42:14.123Z</time>
      </trkpt>
      <trkpt lat="43.839270" lon="21.320028">
        <ele>140.130719</ele>
        <time>2026-08-07T14:42:23.413Z</time>
      </trkpt>
      <trkpt lat="43.839199" lon="21.319961">
        <ele>140.121934</ele>
        <time>2026-08-07T14:42:25.701Z</time>
      </trkpt>
      <trkpt lat="43.839079" lon="21.319890">
        <ele>140.108587</ele>
        <time>2026-08-07T14:42:28.937Z</time>
      </trkpt>
      <trkpt lat="43.839010" lon="21.319860">
        <ele>140.101190</ele>
        <time>2026-08-07T14:42:30.706Z</time>
      </trkpt>
      <trkpt lat="43.838844" lon="21.319896">
        <ele>140.084003</ele>
        <time>2026-08-07T14:42:34.630Z</time>
      </trkpt>
      <trkpt lat="43.838743" lon="21.319963">
        <ele>140.072549</ele>
        <time>2026-08-07T14:42:37.193Z</time>
      </trkpt>
      <trkpt lat="43.838313" lon="21.320321">
        <ele>140.021240</ele>
        <time>2026-08-07T14:42:47.447Z</time>
      </trkpt>
      <trkpt lat="43.838113" lon="21.320574">
        <ele>139.993545</ele>
        <time>2026-08-07T14:42:52.346Z</time>
      </trkpt>
      <trkpt lat="43.837777" lon="21.321111">
        <ele>138.729445</ele>
        <time>2026-08-07T14:43:00.910Z</time>
      </trkpt>
      <trkpt lat="43.837760" lon="21.321153">
        <ele>138.626983</ele>
        <time>2026-08-07T14:43:01.478Z</time>
      </trkpt>
      <trkpt lat="43.837519" lon="21.321575">
        <ele>137.481841</ele>
        <time>2026-08-07T14:43:07.702Z</time>
      </trkpt>
      <trkpt lat="43.837370" lon="21.321736">
        <ele>136.924644</ele>
        <time>2026-08-07T14:43:10.688Z</time>
      </trkpt>
      <trkpt lat="43.837183" lon="21.321843">
        <ele>136.327951</ele>
        <time>2026-08-07T14:43:13.874Z</time>
      </trkpt>
      <trkpt lat="43.837040" lon="21.321913">
        <ele>135.880648</ele>
        <time>2026-08-07T14:43:16.280Z</time>
      </trkpt>
      <trkpt lat="43.836841" lon="21.321948">
        <ele>135.288988</ele>
        <time>2026-08-07T14:43:19.466Z</time>
      </trkpt>
      <trkpt lat="43.835670" lon="21.321892">
        <ele>133.278738</ele>
        <time>2026-08-07T14:43:40.206Z</time>
      </trkpt>
      <trkpt lat="43.835167" lon="21.321856">
        <ele>132.547678</ele>
        <time>2026-08-07T14:43:49.955Z</time>
      </trkpt>
      <trkpt lat="43.834976" lon="21.321846">
        <ele>132.270250</ele>
        <time>2026-08-07T14:43:53.792Z</time>
      </trkpt>
      <trkpt lat="43.834573" lon="21.321829">
        <ele>131.978124</ele>
        <time>2026-08-07T14:44:02.422Z</time>
      </trkpt>
      <trkpt lat="43.834501" lon="21.321896">
        <ele>131.948383</ele>
        <time>2026-08-07T14:44:04.511Z</time>
      </trkpt>
      <trkpt lat="43.833816" lon="21.321926">
        <ele>131.713332</ele>
        <time>2026-08-07T14:44:19.280Z</time>
      </trkpt>
      <trkpt lat="43.833503" lon="21.321931">
        <ele>131.605976</ele>
        <time>2026-08-07T14:44:25.875Z</time>
      </trkpt>
      <trkpt lat="43.833417" lon="21.321930">
        <ele>131.576480</ele>
        <time>2026-08-07T14:44:27.816Z</time>
      </trkpt>
      <trkpt lat="43.832612" lon="21.321983">
        <ele>130.818515</ele>
        <time>2026-08-07T14:44:44.482Z</time>
      </trkpt>
      <trkpt lat="43.832288" lon="21.322023">
        <ele>130.353151</ele>
        <time>2026-08-07T14:44:50.473Z</time>
      </trkpt>
      <trkpt lat="43.832177" lon="21.322037">
        <ele>130.193694</ele>
        <time>2026-08-07T14:44:52.461Z</time>
      </trkpt>
      <trkpt lat="43.832041" lon="21.322063">
        <ele>129.997284</ele>
        <time>2026-08-07T14:44:54.888Z</time>
      </trkpt>
      <trkpt lat="43.831755" lon="21.322148">
        <ele>129.578821</ele>
        <time>2026-08-07T14:45:00.076Z</time>
      </trkpt>
      <trkpt lat="43.831631" lon="21.322205">
        <ele>129.391922</ele>
        <time>2026-08-07T14:45:02.368Z</time>
      </trkpt>
      <trkpt lat="43.831565" lon="21.322242">
        <ele>129.290070</ele>
        <time>2026-08-07T14:45:03.621Z</time>
      </trkpt>
      <trkpt lat="43.831497" lon="21.322274">
        <ele>129.187334</ele>
        <time>2026-08-07T14:45:04.892Z</time>
      </trkpt>
      <trkpt lat="43.830553" lon="21.322836">
        <ele>127.931679</ele>
        <time>2026-08-07T14:45:23.111Z</time>
      </trkpt>
      <trkpt lat="43.829797" lon="21.323172">
        <ele>127.005353</ele>
        <time>2026-08-07T14:45:38.537Z</time>
      </trkpt>
      <trkpt lat="43.829445" lon="21.323301">
        <ele>126.886278</ele>
        <time>2026-08-07T14:45:46.491Z</time>
      </trkpt>
      <trkpt lat="43.828878" lon="21.323383">
        <ele>127.240377</ele>
        <time>2026-08-07T14:46:00.259Z</time>
      </trkpt>
      <trkpt lat="43.828144" lon="21.323442">
        <ele>127.697059</ele>
        <time>2026-08-07T14:46:20.016Z</time>
      </trkpt>
      <trkpt lat="43.827899" lon="21.323425">
        <ele>127.849429</ele>
        <time>2026-08-07T14:46:26.525Z</time>
      </trkpt>
      <trkpt lat="43.827281" lon="21.323315">
        <ele>127.727212</ele>
        <time>2026-08-07T14:46:42.061Z</time>
      </trkpt>
      <trkpt lat="43.826279" lon="21.323129">
        <ele>127.412375</ele>
        <time>2026-08-07T14:47:02.767Z</time>
      </trkpt>
      <trkpt lat="43.825828" lon="21.323052">
        <ele>127.127069</ele>
        <time>2026-08-07T14:47:10.999Z</time>
      </trkpt>
      <trkpt lat="43.825465" lon="21.323006">
        <ele>126.767206</ele>
        <time>2026-08-07T14:47:17.728Z</time>
      </trkpt>
      <trkpt lat="43.825090" lon="21.323016">
        <ele>126.396921</ele>
        <time>2026-08-07T14:47:24.814Z</time>
      </trkpt>
      <trkpt lat="43.824978" lon="21.323027">
        <ele>126.286073</ele>
        <time>2026-08-07T14:47:26.973Z</time>
      </trkpt>
      <trkpt lat="43.823951" lon="21.323153">
        <ele>125.566150</ele>
        <time>2026-08-07T14:47:47.508Z</time>
      </trkpt>
      <trkpt lat="43.823004" lon="21.323133">
        <ele>125.581225</ele>
        <time>2026-08-07T14:48:08.462Z</time>
      </trkpt>
      <trkpt lat="43.822122" lon="21.323088">
        <ele>125.969487</ele>
        <time>2026-08-07T14:48:29.967Z</time>
      </trkpt>
      <trkpt lat="43.821532" lon="21.322907">
        <ele>126.668388</ele>
        <time>2026-08-07T14:48:46.160Z</time>
      </trkpt>
      <trkpt lat="43.821383" lon="21.322901">
        <ele>126.840792</ele>
        <time>2026-08-07T14:48:50.240Z</time>
      </trkpt>
      <trkpt lat="43.821137" lon="21.323005">
        <ele>127.138253</ele>
        <time>2026-08-07T14:48:57.406Z</time>
      </trkpt>
      <trkpt lat="43.820431" lon="21.323450">
        <ele>128.021417</ele>
        <time>2026-08-07T14:49:19.809Z</time>
      </trkpt>
      <trkpt lat="43.819986" lon="21.323761">
        <ele>128.575937</ele>
        <time>2026-08-07T14:49:33.503Z</time>
      </trkpt>
      <trkpt lat="43.819650" lon="21.324065">
        <ele>129.022399</ele>
        <time>2026-08-07T14:49:43.942Z</time>
      </trkpt>
      <trkpt lat="43.819582" lon="21.324130">
        <ele>129.114309</ele>
        <time>2026-08-07T14:49:46.159Z</time>
      </trkpt>
      <trkpt lat="43.819439" lon="21.324246">
        <ele>129.298669</ele>
        <time>2026-08-07T14:49:50.405Z</time>
      </trkpt>
      <trkpt lat="43.819001" lon="21.324488">
        <ele>129.816526</ele>
        <time>2026-08-07T14:50:02.258Z</time>
      </trkpt>
      <trkpt lat="43.818037" lon="21.324952">
        <ele>130.901187</ele>
        <time>2026-08-07T14:50:26.784Z</time>
      </trkpt>
      <trkpt lat="43.817771" lon="21.325050">
        <ele>131.193736</ele>
        <time>2026-08-07T14:50:34.668Z</time>
      </trkpt>
      <trkpt lat="43.817464" lon="21.325117">
        <ele>131.524065</ele>
        <time>2026-08-07T14:50:44.431Z</time>
      </trkpt>
      <trkpt lat="43.816824" lon="21.325186">
        <ele>132.504529</ele>
        <time>2026-08-07T14:51:04.077Z</time>
      </trkpt>
      <trkpt lat="43.816702" lon="21.325213">
        <ele>132.698690</ele>
        <time>2026-08-07T14:51:07.845Z</time>
      </trkpt>
      <trkpt lat="43.816558" lon="21.325249">
        <ele>132.928650</ele>
        <time>2026-08-07T14:51:12.324Z</time>
      </trkpt>
      <trkpt lat="43.815310" lon="21.325490">
        <ele>134.373160</ele>
        <time>2026-08-07T14:51:46.645Z</time>
      </trkpt>
      <trkpt lat="43.815229" lon="21.325506">
        <ele>134.363642</ele>
        <time>2026-08-07T14:51:48.475Z</time>
      </trkpt>
      <trkpt lat="43.814695" lon="21.325633">
        <ele>134.300615</ele>
        <time>2026-08-07T14:52:00.237Z</time>
      </trkpt>
      <trkpt lat="43.814501" lon="21.325680">
        <ele>134.277705</ele>
        <time>2026-08-07T14:52:04.454Z</time>
      </trkpt>
      <trkpt lat="43.813064" lon="21.326022">
        <ele>133.056777</ele>
        <time>2026-08-07T14:52:32.834Z</time>
      </trkpt>
      <trkpt lat="43.813031" lon="21.326028">
        <ele>133.009023</ele>
        <time>2026-08-07T14:52:33.442Z</time>
      </trkpt>
      <trkpt lat="43.812950" lon="21.326042">
        <ele>132.891904</ele>
        <time>2026-08-07T14:52:34.932Z</time>
      </trkpt>
      <trkpt lat="43.812896" lon="21.326052">
        <ele>132.813736</ele>
        <time>2026-08-07T14:52:35.911Z</time>
      </trkpt>
      <trkpt lat="43.811124" lon="21.326407">
        <ele>130.126395</ele>
        <time>2026-08-07T14:53:07.664Z</time>
      </trkpt>
      <trkpt lat="43.810589" lon="21.326546">
        <ele>129.278140</ele>
        <time>2026-08-07T14:53:17.733Z</time>
      </trkpt>
      <trkpt lat="43.809535" lon="21.326780">
        <ele>128.500889</ele>
        <time>2026-08-07T14:53:38.726Z</time>
      </trkpt>
      <trkpt lat="43.809138" lon="21.326946">
        <ele>128.330902</ele>
        <time>2026-08-07T14:53:47.497Z</time>
      </trkpt>
      <trkpt lat="43.808955" lon="21.327036">
        <ele>128.251301</ele>
        <time>2026-08-07T14:53:51.690Z</time>
      </trkpt>
      <trkpt lat="43.808369" lon="21.327238">
        <ele>128.184876</ele>
        <time>2026-08-07T14:54:05.299Z</time>
      </trkpt>
      <trkpt lat="43.808004" lon="21.327317">
        <ele>128.393645</ele>
        <time>2026-08-07T14:54:14.098Z</time>
      </trkpt>
      <trkpt lat="43.807371" lon="21.327367">
        <ele>128.751947</ele>
        <time>2026-08-07T14:54:29.701Z</time>
      </trkpt>
      <trkpt lat="43.806244" lon="21.327692">
        <ele>129.682592</ele>
        <time>2026-08-07T14:54:59.358Z</time>
      </trkpt>
      <trkpt lat="43.805290" lon="21.327926">
        <ele>130.731071</ele>
        <time>2026-08-07T14:55:25.251Z</time>
      </trkpt>
      <trkpt lat="43.805031" lon="21.328015">
        <ele>131.019854</ele>
        <time>2026-08-07T14:55:32.819Z</time>
      </trkpt>
      <trkpt lat="43.804626" lon="21.328225">
        <ele>131.294719</ele>
        <time>2026-08-07T14:55:44.587Z</time>
      </trkpt>
      <trkpt lat="43.804241" lon="21.328490">
        <ele>131.558040</ele>
        <time>2026-08-07T14:55:55.643Z</time>
      </trkpt>
      <trkpt lat="43.804070" lon="21.328611">
        <ele>131.675652</ele>
        <time>2026-08-07T14:56:00.377Z</time>
      </trkpt>
      <trkpt lat="43.803944" lon="21.328701">
        <ele>131.762484</ele>
        <time>2026-08-07T14:56:03.764Z</time>
      </trkpt>
      <trkpt lat="43.802730" lon="21.329515">
        <ele>132.051326</ele>
        <time>2026-08-07T14:56:34.062Z</time>
      </trkpt>
      <trkpt lat="43.802514" lon="21.329717">
        <ele>132.017793</ele>
        <time>2026-08-07T14:56:39.761Z</time>
      </trkpt>
      <trkpt lat="43.802247" lon="21.330082">
        <ele>131.969527</ele>
        <time>2026-08-07T14:56:47.718Z</time>
      </trkpt>
      <trkpt lat="43.802008" lon="21.330250">
        <ele>131.935041</ele>
        <time>2026-08-07T14:56:53.370Z</time>
      </trkpt>
      <trkpt lat="43.801818" lon="21.330357">
        <ele>131.891319</ele>
        <time>2026-08-07T14:56:57.666Z</time>
      </trkpt>
      <trkpt lat="43.801775" lon="21.330371">
        <ele>131.863749</ele>
        <time>2026-08-07T14:56:58.599Z</time>
      </trkpt>
      <trkpt lat="43.801468" lon="21.330472">
        <ele>131.666805</ele>
        <time>2026-08-07T14:57:05.223Z</time>
      </trkpt>
      <trkpt lat="43.801419" lon="21.330488">
        <ele>131.635383</ele>
        <time>2026-08-07T14:57:06.280Z</time>
      </trkpt>
      <trkpt lat="43.801339" lon="21.330515">
        <ele>131.583991</ele>
        <time>2026-08-07T14:57:07.970Z</time>
      </trkpt>
      <trkpt lat="43.800819" lon="21.330684">
        <ele>131.250620</ele>
        <time>2026-08-07T14:57:18.667Z</time>
      </trkpt>
      <trkpt lat="43.800296" lon="21.330751">
        <ele>130.922793</ele>
        <time>2026-08-07T14:57:28.899Z</time>
      </trkpt>
      <trkpt lat="43.799628" lon="21.330916">
        <ele>130.606693</ele>
        <time>2026-08-07T14:57:42.327Z</time>
      </trkpt>
      <trkpt lat="43.798722" lon="21.331092">
        <ele>130.246276</ele>
        <time>2026-08-07T14:58:01.818Z</time>
      </trkpt>
      <trkpt lat="43.798495" lon="21.331098">
        <ele>130.156831</ele>
        <time>2026-08-07T14:58:06.769Z</time>
      </trkpt>
      <trkpt lat="43.798445" lon="21.331121">
        <ele>130.136076</ele>
        <time>2026-08-07T14:58:07.896Z</time>
      </trkpt>
      <trkpt lat="43.798143" lon="21.331270">
        <ele>130.064470</ele>
        <time>2026-08-07T14:58:14.928Z</time>
      </trkpt>
      <trkpt lat="43.796767" lon="21.331915">
        <ele>129.926008</ele>
        <time>2026-08-07T14:58:45.810Z</time>
      </trkpt>
      <trkpt lat="43.796392" lon="21.332113">
        <ele>130.338754</ele>
        <time>2026-08-07T14:58:55.348Z</time>
      </trkpt>
      <trkpt lat="43.796280" lon="21.332135">
        <ele>130.541956</ele>
        <time>2026-08-07T14:58:58.249Z</time>
      </trkpt>
      <trkpt lat="43.796180" lon="21.332106">
        <ele>130.725484</ele>
        <time>2026-08-07T14:59:00.938Z</time>
      </trkpt>
      <trkpt lat="43.795915" lon="21.331950">
        <ele>131.242706</ele>
        <time>2026-08-07T14:59:08.548Z</time>
      </trkpt>
      <trkpt lat="43.795701" lon="21.331897">
        <ele>131.633216</ele>
        <time>2026-08-07T14:59:14.568Z</time>
      </trkpt>
      <trkpt lat="43.795569" lon="21.331901">
        <ele>131.870390</ele>
        <time>2026-08-07T14:59:18.456Z</time>
      </trkpt>
      <trkpt lat="43.795320" lon="21.331955">
        <ele>132.323126</ele>
        <time>2026-08-07T14:59:26.392Z</time>
      </trkpt>
      <trkpt lat="43.794919" lon="21.332226">
        <ele>133.124594</ele>
        <time>2026-08-07T14:59:42.014Z</time>
      </trkpt>
      <trkpt lat="43.794737" lon="21.332231">
        <ele>133.761554</ele>
        <time>2026-08-07T14:59:48.978Z</time>
      </trkpt>
      <trkpt lat="43.794645" lon="21.332195">
        <ele>134.104915</ele>
        <time>2026-08-07T14:59:52.652Z</time>
      </trkpt>
      <trkpt lat="43.794153" lon="21.331838">
        <ele>136.099727</ele>
        <time>2026-08-07T15:00:13.906Z</time>
      </trkpt>
      <trkpt lat="43.793653" lon="21.331568">
        <ele>138.027164</ele>
        <time>2026-08-07T15:00:34.934Z</time>
      </trkpt>
      <trkpt lat="43.793253" lon="21.331445">
        <ele>139.498796</ele>
        <time>2026-08-07T15:00:49.858Z</time>
      </trkpt>
      <trkpt lat="43.792889" lon="21.331424">
        <ele>140.015392</ele>
        <time>2026-08-07T15:01:01.982Z</time>
      </trkpt>
      <trkpt lat="43.791247" lon="21.331797">
        <ele>141.893307</ele>
        <time>2026-08-07T15:01:43.288Z</time>
      </trkpt>
      <trkpt lat="43.787680" lon="21.332620">
        <ele>143.098647</ele>
        <time>2026-08-07T15:03:08.222Z</time>
      </trkpt>
      <trkpt lat="43.787378" lon="21.332719">
        <ele>143.155862</ele>
        <time>2026-08-07T15:03:15.705Z</time>
      </trkpt>
      <trkpt lat="43.786129" lon="21.333318">
        <ele>143.368028</ele>
        <time>2026-08-07T15:03:46.028Z</time>
      </trkpt>
      <trkpt lat="43.785600" lon="21.333543">
        <ele>143.142701</ele>
        <time>2026-08-07T15:03:57.677Z</time>
      </trkpt>
      <trkpt lat="43.785511" lon="21.333582">
        <ele>143.104691</ele>
        <time>2026-08-07T15:03:59.605Z</time>
      </trkpt>
      <trkpt lat="43.785398" lon="21.333631">
        <ele>143.056477</ele>
        <time>2026-08-07T15:04:02.021Z</time>
      </trkpt>
      <trkpt lat="43.782317" lon="21.335070">
        <ele>141.423070</ele>
        <time>2026-08-07T15:05:08.273Z</time>
      </trkpt>
      <trkpt lat="43.782148" lon="21.335143">
        <ele>141.332667</ele>
        <time>2026-08-07T15:05:11.953Z</time>
      </trkpt>
      <trkpt lat="43.781388" lon="21.335524">
        <ele>140.919914</ele>
        <time>2026-08-07T15:05:28.677Z</time>
      </trkpt>
      <trkpt lat="43.776420" lon="21.337771">
        <ele>137.844993</ele>
        <time>2026-08-07T15:07:13.763Z</time>
      </trkpt>
      <trkpt lat="43.775969" lon="21.338206">
        <ele>137.670758</ele>
        <time>2026-08-07T15:07:25.630Z</time>
      </trkpt>
      <trkpt lat="43.775265" lon="21.339072">
        <ele>138.416713</ele>
        <time>2026-08-07T15:07:49.525Z</time>
      </trkpt>
      <trkpt lat="43.775084" lon="21.339245">
        <ele>138.590939</ele>
        <time>2026-08-07T15:07:55.528Z</time>
      </trkpt>
      <trkpt lat="43.774868" lon="21.339369">
        <ele>138.776177</ele>
        <time>2026-08-07T15:08:01.937Z</time>
      </trkpt>
      <trkpt lat="43.773861" lon="21.339679">
        <ele>139.319380</ele>
        <time>2026-08-07T15:08:28.965Z</time>
      </trkpt>
      <trkpt lat="43.773543" lon="21.339890">
        <ele>139.453931</ele>
        <time>2026-08-07T15:08:36.987Z</time>
      </trkpt>
      <trkpt lat="43.773312" lon="21.340092">
        <ele>139.558178</ele>
        <time>2026-08-07T15:08:43.113Z</time>
      </trkpt>
      <trkpt lat="43.773219" lon="21.340209">
        <ele>139.606121</ele>
        <time>2026-08-07T15:08:45.910Z</time>
      </trkpt>
      <trkpt lat="43.773081" lon="21.340468">
        <ele>139.694810</ele>
        <time>2026-08-07T15:08:51.065Z</time>
      </trkpt>
      <trkpt lat="43.773023" lon="21.340650">
        <ele>139.749623</ele>
        <time>2026-08-07T15:08:54.193Z</time>
      </trkpt>
      <trkpt lat="43.772749" lon="21.341876">
        <ele>139.642181</ele>
        <time>2026-08-07T15:09:13.936Z</time>
      </trkpt>
      <trkpt lat="43.772570" lon="21.342647">
        <ele>139.573187</ele>
        <time>2026-08-07T15:09:26.762Z</time>
      </trkpt>
      <trkpt lat="43.772437" lon="21.343033">
        <ele>139.538258</ele>
        <time>2026-08-07T15:09:33.422Z</time>
      </trkpt>
      <trkpt lat="43.771890" lon="21.344218">
        <ele>139.503800</ele>
        <time>2026-08-07T15:09:56.696Z</time>
      </trkpt>
      <trkpt lat="43.771744" lon="21.344511">
        <ele>139.495078</ele>
        <time>2026-08-07T15:10:02.465Z</time>
      </trkpt>
      <trkpt lat="43.771463" lon="21.344933">
        <ele>139.481014</ele>
        <time>2026-08-07T15:10:11.642Z</time>
      </trkpt>
      <trkpt lat="43.771271" lon="21.345184">
        <ele>139.173848</ele>
        <time>2026-08-07T15:10:17.414Z</time>
      </trkpt>
      <trkpt lat="43.771096" lon="21.345408">
        <ele>138.748878</ele>
        <time>2026-08-07T15:10:22.585Z</time>
      </trkpt>
      <trkpt lat="43.770261" lon="21.346491">
        <ele>136.708703</ele>
        <time>2026-08-07T15:10:42.554Z</time>
      </trkpt>
      <trkpt lat="43.770238" lon="21.346519">
        <ele>136.654091</ele>
        <time>2026-08-07T15:10:43.050Z</time>
      </trkpt>
      <trkpt lat="43.769970" lon="21.346892">
        <ele>135.906948</ele>
        <time>2026-08-07T15:10:49.207Z</time>
      </trkpt>
      <trkpt lat="43.769847" lon="21.347125">
        <ele>135.447295</ele>
        <time>2026-08-07T15:10:52.602Z</time>
      </trkpt>
      <trkpt lat="43.769521" lon="21.347901">
        <ele>134.017522</ele>
        <time>2026-08-07T15:11:03.269Z</time>
      </trkpt>
      <trkpt lat="43.769328" lon="21.348400">
        <ele>133.116002</ele>
        <time>2026-08-07T15:11:10.630Z</time>
      </trkpt>
      <trkpt lat="43.769155" lon="21.349099">
        <ele>132.144464</ele>
        <time>2026-08-07T15:11:21.310Z</time>
      </trkpt>
      <trkpt lat="43.769022" lon="21.349436">
        <ele>131.877421</ele>
        <time>2026-08-07T15:11:26.827Z</time>
      </trkpt>
      <trkpt lat="43.768708" lon="21.349705">
        <ele>131.521889</ele>
        <time>2026-08-07T15:11:34.044Z</time>
      </trkpt>
      <trkpt lat="43.768363" lon="21.349980">
        <ele>131.138584</ele>
        <time>2026-08-07T15:11:41.756Z</time>
      </trkpt>
      <trkpt lat="43.767982" lon="21.350160">
        <ele>130.750956</ele>
        <time>2026-08-07T15:11:49.555Z</time>
      </trkpt>
      <trkpt lat="43.767446" lon="21.350493">
        <ele>130.283119</ele>
        <time>2026-08-07T15:12:00.646Z</time>
      </trkpt>
      <trkpt lat="43.767173" lon="21.350660">
        <ele>130.068520</ele>
        <time>2026-08-07T15:12:06.515Z</time>
      </trkpt>
      <trkpt lat="43.766792" lon="21.350826">
        <ele>129.781323</ele>
        <time>2026-08-07T15:12:14.827Z</time>
      </trkpt>
      <trkpt lat="43.766615" lon="21.350952">
        <ele>129.638220</ele>
        <time>2026-08-07T15:12:18.864Z</time>
      </trkpt>
      <trkpt lat="43.766407" lon="21.351236">
        <ele>129.428181</ele>
        <time>2026-08-07T15:12:24.704Z</time>
      </trkpt>
      <trkpt lat="43.766360" lon="21.351329">
        <ele>129.369238</ele>
        <time>2026-08-07T15:12:26.377Z</time>
      </trkpt>
      <trkpt lat="43.766229" lon="21.351565">
        <ele>129.263674</ele>
        <time>2026-08-07T15:12:30.681Z</time>
      </trkpt>
      <trkpt lat="43.766083" lon="21.351718">
        <ele>129.233387</ele>
        <time>2026-08-07T15:12:34.390Z</time>
      </trkpt>
      <trkpt lat="43.765811" lon="21.351982">
        <ele>129.178441</ele>
        <time>2026-08-07T15:12:41.286Z</time>
      </trkpt>
      <trkpt lat="43.765709" lon="21.352072">
        <ele>129.158435</ele>
        <time>2026-08-07T15:12:43.901Z</time>
      </trkpt>
      <trkpt lat="43.765394" lon="21.352269">
        <ele>129.101261</ele>
        <time>2026-08-07T15:12:51.455Z</time>
      </trkpt>
      <trkpt lat="43.765136" lon="21.352358">
        <ele>129.057279</ele>
        <time>2026-08-07T15:12:57.352Z</time>
      </trkpt>
      <trkpt lat="43.765012" lon="21.352364">
        <ele>129.036755</ele>
        <time>2026-08-07T15:13:00.098Z</time>
      </trkpt>
      <trkpt lat="43.764698" lon="21.352304">
        <ele>128.984322</ele>
        <time>2026-08-07T15:13:07.291Z</time>
      </trkpt>
      <trkpt lat="43.764445" lon="21.352196">
        <ele>129.119613</ele>
        <time>2026-08-07T15:13:13.529Z</time>
      </trkpt>
      <trkpt lat="43.764181" lon="21.352090">
        <ele>129.276387</ele>
        <time>2026-08-07T15:13:20.026Z</time>
      </trkpt>
      <trkpt lat="43.764040" lon="21.352087">
        <ele>129.356816</ele>
        <time>2026-08-07T15:13:23.380Z</time>
      </trkpt>
      <trkpt lat="43.763667" lon="21.352261">
        <ele>129.581304</ele>
        <time>2026-08-07T15:13:32.839Z</time>
      </trkpt>
      <trkpt lat="43.763438" lon="21.352287">
        <ele>129.712352</ele>
        <time>2026-08-07T15:13:38.555Z</time>
      </trkpt>
      <trkpt lat="43.763192" lon="21.352310">
        <ele>129.852977</ele>
        <time>2026-08-07T15:13:44.745Z</time>
      </trkpt>
      <trkpt lat="43.762753" lon="21.352288">
        <ele>130.438632</ele>
        <time>2026-08-07T15:13:55.886Z</time>
      </trkpt>
      <trkpt lat="43.761947" lon="21.352298">
        <ele>132.488502</ele>
        <time>2026-08-07T15:14:19.494Z</time>
      </trkpt>
      <trkpt lat="43.761694" lon="21.352210">
        <ele>133.151913</ele>
        <time>2026-08-07T15:14:28.900Z</time>
      </trkpt>
      <trkpt lat="43.761358" lon="21.351899">
        <ele>134.179760</ele>
        <time>2026-08-07T15:14:44.315Z</time>
      </trkpt>
      <trkpt lat="43.761154" lon="21.351821">
        <ele>134.753381</ele>
        <time>2026-08-07T15:14:52.419Z</time>
      </trkpt>
      <trkpt lat="43.761042" lon="21.351784">
        <ele>135.121815</ele>
        <time>2026-08-07T15:14:56.939Z</time>
      </trkpt>
      <trkpt lat="43.760627" lon="21.351762">
        <ele>136.450696</ele>
        <time>2026-08-07T15:15:13.158Z</time>
      </trkpt>
      <trkpt lat="43.760492" lon="21.351783">
        <ele>136.885383</ele>
        <time>2026-08-07T15:15:18.362Z</time>
      </trkpt>
      <trkpt lat="43.759880" lon="21.351839">
        <ele>138.847919</ele>
        <time>2026-08-07T15:15:41.015Z</time>
      </trkpt>
      <trkpt lat="43.759368" lon="21.352009">
        <ele>140.402898</ele>
        <time>2026-08-07T15:15:56.566Z</time>
      </trkpt>
      <trkpt lat="43.758519" lon="21.352193">
        <ele>141.336990</ele>
        <time>2026-08-07T15:16:18.912Z</time>
      </trkpt>
      <trkpt lat="43.757931" lon="21.352347">
        <ele>141.987476</ele>
        <time>2026-08-07T15:16:34.215Z</time>
      </trkpt>
      <trkpt lat="43.756929" lon="21.352472">
        <ele>142.705917</ele>
        <time>2026-08-07T15:17:00.265Z</time>
      </trkpt>
      <trkpt lat="43.756239" lon="21.352519">
        <ele>143.100177</ele>
        <time>2026-08-07T15:17:17.318Z</time>
      </trkpt>
      <trkpt lat="43.755502" lon="21.352499">
        <ele>143.198166</ele>
        <time>2026-08-07T15:17:33.971Z</time>
      </trkpt>
      <trkpt lat="43.752560" lon="21.352448">
        <ele>142.120518</ele>
        <time>2026-08-07T15:18:34.601Z</time>
      </trkpt>
      <trkpt lat="43.752262" lon="21.352443">
        <ele>142.002664</ele>
        <time>2026-08-07T15:18:40.986Z</time>
      </trkpt>
      <trkpt lat="43.752099" lon="21.352453">
        <ele>142.000694</ele>
        <time>2026-08-07T15:18:44.511Z</time>
      </trkpt>
      <trkpt lat="43.751443" lon="21.352591">
        <ele>141.994418</ele>
        <time>2026-08-07T15:18:59.134Z</time>
      </trkpt>
      <trkpt lat="43.750034" lon="21.353055">
        <ele>142.145316</ele>
        <time>2026-08-07T15:19:31.843Z</time>
      </trkpt>
      <trkpt lat="43.748463" lon="21.353651">
        <ele>142.779075</ele>
        <time>2026-08-07T15:20:10.819Z</time>
      </trkpt>
      <trkpt lat="43.747864" lon="21.353790">
        <ele>143.152675</ele>
        <time>2026-08-07T15:20:26.015Z</time>
      </trkpt>
      <trkpt lat="43.746952" lon="21.353941">
        <ele>143.706828</ele>
        <time>2026-08-07T15:20:48.897Z</time>
      </trkpt>
      <trkpt lat="43.746201" lon="21.354049">
        <ele>143.921460</ele>
        <time>2026-08-07T15:21:07.009Z</time>
      </trkpt>
      <trkpt lat="43.745863" lon="21.354156">
        <ele>144.020022</ele>
        <time>2026-08-07T15:21:14.792Z</time>
      </trkpt>
      <trkpt lat="43.745274" lon="21.354451">
        <ele>144.198076</ele>
        <time>2026-08-07T15:21:29.046Z</time>
      </trkpt>
      <trkpt lat="43.745031" lon="21.354657">
        <ele>144.284885</ele>
        <time>2026-08-07T15:21:35.589Z</time>
      </trkpt>
      <trkpt lat="43.744502" lon="21.355054">
        <ele>144.470077</ele>
        <time>2026-08-07T15:21:49.410Z</time>
      </trkpt>
      <trkpt lat="43.743946" lon="21.355314">
        <ele>144.650691</ele>
        <time>2026-08-07T15:22:03.326Z</time>
      </trkpt>
      <trkpt lat="43.743625" lon="21.355480">
        <ele>144.756150</ele>
        <time>2026-08-07T15:22:11.691Z</time>
      </trkpt>
      <trkpt lat="43.743453" lon="21.355633">
        <ele>144.793528</ele>
        <time>2026-08-07T15:22:16.618Z</time>
      </trkpt>
      <trkpt lat="43.742465" lon="21.356674">
        <ele>145.003562</ele>
        <time>2026-08-07T15:22:45.417Z</time>
      </trkpt>
      <trkpt lat="43.742249" lon="21.356872">
        <ele>145.047385</ele>
        <time>2026-08-07T15:22:51.191Z</time>
      </trkpt>
      <trkpt lat="43.741596" lon="21.357355">
        <ele>144.832490</ele>
        <time>2026-08-07T15:23:07.185Z</time>
      </trkpt>
      <trkpt lat="43.740876" lon="21.357813">
        <ele>144.536523</ele>
        <time>2026-08-07T15:23:23.201Z</time>
      </trkpt>
      <trkpt lat="43.739818" lon="21.358438">
        <ele>144.637909</ele>
        <time>2026-08-07T15:23:47.374Z</time>
      </trkpt>
      <trkpt lat="43.738959" lon="21.358998">
        <ele>144.937369</ele>
        <time>2026-08-07T15:24:11.636Z</time>
      </trkpt>
      <trkpt lat="43.738202" lon="21.359479">
        <ele>145.295959</ele>
        <time>2026-08-07T15:24:32.973Z</time>
      </trkpt>
      <trkpt lat="43.738165" lon="21.359500">
        <ele>145.313652</ele>
        <time>2026-08-07T15:24:33.938Z</time>
      </trkpt>
      <trkpt lat="43.737686" lon="21.359951">
        <ele>145.569969</ele>
        <time>2026-08-07T15:24:47.825Z</time>
      </trkpt>
      <trkpt lat="43.737336" lon="21.360276">
        <ele>145.756445</ele>
        <time>2026-08-07T15:24:57.012Z</time>
      </trkpt>
      <trkpt lat="43.736968" lon="21.360541">
        <ele>145.672665</ele>
        <time>2026-08-07T15:25:05.604Z</time>
      </trkpt>
      <trkpt lat="43.736321" lon="21.360977">
        <ele>145.523780</ele>
        <time>2026-08-07T15:25:21.270Z</time>
      </trkpt>
      <trkpt lat="43.735740" lon="21.361326">
        <ele>145.392741</ele>
        <time>2026-08-07T15:25:34.981Z</time>
      </trkpt>
      <trkpt lat="43.734869" lon="21.361975">
        <ele>145.009588</ele>
        <time>2026-08-07T15:25:55.204Z</time>
      </trkpt>
      <trkpt lat="43.734334" lon="21.362396">
        <ele>144.767260</ele>
        <time>2026-08-07T15:26:07.994Z</time>
      </trkpt>
      <trkpt lat="43.733453" lon="21.363338">
        <ele>144.429578</ele>
        <time>2026-08-07T15:26:31.930Z</time>
      </trkpt>
      <trkpt lat="43.732579" lon="21.364331">
        <ele>143.969668</ele>
        <time>2026-08-07T15:26:56.227Z</time>
      </trkpt>
      <trkpt lat="43.732549" lon="21.364365">
        <ele>143.933266</ele>
        <time>2026-08-07T15:26:57.020Z</time>
      </trkpt>
      <trkpt lat="43.731580" lon="21.365490">
        <ele>142.745884</ele>
        <time>2026-08-07T15:27:21.370Z</time>
      </trkpt>
      <trkpt lat="43.731257" lon="21.365778">
        <ele>142.395560</ele>
        <time>2026-08-07T15:27:28.528Z</time>
      </trkpt>
      <trkpt lat="43.730391" lon="21.366391">
        <ele>141.577131</ele>
        <time>2026-08-07T15:27:46.494Z</time>
      </trkpt>
      <trkpt lat="43.729937" lon="21.366691">
        <ele>141.153827</ele>
        <time>2026-08-07T15:27:56.569Z</time>
      </trkpt>
      <trkpt lat="43.729447" lon="21.367054">
        <ele>141.384207</ele>
        <time>2026-08-07T15:28:09.955Z</time>
      </trkpt>
      <trkpt lat="43.729141" lon="21.367383">
        <ele>141.854603</ele>
        <time>2026-08-07T15:28:20.220Z</time>
      </trkpt>
      <trkpt lat="43.728945" lon="21.367629">
        <ele>142.175814</ele>
        <time>2026-08-07T15:28:27.529Z</time>
      </trkpt>
      <trkpt lat="43.728699" lon="21.367899">
        <ele>142.556961</ele>
        <time>2026-08-07T15:28:36.826Z</time>
      </trkpt>
      <trkpt lat="43.728467" lon="21.368076">
        <ele>142.878556</ele>
        <time>2026-08-07T15:28:45.054Z</time>
      </trkpt>
      <trkpt lat="43.728216" lon="21.368212">
        <ele>143.195682</ele>
        <time>2026-08-07T15:28:53.150Z</time>
      </trkpt>
      <trkpt lat="43.727900" lon="21.368322">
        <ele>143.512055</ele>
        <time>2026-08-07T15:29:02.205Z</time>
      </trkpt>
      <trkpt lat="43.727675" lon="21.368337">
        <ele>143.730768</ele>
        <time>2026-08-07T15:29:08.183Z</time>
      </trkpt>
      <trkpt lat="43.727071" lon="21.368239">
        <ele>144.321229</ele>
        <time>2026-08-07T15:29:23.933Z</time>
      </trkpt>
      <trkpt lat="43.726647" lon="21.368158">
        <ele>144.736809</ele>
        <time>2026-08-07T15:29:35.001Z</time>
      </trkpt>
      <trkpt lat="43.726028" lon="21.368078">
        <ele>144.498348</ele>
        <time>2026-08-07T15:29:49.400Z</time>
      </trkpt>
      <trkpt lat="43.725322" lon="21.368012">
        <ele>143.866657</ele>
        <time>2026-08-07T15:30:03.446Z</time>
      </trkpt>
      <trkpt lat="43.725143" lon="21.368045">
        <ele>143.705449</ele>
        <time>2026-08-07T15:30:06.813Z</time>
      </trkpt>
      <trkpt lat="43.724937" lon="21.368082">
        <ele>143.520008</ele>
        <time>2026-08-07T15:30:10.591Z</time>
      </trkpt>
      <trkpt lat="43.724600" lon="21.368205">
        <ele>143.050790</ele>
        <time>2026-08-07T15:30:16.731Z</time>
      </trkpt>
      <trkpt lat="43.723624" lon="21.368526">
        <ele>140.531162</ele>
        <time>2026-08-07T15:30:33.137Z</time>
      </trkpt>
      <trkpt lat="43.723531" lon="21.368615">
        <ele>140.247162</ele>
        <time>2026-08-07T15:30:35.013Z</time>
      </trkpt>
      <trkpt lat="43.723061" lon="21.368651">
        <ele>139.064895</ele>
        <time>2026-08-07T15:30:42.974Z</time>
      </trkpt>
      <trkpt lat="43.722739" lon="21.368706">
        <ele>138.659301</ele>
        <time>2026-08-07T15:30:48.629Z</time>
      </trkpt>
      <trkpt lat="43.721289" lon="21.368925">
        <ele>137.832755</ele>
        <time>2026-08-07T15:31:19.444Z</time>
      </trkpt>
      <trkpt lat="43.720609" lon="21.369079">
        <ele>137.808481</ele>
        <time>2026-08-07T15:31:36.002Z</time>
      </trkpt>
      <trkpt lat="43.720242" lon="21.369199">
        <ele>137.841621</ele>
        <time>2026-08-07T15:31:44.695Z</time>
      </trkpt>
      <trkpt lat="43.720037" lon="21.369337">
        <ele>137.861655</ele>
        <time>2026-08-07T15:31:49.832Z</time>
      </trkpt>
      <trkpt lat="43.719951" lon="21.369443">
        <ele>137.871777</ele>
        <time>2026-08-07T15:31:52.355Z</time>
      </trkpt>
      <trkpt lat="43.719855" lon="21.369632">
        <ele>137.886449</ele>
        <time>2026-08-07T15:31:55.962Z</time>
      </trkpt>
      <trkpt lat="43.719239" lon="21.371249">
        <ele>137.865553</ele>
        <time>2026-08-07T15:32:25.222Z</time>
      </trkpt>
      <trkpt lat="43.719129" lon="21.371465">
        <ele>137.855340</ele>
        <time>2026-08-07T15:32:29.503Z</time>
      </trkpt>
      <trkpt lat="43.718981" lon="21.371608">
        <ele>137.845686</ele>
        <time>2026-08-07T15:32:33.510Z</time>
      </trkpt>
      <trkpt lat="43.718512" lon="21.371775">
        <ele>137.817174</ele>
        <time>2026-08-07T15:32:44.078Z</time>
      </trkpt>
      <trkpt lat="43.718152" lon="21.371911">
        <ele>137.760030</ele>
        <time>2026-08-07T15:32:52.257Z</time>
      </trkpt>
      <trkpt lat="43.717736" lon="21.372006">
        <ele>137.695466</ele>
        <time>2026-08-07T15:33:01.130Z</time>
      </trkpt>
      <trkpt lat="43.717271" lon="21.371958">
        <ele>137.624062</ele>
        <time>2026-08-07T15:33:11.022Z</time>
      </trkpt>
      <trkpt lat="43.716679" lon="21.371901">
        <ele>137.578020</ele>
        <time>2026-08-07T15:33:24.023Z</time>
      </trkpt>
      <trkpt lat="43.716377" lon="21.371869">
        <ele>137.697028</ele>
        <time>2026-08-07T15:33:30.944Z</time>
      </trkpt>
      <trkpt lat="43.715584" lon="21.371846">
        <ele>138.008678</ele>
        <time>2026-08-07T15:33:49.483Z</time>
      </trkpt>
      <trkpt lat="43.715235" lon="21.371792">
        <ele>138.146660</ele>
        <time>2026-08-07T15:33:57.673Z</time>
      </trkpt>
      <trkpt lat="43.714669" lon="21.371639">
        <ele>138.877370</ele>
        <time>2026-08-07T15:34:12.437Z</time>
      </trkpt>
      <trkpt lat="43.714598" lon="21.371614">
        <ele>139.026306</ele>
        <time>2026-08-07T15:34:14.519Z</time>
      </trkpt>
      <trkpt lat="43.714377" lon="21.371597">
        <ele>139.476268</ele>
        <time>2026-08-07T15:34:21.001Z</time>
      </trkpt>
      <trkpt lat="43.714175" lon="21.371636">
        <ele>139.890891</ele>
        <time>2026-08-07T15:34:27.261Z</time>
      </trkpt>
      <trkpt lat="43.713809" lon="21.371861">
        <ele>140.705074</ele>
        <time>2026-08-07T15:34:40.111Z</time>
      </trkpt>
      <trkpt lat="43.713577" lon="21.372038">
        <ele>141.243661</ele>
        <time>2026-08-07T15:34:48.976Z</time>
      </trkpt>
      <trkpt lat="43.713169" lon="21.372322">
        <ele>142.120800</ele>
        <time>2026-08-07T15:35:04.511Z</time>
      </trkpt>
      <trkpt lat="43.712696" lon="21.372477">
        <ele>142.916218</ele>
        <time>2026-08-07T15:35:20.463Z</time>
      </trkpt>
      <trkpt lat="43.712283" lon="21.372514">
        <ele>143.593453</ele>
        <time>2026-08-07T15:35:32.665Z</time>
      </trkpt>
      <trkpt lat="43.712192" lon="21.372521">
        <ele>143.742592</ele>
        <time>2026-08-07T15:35:35.126Z</time>
      </trkpt>
      <trkpt lat="43.711925" lon="21.372552">
        <ele>144.181038</ele>
        <time>2026-08-07T15:35:42.142Z</time>
      </trkpt>
      <trkpt lat="43.711540" lon="21.372622">
        <ele>144.816457</ele>
        <time>2026-08-07T15:35:51.574Z</time>
      </trkpt>
      <trkpt lat="43.711187" lon="21.372741">
        <ele>144.915131</ele>
        <time>2026-08-07T15:35:59.908Z</time>
      </trkpt>
      <trkpt lat="43.711118" lon="21.372764">
        <ele>144.928218</ele>
        <time>2026-08-07T15:36:01.485Z</time>
      </trkpt>
      <trkpt lat="43.710125" lon="21.373248">
        <ele>145.122355</ele>
        <time>2026-08-07T15:36:25.405Z</time>
      </trkpt>
      <trkpt lat="43.709712" lon="21.373434">
        <ele>145.196441</ele>
        <time>2026-08-07T15:36:35.402Z</time>
      </trkpt>
      <trkpt lat="43.709409" lon="21.373536">
        <ele>145.235412</ele>
        <time>2026-08-07T15:36:42.481Z</time>
      </trkpt>
      <trkpt lat="43.709216" lon="21.373568">
        <ele>145.259704</ele>
        <time>2026-08-07T15:36:46.890Z</time>
      </trkpt>
      <trkpt lat="43.708971" lon="21.373554">
        <ele>145.290348</ele>
        <time>2026-08-07T15:36:52.466Z</time>
      </trkpt>
      <trkpt lat="43.708397" lon="21.373417">
        <ele>145.363140</ele>
        <time>2026-08-07T15:37:05.699Z</time>
      </trkpt>
      <trkpt lat="43.708196" lon="21.373399">
        <ele>145.388311</ele>
        <time>2026-08-07T15:37:10.182Z</time>
      </trkpt>
      <trkpt lat="43.707994" lon="21.373417">
        <ele>145.413066</ele>
        <time>2026-08-07T15:37:14.650Z</time>
      </trkpt>
      <trkpt lat="43.706176" lon="21.373824">
        <ele>145.610004</ele>
        <time>2026-08-07T15:37:56.691Z</time>
      </trkpt>
      <trkpt lat="43.705698" lon="21.373969">
        <ele>145.615357</ele>
        <time>2026-08-07T15:38:07.934Z</time>
      </trkpt>
      <trkpt lat="43.705241" lon="21.374038">
        <ele>145.620386</ele>
        <time>2026-08-07T15:38:18.368Z</time>
      </trkpt>
      <trkpt lat="43.704836" lon="21.374047">
        <ele>145.624817</ele>
        <time>2026-08-07T15:38:27.400Z</time>
      </trkpt>
      <trkpt lat="43.703539" lon="21.373967">
        <ele>145.035009</ele>
        <time>2026-08-07T15:38:54.509Z</time>
      </trkpt>
      <trkpt lat="43.703426" lon="21.373956">
        <ele>144.963218</ele>
        <time>2026-08-07T15:38:56.780Z</time>
      </trkpt>
      <trkpt lat="43.703188" lon="21.373921">
        <ele>144.811534</ele>
        <time>2026-08-07T15:39:01.506Z</time>
      </trkpt>
      <trkpt lat="43.702758" lon="21.373752">
        <ele>144.528233</ele>
        <time>2026-08-07T15:39:10.125Z</time>
      </trkpt>
      <trkpt lat="43.701660" lon="21.373154">
        <ele>143.692811</ele>
        <time>2026-08-07T15:39:32.753Z</time>
      </trkpt>
      <trkpt lat="43.700511" lon="21.372910">
        <ele>143.179722</ele>
        <time>2026-08-07T15:39:57.626Z</time>
      </trkpt>
      <trkpt lat="43.700342" lon="21.372874">
        <ele>143.169652</ele>
        <time>2026-08-07T15:40:01.565Z</time>
      </trkpt>
      <trkpt lat="43.699969" lon="21.372834">
        <ele>143.147622</ele>
        <time>2026-08-07T15:40:10.137Z</time>
      </trkpt>
      <trkpt lat="43.698763" lon="21.372837">
        <ele>142.955461</ele>
        <time>2026-08-07T15:40:36.512Z</time>
      </trkpt>
      <trkpt lat="43.697956" lon="21.372878">
        <ele>142.682613</ele>
        <time>2026-08-07T15:40:53.094Z</time>
      </trkpt>
      <trkpt lat="43.697625" lon="21.372893">
        <ele>142.570717</ele>
        <time>2026-08-07T15:41:00.018Z</time>
      </trkpt>
      <trkpt lat="43.697330" lon="21.372877">
        <ele>142.491725</ele>
        <time>2026-08-07T15:41:06.296Z</time>
      </trkpt>
      <trkpt lat="43.696769" lon="21.372756">
        <ele>142.469396</ele>
        <time>2026-08-07T15:41:18.787Z</time>
      </trkpt>
      <trkpt lat="43.696570" lon="21.372748">
        <ele>142.461567</ele>
        <time>2026-08-07T15:41:23.279Z</time>
      </trkpt>
      <trkpt lat="43.696275" lon="21.372776">
        <ele>142.449938</ele>
        <time>2026-08-07T15:41:29.994Z</time>
      </trkpt>
      <trkpt lat="43.695989" lon="21.372879">
        <ele>142.438316</ele>
        <time>2026-08-07T15:41:36.640Z</time>
      </trkpt>
      <trkpt lat="43.695598" lon="21.372969">
        <ele>142.418008</ele>
        <time>2026-08-07T15:41:45.408Z</time>
      </trkpt>
      <trkpt lat="43.695366" lon="21.372963">
        <ele>142.365689</ele>
        <time>2026-08-07T15:41:50.443Z</time>
      </trkpt>
      <trkpt lat="43.694975" lon="21.372921">
        <ele>142.277265</ele>
        <time>2026-08-07T15:41:58.795Z</time>
      </trkpt>
      <trkpt lat="43.692937" lon="21.372859">
        <ele>142.268639</ele>
        <time>2026-08-07T15:42:42.062Z</time>
      </trkpt>
      <trkpt lat="43.691055" lon="21.372860">
        <ele>143.306847</ele>
        <time>2026-08-07T15:43:30.245Z</time>
      </trkpt>
      <trkpt lat="43.690998" lon="21.372855">
        <ele>143.352770</ele>
        <time>2026-08-07T15:43:31.725Z</time>
      </trkpt>
      <trkpt lat="43.690247" lon="21.372794">
        <ele>143.957663</ele>
        <time>2026-08-07T15:43:51.031Z</time>
      </trkpt>
      <trkpt lat="43.689309" lon="21.372562">
        <ele>144.346319</ele>
        <time>2026-08-07T15:44:14.375Z</time>
      </trkpt>
      <trkpt lat="43.688860" lon="21.372491">
        <ele>144.527501</ele>
        <time>2026-08-07T15:44:25.115Z</time>
      </trkpt>
      <trkpt lat="43.688552" lon="21.372480">
        <ele>144.651024</ele>
        <time>2026-08-07T15:44:32.295Z</time>
      </trkpt>
      <trkpt lat="43.687869" lon="21.372516">
        <ele>144.281160</ele>
        <time>2026-08-07T15:44:47.197Z</time>
      </trkpt>
      <trkpt lat="43.687326" lon="21.372502">
        <ele>143.897338</ele>
        <time>2026-08-07T15:44:58.002Z</time>
      </trkpt>
      <trkpt lat="43.686187" lon="21.372421">
        <ele>143.052959</ele>
        <time>2026-08-07T15:45:19.280Z</time>
      </trkpt>
      <trkpt lat="43.685421" lon="21.372156">
        <ele>142.429977</ele>
        <time>2026-08-07T15:45:34.468Z</time>
      </trkpt>
      <trkpt lat="43.685134" lon="21.372035">
        <ele>142.193250</ele>
        <time>2026-08-07T15:45:40.792Z</time>
      </trkpt>
      <trkpt lat="43.684933" lon="21.371943">
        <ele>142.026205</ele>
        <time>2026-08-07T15:45:45.437Z</time>
      </trkpt>
      <trkpt lat="43.684774" lon="21.371833">
        <ele>142.023392</ele>
        <time>2026-08-07T15:45:49.422Z</time>
      </trkpt>
      <trkpt lat="43.684341" lon="21.371396">
        <ele>142.102447</ele>
        <time>2026-08-07T15:46:01.803Z</time>
      </trkpt>
      <trkpt lat="43.684134" lon="21.371227">
        <ele>142.137898</ele>
        <time>2026-08-07T15:46:07.656Z</time>
      </trkpt>
      <trkpt lat="43.683026" lon="21.370890">
        <ele>142.246926</ele>
        <time>2026-08-07T15:46:33.567Z</time>
      </trkpt>
      <trkpt lat="43.682242" lon="21.370638">
        <ele>142.184560</ele>
        <time>2026-08-07T15:46:51.178Z</time>
      </trkpt>
      <trkpt lat="43.681644" lon="21.370370">
        <ele>142.135853</ele>
        <time>2026-08-07T15:47:04.581Z</time>
      </trkpt>
      <trkpt lat="43.680617" lon="21.369838">
        <ele>142.091261</ele>
        <time>2026-08-07T15:47:28.542Z</time>
      </trkpt>
      <trkpt lat="43.679232" lon="21.369237">
        <ele>142.230245</ele>
        <time>2026-08-07T15:48:01.127Z</time>
      </trkpt>
      <trkpt lat="43.676977" lon="21.368096">
        <ele>143.454671</ele>
        <time>2026-08-07T15:48:58.129Z</time>
      </trkpt>
      <trkpt lat="43.675478" lon="21.367301">
        <ele>145.142131</ele>
        <time>2026-08-07T15:49:43.757Z</time>
      </trkpt>
      <trkpt lat="43.674781" lon="21.366874">
        <ele>146.054976</ele>
        <time>2026-08-07T15:50:03.818Z</time>
      </trkpt>
      <trkpt lat="43.674678" lon="21.366818">
        <ele>146.103832</ele>
        <time>2026-08-07T15:50:06.534Z</time>
      </trkpt>
      <trkpt lat="43.672837" lon="21.365687">
        <ele>147.077068</ele>
        <time>2026-08-07T15:50:53.791Z</time>
      </trkpt>
      <trkpt lat="43.670468" lon="21.364205">
        <ele>148.885595</ele>
        <time>2026-08-07T15:52:00.073Z</time>
      </trkpt>
      <trkpt lat="43.670329" lon="21.364163">
        <ele>148.986288</ele>
        <time>2026-08-07T15:52:03.587Z</time>
      </trkpt>
      <trkpt lat="43.669813" lon="21.364145">
        <ele>149.348785</ele>
        <time>2026-08-07T15:52:16.338Z</time>
      </trkpt>
      <trkpt lat="43.669431" lon="21.364075">
        <ele>149.395939</ele>
        <time>2026-08-07T15:52:25.631Z</time>
      </trkpt>
      <trkpt lat="43.668645" lon="21.363910">
        <ele>149.493223</ele>
        <time>2026-08-07T15:52:43.796Z</time>
      </trkpt>
      <trkpt lat="43.667911" lon="21.363766">
        <ele>149.499211</ele>
        <time>2026-08-07T15:52:59.995Z</time>
      </trkpt>
      <trkpt lat="43.667553" lon="21.363763">
        <ele>149.305727</ele>
        <time>2026-08-07T15:53:07.401Z</time>
      </trkpt>
      <trkpt lat="43.666979" lon="21.363931">
        <ele>148.988632</ele>
        <time>2026-08-07T15:53:19.127Z</time>
      </trkpt>
      <trkpt lat="43.665693" lon="21.364477">
        <ele>147.653145</ele>
        <time>2026-08-07T15:53:46.318Z</time>
      </trkpt>
      <trkpt lat="43.664924" lon="21.364781">
        <ele>146.434974</ele>
        <time>2026-08-07T15:54:01.017Z</time>
      </trkpt>
      <trkpt lat="43.664703" lon="21.364755">
        <ele>146.097165</ele>
        <time>2026-08-07T15:54:04.794Z</time>
      </trkpt>
      <trkpt lat="43.664612" lon="21.364656">
        <ele>145.920795</ele>
        <time>2026-08-07T15:54:06.747Z</time>
      </trkpt>
      <trkpt lat="43.664264" lon="21.364034">
        <ele>144.529426</ele>
        <time>2026-08-07T15:54:16.116Z</time>
      </trkpt>
      <trkpt lat="43.663872" lon="21.363526">
        <ele>143.175570</ele>
        <time>2026-08-07T15:54:24.656Z</time>
      </trkpt>
      <trkpt lat="43.663715" lon="21.363318">
        <ele>142.627642</ele>
        <time>2026-08-07T15:54:28.264Z</time>
      </trkpt>
      <trkpt lat="43.663269" lon="21.362749">
        <ele>141.374870</ele>
        <time>2026-08-07T15:54:39.205Z</time>
      </trkpt>
      <trkpt lat="43.663209" lon="21.362694">
        <ele>141.414945</ele>
        <time>2026-08-07T15:54:40.575Z</time>
      </trkpt>
      <trkpt lat="43.662861" lon="21.362535">
        <ele>141.618966</ele>
        <time>2026-08-07T15:54:48.247Z</time>
      </trkpt>
      <trkpt lat="43.662332" lon="21.362494">
        <ele>141.913895</ele>
        <time>2026-08-07T15:55:01.489Z</time>
      </trkpt>
      <trkpt lat="43.661985" lon="21.362541">
        <ele>142.107977</ele>
        <time>2026-08-07T15:55:11.645Z</time>
      </trkpt>
      <trkpt lat="43.661733" lon="21.362679">
        <ele>142.258859</ele>
        <time>2026-08-07T15:55:19.838Z</time>
      </trkpt>
      <trkpt lat="43.661417" lon="21.362927">
        <ele>142.568806</ele>
        <time>2026-08-07T15:55:30.634Z</time>
      </trkpt>
      <trkpt lat="43.660851" lon="21.363231">
        <ele>143.176260</ele>
        <time>2026-08-07T15:55:47.483Z</time>
      </trkpt>
      <trkpt lat="43.660606" lon="21.363439">
        <ele>143.463888</ele>
        <time>2026-08-07T15:55:55.073Z</time>
      </trkpt>
      <trkpt lat="43.660424" lon="21.363651">
        <ele>143.701983</ele>
        <time>2026-08-07T15:56:00.888Z</time>
      </trkpt>
      <trkpt lat="43.660258" lon="21.363910">
        <ele>143.952406</ele>
        <time>2026-08-07T15:56:06.766Z</time>
      </trkpt>
      <trkpt lat="43.659854" lon="21.364847">
        <ele>144.284428</ele>
        <time>2026-08-07T15:56:24.380Z</time>
      </trkpt>
      <trkpt lat="43.659595" lon="21.365364">
        <ele>144.401851</ele>
        <time>2026-08-07T15:56:34.212Z</time>
      </trkpt>
      <trkpt lat="43.659216" lon="21.365970">
        <ele>144.551427</ele>
        <time>2026-08-07T15:56:48.172Z</time>
      </trkpt>
      <trkpt lat="43.658888" lon="21.366346">
        <ele>144.702830</ele>
        <time>2026-08-07T15:56:59.152Z</time>
      </trkpt>
      <trkpt lat="43.658287" lon="21.366775">
        <ele>144.978132</ele>
        <time>2026-08-07T15:57:16.211Z</time>
      </trkpt>
      <trkpt lat="43.658070" lon="21.366968">
        <ele>145.083156</ele>
        <time>2026-08-07T15:57:22.820Z</time>
      </trkpt>
      <trkpt lat="43.657315" lon="21.367904">
        <ele>145.008778</ele>
        <time>2026-08-07T15:57:44.949Z</time>
      </trkpt>
      <trkpt lat="43.657190" lon="21.368062">
        <ele>144.884996</ele>
        <time>2026-08-07T15:57:48.029Z</time>
      </trkpt>
      <trkpt lat="43.657159" lon="21.368107">
        <ele>144.852144</ele>
        <time>2026-08-07T15:57:48.824Z</time>
      </trkpt>
      <trkpt lat="43.656754" lon="21.368796">
        <ele>144.382796</ele>
        <time>2026-08-07T15:58:00.836Z</time>
      </trkpt>
      <trkpt lat="43.656491" lon="21.369253">
        <ele>144.074063</ele>
        <time>2026-08-07T15:58:09.059Z</time>
      </trkpt>
      <trkpt lat="43.656364" lon="21.369430">
        <ele>144.076111</ele>
        <time>2026-08-07T15:58:12.484Z</time>
      </trkpt>
      <trkpt lat="43.656244" lon="21.369548">
        <ele>144.190039</ele>
        <time>2026-08-07T15:58:15.502Z</time>
      </trkpt>
      <trkpt lat="43.655243" lon="21.370231">
        <ele>145.053627</ele>
        <time>2026-08-07T15:58:46.121Z</time>
      </trkpt>
      <trkpt lat="43.654623" lon="21.370567">
        <ele>145.655731</ele>
        <time>2026-08-07T15:59:04.095Z</time>
      </trkpt>
      <trkpt lat="43.654029" lon="21.370851">
        <ele>146.390433</ele>
        <time>2026-08-07T15:59:19.360Z</time>
      </trkpt>
      <trkpt lat="43.653722" lon="21.371006">
        <ele>146.772482</ele>
        <time>2026-08-07T15:59:27.155Z</time>
      </trkpt>
      <trkpt lat="43.653142" lon="21.371399">
        <ele>147.559647</ele>
        <time>2026-08-07T15:59:46.319Z</time>
      </trkpt>
      <trkpt lat="43.652916" lon="21.371555">
        <ele>148.214324</ele>
        <time>2026-08-07T15:59:54.346Z</time>
      </trkpt>
      <trkpt lat="43.652494" lon="21.371831">
        <ele>149.424234</ele>
        <time>2026-08-07T16:00:09.120Z</time>
      </trkpt>
      <trkpt lat="43.652129" lon="21.371993">
        <ele>150.417735</ele>
        <time>2026-08-07T16:00:21.706Z</time>
      </trkpt>
      <trkpt lat="43.651808" lon="21.372102">
        <ele>151.274368</ele>
        <time>2026-08-07T16:00:33.189Z</time>
      </trkpt>
      <trkpt lat="43.651318" lon="21.372190">
        <ele>152.727321</ele>
        <time>2026-08-07T16:00:49.715Z</time>
      </trkpt>
      <trkpt lat="43.650820" lon="21.372234">
        <ele>154.588701</ele>
        <time>2026-08-07T16:01:07.495Z</time>
      </trkpt>
      <trkpt lat="43.650484" lon="21.372209">
        <ele>155.843828</ele>
        <time>2026-08-07T16:01:20.658Z</time>
      </trkpt>
      <trkpt lat="43.650007" lon="21.372069">
        <ele>157.662764</ele>
        <time>2026-08-07T16:01:40.574Z</time>
      </trkpt>
      <trkpt lat="43.649920" lon="21.372044">
        <ele>157.994223</ele>
        <time>2026-08-07T16:01:44.104Z</time>
      </trkpt>
      <trkpt lat="43.649768" lon="21.372015">
        <ele>158.566574</ele>
        <time>2026-08-07T16:01:50.088Z</time>
      </trkpt>
      <trkpt lat="43.649452" lon="21.371971">
        <ele>158.762566</ele>
        <time>2026-08-07T16:02:01.875Z</time>
      </trkpt>
      <trkpt lat="43.649241" lon="21.372015">
        <ele>158.663929</ele>
        <time>2026-08-07T16:02:08.981Z</time>
      </trkpt>
      <trkpt lat="43.649140" lon="21.372075">
        <ele>158.613112</ele>
        <time>2026-08-07T16:02:12.404Z</time>
      </trkpt>
      <trkpt lat="43.648999" lon="21.372216">
        <ele>158.532663</ele>
        <time>2026-08-07T16:02:17.166Z</time>
      </trkpt>
      <trkpt lat="43.648300" lon="21.373166">
        <ele>158.079493</ele>
        <time>2026-08-07T16:02:34.032Z</time>
      </trkpt>
      <trkpt lat="43.647903" lon="21.373594">
        <ele>156.732144</ele>
        <time>2026-08-07T16:02:41.689Z</time>
      </trkpt>
      <trkpt lat="43.647556" lon="21.373838">
        <ele>155.515085</ele>
        <time>2026-08-07T16:02:47.661Z</time>
      </trkpt>
      <trkpt lat="43.647099" lon="21.373998">
        <ele>154.041374</ele>
        <time>2026-08-07T16:02:55.081Z</time>
      </trkpt>
      <trkpt lat="43.646536" lon="21.374129">
        <ele>152.447866</ele>
        <time>2026-08-07T16:03:05.209Z</time>
      </trkpt>
      <trkpt lat="43.646175" lon="21.374140">
        <ele>152.660010</ele>
        <time>2026-08-07T16:03:13.533Z</time>
      </trkpt>
      <trkpt lat="43.644354" lon="21.373800">
        <ele>153.213299</ele>
        <time>2026-08-07T16:04:04.056Z</time>
      </trkpt>
      <trkpt lat="43.642948" lon="21.373615">
        <ele>152.311986</ele>
        <time>2026-08-07T16:04:30.723Z</time>
      </trkpt>
      <trkpt lat="43.641938" lon="21.373523">
        <ele>150.412017</ele>
        <time>2026-08-07T16:04:48.120Z</time>
      </trkpt>
      <trkpt lat="43.641212" lon="21.373537">
        <ele>149.051483</ele>
        <time>2026-08-07T16:05:01.139Z</time>
      </trkpt>
      <trkpt lat="43.640508" lon="21.373605">
        <ele>148.073100</ele>
        <time>2026-08-07T16:05:14.588Z</time>
      </trkpt>
      <trkpt lat="43.640128" lon="21.373677">
        <ele>147.541352</ele>
        <time>2026-08-07T16:05:21.632Z</time>
      </trkpt>
      <trkpt lat="43.639856" lon="21.373815">
        <ele>147.139646</ele>
        <time>2026-08-07T16:05:26.935Z</time>
      </trkpt>
      <trkpt lat="43.639698" lon="21.374003">
        <ele>146.850581</ele>
        <time>2026-08-07T16:05:30.767Z</time>
      </trkpt>
      <trkpt lat="43.639473" lon="21.374396">
        <ele>146.392254</ele>
        <time>2026-08-07T16:05:37.470Z</time>
      </trkpt>
      <trkpt lat="43.639351" lon="21.374557">
        <ele>146.206322</ele>
        <time>2026-08-07T16:05:40.630Z</time>
      </trkpt>
      <trkpt lat="43.639214" lon="21.374631">
        <ele>146.044202</ele>
        <time>2026-08-07T16:05:43.395Z</time>
      </trkpt>
      <trkpt lat="43.638035" lon="21.374621">
        <ele>144.744750</ele>
        <time>2026-08-07T16:06:05.826Z</time>
      </trkpt>
      <trkpt lat="43.637278" lon="21.374499">
        <ele>144.681418</ele>
        <time>2026-08-07T16:06:21.355Z</time>
      </trkpt>
      <trkpt lat="43.636902" lon="21.374473">
        <ele>144.742178</ele>
        <time>2026-08-07T16:06:29.303Z</time>
      </trkpt>
      <trkpt lat="43.636550" lon="21.374423">
        <ele>144.799288</ele>
        <time>2026-08-07T16:06:37.596Z</time>
      </trkpt>
      <trkpt lat="43.636397" lon="21.374371">
        <ele>144.824717</ele>
        <time>2026-08-07T16:06:41.697Z</time>
      </trkpt>
      <trkpt lat="43.636216" lon="21.374261">
        <ele>144.856630</ele>
        <time>2026-08-07T16:06:47.207Z</time>
      </trkpt>
      <trkpt lat="43.635969" lon="21.374027">
        <ele>145.092760</ele>
        <time>2026-08-07T16:06:55.929Z</time>
      </trkpt>
      <trkpt lat="43.635557" lon="21.373423">
        <ele>145.750604</ele>
        <time>2026-08-07T16:07:13.503Z</time>
      </trkpt>
      <trkpt lat="43.635387" lon="21.373282">
        <ele>145.967745</ele>
        <time>2026-08-07T16:07:19.243Z</time>
      </trkpt>
      <trkpt lat="43.635029" lon="21.373110">
        <ele>146.382830</ele>
        <time>2026-08-07T16:07:29.554Z</time>
      </trkpt>
      <trkpt lat="43.634543" lon="21.373001">
        <ele>146.773436</ele>
        <time>2026-08-07T16:07:41.474Z</time>
      </trkpt>
      <trkpt lat="43.633408" lon="21.372837">
        <ele>145.695034</ele>
        <time>2026-08-07T16:08:03.844Z</time>
      </trkpt>
      <trkpt lat="43.632847" lon="21.372687">
        <ele>145.155065</ele>
        <time>2026-08-07T16:08:14.095Z</time>
      </trkpt>
      <trkpt lat="43.632522" lon="21.372615">
        <ele>144.626217</ele>
        <time>2026-08-07T16:08:19.945Z</time>
      </trkpt>
      <trkpt lat="43.631953" lon="21.372671">
        <ele>143.693908</ele>
        <time>2026-08-07T16:08:30.172Z</time>
      </trkpt>
      <trkpt lat="43.631777" lon="21.372649">
        <ele>143.405086</ele>
        <time>2026-08-07T16:08:33.342Z</time>
      </trkpt>
      <trkpt lat="43.631557" lon="21.372556">
        <ele>143.029072</ele>
        <time>2026-08-07T16:08:37.501Z</time>
      </trkpt>
      <trkpt lat="43.631192" lon="21.372455">
        <ele>142.420683</ele>
        <time>2026-08-07T16:08:44.313Z</time>
      </trkpt>
      <trkpt lat="43.630434" lon="21.372074">
        <ele>141.415856</ele>
        <time>2026-08-07T16:08:59.547Z</time>
      </trkpt>
      <trkpt lat="43.629817" lon="21.371803">
        <ele>140.659100</ele>
        <time>2026-08-07T16:09:11.814Z</time>
      </trkpt>
      <trkpt lat="43.629636" lon="21.371693">
        <ele>140.427971</ele>
        <time>2026-08-07T16:09:15.573Z</time>
      </trkpt>
      <trkpt lat="43.629380" lon="21.371421">
        <ele>140.078970</ele>
        <time>2026-08-07T16:09:21.759Z</time>
      </trkpt>
      <trkpt lat="43.629058" lon="21.370828">
        <ele>139.808405</ele>
        <time>2026-08-07T16:09:32.190Z</time>
      </trkpt>
      <trkpt lat="43.628910" lon="21.370510">
        <ele>139.670419</ele>
        <time>2026-08-07T16:09:37.608Z</time>
      </trkpt>
      <trkpt lat="43.628733" lon="21.370223">
        <ele>139.532803</ele>
        <time>2026-08-07T16:09:43.149Z</time>
      </trkpt>
      <trkpt lat="43.628174" lon="21.369604">
        <ele>139.220020</ele>
        <time>2026-08-07T16:09:58.648Z</time>
      </trkpt>
      <trkpt lat="43.627760" lon="21.369066">
        <ele>139.562718</ele>
        <time>2026-08-07T16:10:12.686Z</time>
      </trkpt>
      <trkpt lat="43.627149" lon="21.368401">
        <ele>140.031709</ele>
        <time>2026-08-07T16:10:33.204Z</time>
      </trkpt>
      <trkpt lat="43.626769" lon="21.367628">
        <ele>140.248963</ele>
        <time>2026-08-07T16:10:49.137Z</time>
      </trkpt>
      <trkpt lat="43.626597" lon="21.367410">
        <ele>140.223540</ele>
        <time>2026-08-07T16:10:54.721Z</time>
      </trkpt>
      <trkpt lat="43.626255" lon="21.367072">
        <ele>140.177741</ele>
        <time>2026-08-07T16:11:04.616Z</time>
      </trkpt>
      <trkpt lat="43.626091" lon="21.366860">
        <ele>140.153278</ele>
        <time>2026-08-07T16:11:09.275Z</time>
      </trkpt>
      <trkpt lat="43.625902" lon="21.366514">
        <ele>140.119104</ele>
        <time>2026-08-07T16:11:15.311Z</time>
      </trkpt>
      <trkpt lat="43.625771" lon="21.366317">
        <ele>140.098014</ele>
        <time>2026-08-07T16:11:19.124Z</time>
      </trkpt>
      <trkpt lat="43.625306" lon="21.365937">
        <ele>140.160042</ele>
        <time>2026-08-07T16:11:30.329Z</time>
      </trkpt>
      <trkpt lat="43.625075" lon="21.365666">
        <ele>140.219713</ele>
        <time>2026-08-07T16:11:37.170Z</time>
      </trkpt>
      <trkpt lat="43.624851" lon="21.365274">
        <ele>140.290896</ele>
        <time>2026-08-07T16:11:45.157Z</time>
      </trkpt>
      <trkpt lat="43.624716" lon="21.364929">
        <ele>140.346793</ele>
        <time>2026-08-07T16:11:51.761Z</time>
      </trkpt>
      <trkpt lat="43.624415" lon="21.363746">
        <ele>140.682073</ele>
        <time>2026-08-07T16:12:15.822Z</time>
      </trkpt>
      <trkpt lat="43.624315" lon="21.362736">
        <ele>141.082520</ele>
        <time>2026-08-07T16:12:35.020Z</time>
      </trkpt>
      <trkpt lat="43.624266" lon="21.362436">
        <ele>141.203330</ele>
        <time>2026-08-07T16:12:40.162Z</time>
      </trkpt>
      <trkpt lat="43.624210" lon="21.362218">
        <ele>141.294198</ele>
        <time>2026-08-07T16:12:43.791Z</time>
      </trkpt>
      <trkpt lat="43.623941" lon="21.361550">
        <ele>141.769714</ele>
        <time>2026-08-07T16:12:54.980Z</time>
      </trkpt>
      <trkpt lat="43.623871" lon="21.361297">
        <ele>141.978530</ele>
        <time>2026-08-07T16:12:59.215Z</time>
      </trkpt>
      <trkpt lat="43.623850" lon="21.361100">
        <ele>142.132048</ele>
        <time>2026-08-07T16:13:02.377Z</time>
      </trkpt>
      <trkpt lat="43.623862" lon="21.360924">
        <ele>142.268338</ele>
        <time>2026-08-07T16:13:05.261Z</time>
      </trkpt>
      <trkpt lat="43.623953" lon="21.360561">
        <ele>142.564505</ele>
        <time>2026-08-07T16:13:11.882Z</time>
      </trkpt>
      <trkpt lat="43.624124" lon="21.360037">
        <ele>143.007644</ele>
        <time>2026-08-07T16:13:24.016Z</time>
      </trkpt>
      <trkpt lat="43.624301" lon="21.359214">
        <ele>144.374017</ele>
        <time>2026-08-07T16:13:46.330Z</time>
      </trkpt>
      <trkpt lat="43.624361" lon="21.358977">
        <ele>144.966892</ele>
        <time>2026-08-07T16:13:53.701Z</time>
      </trkpt>
      <trkpt lat="43.624646" lon="21.358265">
        <ele>146.888083</ele>
        <time>2026-08-07T16:14:16.418Z</time>
      </trkpt>
      <trkpt lat="43.624733" lon="21.357907">
        <ele>147.779802</ele>
        <time>2026-08-07T16:14:26.251Z</time>
      </trkpt>
      <trkpt lat="43.624769" lon="21.357415">
        <ele>148.947492</ele>
        <time>2026-08-07T16:14:38.446Z</time>
      </trkpt>
      <trkpt lat="43.624724" lon="21.357084">
        <ele>149.382222</ele>
        <time>2026-08-07T16:14:45.830Z</time>
      </trkpt>
      <trkpt lat="43.624699" lon="21.356667">
        <ele>149.719534</ele>
        <time>2026-08-07T16:14:54.102Z</time>
      </trkpt>
      <trkpt lat="43.624825" lon="21.355969">
        <ele>150.299452</ele>
        <time>2026-08-07T16:15:07.086Z</time>
      </trkpt>
      <trkpt lat="43.624796" lon="21.355735">
        <ele>150.490833</ele>
        <time>2026-08-07T16:15:11.123Z</time>
      </trkpt>
      <trkpt lat="43.624742" lon="21.355570">
        <ele>150.636809</ele>
        <time>2026-08-07T16:15:14.218Z</time>
      </trkpt>
      <trkpt lat="43.624314" lon="21.354454">
        <ele>151.597728</ele>
        <time>2026-08-07T16:15:37.663Z</time>
      </trkpt>
      <trkpt lat="43.624236" lon="21.353968">
        <ele>151.948750</ele>
        <time>2026-08-07T16:15:47.566Z</time>
      </trkpt>
      <trkpt lat="43.624231" lon="21.353903">
        <ele>151.994842</ele>
        <time>2026-08-07T16:15:48.883Z</time>
      </trkpt>
      <trkpt lat="43.624208" lon="21.353622">
        <ele>152.194250</ele>
        <time>2026-08-07T16:15:54.600Z</time>
      </trkpt>
      <trkpt lat="43.624159" lon="21.353323">
        <ele>152.410424</ele>
        <time>2026-08-07T16:16:00.587Z</time>
      </trkpt>
      <trkpt lat="43.624039" lon="21.352869">
        <ele>152.751234</ele>
        <time>2026-08-07T16:16:09.887Z</time>
      </trkpt>
      <trkpt lat="43.623967" lon="21.352602">
        <ele>152.950057</ele>
        <time>2026-08-07T16:16:15.394Z</time>
      </trkpt>
      <trkpt lat="43.623634" lon="21.351062">
        <ele>152.661745</ele>
        <time>2026-08-07T16:16:41.116Z</time>
      </trkpt>
      <trkpt lat="43.623497" lon="21.350647">
        <ele>152.579925</ele>
        <time>2026-08-07T16:16:47.385Z</time>
      </trkpt>
      <trkpt lat="43.623301" lon="21.350183">
        <ele>152.431015</ele>
        <time>2026-08-07T16:16:54.930Z</time>
      </trkpt>
      <trkpt lat="43.623252" lon="21.350001">
        <ele>152.309895</ele>
        <time>2026-08-07T16:16:57.690Z</time>
      </trkpt>
      <trkpt lat="43.623190" lon="21.349548">
        <ele>152.022331</ele>
        <time>2026-08-07T16:17:04.132Z</time>
      </trkpt>
      <trkpt lat="43.623173" lon="21.349010">
        <ele>151.686434</ele>
        <time>2026-08-07T16:17:11.576Z</time>
      </trkpt>
      <trkpt lat="43.623202" lon="21.348394">
        <ele>151.301393</ele>
        <time>2026-08-07T16:17:20.564Z</time>
      </trkpt>
      <trkpt lat="43.623243" lon="21.347610">
        <ele>150.858613</ele>
        <time>2026-08-07T16:17:32.142Z</time>
      </trkpt>
      <trkpt lat="43.623264" lon="21.347219">
        <ele>150.694836</ele>
        <time>2026-08-07T16:17:37.731Z</time>
      </trkpt>
      <trkpt lat="43.623372" lon="21.346550">
        <ele>150.408517</ele>
        <time>2026-08-07T16:17:47.377Z</time>
      </trkpt>
      <trkpt lat="43.623609" lon="21.345609">
        <ele>149.992333</ele>
        <time>2026-08-07T16:18:02.294Z</time>
      </trkpt>
      <trkpt lat="43.623657" lon="21.345340">
        <ele>149.950655</ele>
        <time>2026-08-07T16:18:06.483Z</time>
      </trkpt>
      <trkpt lat="43.623750" lon="21.344009">
        <ele>150.414860</ele>
        <time>2026-08-07T16:18:27.952Z</time>
      </trkpt>
      <trkpt lat="43.623778" lon="21.343739">
        <ele>150.509548</ele>
        <time>2026-08-07T16:18:33.108Z</time>
      </trkpt>
      <trkpt lat="43.623833" lon="21.343528">
        <ele>150.587401</ele>
        <time>2026-08-07T16:18:37.579Z</time>
      </trkpt>
      <trkpt lat="43.623923" lon="21.343381">
        <ele>150.654236</ele>
        <time>2026-08-07T16:18:41.428Z</time>
      </trkpt>
      <trkpt lat="43.624193" lon="21.343056">
        <ele>150.823105</ele>
        <time>2026-08-07T16:18:51.452Z</time>
      </trkpt>
      <trkpt lat="43.624374" lon="21.342819">
        <ele>150.935293</ele>
        <time>2026-08-07T16:18:58.406Z</time>
      </trkpt>
      <trkpt lat="43.624556" lon="21.342508">
        <ele>151.065522</ele>
        <time>2026-08-07T16:19:06.399Z</time>
      </trkpt>
      <trkpt lat="43.624892" lon="21.341874">
        <ele>151.321394</ele>
        <time>2026-08-07T16:19:21.747Z</time>
      </trkpt>
      <trkpt lat="43.625368" lon="21.340895">
        <ele>150.924841</ele>
        <time>2026-08-07T16:19:38.782Z</time>
      </trkpt>
      <trkpt lat="43.625778" lon="21.340105">
        <ele>149.123911</ele>
        <time>2026-08-07T16:19:50.511Z</time>
      </trkpt>
      <trkpt lat="43.626050" lon="21.339659">
        <ele>148.043446</ele>
        <time>2026-08-07T16:19:57.281Z</time>
      </trkpt>
      <trkpt lat="43.626126" lon="21.339471">
        <ele>147.644510</ele>
        <time>2026-08-07T16:19:59.758Z</time>
      </trkpt>
      <trkpt lat="43.626156" lon="21.339267">
        <ele>147.258845</ele>
        <time>2026-08-07T16:20:02.174Z</time>
      </trkpt>
      <trkpt lat="43.626183" lon="21.338193">
        <ele>145.960977</ele>
        <time>2026-08-07T16:20:15.208Z</time>
      </trkpt>
      <trkpt lat="43.626233" lon="21.337936">
        <ele>145.666924</ele>
        <time>2026-08-07T16:20:18.693Z</time>
      </trkpt>
      <trkpt lat="43.626363" lon="21.337558">
        <ele>145.204504</ele>
        <time>2026-08-07T16:20:24.399Z</time>
      </trkpt>
      <trkpt lat="43.626543" lon="21.337175">
        <ele>144.699930</ele>
        <time>2026-08-07T16:20:31.003Z</time>
      </trkpt>
      <trkpt lat="43.626910" lon="21.336547">
        <ele>144.318319</ele>
        <time>2026-08-07T16:20:44.053Z</time>
      </trkpt>
      <trkpt lat="43.627160" lon="21.336047">
        <ele>144.440776</ele>
        <time>2026-08-07T16:20:54.524Z</time>
      </trkpt>
      <trkpt lat="43.627330" lon="21.335445">
        <ele>144.570992</ele>
        <time>2026-08-07T16:21:05.795Z</time>
      </trkpt>
      <trkpt lat="43.627438" lon="21.334945">
        <ele>144.676139</ele>
        <time>2026-08-07T16:21:15.323Z</time>
      </trkpt>
      <trkpt lat="43.627494" lon="21.334533">
        <ele>144.684933</ele>
        <time>2026-08-07T16:21:22.599Z</time>
      </trkpt>
      <trkpt lat="43.627499" lon="21.334178">
        <ele>144.489247</ele>
        <time>2026-08-07T16:21:28.376Z</time>
      </trkpt>
      <trkpt lat="43.627419" lon="21.333603">
        <ele>144.166550</ele>
        <time>2026-08-07T16:21:37.110Z</time>
      </trkpt>
      <trkpt lat="43.627337" lon="21.333366">
        <ele>144.021778</ele>
        <time>2026-08-07T16:21:40.777Z</time>
      </trkpt>
      <trkpt lat="43.627099" lon="21.332950">
        <ele>143.729543</ele>
        <time>2026-08-07T16:21:48.135Z</time>
      </trkpt>
      <trkpt lat="43.626700" lon="21.332287">
        <ele>143.275097</ele>
        <time>2026-08-07T16:21:59.477Z</time>
      </trkpt>
      <trkpt lat="43.626390" lon="21.331804">
        <ele>142.982663</ele>
        <time>2026-08-07T16:22:08.046Z</time>
      </trkpt>
      <trkpt lat="43.625955" lon="21.331230">
        <ele>142.606187</ele>
        <time>2026-08-07T16:22:20.630Z</time>
      </trkpt>
      <trkpt lat="43.625818" lon="21.331100">
        <ele>142.502168</ele>
        <time>2026-08-07T16:22:24.452Z</time>
      </trkpt>
      <trkpt lat="43.625517" lon="21.330906">
        <ele>142.294296</ele>
        <time>2026-08-07T16:22:31.851Z</time>
      </trkpt>
      <trkpt lat="43.625170" lon="21.330510">
        <ele>142.232980</ele>
        <time>2026-08-07T16:22:41.699Z</time>
      </trkpt>
      <trkpt lat="43.624645" lon="21.329832">
        <ele>142.209327</ele>
        <time>2026-08-07T16:22:57.511Z</time>
      </trkpt>
      <trkpt lat="43.624043" lon="21.328757">
        <ele>142.357288</ele>
        <time>2026-08-07T16:23:18.660Z</time>
      </trkpt>
      <trkpt lat="43.623874" lon="21.328504">
        <ele>142.512192</ele>
        <time>2026-08-07T16:23:25.000Z</time>
      </trkpt>
      <trkpt lat="43.623633" lon="21.328300">
        <ele>142.687883</ele>
        <time>2026-08-07T16:23:32.814Z</time>
      </trkpt>
      <trkpt lat="43.623393" lon="21.328157">
        <ele>142.850351</ele>
        <time>2026-08-07T16:23:40.002Z</time>
      </trkpt>
      <trkpt lat="43.622648" lon="21.327833">
        <ele>143.302775</ele>
        <time>2026-08-07T16:23:59.684Z</time>
      </trkpt>
      <trkpt lat="43.622428" lon="21.327639">
        <ele>143.296298</ele>
        <time>2026-08-07T16:24:05.553Z</time>
      </trkpt>
      <trkpt lat="43.622212" lon="21.327268">
        <ele>143.287746</ele>
        <time>2026-08-07T16:24:13.274Z</time>
      </trkpt>
      <trkpt lat="43.622141" lon="21.326905">
        <ele>143.280992</ele>
        <time>2026-08-07T16:24:19.175Z</time>
      </trkpt>
      <trkpt lat="43.622115" lon="21.326251">
        <ele>143.269226</ele>
        <time>2026-08-07T16:24:28.729Z</time>
      </trkpt>
      <trkpt lat="43.622212" lon="21.325595">
        <ele>143.251698</ele>
        <time>2026-08-07T16:24:39.107Z</time>
      </trkpt>
      <trkpt lat="43.622285" lon="21.325033">
        <ele>143.215952</ele>
        <time>2026-08-07T16:24:49.021Z</time>
      </trkpt>
      <trkpt lat="43.622294" lon="21.324759">
        <ele>143.198780</ele>
        <time>2026-08-07T16:24:53.990Z</time>
      </trkpt>
      <trkpt lat="43.622275" lon="21.324551">
        <ele>143.185655</ele>
        <time>2026-08-07T16:24:57.788Z</time>
      </trkpt>
      <trkpt lat="43.622189" lon="21.324236">
        <ele>143.164579</ele>
        <time>2026-08-07T16:25:03.430Z</time>
      </trkpt>
      <trkpt lat="43.621997" lon="21.323835">
        <ele>143.134479</ele>
        <time>2026-08-07T16:25:10.565Z</time>
      </trkpt>
      <trkpt lat="43.621586" lon="21.323255">
        <ele>143.062910</ele>
        <time>2026-08-07T16:25:22.370Z</time>
      </trkpt>
      <trkpt lat="43.621255" lon="21.322940">
        <ele>142.992419</ele>
        <time>2026-08-07T16:25:30.256Z</time>
      </trkpt>
      <trkpt lat="43.620727" lon="21.322493">
        <ele>142.883814</ele>
        <time>2026-08-07T16:25:43.781Z</time>
      </trkpt>
      <trkpt lat="43.620580" lon="21.322304">
        <ele>142.848595</ele>
        <time>2026-08-07T16:25:48.513Z</time>
      </trkpt>
      <trkpt lat="43.620483" lon="21.322060">
        <ele>142.813253</ele>
        <time>2026-08-07T16:25:53.412Z</time>
      </trkpt>
      <trkpt lat="43.620443" lon="21.321789">
        <ele>142.817551</ele>
        <time>2026-08-07T16:25:58.377Z</time>
      </trkpt>
      <trkpt lat="43.620441" lon="21.321510">
        <ele>142.917880</ele>
        <time>2026-08-07T16:26:03.199Z</time>
      </trkpt>
      <trkpt lat="43.620490" lon="21.321031">
        <ele>143.091833</ele>
        <time>2026-08-07T16:26:11.215Z</time>
      </trkpt>
      <trkpt lat="43.620779" lon="21.319411">
        <ele>143.721581</ele>
        <time>2026-08-07T16:26:39.456Z</time>
      </trkpt>
      <trkpt lat="43.621100" lon="21.317995">
        <ele>145.853138</ele>
        <time>2026-08-07T16:27:12.193Z</time>
      </trkpt>
      <trkpt lat="43.621264" lon="21.317423">
        <ele>146.736941</ele>
        <time>2026-08-07T16:27:27.623Z</time>
      </trkpt>
      <trkpt lat="43.621484" lon="21.316825">
        <ele>147.353911</ele>
        <time>2026-08-07T16:27:42.811Z</time>
      </trkpt>
      <trkpt lat="43.621511" lon="21.316639">
        <ele>147.416260</ele>
        <time>2026-08-07T16:27:46.818Z</time>
      </trkpt>
      <trkpt lat="43.621508" lon="21.316402">
        <ele>147.494165</ele>
        <time>2026-08-07T16:27:51.596Z</time>
      </trkpt>
      <trkpt lat="43.621263" lon="21.314086">
        <ele>147.917125</ele>
        <time>2026-08-07T16:28:27.106Z</time>
      </trkpt>
      <trkpt lat="43.621113" lon="21.312823">
        <ele>147.593605</ele>
        <time>2026-08-07T16:28:47.239Z</time>
      </trkpt>
      <trkpt lat="43.621025" lon="21.311832">
        <ele>147.160536</ele>
        <time>2026-08-07T16:29:02.047Z</time>
      </trkpt>
      <trkpt lat="43.620872" lon="21.310373">
        <ele>146.103686</ele>
        <time>2026-08-07T16:29:21.868Z</time>
      </trkpt>
      <trkpt lat="43.620905" lon="21.310026">
        <ele>145.852790</ele>
        <time>2026-08-07T16:29:26.650Z</time>
      </trkpt>
      <trkpt lat="43.620988" lon="21.309448">
        <ele>145.815227</ele>
        <time>2026-08-07T16:29:35.290Z</time>
      </trkpt>
      <trkpt lat="43.620969" lon="21.309237">
        <ele>145.919960</ele>
        <time>2026-08-07T16:29:38.527Z</time>
      </trkpt>
      <trkpt lat="43.620903" lon="21.308991">
        <ele>146.049186</ele>
        <time>2026-08-07T16:29:42.634Z</time>
      </trkpt>
      <trkpt lat="43.620577" lon="21.308270">
        <ele>146.467909</ele>
        <time>2026-08-07T16:29:57.607Z</time>
      </trkpt>
      <trkpt lat="43.620508" lon="21.308182">
        <ele>146.531809</ele>
        <time>2026-08-07T16:30:00.264Z</time>
      </trkpt>
      <trkpt lat="43.620256" lon="21.307867">
        <ele>146.763056</ele>
        <time>2026-08-07T16:30:10.330Z</time>
      </trkpt>
      <trkpt lat="43.620038" lon="21.307518">
        <ele>147.293480</ele>
        <time>2026-08-07T16:30:20.438Z</time>
      </trkpt>
      <trkpt lat="43.618780" lon="21.304747">
        <ele>152.292844</ele>
        <time>2026-08-07T16:31:39.262Z</time>
      </trkpt>
      <trkpt lat="43.618420" lon="21.304022">
        <ele>152.942363</ele>
        <time>2026-08-07T16:31:53.825Z</time>
      </trkpt>
      <trkpt lat="43.617706" lon="21.303409">
        <ele>153.344749</ele>
        <time>2026-08-07T16:32:10.718Z</time>
      </trkpt>
      <trkpt lat="43.616800" lon="21.302234">
        <ele>153.219057</ele>
        <time>2026-08-07T16:32:38.430Z</time>
      </trkpt>
      <trkpt lat="43.616219" lon="21.301323">
        <ele>153.439536</ele>
        <time>2026-08-07T16:32:59.156Z</time>
      </trkpt>
      <trkpt lat="43.616004" lon="21.300925">
        <ele>153.555705</ele>
        <time>2026-08-07T16:33:07.408Z</time>
      </trkpt>
      <trkpt lat="43.615928" lon="21.300720">
        <ele>153.609584</ele>
        <time>2026-08-07T16:33:11.410Z</time>
      </trkpt>
      <trkpt lat="43.615888" lon="21.300589">
        <ele>153.642844</ele>
        <time>2026-08-07T16:33:13.976Z</time>
      </trkpt>
      <trkpt lat="43.615581" lon="21.299598">
        <ele>153.712064</ele>
        <time>2026-08-07T16:33:32.484Z</time>
      </trkpt>
      <trkpt lat="43.615524" lon="21.299248">
        <ele>153.656295</ele>
        <time>2026-08-07T16:33:38.751Z</time>
      </trkpt>
      <trkpt lat="43.615516" lon="21.298118">
        <ele>153.480621</ele>
        <time>2026-08-07T16:33:56.554Z</time>
      </trkpt>
      <trkpt lat="43.614341" lon="21.298779">
        <ele>152.018817</ele>
        <time>2026-08-07T16:34:20.283Z</time>
      </trkpt>
      <trkpt lat="43.613993" lon="21.298918">
        <ele>151.455868</ele>
        <time>2026-08-07T16:34:26.889Z</time>
      </trkpt>
      <trkpt lat="43.613724" lon="21.298987">
        <ele>151.030696</ele>
        <time>2026-08-07T16:34:31.824Z</time>
      </trkpt>
      <trkpt lat="43.613687" lon="21.298991">
        <ele>150.973023</ele>
        <time>2026-08-07T16:34:32.498Z</time>
      </trkpt>
      <trkpt lat="43.613623" lon="21.298995">
        <ele>150.873465</ele>
        <time>2026-08-07T16:34:33.636Z</time>
      </trkpt>
      <trkpt lat="43.613282" lon="21.299001">
        <ele>150.080564</ele>
        <time>2026-08-07T16:34:39.620Z</time>
      </trkpt>
      <trkpt lat="43.612767" lon="21.298914">
        <ele>148.459820</ele>
        <time>2026-08-07T16:34:48.399Z</time>
      </trkpt>
      <trkpt lat="43.612100" lon="21.298796">
        <ele>146.359225</ele>
        <time>2026-08-07T16:34:59.223Z</time>
      </trkpt>
      <trkpt lat="43.611730" lon="21.298736">
        <ele>145.195480</ele>
        <time>2026-08-07T16:35:04.944Z</time>
      </trkpt>
      <trkpt lat="43.611528" lon="21.298734">
        <ele>144.729011</ele>
        <time>2026-08-07T16:35:08.113Z</time>
      </trkpt>
      <trkpt lat="43.611347" lon="21.298794">
        <ele>144.374953</ele>
        <time>2026-08-07T16:35:11.080Z</time>
      </trkpt>
      <trkpt lat="43.611155" lon="21.298921">
        <ele>143.970028</ele>
        <time>2026-08-07T16:35:14.510Z</time>
      </trkpt>
      <trkpt lat="43.611148" lon="21.298937">
        <ele>143.944282</ele>
        <time>2026-08-07T16:35:14.730Z</time>
      </trkpt>
      <trkpt lat="43.611031" lon="21.299040">
        <ele>143.680372</ele>
        <time>2026-08-07T16:35:17.033Z</time>
      </trkpt>
      <trkpt lat="43.611020" lon="21.299049">
        <ele>143.656054</ele>
        <time>2026-08-07T16:35:17.240Z</time>
      </trkpt>
      <trkpt lat="43.610070" lon="21.299878">
        <ele>141.571502</ele>
        <time>2026-08-07T16:35:38.665Z</time>
      </trkpt>
      <trkpt lat="43.610052" lon="21.299898">
        <ele>141.578753</ele>
        <time>2026-08-07T16:35:39.273Z</time>
      </trkpt>
      <trkpt lat="43.609841" lon="21.300086">
        <ele>141.657558</ele>
        <time>2026-08-07T16:35:45.820Z</time>
      </trkpt>
      <trkpt lat="43.608730" lon="21.301061">
        <ele>142.070677</ele>
        <time>2026-08-07T16:36:18.263Z</time>
      </trkpt>
      <trkpt lat="43.608323" lon="21.301439">
        <ele>142.062315</ele>
        <time>2026-08-07T16:36:29.503Z</time>
      </trkpt>
      <trkpt lat="43.607566" lon="21.302173">
        <ele>141.862398</ele>
        <time>2026-08-07T16:36:49.087Z</time>
      </trkpt>
      <trkpt lat="43.607411" lon="21.302363">
        <ele>141.817602</ele>
        <time>2026-08-07T16:36:53.297Z</time>
      </trkpt>
      <trkpt lat="43.606974" lon="21.303240">
        <ele>141.717172</ele>
        <time>2026-08-07T16:37:09.187Z</time>
      </trkpt>
      <trkpt lat="43.606631" lon="21.304036">
        <ele>141.680309</ele>
        <time>2026-08-07T16:37:23.929Z</time>
      </trkpt>
      <trkpt lat="43.606549" lon="21.304216">
        <ele>141.671845</ele>
        <time>2026-08-07T16:37:27.469Z</time>
      </trkpt>
      <trkpt lat="43.605861" lon="21.305731">
        <ele>142.000384</ele>
        <time>2026-08-07T16:37:57.579Z</time>
      </trkpt>
      <trkpt lat="43.605657" lon="21.306068">
        <ele>142.156680</ele>
        <time>2026-08-07T16:38:05.479Z</time>
      </trkpt>
      <trkpt lat="43.605591" lon="21.306091">
        <ele>142.190129</ele>
        <time>2026-08-07T16:38:07.175Z</time>
      </trkpt>
      <trkpt lat="43.605561" lon="21.306113">
        <ele>142.206820</ele>
        <time>2026-08-07T16:38:08.025Z</time>
      </trkpt>
      <trkpt lat="43.605526" lon="21.306162">
        <ele>142.231311</ele>
        <time>2026-08-07T16:38:09.269Z</time>
      </trkpt>
      <trkpt lat="43.605504" lon="21.306260">
        <ele>142.267820</ele>
        <time>2026-08-07T16:38:11.115Z</time>
      </trkpt>
      <trkpt lat="43.605501" lon="21.306302">
        <ele>142.282837</ele>
        <time>2026-08-07T16:38:11.867Z</time>
      </trkpt>
      <trkpt lat="43.605479" lon="21.306422">
        <ele>142.326883</ele>
        <time>2026-08-07T16:38:14.129Z</time>
      </trkpt>
      <trkpt lat="43.605370" lon="21.306682">
        <ele>142.433785</ele>
        <time>2026-08-07T16:38:19.544Z</time>
      </trkpt>
      <trkpt lat="43.605273" lon="21.306779">
        <ele>142.492635</ele>
        <time>2026-08-07T16:38:22.530Z</time>
      </trkpt>
      <trkpt lat="43.605030" lon="21.306936">
        <ele>142.615031</ele>
        <time>2026-08-07T16:38:29.243Z</time>
      </trkpt>
      <trkpt lat="43.603707" lon="21.307579">
        <ele>143.239026</ele>
        <time>2026-08-07T16:39:03.353Z</time>
      </trkpt>
      <trkpt lat="43.603358" lon="21.307799">
        <ele>143.327038</ele>
        <time>2026-08-07T16:39:11.890Z</time>
      </trkpt>
      <trkpt lat="43.603112" lon="21.307937">
        <ele>143.329933</ele>
        <time>2026-08-07T16:39:17.768Z</time>
      </trkpt>
      <trkpt lat="43.602324" lon="21.308629">
        <ele>143.340114</ele>
        <time>2026-08-07T16:39:38.210Z</time>
      </trkpt>
      <trkpt lat="43.601250" lon="21.309573">
        <ele>143.431747</ele>
        <time>2026-08-07T16:40:06.800Z</time>
      </trkpt>
      <trkpt lat="43.600852" lon="21.309923">
        <ele>143.479339</ele>
        <time>2026-08-07T16:40:17.625Z</time>
      </trkpt>
      <trkpt lat="43.600388" lon="21.310330">
        <ele>143.516120</ele>
        <time>2026-08-07T16:40:30.314Z</time>
      </trkpt>
      <trkpt lat="43.600144" lon="21.310544">
        <ele>143.483413</ele>
        <time>2026-08-07T16:40:36.724Z</time>
      </trkpt>
      <trkpt lat="43.599969" lon="21.310708">
        <ele>143.459482</ele>
        <time>2026-08-07T16:40:41.287Z</time>
      </trkpt>
      <trkpt lat="43.599583" lon="21.311027">
        <ele>143.408581</ele>
        <time>2026-08-07T16:40:50.979Z</time>
      </trkpt>
      <trkpt lat="43.599359" lon="21.311234">
        <ele>143.378082</ele>
        <time>2026-08-07T16:40:56.899Z</time>
      </trkpt>
      <trkpt lat="43.599111" lon="21.311449">
        <ele>143.344949</ele>
        <time>2026-08-07T16:41:03.223Z</time>
      </trkpt>
      <trkpt lat="43.598196" lon="21.312252">
        <ele>143.242724</ele>
        <time>2026-08-07T16:41:26.239Z</time>
      </trkpt>
      <trkpt lat="43.597850" lon="21.312561">
        <ele>143.205614</ele>
        <time>2026-08-07T16:41:35.752Z</time>
      </trkpt>
      <trkpt lat="43.597229" lon="21.313109">
        <ele>143.097848</ele>
        <time>2026-08-07T16:41:52.347Z</time>
      </trkpt>
      <trkpt lat="43.596845" lon="21.313449">
        <ele>142.976708</ele>
        <time>2026-08-07T16:42:01.991Z</time>
      </trkpt>
      <trkpt lat="43.596625" lon="21.313638">
        <ele>142.907899</ele>
        <time>2026-08-07T16:42:07.421Z</time>
      </trkpt>
      <trkpt lat="43.596255" lon="21.313966">
        <ele>142.791133</ele>
        <time>2026-08-07T16:42:16.614Z</time>
      </trkpt>
      <trkpt lat="43.595694" lon="21.314463">
        <ele>142.684417</ele>
        <time>2026-08-07T16:42:30.328Z</time>
      </trkpt>
      <trkpt lat="43.594391" lon="21.315608">
        <ele>142.694739</ele>
        <time>2026-08-07T16:43:05.307Z</time>
      </trkpt>
      <trkpt lat="43.593582" lon="21.316312">
        <ele>142.878534</ele>
        <time>2026-08-07T16:43:27.279Z</time>
      </trkpt>
      <trkpt lat="43.592120" lon="21.317640">
        <ele>143.348930</ele>
        <time>2026-08-07T16:44:07.992Z</time>
      </trkpt>
      <trkpt lat="43.590657" lon="21.319028">
        <ele>144.001254</ele>
        <time>2026-08-07T16:44:50.221Z</time>
      </trkpt>
      <trkpt lat="43.590337" lon="21.319329">
        <ele>144.154493</ele>
        <time>2026-08-07T16:44:59.493Z</time>
      </trkpt>
      <trkpt lat="43.589501" lon="21.320130">
        <ele>144.668709</ele>
        <time>2026-08-07T16:45:23.789Z</time>
      </trkpt>
      <trkpt lat="43.589268" lon="21.320350">
        <ele>144.844030</ele>
        <time>2026-08-07T16:45:30.649Z</time>
      </trkpt>
      <trkpt lat="43.589042" lon="21.320563">
        <ele>145.013985</ele>
        <time>2026-08-07T16:45:37.420Z</time>
      </trkpt>
      <trkpt lat="43.588970" lon="21.320632">
        <ele>145.068421</ele>
        <time>2026-08-07T16:45:39.631Z</time>
      </trkpt>
      <trkpt lat="43.588308" lon="21.321270">
        <ele>145.620431</ele>
        <time>2026-08-07T16:46:00.091Z</time>
      </trkpt>
      <trkpt lat="43.587430" lon="21.321749">
        <ele>146.531483</ele>
        <time>2026-08-07T16:46:24.348Z</time>
      </trkpt>
      <trkpt lat="43.587231" lon="21.321853">
        <ele>146.736823</ele>
        <time>2026-08-07T16:46:29.904Z</time>
      </trkpt>
      <trkpt lat="43.586891" lon="21.322031">
        <ele>147.087732</ele>
        <time>2026-08-07T16:46:39.628Z</time>
      </trkpt>
      <trkpt lat="43.586783" lon="21.322085">
        <ele>147.198580</ele>
        <time>2026-08-07T16:46:42.781Z</time>
      </trkpt>
      <trkpt lat="43.586680" lon="21.322125">
        <ele>147.476606</ele>
        <time>2026-08-07T16:46:45.659Z</time>
      </trkpt>
      <trkpt lat="43.586533" lon="21.322179">
        <ele>147.916367</ele>
        <time>2026-08-07T16:46:49.661Z</time>
      </trkpt>
      <trkpt lat="43.586514" lon="21.322161">
        <ele>147.982985</ele>
        <time>2026-08-07T16:46:50.244Z</time>
      </trkpt>
      <trkpt lat="43.586463" lon="21.322145">
        <ele>148.134184</ele>
        <time>2026-08-07T16:46:51.609Z</time>
      </trkpt>
      <trkpt lat="43.586413" lon="21.322167">
        <ele>148.285897</ele>
        <time>2026-08-07T16:46:52.977Z</time>
      </trkpt>
      <trkpt lat="43.586366" lon="21.322272">
        <ele>148.544368</ele>
        <time>2026-08-07T16:46:55.438Z</time>
      </trkpt>
      <trkpt lat="43.586262" lon="21.322378">
        <ele>148.918089</ele>
        <time>2026-08-07T16:46:59.200Z</time>
      </trkpt>
      <trkpt lat="43.586230" lon="21.322414">
        <ele>149.037427</ele>
        <time>2026-08-07T16:47:00.493Z</time>
      </trkpt>
      <trkpt lat="43.586077" lon="21.322503">
        <ele>149.517408</ele>
        <time>2026-08-07T16:47:05.940Z</time>
      </trkpt>
      <trkpt lat="43.585960" lon="21.322572">
        <ele>149.885222</ele>
        <time>2026-08-07T16:47:10.447Z</time>
      </trkpt>
      <trkpt lat="43.585821" lon="21.322647">
        <ele>150.316669</ele>
        <time>2026-08-07T16:47:16.147Z</time>
      </trkpt>
      <trkpt lat="43.585418" lon="21.322774">
        <ele>151.511704</ele>
        <time>2026-08-07T16:47:31.632Z</time>
      </trkpt>
      <trkpt lat="43.585303" lon="21.322780">
        <ele>151.844405</ele>
        <time>2026-08-07T16:47:36.100Z</time>
      </trkpt>
      <trkpt lat="43.585271" lon="21.322727">
        <ele>151.988891</ele>
        <time>2026-08-07T16:47:37.979Z</time>
      </trkpt>
      <trkpt lat="43.585172" lon="21.322676">
        <ele>152.294375</ele>
        <time>2026-08-07T16:47:42.126Z</time>
      </trkpt>
      <trkpt lat="43.585072" lon="21.322723">
        <ele>152.656617</ele>
        <time>2026-08-07T16:47:46.310Z</time>
      </trkpt>
      <trkpt lat="43.585017" lon="21.322843">
        <ele>153.045045</ele>
        <time>2026-08-07T16:47:50.364Z</time>
      </trkpt>
      <trkpt lat="43.585014" lon="21.322916">
        <ele>153.245045</ele>
        <time>2026-08-07T16:47:52.519Z</time>
      </trkpt>
      <trkpt lat="43.584944" lon="21.323051">
        <ele>153.699173</ele>
        <time>2026-08-07T16:47:57.365Z</time>
      </trkpt>
      <trkpt lat="43.584872" lon="21.323174">
        <ele>154.131745</ele>
        <time>2026-08-07T16:48:01.893Z</time>
      </trkpt>
      <trkpt lat="43.584789" lon="21.323310">
        <ele>154.618185</ele>
        <time>2026-08-07T16:48:07.293Z</time>
      </trkpt>
      <trkpt lat="43.584688" lon="21.323435">
        <ele>155.130408</ele>
        <time>2026-08-07T16:48:13.085Z</time>
      </trkpt>
      <trkpt lat="43.584573" lon="21.323581">
        <ele>155.720387</ele>
        <time>2026-08-07T16:48:19.938Z</time>
      </trkpt>
      <trkpt lat="43.584252" lon="21.323930">
        <ele>157.263335</ele>
        <time>2026-08-07T16:48:36.471Z</time>
      </trkpt>
      <trkpt lat="43.583968" lon="21.324332">
        <ele>158.799336</ele>
        <time>2026-08-07T16:48:49.798Z</time>
      </trkpt>
      <trkpt lat="43.583902" lon="21.324448">
        <ele>159.202818</ele>
        <time>2026-08-07T16:48:52.995Z</time>
      </trkpt>
      <trkpt lat="43.583832" lon="21.324564">
        <ele>159.206205</ele>
        <time>2026-08-07T16:48:56.124Z</time>
      </trkpt>
      <trkpt lat="43.583607" lon="21.324930">
        <ele>159.206205</ele>
        <time>2026-08-07T16:49:05.418Z</time>
      </trkpt>
      <trkpt lat="43.583251" lon="21.325500">
        <ele>159.206205</ele>
        <time>2026-08-07T16:49:18.244Z</time>
      </trkpt>
      <trkpt lat="43.583046" lon="21.325687">
        <ele>159.206205</ele>
        <time>2026-08-07T16:49:23.471Z</time>
      </trkpt>
    </trkseg>
  </trk>
</gpx>