<?xml version='1.0' encoding='UTF-8'?>
<gpx version="1.1" creator="https://www.komoot.de" xmlns="http://www.topografix.com/GPX/1/1" xmlns:xsi="http://www.w3.org/2001/XMLSchema-instance" xsi:schemaLocation="http://www.topografix.com/GPX/1/1 http://www.topografix.com/GPX/1/1/gpx.xsd">
  <metadata>
    <name>Belgrad nach Smederevo</name>
    <author>
      <link href="https://www.komoot.de">
        <text>komoot</text>
        <type>text/html</type>
      </link>
    </author>
  </metadata>
  <trk>
    <name>Belgrad nach Smederevo</name>
    <type>touring_bicycle</type>
    <trkseg>
      <trkpt lat="44.821781" lon="20.432704">
        <ele>75.620181</ele>
        <time>2026-08-07T13:11:06.105Z</time>
      </trkpt>
      <trkpt lat="44.821718" lon="20.432691">
        <ele>75.620181</ele>
        <time>2026-08-07T13:11:10.515Z</time>
      </trkpt>
      <trkpt lat="44.821787" lon="20.431976">
        <ele>75.620181</ele>
        <time>2026-08-07T13:11:46.083Z</time>
      </trkpt>
      <trkpt lat="44.821674" lon="20.431880">
        <ele>75.620181</ele>
        <time>2026-08-07T13:11:55.269Z</time>
      </trkpt>
      <trkpt lat="44.821544" lon="20.433784">
        <ele>75.100185</ele>
        <time>2026-08-07T13:12:24.078Z</time>
      </trkpt>
      <trkpt lat="44.821580" lon="20.434715">
        <ele>74.814011</ele>
        <time>2026-08-07T13:12:37.338Z</time>
      </trkpt>
      <trkpt lat="44.821466" lon="20.435005">
        <ele>74.786253</ele>
        <time>2026-08-07T13:12:41.943Z</time>
      </trkpt>
      <trkpt lat="44.821251" lon="20.435140">
        <ele>74.758473</ele>
        <time>2026-08-07T13:12:46.574Z</time>
      </trkpt>
      <trkpt lat="44.821197" lon="20.435201">
        <ele>74.750306</ele>
        <time>2026-08-07T13:12:47.958Z</time>
      </trkpt>
      <trkpt lat="44.821117" lon="20.435479">
        <ele>74.725189</ele>
        <time>2026-08-07T13:12:52.306Z</time>
      </trkpt>
      <trkpt lat="44.821115" lon="20.435588">
        <ele>74.716060</ele>
        <time>2026-08-07T13:12:53.926Z</time>
      </trkpt>
      <trkpt lat="44.821236" lon="20.436000">
        <ele>74.678728</ele>
        <time>2026-08-07T13:13:00.899Z</time>
      </trkpt>
      <trkpt lat="44.821271" lon="20.436204">
        <ele>74.661156</ele>
        <time>2026-08-07T13:13:04.339Z</time>
      </trkpt>
      <trkpt lat="44.821334" lon="20.436795">
        <ele>74.611122</ele>
        <time>2026-08-07T13:13:14.522Z</time>
      </trkpt>
      <trkpt lat="44.821348" lon="20.437143">
        <ele>74.748327</ele>
        <time>2026-08-07T13:13:20.674Z</time>
      </trkpt>
      <trkpt lat="44.821397" lon="20.437448">
        <ele>74.911315</ele>
        <time>2026-08-07T13:13:26.301Z</time>
      </trkpt>
      <trkpt lat="44.821527" lon="20.437883">
        <ele>75.157330</ele>
        <time>2026-08-07T13:13:35.243Z</time>
      </trkpt>
      <trkpt lat="44.821641" lon="20.438398">
        <ele>75.438505</ele>
        <time>2026-08-07T13:13:45.417Z</time>
      </trkpt>
      <trkpt lat="44.821677" lon="20.438698">
        <ele>75.597081</ele>
        <time>2026-08-07T13:13:50.916Z</time>
      </trkpt>
      <trkpt lat="44.821677" lon="20.438928">
        <ele>75.716952</ele>
        <time>2026-08-07T13:13:54.934Z</time>
      </trkpt>
      <trkpt lat="44.821639" lon="20.439256">
        <ele>75.890165</ele>
        <time>2026-08-07T13:14:00.595Z</time>
      </trkpt>
      <trkpt lat="44.821562" lon="20.439546">
        <ele>75.912786</ele>
        <time>2026-08-07T13:14:05.786Z</time>
      </trkpt>
      <trkpt lat="44.821502" lon="20.439642">
        <ele>75.905431</ele>
        <time>2026-08-07T13:14:07.955Z</time>
      </trkpt>
      <trkpt lat="44.820687" lon="20.439217">
        <ele>75.835012</ele>
        <time>2026-08-07T13:14:27.746Z</time>
      </trkpt>
      <trkpt lat="44.820575" lon="20.439157">
        <ele>75.825303</ele>
        <time>2026-08-07T13:14:30.314Z</time>
      </trkpt>
      <trkpt lat="44.819136" lon="20.438398">
        <ele>75.123957</ele>
        <time>2026-08-07T13:15:00.948Z</time>
      </trkpt>
      <trkpt lat="44.819023" lon="20.438296">
        <ele>75.034697</ele>
        <time>2026-08-07T13:15:03.451Z</time>
      </trkpt>
      <trkpt lat="44.818046" lon="20.437402">
        <ele>74.982938</ele>
        <time>2026-08-07T13:15:27.253Z</time>
      </trkpt>
      <trkpt lat="44.817880" lon="20.437258">
        <ele>75.142259</ele>
        <time>2026-08-07T13:15:32.304Z</time>
      </trkpt>
      <trkpt lat="44.817863" lon="20.437234">
        <ele>75.161925</ele>
        <time>2026-08-07T13:15:32.943Z</time>
      </trkpt>
      <trkpt lat="44.817822" lon="20.437331">
        <ele>75.227396</ele>
        <time>2026-08-07T13:15:35.065Z</time>
      </trkpt>
      <trkpt lat="44.817795" lon="20.437390">
        <ele>75.268107</ele>
        <time>2026-08-07T13:15:36.403Z</time>
      </trkpt>
      <trkpt lat="44.817680" lon="20.437604">
        <ele>75.423776</ele>
        <time>2026-08-07T13:15:41.607Z</time>
      </trkpt>
      <trkpt lat="44.817332" lon="20.438100">
        <ele>75.828286</ele>
        <time>2026-08-07T13:15:55.757Z</time>
      </trkpt>
      <trkpt lat="44.817140" lon="20.438311">
        <ele>76.027281</ele>
        <time>2026-08-07T13:16:02.947Z</time>
      </trkpt>
      <trkpt lat="44.816768" lon="20.438653">
        <ele>76.175603</ele>
        <time>2026-08-07T13:16:15.814Z</time>
      </trkpt>
      <trkpt lat="44.816505" lon="20.438856">
        <ele>76.263988</ele>
        <time>2026-08-07T13:16:23.425Z</time>
      </trkpt>
      <trkpt lat="44.816165" lon="20.439042">
        <ele>76.371492</ele>
        <time>2026-08-07T13:16:31.544Z</time>
      </trkpt>
      <trkpt lat="44.815908" lon="20.439142">
        <ele>76.450081</ele>
        <time>2026-08-07T13:16:36.820Z</time>
      </trkpt>
      <trkpt lat="44.815607" lon="20.439225">
        <ele>76.540489</ele>
        <time>2026-08-07T13:16:42.945Z</time>
      </trkpt>
      <trkpt lat="44.815107" lon="20.439284">
        <ele>76.578755</ele>
        <time>2026-08-07T13:16:53.148Z</time>
      </trkpt>
      <trkpt lat="44.814885" lon="20.439301">
        <ele>76.574999</ele>
        <time>2026-08-07T13:16:57.837Z</time>
      </trkpt>
      <trkpt lat="44.814855" lon="20.439345">
        <ele>76.574267</ele>
        <time>2026-08-07T13:16:58.808Z</time>
      </trkpt>
      <trkpt lat="44.814889" lon="20.440059">
        <ele>76.565691</ele>
        <time>2026-08-07T13:17:10.165Z</time>
      </trkpt>
      <trkpt lat="44.814838" lon="20.440063">
        <ele>76.564828</ele>
        <time>2026-08-07T13:17:11.253Z</time>
      </trkpt>
      <trkpt lat="44.814805" lon="20.440065">
        <ele>76.564270</ele>
        <time>2026-08-07T13:17:11.999Z</time>
      </trkpt>
      <trkpt lat="44.814837" lon="20.440893">
        <ele>76.554332</ele>
        <time>2026-08-07T13:17:26.010Z</time>
      </trkpt>
      <trkpt lat="44.814755" lon="20.440873">
        <ele>76.569887</ele>
        <time>2026-08-07T13:17:28.172Z</time>
      </trkpt>
      <trkpt lat="44.814668" lon="20.440907">
        <ele>76.587044</ele>
        <time>2026-08-07T13:17:30.453Z</time>
      </trkpt>
      <trkpt lat="44.814655" lon="20.441067">
        <ele>76.608755</ele>
        <time>2026-08-07T13:17:33.346Z</time>
      </trkpt>
      <trkpt lat="44.814753" lon="20.442975">
        <ele>76.866650</ele>
        <time>2026-08-07T13:18:04.842Z</time>
      </trkpt>
      <trkpt lat="44.814864" lon="20.445444">
        <ele>76.485341</ele>
        <time>2026-08-07T13:18:40.882Z</time>
      </trkpt>
      <trkpt lat="44.815079" lon="20.449746">
        <ele>80.155708</ele>
        <time>2026-08-07T13:19:54.836Z</time>
      </trkpt>
      <trkpt lat="44.815143" lon="20.451278">
        <ele>84.611651</ele>
        <time>2026-08-07T13:20:45.445Z</time>
      </trkpt>
      <trkpt lat="44.815153" lon="20.451477">
        <ele>85.573104</ele>
        <time>2026-08-07T13:20:52.493Z</time>
      </trkpt>
      <trkpt lat="44.815223" lon="20.451770">
        <ele>87.063099</ele>
        <time>2026-08-07T13:21:03.453Z</time>
      </trkpt>
      <trkpt lat="44.815298" lon="20.451944">
        <ele>88.044326</ele>
        <time>2026-08-07T13:21:10.659Z</time>
      </trkpt>
      <trkpt lat="44.815254" lon="20.451997">
        <ele>88.437514</ele>
        <time>2026-08-07T13:21:13.517Z</time>
      </trkpt>
      <trkpt lat="44.815212" lon="20.452044">
        <ele>88.801824</ele>
        <time>2026-08-07T13:21:16.105Z</time>
      </trkpt>
      <trkpt lat="44.815191" lon="20.452071">
        <ele>88.994920</ele>
        <time>2026-08-07T13:21:17.574Z</time>
      </trkpt>
      <trkpt lat="44.815197" lon="20.452388">
        <ele>90.523193</ele>
        <time>2026-08-07T13:21:28.775Z</time>
      </trkpt>
      <trkpt lat="44.815177" lon="20.452555">
        <ele>91.339412</ele>
        <time>2026-08-07T13:21:34.737Z</time>
      </trkpt>
      <trkpt lat="44.815176" lon="20.452932">
        <ele>93.156315</ele>
        <time>2026-08-07T13:21:48.141Z</time>
      </trkpt>
      <trkpt lat="44.815201" lon="20.452973">
        <ele>93.416871</ele>
        <time>2026-08-07T13:21:50.181Z</time>
      </trkpt>
      <trkpt lat="44.815300" lon="20.452998">
        <ele>94.100153</ele>
        <time>2026-08-07T13:21:55.329Z</time>
      </trkpt>
      <trkpt lat="44.815303" lon="20.453091">
        <ele>94.564558</ele>
        <time>2026-08-07T13:21:58.834Z</time>
      </trkpt>
      <trkpt lat="44.816024" lon="20.453031">
        <ele>100.180494</ele>
        <time>2026-08-07T13:22:37.386Z</time>
      </trkpt>
      <trkpt lat="44.816437" lon="20.452996">
        <ele>103.397597</ele>
        <time>2026-08-07T13:23:01.892Z</time>
      </trkpt>
      <trkpt lat="44.816418" lon="20.453068">
        <ele>103.821319</ele>
        <time>2026-08-07T13:23:04.790Z</time>
      </trkpt>
      <trkpt lat="44.816222" lon="20.453961">
        <ele>108.760238</ele>
        <time>2026-08-07T13:23:40.580Z</time>
      </trkpt>
      <trkpt lat="44.816194" lon="20.454091">
        <ele>109.214953</ele>
        <time>2026-08-07T13:23:45.097Z</time>
      </trkpt>
      <trkpt lat="44.816124" lon="20.454358">
        <ele>110.167662</ele>
        <time>2026-08-07T13:23:54.289Z</time>
      </trkpt>
      <trkpt lat="44.816005" lon="20.454783">
        <ele>111.696909</ele>
        <time>2026-08-07T13:24:07.345Z</time>
      </trkpt>
      <trkpt lat="44.815720" lon="20.455809">
        <ele>115.384768</ele>
        <time>2026-08-07T13:24:36.506Z</time>
      </trkpt>
      <trkpt lat="44.815695" lon="20.455913">
        <ele>115.752294</ele>
        <time>2026-08-07T13:24:39.491Z</time>
      </trkpt>
      <trkpt lat="44.815808" lon="20.455858">
        <ele>116.316331</ele>
        <time>2026-08-07T13:24:44.080Z</time>
      </trkpt>
      <trkpt lat="44.816203" lon="20.455666">
        <ele>117.579926</ele>
        <time>2026-08-07T13:24:59.901Z</time>
      </trkpt>
      <trkpt lat="44.816419" lon="20.456467">
        <ele>118.972848</ele>
        <time>2026-08-07T13:25:26.004Z</time>
      </trkpt>
      <trkpt lat="44.816265" lon="20.457018">
        <ele>119.935504</ele>
        <time>2026-08-07T13:25:42.878Z</time>
      </trkpt>
      <trkpt lat="44.816054" lon="20.457527">
        <ele>120.893796</ele>
        <time>2026-08-07T13:25:56.652Z</time>
      </trkpt>
      <trkpt lat="44.815972" lon="20.457723">
        <ele>120.900170</ele>
        <time>2026-08-07T13:26:01.097Z</time>
      </trkpt>
      <trkpt lat="44.815841" lon="20.458004">
        <ele>120.584957</ele>
        <time>2026-08-07T13:26:07.057Z</time>
      </trkpt>
      <trkpt lat="44.815313" lon="20.458660">
        <ele>119.654887</ele>
        <time>2026-08-07T13:26:23.711Z</time>
      </trkpt>
      <trkpt lat="44.815734" lon="20.459359">
        <ele>118.795291</ele>
        <time>2026-08-07T13:26:40.094Z</time>
      </trkpt>
      <trkpt lat="44.816120" lon="20.459965">
        <ele>118.706934</ele>
        <time>2026-08-07T13:26:54.848Z</time>
      </trkpt>
      <trkpt lat="44.815918" lon="20.460220">
        <ele>118.736031</ele>
        <time>2026-08-07T13:27:02.468Z</time>
      </trkpt>
      <trkpt lat="44.815766" lon="20.460411">
        <ele>118.757880</ele>
        <time>2026-08-07T13:27:08.806Z</time>
      </trkpt>
      <trkpt lat="44.815907" lon="20.460638">
        <ele>118.780848</ele>
        <time>2026-08-07T13:27:15.860Z</time>
      </trkpt>
      <trkpt lat="44.816017" lon="20.460817">
        <ele>118.798875</ele>
        <time>2026-08-07T13:27:21.495Z</time>
      </trkpt>
      <trkpt lat="44.816123" lon="20.460849">
        <ele>118.810507</ele>
        <time>2026-08-07T13:27:25.101Z</time>
      </trkpt>
      <trkpt lat="44.816017" lon="20.460817">
        <ele>118.822139</ele>
        <time>2026-08-07T13:27:28.782Z</time>
      </trkpt>
      <trkpt lat="44.815907" lon="20.460638">
        <ele>118.840166</ele>
        <time>2026-08-07T13:27:34.643Z</time>
      </trkpt>
      <trkpt lat="44.815822" lon="20.460737">
        <ele>118.836782</ele>
        <time>2026-08-07T13:27:38.465Z</time>
      </trkpt>
      <trkpt lat="44.815791" lon="20.460773">
        <ele>118.817358</ele>
        <time>2026-08-07T13:27:41.238Z</time>
      </trkpt>
      <trkpt lat="44.815731" lon="20.460683">
        <ele>118.774988</ele>
        <time>2026-08-07T13:27:43.551Z</time>
      </trkpt>
      <trkpt lat="44.815633" lon="20.460629">
        <ele>118.724104</ele>
        <time>2026-08-07T13:27:46.233Z</time>
      </trkpt>
      <trkpt lat="44.815472" lon="20.460546">
        <ele>118.641200</ele>
        <time>2026-08-07T13:27:50.405Z</time>
      </trkpt>
      <trkpt lat="44.815032" lon="20.460339">
        <ele>118.416879</ele>
        <time>2026-08-07T13:28:00.865Z</time>
      </trkpt>
      <trkpt lat="44.814886" lon="20.460258">
        <ele>118.341002</ele>
        <time>2026-08-07T13:28:04.024Z</time>
      </trkpt>
      <trkpt lat="44.814735" lon="20.460215">
        <ele>118.266503</ele>
        <time>2026-08-07T13:28:06.979Z</time>
      </trkpt>
      <trkpt lat="44.814567" lon="20.460240">
        <ele>118.184806</ele>
        <time>2026-08-07T13:28:10.050Z</time>
      </trkpt>
      <trkpt lat="44.814005" lon="20.460513">
        <ele>118.052572</ele>
        <time>2026-08-07T13:28:20.400Z</time>
      </trkpt>
      <trkpt lat="44.813683" lon="20.460646">
        <ele>118.197229</ele>
        <time>2026-08-07T13:28:26.463Z</time>
      </trkpt>
      <trkpt lat="44.813542" lon="20.460698">
        <ele>118.260063</ele>
        <time>2026-08-07T13:28:29.232Z</time>
      </trkpt>
      <trkpt lat="44.813477" lon="20.460694">
        <ele>118.288112</ele>
        <time>2026-08-07T13:28:30.438Z</time>
      </trkpt>
      <trkpt lat="44.813440" lon="20.460768">
        <ele>118.315801</ele>
        <time>2026-08-07T13:28:31.778Z</time>
      </trkpt>
      <trkpt lat="44.813184" lon="20.460894">
        <ele>118.432702</ele>
        <time>2026-08-07T13:28:38.099Z</time>
      </trkpt>
      <trkpt lat="44.812507" lon="20.461256">
        <ele>118.744863</ele>
        <time>2026-08-07T13:29:01.509Z</time>
      </trkpt>
      <trkpt lat="44.811734" lon="20.461715">
        <ele>119.995477</ele>
        <time>2026-08-07T13:29:29.792Z</time>
      </trkpt>
      <trkpt lat="44.810963" lon="20.462069">
        <ele>121.228852</ele>
        <time>2026-08-07T13:29:48.581Z</time>
      </trkpt>
      <trkpt lat="44.810861" lon="20.462126">
        <ele>121.395747</ele>
        <time>2026-08-07T13:29:51.229Z</time>
      </trkpt>
      <trkpt lat="44.810477" lon="20.462329">
        <ele>121.614204</ele>
        <time>2026-08-07T13:30:02.332Z</time>
      </trkpt>
      <trkpt lat="44.809952" lon="20.462617">
        <ele>121.814360</ele>
        <time>2026-08-07T13:30:16.585Z</time>
      </trkpt>
      <trkpt lat="44.809687" lon="20.462768">
        <ele>121.915914</ele>
        <time>2026-08-07T13:30:23.094Z</time>
      </trkpt>
      <trkpt lat="44.809481" lon="20.462886">
        <ele>121.994916</ele>
        <time>2026-08-07T13:30:28.312Z</time>
      </trkpt>
      <trkpt lat="44.808517" lon="20.463409">
        <ele>120.987598</ele>
        <time>2026-08-07T13:30:50.469Z</time>
      </trkpt>
      <trkpt lat="44.808369" lon="20.463491">
        <ele>120.709705</ele>
        <time>2026-08-07T13:30:53.016Z</time>
      </trkpt>
      <trkpt lat="44.808265" lon="20.463557">
        <ele>120.510395</ele>
        <time>2026-08-07T13:30:54.855Z</time>
      </trkpt>
      <trkpt lat="44.806820" lon="20.464355">
        <ele>118.318279</ele>
        <time>2026-08-07T13:31:21.264Z</time>
      </trkpt>
      <trkpt lat="44.806703" lon="20.464418">
        <ele>118.195178</ele>
        <time>2026-08-07T13:31:23.722Z</time>
      </trkpt>
      <trkpt lat="44.806613" lon="20.464464">
        <ele>118.101084</ele>
        <time>2026-08-07T13:31:25.649Z</time>
      </trkpt>
      <trkpt lat="44.805863" lon="20.464874">
        <ele>117.310433</ele>
        <time>2026-08-07T13:31:43.361Z</time>
      </trkpt>
      <trkpt lat="44.805021" lon="20.465333">
        <ele>117.270973</ele>
        <time>2026-08-07T13:32:04.947Z</time>
      </trkpt>
      <trkpt lat="44.804890" lon="20.465405">
        <ele>117.280041</ele>
        <time>2026-08-07T13:32:07.858Z</time>
      </trkpt>
      <trkpt lat="44.803893" lon="20.465929">
        <ele>117.971014</ele>
        <time>2026-08-07T13:32:30.382Z</time>
      </trkpt>
      <trkpt lat="44.803802" lon="20.465978">
        <ele>118.258561</ele>
        <time>2026-08-07T13:32:32.769Z</time>
      </trkpt>
      <trkpt lat="44.803659" lon="20.466057">
        <ele>118.711932</ele>
        <time>2026-08-07T13:32:36.604Z</time>
      </trkpt>
      <trkpt lat="44.803131" lon="20.466350">
        <ele>120.386922</ele>
        <time>2026-08-07T13:32:52.696Z</time>
      </trkpt>
      <trkpt lat="44.802988" lon="20.466370">
        <ele>120.811098</ele>
        <time>2026-08-07T13:32:58.443Z</time>
      </trkpt>
      <trkpt lat="44.802856" lon="20.466330">
        <ele>121.209636</ele>
        <time>2026-08-07T13:33:04.398Z</time>
      </trkpt>
      <trkpt lat="44.802738" lon="20.466178">
        <ele>121.681508</ele>
        <time>2026-08-07T13:33:11.977Z</time>
      </trkpt>
      <trkpt lat="44.802674" lon="20.466040">
        <ele>122.026796</ele>
        <time>2026-08-07T13:33:17.697Z</time>
      </trkpt>
      <trkpt lat="44.802575" lon="20.465952">
        <ele>122.372288</ele>
        <time>2026-08-07T13:33:23.234Z</time>
      </trkpt>
      <trkpt lat="44.802444" lon="20.465933">
        <ele>122.842263</ele>
        <time>2026-08-07T13:33:29.515Z</time>
      </trkpt>
      <trkpt lat="44.802359" lon="20.465969">
        <ele>123.286071</ele>
        <time>2026-08-07T13:33:33.714Z</time>
      </trkpt>
      <trkpt lat="44.802265" lon="20.466077">
        <ele>123.892505</ele>
        <time>2026-08-07T13:33:39.627Z</time>
      </trkpt>
      <trkpt lat="44.802222" lon="20.466189">
        <ele>124.344321</ele>
        <time>2026-08-07T13:33:43.890Z</time>
      </trkpt>
      <trkpt lat="44.802105" lon="20.466257">
        <ele>124.977159</ele>
        <time>2026-08-07T13:33:49.925Z</time>
      </trkpt>
      <trkpt lat="44.801928" lon="20.466276">
        <ele>125.864790</ele>
        <time>2026-08-07T13:33:58.009Z</time>
      </trkpt>
      <trkpt lat="44.801857" lon="20.466263">
        <ele>126.222800</ele>
        <time>2026-08-07T13:34:01.262Z</time>
      </trkpt>
      <trkpt lat="44.801711" lon="20.466237">
        <ele>126.958660</ele>
        <time>2026-08-07T13:34:07.792Z</time>
      </trkpt>
      <trkpt lat="44.801722" lon="20.466082">
        <ele>127.511346</ele>
        <time>2026-08-07T13:34:12.644Z</time>
      </trkpt>
      <trkpt lat="44.801190" lon="20.465967">
        <ele>130.202655</ele>
        <time>2026-08-07T13:34:39.813Z</time>
      </trkpt>
      <trkpt lat="44.801142" lon="20.465979">
        <ele>130.446421</ele>
        <time>2026-08-07T13:34:41.739Z</time>
      </trkpt>
      <trkpt lat="44.801105" lon="20.465989">
        <ele>130.634806</ele>
        <time>2026-08-07T13:34:43.176Z</time>
      </trkpt>
      <trkpt lat="44.801088" lon="20.465985">
        <ele>130.720989</ele>
        <time>2026-08-07T13:34:43.832Z</time>
      </trkpt>
      <trkpt lat="44.800665" lon="20.465902">
        <ele>131.810292</ele>
        <time>2026-08-07T13:34:57.789Z</time>
      </trkpt>
      <trkpt lat="44.800645" lon="20.465898">
        <ele>131.824586</ele>
        <time>2026-08-07T13:34:58.386Z</time>
      </trkpt>
      <trkpt lat="44.800619" lon="20.465891">
        <ele>131.843316</ele>
        <time>2026-08-07T13:34:59.159Z</time>
      </trkpt>
      <trkpt lat="44.800595" lon="20.465885">
        <ele>131.860564</ele>
        <time>2026-08-07T13:34:59.885Z</time>
      </trkpt>
      <trkpt lat="44.800582" lon="20.465882">
        <ele>131.869885</ele>
        <time>2026-08-07T13:35:00.274Z</time>
      </trkpt>
      <trkpt lat="44.800488" lon="20.465692">
        <ele>131.986181</ele>
        <time>2026-08-07T13:35:05.008Z</time>
      </trkpt>
      <trkpt lat="44.800013" lon="20.465595">
        <ele>132.325803</ele>
        <time>2026-08-07T13:35:17.737Z</time>
      </trkpt>
      <trkpt lat="44.799570" lon="20.465508">
        <ele>132.642300</ele>
        <time>2026-08-07T13:35:27.881Z</time>
      </trkpt>
      <trkpt lat="44.799436" lon="20.465481">
        <ele>132.738083</ele>
        <time>2026-08-07T13:35:30.695Z</time>
      </trkpt>
      <trkpt lat="44.799114" lon="20.465543">
        <ele>132.643735</ele>
        <time>2026-08-07T13:35:36.948Z</time>
      </trkpt>
      <trkpt lat="44.799065" lon="20.465562">
        <ele>132.476839</ele>
        <time>2026-08-07T13:35:37.820Z</time>
      </trkpt>
      <trkpt lat="44.799015" lon="20.465553">
        <ele>132.311304</ele>
        <time>2026-08-07T13:35:38.716Z</time>
      </trkpt>
      <trkpt lat="44.798943" lon="20.465542">
        <ele>132.073469</ele>
        <time>2026-08-07T13:35:40.016Z</time>
      </trkpt>
      <trkpt lat="44.798883" lon="20.465529">
        <ele>131.874113</ele>
        <time>2026-08-07T13:35:41.067Z</time>
      </trkpt>
      <trkpt lat="44.798843" lon="20.465521">
        <ele>131.741436</ele>
        <time>2026-08-07T13:35:41.762Z</time>
      </trkpt>
      <trkpt lat="44.798680" lon="20.465485">
        <ele>131.199608</ele>
        <time>2026-08-07T13:35:44.579Z</time>
      </trkpt>
      <trkpt lat="44.798510" lon="20.465451">
        <ele>130.635732</ele>
        <time>2026-08-07T13:35:47.529Z</time>
      </trkpt>
      <trkpt lat="44.798369" lon="20.465419">
        <ele>130.166720</ele>
        <time>2026-08-07T13:35:49.964Z</time>
      </trkpt>
      <trkpt lat="44.797851" lon="20.465322">
        <ele>128.450647</ele>
        <time>2026-08-07T13:35:58.759Z</time>
      </trkpt>
      <trkpt lat="44.797801" lon="20.465312">
        <ele>128.284801</ele>
        <time>2026-08-07T13:35:59.593Z</time>
      </trkpt>
      <trkpt lat="44.797724" lon="20.465294">
        <ele>128.028477</ele>
        <time>2026-08-07T13:36:00.907Z</time>
      </trkpt>
      <trkpt lat="44.797690" lon="20.465288">
        <ele>127.915948</ele>
        <time>2026-08-07T13:36:01.464Z</time>
      </trkpt>
      <trkpt lat="44.797591" lon="20.465267">
        <ele>127.587168</ele>
        <time>2026-08-07T13:36:03.122Z</time>
      </trkpt>
      <trkpt lat="44.797540" lon="20.465254">
        <ele>127.416966</ele>
        <time>2026-08-07T13:36:03.968Z</time>
      </trkpt>
      <trkpt lat="44.797290" lon="20.465215">
        <ele>126.192637</ele>
        <time>2026-08-07T13:36:07.987Z</time>
      </trkpt>
      <trkpt lat="44.796487" lon="20.465090">
        <ele>120.979791</ele>
        <time>2026-08-07T13:36:20.393Z</time>
      </trkpt>
      <trkpt lat="44.795745" lon="20.465098">
        <ele>116.191921</ele>
        <time>2026-08-07T13:36:31.398Z</time>
      </trkpt>
      <trkpt lat="44.795306" lon="20.465178">
        <ele>113.306017</ele>
        <time>2026-08-07T13:36:37.960Z</time>
      </trkpt>
      <trkpt lat="44.794854" lon="20.465363">
        <ele>110.225264</ele>
        <time>2026-08-07T13:36:45.011Z</time>
      </trkpt>
      <trkpt lat="44.794392" lon="20.465571">
        <ele>107.050734</ele>
        <time>2026-08-07T13:36:52.477Z</time>
      </trkpt>
      <trkpt lat="44.794150" lon="20.465688">
        <ele>105.376130</ele>
        <time>2026-08-07T13:36:56.383Z</time>
      </trkpt>
      <trkpt lat="44.793960" lon="20.465685">
        <ele>104.132438</ele>
        <time>2026-08-07T13:36:59.285Z</time>
      </trkpt>
      <trkpt lat="44.793833" lon="20.465731">
        <ele>103.398981</ele>
        <time>2026-08-07T13:37:01.299Z</time>
      </trkpt>
      <trkpt lat="44.793560" lon="20.465847">
        <ele>102.195937</ele>
        <time>2026-08-07T13:37:05.722Z</time>
      </trkpt>
      <trkpt lat="44.793443" lon="20.465894">
        <ele>101.682634</ele>
        <time>2026-08-07T13:37:07.617Z</time>
      </trkpt>
      <trkpt lat="44.793156" lon="20.466019">
        <ele>100.415227</ele>
        <time>2026-08-07T13:37:12.382Z</time>
      </trkpt>
      <trkpt lat="44.793054" lon="20.466060">
        <ele>99.967710</ele>
        <time>2026-08-07T13:37:14.096Z</time>
      </trkpt>
      <trkpt lat="44.793018" lon="20.466030">
        <ele>99.791250</ele>
        <time>2026-08-07T13:37:14.759Z</time>
      </trkpt>
      <trkpt lat="44.793000" lon="20.466015">
        <ele>99.703019</ele>
        <time>2026-08-07T13:37:15.090Z</time>
      </trkpt>
      <trkpt lat="44.792965" lon="20.465987">
        <ele>99.533212</ele>
        <time>2026-08-07T13:37:15.722Z</time>
      </trkpt>
      <trkpt lat="44.792355" lon="20.466237">
        <ele>96.852905</ele>
        <time>2026-08-07T13:37:25.901Z</time>
      </trkpt>
      <trkpt lat="44.792311" lon="20.466328">
        <ele>96.523206</ele>
        <time>2026-08-07T13:37:27.165Z</time>
      </trkpt>
      <trkpt lat="44.792257" lon="20.466417">
        <ele>96.172607</ele>
        <time>2026-08-07T13:37:28.532Z</time>
      </trkpt>
      <trkpt lat="44.791965" lon="20.466530">
        <ele>95.857393</ele>
        <time>2026-08-07T13:37:33.718Z</time>
      </trkpt>
      <trkpt lat="44.791704" lon="20.466571">
        <ele>95.683388</ele>
        <time>2026-08-07T13:37:38.626Z</time>
      </trkpt>
      <trkpt lat="44.791281" lon="20.466528">
        <ele>95.402389</ele>
        <time>2026-08-07T13:37:47.350Z</time>
      </trkpt>
      <trkpt lat="44.789609" lon="20.466011">
        <ele>95.371510</ele>
        <time>2026-08-07T13:38:28.328Z</time>
      </trkpt>
      <trkpt lat="44.789470" lon="20.465964">
        <ele>95.457984</ele>
        <time>2026-08-07T13:38:32.931Z</time>
      </trkpt>
      <trkpt lat="44.789157" lon="20.465875">
        <ele>95.651147</ele>
        <time>2026-08-07T13:38:43.048Z</time>
      </trkpt>
      <trkpt lat="44.788288" lon="20.465598">
        <ele>96.875427</ele>
        <time>2026-08-07T13:39:12.120Z</time>
      </trkpt>
      <trkpt lat="44.787853" lon="20.465375">
        <ele>97.901818</ele>
        <time>2026-08-07T13:39:28.517Z</time>
      </trkpt>
      <trkpt lat="44.787855" lon="20.465307">
        <ele>98.008920</ele>
        <time>2026-08-07T13:39:30.238Z</time>
      </trkpt>
      <trkpt lat="44.787809" lon="20.465301">
        <ele>98.111353</ele>
        <time>2026-08-07T13:39:31.699Z</time>
      </trkpt>
      <trkpt lat="44.787699" lon="20.465249">
        <ele>98.368620</ele>
        <time>2026-08-07T13:39:35.305Z</time>
      </trkpt>
      <trkpt lat="44.787632" lon="20.465196">
        <ele>98.538992</ele>
        <time>2026-08-07T13:39:37.891Z</time>
      </trkpt>
      <trkpt lat="44.787549" lon="20.465349">
        <ele>98.842047</ele>
        <time>2026-08-07T13:39:42.403Z</time>
      </trkpt>
      <trkpt lat="44.787409" lon="20.465455">
        <ele>99.194452</ele>
        <time>2026-08-07T13:39:47.904Z</time>
      </trkpt>
      <trkpt lat="44.787266" lon="20.465574">
        <ele>99.562702</ele>
        <time>2026-08-07T13:39:53.948Z</time>
      </trkpt>
      <trkpt lat="44.787259" lon="20.465642">
        <ele>99.670833</ele>
        <time>2026-08-07T13:39:55.680Z</time>
      </trkpt>
      <trkpt lat="44.787209" lon="20.465640">
        <ele>99.781744</ele>
        <time>2026-08-07T13:39:57.606Z</time>
      </trkpt>
      <trkpt lat="44.786439" lon="20.465612">
        <ele>102.949225</ele>
        <time>2026-08-07T13:40:28.105Z</time>
      </trkpt>
      <trkpt lat="44.785676" lon="20.465750">
        <ele>106.242202</ele>
        <time>2026-08-07T13:40:59.828Z</time>
      </trkpt>
      <trkpt lat="44.785400" lon="20.465814">
        <ele>107.439569</ele>
        <time>2026-08-07T13:41:10.947Z</time>
      </trkpt>
      <trkpt lat="44.784819" lon="20.465962">
        <ele>109.513939</ele>
        <time>2026-08-07T13:41:33.116Z</time>
      </trkpt>
      <trkpt lat="44.784506" lon="20.466074">
        <ele>110.629417</ele>
        <time>2026-08-07T13:41:44.459Z</time>
      </trkpt>
      <trkpt lat="44.784436" lon="20.466102">
        <ele>110.880764</ele>
        <time>2026-08-07T13:41:46.989Z</time>
      </trkpt>
      <trkpt lat="44.784349" lon="20.466140">
        <ele>111.195386</ele>
        <time>2026-08-07T13:41:50.175Z</time>
      </trkpt>
      <trkpt lat="44.783562" lon="20.466490">
        <ele>114.040303</ele>
        <time>2026-08-07T13:42:18.745Z</time>
      </trkpt>
      <trkpt lat="44.783280" lon="20.466613">
        <ele>115.032522</ele>
        <time>2026-08-07T13:42:29.054Z</time>
      </trkpt>
      <trkpt lat="44.783158" lon="20.466673">
        <ele>115.466844</ele>
        <time>2026-08-07T13:42:33.675Z</time>
      </trkpt>
      <trkpt lat="44.781835" lon="20.467265">
        <ele>120.146143</ele>
        <time>2026-08-07T13:43:23.794Z</time>
      </trkpt>
      <trkpt lat="44.780954" lon="20.467657">
        <ele>123.418433</ele>
        <time>2026-08-07T13:43:56.034Z</time>
      </trkpt>
      <trkpt lat="44.780432" lon="20.467916">
        <ele>125.378586</ele>
        <time>2026-08-07T13:44:15.926Z</time>
      </trkpt>
      <trkpt lat="44.779728" lon="20.468369">
        <ele>128.589366</ele>
        <time>2026-08-07T13:44:47.127Z</time>
      </trkpt>
      <trkpt lat="44.779620" lon="20.468463">
        <ele>129.151875</ele>
        <time>2026-08-07T13:44:52.396Z</time>
      </trkpt>
      <trkpt lat="44.779208" lon="20.468834">
        <ele>131.318515</ele>
        <time>2026-08-07T13:45:12.522Z</time>
      </trkpt>
      <trkpt lat="44.778490" lon="20.469692">
        <ele>135.267143</ele>
        <time>2026-08-07T13:45:50.205Z</time>
      </trkpt>
      <trkpt lat="44.778219" lon="20.470103">
        <ele>136.721687</ele>
        <time>2026-08-07T13:46:04.857Z</time>
      </trkpt>
      <trkpt lat="44.777719" lon="20.470979">
        <ele>139.636369</ele>
        <time>2026-08-07T13:46:33.998Z</time>
      </trkpt>
      <trkpt lat="44.777279" lon="20.471752">
        <ele>141.937920</ele>
        <time>2026-08-07T13:46:58.217Z</time>
      </trkpt>
      <trkpt lat="44.777136" lon="20.471981">
        <ele>142.579296</ele>
        <time>2026-08-07T13:47:05.747Z</time>
      </trkpt>
      <trkpt lat="44.776972" lon="20.472174">
        <ele>143.212353</ele>
        <time>2026-08-07T13:47:13.118Z</time>
      </trkpt>
      <trkpt lat="44.776660" lon="20.472473">
        <ele>144.330227</ele>
        <time>2026-08-07T13:47:26.018Z</time>
      </trkpt>
      <trkpt lat="44.776443" lon="20.472646">
        <ele>145.068880</ele>
        <time>2026-08-07T13:47:34.355Z</time>
      </trkpt>
      <trkpt lat="44.776197" lon="20.472782">
        <ele>145.851749</ele>
        <time>2026-08-07T13:47:42.997Z</time>
      </trkpt>
      <trkpt lat="44.775614" lon="20.472969">
        <ele>147.737326</ele>
        <time>2026-08-07T13:48:02.991Z</time>
      </trkpt>
      <trkpt lat="44.774955" lon="20.473169">
        <ele>149.885974</ele>
        <time>2026-08-07T13:48:26.175Z</time>
      </trkpt>
      <trkpt lat="44.774123" lon="20.473420">
        <ele>152.632494</ele>
        <time>2026-08-07T13:48:57.338Z</time>
      </trkpt>
      <trkpt lat="44.773759" lon="20.473598">
        <ele>153.917344</ele>
        <time>2026-08-07T13:49:12.203Z</time>
      </trkpt>
      <trkpt lat="44.773674" lon="20.473658">
        <ele>154.234380</ele>
        <time>2026-08-07T13:49:15.930Z</time>
      </trkpt>
      <trkpt lat="44.772267" lon="20.474695">
        <ele>157.936537</ele>
        <time>2026-08-07T13:50:11.197Z</time>
      </trkpt>
      <trkpt lat="44.772329" lon="20.474854">
        <ele>157.959032</ele>
        <time>2026-08-07T13:50:14.303Z</time>
      </trkpt>
      <trkpt lat="44.773287" lon="20.474158">
        <ele>158.147316</ele>
        <time>2026-08-07T13:50:34.281Z</time>
      </trkpt>
      <trkpt lat="44.773734" lon="20.473817">
        <ele>158.643101</ele>
        <time>2026-08-07T13:50:43.733Z</time>
      </trkpt>
      <trkpt lat="44.773674" lon="20.473658">
        <ele>158.789145</ele>
        <time>2026-08-07T13:50:46.396Z</time>
      </trkpt>
      <trkpt lat="44.772267" lon="20.474695">
        <ele>160.959497</ele>
        <time>2026-08-07T13:51:35.618Z</time>
      </trkpt>
      <trkpt lat="44.771690" lon="20.475126">
        <ele>162.394486</ele>
        <time>2026-08-07T13:51:57.703Z</time>
      </trkpt>
      <trkpt lat="44.771421" lon="20.475331">
        <ele>163.066480</ele>
        <time>2026-08-07T13:52:07.310Z</time>
      </trkpt>
      <trkpt lat="44.770855" lon="20.475760">
        <ele>164.354142</ele>
        <time>2026-08-07T13:52:25.578Z</time>
      </trkpt>
      <trkpt lat="44.770826" lon="20.475781">
        <ele>164.396925</ele>
        <time>2026-08-07T13:52:26.442Z</time>
      </trkpt>
      <trkpt lat="44.770746" lon="20.475841">
        <ele>164.515841</ele>
        <time>2026-08-07T13:52:28.926Z</time>
      </trkpt>
      <trkpt lat="44.770546" lon="20.475965">
        <ele>164.802547</ele>
        <time>2026-08-07T13:52:34.765Z</time>
      </trkpt>
      <trkpt lat="44.769935" lon="20.476229">
        <ele>165.641083</ele>
        <time>2026-08-07T13:52:51.714Z</time>
      </trkpt>
      <trkpt lat="44.769717" lon="20.476316">
        <ele>165.938370</ele>
        <time>2026-08-07T13:52:57.781Z</time>
      </trkpt>
      <trkpt lat="44.769658" lon="20.476339">
        <ele>166.018691</ele>
        <time>2026-08-07T13:52:59.410Z</time>
      </trkpt>
      <trkpt lat="44.769592" lon="20.476365">
        <ele>166.108610</ele>
        <time>2026-08-07T13:53:01.247Z</time>
      </trkpt>
      <trkpt lat="44.768995" lon="20.476592">
        <ele>167.121052</ele>
        <time>2026-08-07T13:53:18.659Z</time>
      </trkpt>
      <trkpt lat="44.768372" lon="20.476826">
        <ele>168.402699</ele>
        <time>2026-08-07T13:53:38.604Z</time>
      </trkpt>
      <trkpt lat="44.768248" lon="20.476870">
        <ele>168.656882</ele>
        <time>2026-08-07T13:53:42.554Z</time>
      </trkpt>
      <trkpt lat="44.768180" lon="20.476897">
        <ele>168.797317</ele>
        <time>2026-08-07T13:53:44.762Z</time>
      </trkpt>
      <trkpt lat="44.767853" lon="20.477029">
        <ele>169.473481</ele>
        <time>2026-08-07T13:53:55.446Z</time>
      </trkpt>
      <trkpt lat="44.766895" lon="20.477399">
        <ele>171.326064</ele>
        <time>2026-08-07T13:54:25.765Z</time>
      </trkpt>
      <trkpt lat="44.764962" lon="20.478107">
        <ele>174.929114</ele>
        <time>2026-08-07T13:55:23.304Z</time>
      </trkpt>
      <trkpt lat="44.764881" lon="20.478141">
        <ele>175.081230</ele>
        <time>2026-08-07T13:55:25.757Z</time>
      </trkpt>
      <trkpt lat="44.763843" lon="20.478544">
        <ele>177.012064</ele>
        <time>2026-08-07T13:55:58.078Z</time>
      </trkpt>
      <trkpt lat="44.763217" lon="20.478826">
        <ele>178.175574</ele>
        <time>2026-08-07T13:56:18.057Z</time>
      </trkpt>
      <trkpt lat="44.762985" lon="20.478953">
        <ele>178.616214</ele>
        <time>2026-08-07T13:56:25.410Z</time>
      </trkpt>
      <trkpt lat="44.762744" lon="20.479101">
        <ele>179.081649</ele>
        <time>2026-08-07T13:56:33.080Z</time>
      </trkpt>
      <trkpt lat="44.762390" lon="20.479321">
        <ele>179.766632</ele>
        <time>2026-08-07T13:56:44.143Z</time>
      </trkpt>
      <trkpt lat="44.761886" lon="20.479632">
        <ele>180.449263</ele>
        <time>2026-08-07T13:56:58.812Z</time>
      </trkpt>
      <trkpt lat="44.761585" lon="20.479851">
        <ele>180.867715</ele>
        <time>2026-08-07T13:57:07.333Z</time>
      </trkpt>
      <trkpt lat="44.761472" lon="20.479937">
        <ele>181.026359</ele>
        <time>2026-08-07T13:57:10.662Z</time>
      </trkpt>
      <trkpt lat="44.761446" lon="20.479955">
        <ele>181.062142</ele>
        <time>2026-08-07T13:57:11.443Z</time>
      </trkpt>
      <trkpt lat="44.761203" lon="20.480080">
        <ele>181.381671</ele>
        <time>2026-08-07T13:57:18.510Z</time>
      </trkpt>
      <trkpt lat="44.761165" lon="20.480045">
        <ele>181.437752</ele>
        <time>2026-08-07T13:57:19.790Z</time>
      </trkpt>
      <trkpt lat="44.761111" lon="20.480024">
        <ele>181.506945</ele>
        <time>2026-08-07T13:57:21.348Z</time>
      </trkpt>
      <trkpt lat="44.761030" lon="20.480042">
        <ele>181.608228</ele>
        <time>2026-08-07T13:57:23.601Z</time>
      </trkpt>
      <trkpt lat="44.760961" lon="20.480118">
        <ele>181.716420</ele>
        <time>2026-08-07T13:57:26.057Z</time>
      </trkpt>
      <trkpt lat="44.760933" lon="20.480203">
        <ele>181.798597</ele>
        <time>2026-08-07T13:57:27.885Z</time>
      </trkpt>
      <trkpt lat="44.760674" lon="20.480458">
        <ele>182.168190</ele>
        <time>2026-08-07T13:57:36.809Z</time>
      </trkpt>
      <trkpt lat="44.760261" lon="20.480829">
        <ele>182.707519</ele>
        <time>2026-08-07T13:57:50.883Z</time>
      </trkpt>
      <trkpt lat="44.760155" lon="20.480965">
        <ele>182.865392</ele>
        <time>2026-08-07T13:57:55.028Z</time>
      </trkpt>
      <trkpt lat="44.760114" lon="20.480990">
        <ele>182.914581</ele>
        <time>2026-08-07T13:57:56.337Z</time>
      </trkpt>
      <trkpt lat="44.759244" lon="20.481548">
        <ele>183.967092</ele>
        <time>2026-08-07T13:58:21.913Z</time>
      </trkpt>
      <trkpt lat="44.759118" lon="20.481630">
        <ele>183.835691</ele>
        <time>2026-08-07T13:58:25.053Z</time>
      </trkpt>
      <trkpt lat="44.758315" lon="20.482139">
        <ele>182.858301</ele>
        <time>2026-08-07T13:58:41.970Z</time>
      </trkpt>
      <trkpt lat="44.757300" lon="20.482781">
        <ele>181.875304</ele>
        <time>2026-08-07T13:59:01.571Z</time>
      </trkpt>
      <trkpt lat="44.757183" lon="20.482857">
        <ele>181.832759</ele>
        <time>2026-08-07T13:59:03.857Z</time>
      </trkpt>
      <trkpt lat="44.757078" lon="20.482920">
        <ele>181.795072</ele>
        <time>2026-08-07T13:59:05.941Z</time>
      </trkpt>
      <trkpt lat="44.757039" lon="20.482945">
        <ele>181.780922</ele>
        <time>2026-08-07T13:59:06.736Z</time>
      </trkpt>
      <trkpt lat="44.756953" lon="20.483002">
        <ele>181.749537</ele>
        <time>2026-08-07T13:59:08.582Z</time>
      </trkpt>
      <trkpt lat="44.756911" lon="20.483028">
        <ele>181.734388</ele>
        <time>2026-08-07T13:59:09.502Z</time>
      </trkpt>
      <trkpt lat="44.756571" lon="20.483251">
        <ele>181.610539</ele>
        <time>2026-08-07T13:59:18.319Z</time>
      </trkpt>
      <trkpt lat="44.756319" lon="20.483346">
        <ele>181.524398</ele>
        <time>2026-08-07T13:59:25.400Z</time>
      </trkpt>
      <trkpt lat="44.756200" lon="20.483354">
        <ele>181.485060</ele>
        <time>2026-08-07T13:59:28.753Z</time>
      </trkpt>
      <trkpt lat="44.756053" lon="20.483318">
        <ele>181.435791</ele>
        <time>2026-08-07T13:59:32.879Z</time>
      </trkpt>
      <trkpt lat="44.755856" lon="20.483164">
        <ele>181.271855</ele>
        <time>2026-08-07T13:59:38.730Z</time>
      </trkpt>
      <trkpt lat="44.755734" lon="20.483032">
        <ele>181.050765</ele>
        <time>2026-08-07T13:59:42.427Z</time>
      </trkpt>
      <trkpt lat="44.755505" lon="20.482692">
        <ele>180.572565</ele>
        <time>2026-08-07T13:59:49.652Z</time>
      </trkpt>
      <trkpt lat="44.755223" lon="20.482261">
        <ele>179.974511</ele>
        <time>2026-08-07T13:59:57.679Z</time>
      </trkpt>
      <trkpt lat="44.755064" lon="20.482050">
        <ele>179.660552</ele>
        <time>2026-08-07T14:00:01.601Z</time>
      </trkpt>
      <trkpt lat="44.754872" lon="20.481880">
        <ele>179.334634</ele>
        <time>2026-08-07T14:00:05.407Z</time>
      </trkpt>
      <trkpt lat="44.754676" lon="20.481787">
        <ele>179.037414</ele>
        <time>2026-08-07T14:00:08.761Z</time>
      </trkpt>
      <trkpt lat="44.754464" lon="20.481730">
        <ele>178.593860</ele>
        <time>2026-08-07T14:00:12.176Z</time>
      </trkpt>
      <trkpt lat="44.754274" lon="20.481760">
        <ele>177.837619</ele>
        <time>2026-08-07T14:00:15.211Z</time>
      </trkpt>
      <trkpt lat="44.753690" lon="20.482000">
        <ele>175.431293</ele>
        <time>2026-08-07T14:00:24.665Z</time>
      </trkpt>
      <trkpt lat="44.753499" lon="20.482046">
        <ele>174.664837</ele>
        <time>2026-08-07T14:00:27.645Z</time>
      </trkpt>
      <trkpt lat="44.753242" lon="20.482043">
        <ele>173.648258</ele>
        <time>2026-08-07T14:00:31.600Z</time>
      </trkpt>
      <trkpt lat="44.752945" lon="20.481978">
        <ele>172.459393</ele>
        <time>2026-08-07T14:00:36.338Z</time>
      </trkpt>
      <trkpt lat="44.752714" lon="20.482007">
        <ele>171.618779</ele>
        <time>2026-08-07T14:00:40.034Z</time>
      </trkpt>
      <trkpt lat="44.752359" lon="20.482125">
        <ele>170.929364</ele>
        <time>2026-08-07T14:00:45.837Z</time>
      </trkpt>
      <trkpt lat="44.751924" lon="20.482293">
        <ele>170.076820</ele>
        <time>2026-08-07T14:00:53.199Z</time>
      </trkpt>
      <trkpt lat="44.751748" lon="20.482294">
        <ele>169.744165</ele>
        <time>2026-08-07T14:00:56.241Z</time>
      </trkpt>
      <trkpt lat="44.751525" lon="20.482215">
        <ele>169.309545</ele>
        <time>2026-08-07T14:01:00.413Z</time>
      </trkpt>
      <trkpt lat="44.751012" lon="20.481969">
        <ele>168.292301</ele>
        <time>2026-08-07T14:01:12.616Z</time>
      </trkpt>
      <trkpt lat="44.750948" lon="20.481939">
        <ele>168.380599</ele>
        <time>2026-08-07T14:01:14.223Z</time>
      </trkpt>
      <trkpt lat="44.750836" lon="20.481885">
        <ele>168.535566</ele>
        <time>2026-08-07T14:01:17.319Z</time>
      </trkpt>
      <trkpt lat="44.750641" lon="20.481789">
        <ele>168.805977</ele>
        <time>2026-08-07T14:01:23.089Z</time>
      </trkpt>
      <trkpt lat="44.750312" lon="20.481566">
        <ele>169.283944</ele>
        <time>2026-08-07T14:01:33.577Z</time>
      </trkpt>
      <trkpt lat="44.750166" lon="20.481354">
        <ele>169.558477</ele>
        <time>2026-08-07T14:01:39.438Z</time>
      </trkpt>
      <trkpt lat="44.750100" lon="20.481210">
        <ele>169.717804</ele>
        <time>2026-08-07T14:01:42.857Z</time>
      </trkpt>
      <trkpt lat="44.750021" lon="20.480932">
        <ele>169.996169</ele>
        <time>2026-08-07T14:01:48.801Z</time>
      </trkpt>
      <trkpt lat="44.750001" lon="20.480699">
        <ele>170.214353</ele>
        <time>2026-08-07T14:01:53.443Z</time>
      </trkpt>
      <trkpt lat="44.750128" lon="20.479663">
        <ele>171.099025</ele>
        <time>2026-08-07T14:02:15.464Z</time>
      </trkpt>
      <trkpt lat="44.750138" lon="20.479347">
        <ele>171.343332</ele>
        <time>2026-08-07T14:02:22.143Z</time>
      </trkpt>
      <trkpt lat="44.750087" lon="20.479081">
        <ele>171.556135</ele>
        <time>2026-08-07T14:02:27.140Z</time>
      </trkpt>
      <trkpt lat="44.749969" lon="20.478788">
        <ele>171.816291</ele>
        <time>2026-08-07T14:02:32.830Z</time>
      </trkpt>
      <trkpt lat="44.749891" lon="20.478480">
        <ele>172.068851</ele>
        <time>2026-08-07T14:02:38.557Z</time>
      </trkpt>
      <trkpt lat="44.749885" lon="20.478304">
        <ele>172.204944</ele>
        <time>2026-08-07T14:02:41.766Z</time>
      </trkpt>
      <trkpt lat="44.749902" lon="20.478084">
        <ele>172.375866</ele>
        <time>2026-08-07T14:02:45.897Z</time>
      </trkpt>
      <trkpt lat="44.749967" lon="20.477449">
        <ele>172.737818</ele>
        <time>2026-08-07T14:02:57.810Z</time>
      </trkpt>
      <trkpt lat="44.749924" lon="20.477153">
        <ele>172.856323</ele>
        <time>2026-08-07T14:03:03.186Z</time>
      </trkpt>
      <trkpt lat="44.749826" lon="20.476938">
        <ele>172.956528</ele>
        <time>2026-08-07T14:03:07.591Z</time>
      </trkpt>
      <trkpt lat="44.749695" lon="20.476799">
        <ele>173.047122</ele>
        <time>2026-08-07T14:03:11.203Z</time>
      </trkpt>
      <trkpt lat="44.749599" lon="20.476731">
        <ele>173.106473</ele>
        <time>2026-08-07T14:03:13.530Z</time>
      </trkpt>
      <trkpt lat="44.749448" lon="20.476692">
        <ele>173.191261</ele>
        <time>2026-08-07T14:03:16.960Z</time>
      </trkpt>
      <trkpt lat="44.749215" lon="20.476661">
        <ele>173.320520</ele>
        <time>2026-08-07T14:03:22.501Z</time>
      </trkpt>
      <trkpt lat="44.749020" lon="20.476644">
        <ele>173.428424</ele>
        <time>2026-08-07T14:03:27.358Z</time>
      </trkpt>
      <trkpt lat="44.748956" lon="20.476637">
        <ele>173.463877</ele>
        <time>2026-08-07T14:03:28.960Z</time>
      </trkpt>
      <trkpt lat="44.748823" lon="20.476625">
        <ele>173.537484</ele>
        <time>2026-08-07T14:03:32.339Z</time>
      </trkpt>
      <trkpt lat="44.748680" lon="20.476614">
        <ele>173.631216</ele>
        <time>2026-08-07T14:03:36.002Z</time>
      </trkpt>
      <trkpt lat="44.748292" lon="20.476624">
        <ele>173.980771</ele>
        <time>2026-08-07T14:03:45.788Z</time>
      </trkpt>
      <trkpt lat="44.747935" lon="20.476690">
        <ele>174.305104</ele>
        <time>2026-08-07T14:03:55.074Z</time>
      </trkpt>
      <trkpt lat="44.747695" lon="20.476764">
        <ele>174.526410</ele>
        <time>2026-08-07T14:04:01.521Z</time>
      </trkpt>
      <trkpt lat="44.747536" lon="20.476809">
        <ele>174.672497</ele>
        <time>2026-08-07T14:04:05.643Z</time>
      </trkpt>
      <trkpt lat="44.747306" lon="20.476877">
        <ele>174.884190</ele>
        <time>2026-08-07T14:04:11.621Z</time>
      </trkpt>
      <trkpt lat="44.746728" lon="20.477062">
        <ele>175.573283</ele>
        <time>2026-08-07T14:04:27.052Z</time>
      </trkpt>
      <trkpt lat="44.746478" lon="20.477142">
        <ele>175.979375</ele>
        <time>2026-08-07T14:04:34.385Z</time>
      </trkpt>
      <trkpt lat="44.746441" lon="20.477156">
        <ele>176.040061</ele>
        <time>2026-08-07T14:04:35.495Z</time>
      </trkpt>
      <trkpt lat="44.746374" lon="20.477181">
        <ele>176.149851</ele>
        <time>2026-08-07T14:04:37.525Z</time>
      </trkpt>
      <trkpt lat="44.746304" lon="20.477207">
        <ele>176.264522</ele>
        <time>2026-08-07T14:04:39.671Z</time>
      </trkpt>
      <trkpt lat="44.745924" lon="20.477410">
        <ele>176.908300</ele>
        <time>2026-08-07T14:04:51.624Z</time>
      </trkpt>
      <trkpt lat="44.745847" lon="20.477469">
        <ele>177.047158</ele>
        <time>2026-08-07T14:04:54.178Z</time>
      </trkpt>
      <trkpt lat="44.745784" lon="20.477537">
        <ele>177.172897</ele>
        <time>2026-08-07T14:04:56.515Z</time>
      </trkpt>
      <trkpt lat="44.745644" lon="20.477699">
        <ele>177.459935</ele>
        <time>2026-08-07T14:05:01.846Z</time>
      </trkpt>
      <trkpt lat="44.745368" lon="20.478125">
        <ele>178.097150</ele>
        <time>2026-08-07T14:05:14.082Z</time>
      </trkpt>
      <trkpt lat="44.745021" lon="20.478677">
        <ele>178.719873</ele>
        <time>2026-08-07T14:05:28.983Z</time>
      </trkpt>
      <trkpt lat="44.744776" lon="20.479082">
        <ele>179.169283</ele>
        <time>2026-08-07T14:05:39.396Z</time>
      </trkpt>
      <trkpt lat="44.744576" lon="20.479405">
        <ele>179.531277</ele>
        <time>2026-08-07T14:05:47.499Z</time>
      </trkpt>
      <trkpt lat="44.743774" lon="20.480700">
        <ele>180.088985</ele>
        <time>2026-08-07T14:06:17.986Z</time>
      </trkpt>
      <trkpt lat="44.743759" lon="20.480725">
        <ele>180.084989</ele>
        <time>2026-08-07T14:06:18.560Z</time>
      </trkpt>
      <trkpt lat="44.743607" lon="20.480956">
        <ele>180.046541</ele>
        <time>2026-08-07T14:06:23.933Z</time>
      </trkpt>
      <trkpt lat="44.742951" lon="20.481993">
        <ele>179.879030</ele>
        <time>2026-08-07T14:06:43.046Z</time>
      </trkpt>
      <trkpt lat="44.742861" lon="20.482169">
        <ele>179.856005</ele>
        <time>2026-08-07T14:06:45.943Z</time>
      </trkpt>
      <trkpt lat="44.742752" lon="20.482471">
        <ele>179.820039</ele>
        <time>2026-08-07T14:06:50.428Z</time>
      </trkpt>
      <trkpt lat="44.742716" lon="20.482582">
        <ele>179.807083</ele>
        <time>2026-08-07T14:06:52.162Z</time>
      </trkpt>
      <trkpt lat="44.742489" lon="20.483456">
        <ele>179.708280</ele>
        <time>2026-08-07T14:07:06.011Z</time>
      </trkpt>
      <trkpt lat="44.742425" lon="20.483639">
        <ele>179.686624</ele>
        <time>2026-08-07T14:07:09.115Z</time>
      </trkpt>
      <trkpt lat="44.742322" lon="20.483846">
        <ele>179.659790</ele>
        <time>2026-08-07T14:07:13.491Z</time>
      </trkpt>
      <trkpt lat="44.742132" lon="20.484148">
        <ele>179.693694</ele>
        <time>2026-08-07T14:07:21.456Z</time>
      </trkpt>
      <trkpt lat="44.742093" lon="20.484202">
        <ele>179.777303</ele>
        <time>2026-08-07T14:07:23.053Z</time>
      </trkpt>
      <trkpt lat="44.741950" lon="20.484374">
        <ele>180.064783</ele>
        <time>2026-08-07T14:07:28.355Z</time>
      </trkpt>
      <trkpt lat="44.741679" lon="20.484668">
        <ele>180.587717</ele>
        <time>2026-08-07T14:07:38.125Z</time>
      </trkpt>
      <trkpt lat="44.741491" lon="20.484868">
        <ele>180.947885</ele>
        <time>2026-08-07T14:07:44.798Z</time>
      </trkpt>
      <trkpt lat="44.740916" lon="20.485474">
        <ele>182.045746</ele>
        <time>2026-08-07T14:08:03.966Z</time>
      </trkpt>
      <trkpt lat="44.740738" lon="20.485660">
        <ele>182.396809</ele>
        <time>2026-08-07T14:08:10.420Z</time>
      </trkpt>
      <trkpt lat="44.740735" lon="20.485664">
        <ele>182.409808</ele>
        <time>2026-08-07T14:08:10.533Z</time>
      </trkpt>
      <trkpt lat="44.740593" lon="20.485813">
        <ele>182.967010</ele>
        <time>2026-08-07T14:08:16.276Z</time>
      </trkpt>
      <trkpt lat="44.739998" lon="20.486439">
        <ele>185.304001</ele>
        <time>2026-08-07T14:08:43.864Z</time>
      </trkpt>
      <trkpt lat="44.739760" lon="20.486670">
        <ele>186.213509</ele>
        <time>2026-08-07T14:08:54.056Z</time>
      </trkpt>
      <trkpt lat="44.739652" lon="20.486698">
        <ele>186.559015</ele>
        <time>2026-08-07T14:08:57.881Z</time>
      </trkpt>
      <trkpt lat="44.739508" lon="20.486683">
        <ele>187.013310</ele>
        <time>2026-08-07T14:09:02.928Z</time>
      </trkpt>
      <trkpt lat="44.739326" lon="20.486562">
        <ele>187.646563</ele>
        <time>2026-08-07T14:09:09.866Z</time>
      </trkpt>
      <trkpt lat="44.738915" lon="20.485868">
        <ele>189.851709</ele>
        <time>2026-08-07T14:09:33.127Z</time>
      </trkpt>
      <trkpt lat="44.738764" lon="20.485744">
        <ele>190.464261</ele>
        <time>2026-08-07T14:09:39.894Z</time>
      </trkpt>
      <trkpt lat="44.738509" lon="20.485638">
        <ele>191.395936</ele>
        <time>2026-08-07T14:09:49.650Z</time>
      </trkpt>
      <trkpt lat="44.738358" lon="20.485658">
        <ele>191.927387</ele>
        <time>2026-08-07T14:09:54.639Z</time>
      </trkpt>
      <trkpt lat="44.737946" lon="20.485816">
        <ele>193.423669</ele>
        <time>2026-08-07T14:10:09.678Z</time>
      </trkpt>
      <trkpt lat="44.737877" lon="20.485821">
        <ele>193.665770</ele>
        <time>2026-08-07T14:10:12.176Z</time>
      </trkpt>
      <trkpt lat="44.737727" lon="20.485831">
        <ele>194.191969</ele>
        <time>2026-08-07T14:10:17.905Z</time>
      </trkpt>
      <trkpt lat="44.737641" lon="20.485819">
        <ele>194.438720</ele>
        <time>2026-08-07T14:10:21.279Z</time>
      </trkpt>
      <trkpt lat="44.737369" lon="20.485674">
        <ele>195.101309</ele>
        <time>2026-08-07T14:10:32.629Z</time>
      </trkpt>
      <trkpt lat="44.736902" lon="20.485263">
        <ele>196.355986</ele>
        <time>2026-08-07T14:10:53.459Z</time>
      </trkpt>
      <trkpt lat="44.736771" lon="20.485139">
        <ele>196.715610</ele>
        <time>2026-08-07T14:10:58.545Z</time>
      </trkpt>
      <trkpt lat="44.736763" lon="20.485132">
        <ele>196.737069</ele>
        <time>2026-08-07T14:10:58.846Z</time>
      </trkpt>
      <trkpt lat="44.736181" lon="20.484598">
        <ele>198.319693</ele>
        <time>2026-08-07T14:11:16.012Z</time>
      </trkpt>
      <trkpt lat="44.736118" lon="20.484541">
        <ele>198.411094</ele>
        <time>2026-08-07T14:11:17.738Z</time>
      </trkpt>
      <trkpt lat="44.735893" lon="20.484338">
        <ele>198.192018</ele>
        <time>2026-08-07T14:11:23.839Z</time>
      </trkpt>
      <trkpt lat="44.735728" lon="20.484196">
        <ele>198.033484</ele>
        <time>2026-08-07T14:11:27.912Z</time>
      </trkpt>
      <trkpt lat="44.735091" lon="20.483777">
        <ele>197.457106</ele>
        <time>2026-08-07T14:11:41.177Z</time>
      </trkpt>
      <trkpt lat="44.735039" lon="20.483753">
        <ele>197.412246</ele>
        <time>2026-08-07T14:11:42.164Z</time>
      </trkpt>
      <trkpt lat="44.734922" lon="20.483699">
        <ele>197.311310</ele>
        <time>2026-08-07T14:11:44.414Z</time>
      </trkpt>
      <trkpt lat="44.734746" lon="20.483627">
        <ele>197.161064</ele>
        <time>2026-08-07T14:11:47.747Z</time>
      </trkpt>
      <trkpt lat="44.734636" lon="20.483582">
        <ele>197.067160</ele>
        <time>2026-08-07T14:11:49.849Z</time>
      </trkpt>
      <trkpt lat="44.733395" lon="20.483210">
        <ele>196.097495</ele>
        <time>2026-08-07T14:12:14.200Z</time>
      </trkpt>
      <trkpt lat="44.732846" lon="20.483032">
        <ele>195.670634</ele>
        <time>2026-08-07T14:12:26.048Z</time>
      </trkpt>
      <trkpt lat="44.732571" lon="20.482952">
        <ele>195.641220</ele>
        <time>2026-08-07T14:12:32.235Z</time>
      </trkpt>
      <trkpt lat="44.732227" lon="20.482859">
        <ele>195.731207</ele>
        <time>2026-08-07T14:12:40.263Z</time>
      </trkpt>
      <trkpt lat="44.731877" lon="20.482805">
        <ele>195.821658</ele>
        <time>2026-08-07T14:12:48.567Z</time>
      </trkpt>
      <trkpt lat="44.731526" lon="20.482793">
        <ele>195.911855</ele>
        <time>2026-08-07T14:12:56.789Z</time>
      </trkpt>
      <trkpt lat="44.731465" lon="20.482796">
        <ele>195.927535</ele>
        <time>2026-08-07T14:12:58.149Z</time>
      </trkpt>
      <trkpt lat="44.731203" lon="20.482858">
        <ele>195.995786</ele>
        <time>2026-08-07T14:13:04.415Z</time>
      </trkpt>
      <trkpt lat="44.730924" lon="20.482979">
        <ele>196.104707</ele>
        <time>2026-08-07T14:13:11.601Z</time>
      </trkpt>
      <trkpt lat="44.730624" lon="20.483175">
        <ele>196.396612</ele>
        <time>2026-08-07T14:13:19.843Z</time>
      </trkpt>
      <trkpt lat="44.730350" lon="20.483418">
        <ele>196.682437</ele>
        <time>2026-08-07T14:13:27.936Z</time>
      </trkpt>
      <trkpt lat="44.730288" lon="20.483479">
        <ele>196.749199</ele>
        <time>2026-08-07T14:13:29.861Z</time>
      </trkpt>
      <trkpt lat="44.730240" lon="20.483528">
        <ele>196.801531</ele>
        <time>2026-08-07T14:13:31.370Z</time>
      </trkpt>
      <trkpt lat="44.729016" lon="20.484721">
        <ele>198.588034</ele>
        <time>2026-08-07T14:14:10.899Z</time>
      </trkpt>
      <trkpt lat="44.728960" lon="20.484775">
        <ele>198.708021</ele>
        <time>2026-08-07T14:14:12.813Z</time>
      </trkpt>
      <trkpt lat="44.728931" lon="20.484804">
        <ele>198.770902</ele>
        <time>2026-08-07T14:14:13.850Z</time>
      </trkpt>
      <trkpt lat="44.728773" lon="20.484963">
        <ele>199.114220</ele>
        <time>2026-08-07T14:14:19.595Z</time>
      </trkpt>
      <trkpt lat="44.727568" lon="20.486121">
        <ele>200.865028</ele>
        <time>2026-08-07T14:15:05.195Z</time>
      </trkpt>
      <trkpt lat="44.727188" lon="20.486469">
        <ele>200.903186</ele>
        <time>2026-08-07T14:15:16.818Z</time>
      </trkpt>
      <trkpt lat="44.726867" lon="20.486793">
        <ele>200.936433</ele>
        <time>2026-08-07T14:15:24.535Z</time>
      </trkpt>
      <trkpt lat="44.726716" lon="20.486988">
        <ele>200.953681</ele>
        <time>2026-08-07T14:15:28.209Z</time>
      </trkpt>
      <trkpt lat="44.726674" lon="20.487063">
        <ele>200.959392</ele>
        <time>2026-08-07T14:15:29.406Z</time>
      </trkpt>
      <trkpt lat="44.726535" lon="20.487337">
        <ele>200.849538</ele>
        <time>2026-08-07T14:15:33.577Z</time>
      </trkpt>
      <trkpt lat="44.726454" lon="20.487596">
        <ele>200.379694</ele>
        <time>2026-08-07T14:15:37.018Z</time>
      </trkpt>
      <trkpt lat="44.726418" lon="20.487972">
        <ele>199.749765</ele>
        <time>2026-08-07T14:15:41.594Z</time>
      </trkpt>
      <trkpt lat="44.726438" lon="20.488359">
        <ele>199.105518</ele>
        <time>2026-08-07T14:15:46.259Z</time>
      </trkpt>
      <trkpt lat="44.726610" lon="20.489313">
        <ele>197.471357</ele>
        <time>2026-08-07T14:15:58.109Z</time>
      </trkpt>
      <trkpt lat="44.726629" lon="20.489578">
        <ele>197.029135</ele>
        <time>2026-08-07T14:16:01.447Z</time>
      </trkpt>
      <trkpt lat="44.726623" lon="20.489770">
        <ele>196.700413</ele>
        <time>2026-08-07T14:16:03.847Z</time>
      </trkpt>
      <trkpt lat="44.726551" lon="20.490160">
        <ele>195.926865</ele>
        <time>2026-08-07T14:16:08.857Z</time>
      </trkpt>
      <trkpt lat="44.726081" lon="20.491374">
        <ele>193.272782</ele>
        <time>2026-08-07T14:16:24.998Z</time>
      </trkpt>
      <trkpt lat="44.725991" lon="20.491772">
        <ele>192.470965</ele>
        <time>2026-08-07T14:16:29.919Z</time>
      </trkpt>
      <trkpt lat="44.725956" lon="20.492112">
        <ele>191.853728</ele>
        <time>2026-08-07T14:16:34.009Z</time>
      </trkpt>
      <trkpt lat="44.725957" lon="20.492530">
        <ele>191.389595</ele>
        <time>2026-08-07T14:16:39.099Z</time>
      </trkpt>
      <trkpt lat="44.725978" lon="20.492761">
        <ele>191.131010</ele>
        <time>2026-08-07T14:16:42.006Z</time>
      </trkpt>
      <trkpt lat="44.725988" lon="20.492849">
        <ele>191.032057</ele>
        <time>2026-08-07T14:16:43.129Z</time>
      </trkpt>
      <trkpt lat="44.726080" lon="20.493306">
        <ele>190.504646</ele>
        <time>2026-08-07T14:16:49.373Z</time>
      </trkpt>
      <trkpt lat="44.726294" lon="20.494068">
        <ele>189.594854</ele>
        <time>2026-08-07T14:17:00.892Z</time>
      </trkpt>
      <trkpt lat="44.726486" lon="20.494751">
        <ele>188.848631</ele>
        <time>2026-08-07T14:17:10.934Z</time>
      </trkpt>
      <trkpt lat="44.726733" lon="20.495684">
        <ele>187.981587</ele>
        <time>2026-08-07T14:17:23.517Z</time>
      </trkpt>
      <trkpt lat="44.726734" lon="20.495971">
        <ele>187.731661</ele>
        <time>2026-08-07T14:17:26.946Z</time>
      </trkpt>
      <trkpt lat="44.726703" lon="20.496141">
        <ele>187.578824</ele>
        <time>2026-08-07T14:17:29.049Z</time>
      </trkpt>
      <trkpt lat="44.726582" lon="20.496458">
        <ele>187.265458</ele>
        <time>2026-08-07T14:17:33.452Z</time>
      </trkpt>
      <trkpt lat="44.726276" lon="20.497056">
        <ele>187.546287</ele>
        <time>2026-08-07T14:17:45.524Z</time>
      </trkpt>
      <trkpt lat="44.726212" lon="20.497287">
        <ele>188.061401</ele>
        <time>2026-08-07T14:17:51.156Z</time>
      </trkpt>
      <trkpt lat="44.726155" lon="20.497655">
        <ele>188.843899</ele>
        <time>2026-08-07T14:17:59.710Z</time>
      </trkpt>
      <trkpt lat="44.726122" lon="20.497798">
        <ele>189.156268</ele>
        <time>2026-08-07T14:18:03.325Z</time>
      </trkpt>
      <trkpt lat="44.726014" lon="20.498049">
        <ele>189.765910</ele>
        <time>2026-08-07T14:18:10.726Z</time>
      </trkpt>
      <trkpt lat="44.725856" lon="20.498184">
        <ele>190.306396</ele>
        <time>2026-08-07T14:18:17.823Z</time>
      </trkpt>
      <trkpt lat="44.725694" lon="20.498212">
        <ele>190.783669</ele>
        <time>2026-08-07T14:18:24.474Z</time>
      </trkpt>
      <trkpt lat="44.725588" lon="20.498193">
        <ele>191.096134</ele>
        <time>2026-08-07T14:18:28.941Z</time>
      </trkpt>
      <trkpt lat="44.725199" lon="20.498016">
        <ele>192.288762</ele>
        <time>2026-08-07T14:18:46.805Z</time>
      </trkpt>
      <trkpt lat="44.724779" lon="20.497754">
        <ele>193.604097</ele>
        <time>2026-08-07T14:19:04.719Z</time>
      </trkpt>
      <trkpt lat="44.724409" lon="20.497409">
        <ele>194.874841</ele>
        <time>2026-08-07T14:19:17.593Z</time>
      </trkpt>
      <trkpt lat="44.724075" lon="20.497027">
        <ele>196.107056</ele>
        <time>2026-08-07T14:19:30.472Z</time>
      </trkpt>
      <trkpt lat="44.723939" lon="20.496785">
        <ele>196.734730</ele>
        <time>2026-08-07T14:19:37.504Z</time>
      </trkpt>
      <trkpt lat="44.723686" lon="20.496152">
        <ele>198.128221</ele>
        <time>2026-08-07T14:19:54.692Z</time>
      </trkpt>
      <trkpt lat="44.723519" lon="20.495946">
        <ele>198.705136</ele>
        <time>2026-08-07T14:20:01.924Z</time>
      </trkpt>
      <trkpt lat="44.723294" lon="20.495833">
        <ele>199.325784</ele>
        <time>2026-08-07T14:20:09.614Z</time>
      </trkpt>
      <trkpt lat="44.723045" lon="20.495793">
        <ele>199.976883</ele>
        <time>2026-08-07T14:20:17.830Z</time>
      </trkpt>
      <trkpt lat="44.722891" lon="20.495825">
        <ele>200.381310</ele>
        <time>2026-08-07T14:20:23.030Z</time>
      </trkpt>
      <trkpt lat="44.722714" lon="20.495922">
        <ele>200.874785</ele>
        <time>2026-08-07T14:20:29.591Z</time>
      </trkpt>
      <trkpt lat="44.722427" lon="20.496226">
        <ele>201.807981</ele>
        <time>2026-08-07T14:20:41.700Z</time>
      </trkpt>
      <trkpt lat="44.722146" lon="20.496761">
        <ele>202.654454</ele>
        <time>2026-08-07T14:20:56.308Z</time>
      </trkpt>
      <trkpt lat="44.722017" lon="20.497077">
        <ele>203.084469</ele>
        <time>2026-08-07T14:21:03.801Z</time>
      </trkpt>
      <trkpt lat="44.721502" lon="20.498690">
        <ele>205.062271</ele>
        <time>2026-08-07T14:21:38.973Z</time>
      </trkpt>
      <trkpt lat="44.721340" lon="20.499201">
        <ele>205.373619</ele>
        <time>2026-08-07T14:21:48.752Z</time>
      </trkpt>
      <trkpt lat="44.721071" lon="20.500047">
        <ele>205.889334</ele>
        <time>2026-08-07T14:22:04.449Z</time>
      </trkpt>
      <trkpt lat="44.721032" lon="20.500224">
        <ele>205.992448</ele>
        <time>2026-08-07T14:22:07.973Z</time>
      </trkpt>
      <trkpt lat="44.721023" lon="20.500390">
        <ele>206.085082</ele>
        <time>2026-08-07T14:22:11.241Z</time>
      </trkpt>
      <trkpt lat="44.721037" lon="20.500566">
        <ele>206.183624</ele>
        <time>2026-08-07T14:22:14.696Z</time>
      </trkpt>
      <trkpt lat="44.721097" lon="20.500764">
        <ele>206.303396</ele>
        <time>2026-08-07T14:22:18.917Z</time>
      </trkpt>
      <trkpt lat="44.721260" lon="20.501017">
        <ele>206.303959</ele>
        <time>2026-08-07T14:22:25.413Z</time>
      </trkpt>
      <trkpt lat="44.721757" lon="20.501393">
        <ele>206.046373</ele>
        <time>2026-08-07T14:22:38.420Z</time>
      </trkpt>
      <trkpt lat="44.721846" lon="20.501484">
        <ele>205.996154</ele>
        <time>2026-08-07T14:22:40.739Z</time>
      </trkpt>
      <trkpt lat="44.722004" lon="20.501720">
        <ele>205.890976</ele>
        <time>2026-08-07T14:22:45.660Z</time>
      </trkpt>
      <trkpt lat="44.722091" lon="20.502026">
        <ele>205.784071</ele>
        <time>2026-08-07T14:22:50.592Z</time>
      </trkpt>
      <trkpt lat="44.722100" lon="20.502269">
        <ele>205.705144</ele>
        <time>2026-08-07T14:22:53.975Z</time>
      </trkpt>
      <trkpt lat="44.722072" lon="20.502491">
        <ele>205.632010</ele>
        <time>2026-08-07T14:22:56.934Z</time>
      </trkpt>
      <trkpt lat="44.722012" lon="20.502680">
        <ele>205.564866</ele>
        <time>2026-08-07T14:22:59.544Z</time>
      </trkpt>
      <trkpt lat="44.721876" lon="20.502897">
        <ele>205.153313</ele>
        <time>2026-08-07T14:23:03.029Z</time>
      </trkpt>
      <trkpt lat="44.721632" lon="20.503087">
        <ele>204.530576</ele>
        <time>2026-08-07T14:23:07.575Z</time>
      </trkpt>
      <trkpt lat="44.721139" lon="20.503303">
        <ele>203.377503</ele>
        <time>2026-08-07T14:23:15.857Z</time>
      </trkpt>
      <trkpt lat="44.720953" lon="20.503388">
        <ele>202.940783</ele>
        <time>2026-08-07T14:23:19.100Z</time>
      </trkpt>
      <trkpt lat="44.720090" lon="20.503765">
        <ele>201.506095</ele>
        <time>2026-08-07T14:23:36.112Z</time>
      </trkpt>
      <trkpt lat="44.719486" lon="20.504031">
        <ele>201.437273</ele>
        <time>2026-08-07T14:23:48.772Z</time>
      </trkpt>
      <trkpt lat="44.719251" lon="20.504089">
        <ele>201.411328</ele>
        <time>2026-08-07T14:23:54.094Z</time>
      </trkpt>
      <trkpt lat="44.718925" lon="20.504100">
        <ele>201.375868</ele>
        <time>2026-08-07T14:24:02.512Z</time>
      </trkpt>
      <trkpt lat="44.718844" lon="20.504096">
        <ele>201.367054</ele>
        <time>2026-08-07T14:24:04.735Z</time>
      </trkpt>
      <trkpt lat="44.718489" lon="20.504062">
        <ele>201.636066</ele>
        <time>2026-08-07T14:24:13.992Z</time>
      </trkpt>
      <trkpt lat="44.718233" lon="20.504035">
        <ele>202.324086</ele>
        <time>2026-08-07T14:24:20.474Z</time>
      </trkpt>
      <trkpt lat="44.717989" lon="20.504013">
        <ele>202.979363</ele>
        <time>2026-08-07T14:24:26.761Z</time>
      </trkpt>
      <trkpt lat="44.717327" lon="20.503953">
        <ele>204.757241</ele>
        <time>2026-08-07T14:24:48.568Z</time>
      </trkpt>
      <trkpt lat="44.716980" lon="20.503966">
        <ele>205.687553</ele>
        <time>2026-08-07T14:25:02.461Z</time>
      </trkpt>
      <trkpt lat="44.716722" lon="20.504021">
        <ele>206.554422</ele>
        <time>2026-08-07T14:25:13.358Z</time>
      </trkpt>
      <trkpt lat="44.716605" lon="20.504044">
        <ele>207.105663</ele>
        <time>2026-08-07T14:25:18.390Z</time>
      </trkpt>
      <trkpt lat="44.716159" lon="20.504154">
        <ele>209.218488</ele>
        <time>2026-08-07T14:25:37.746Z</time>
      </trkpt>
      <trkpt lat="44.715646" lon="20.504316">
        <ele>211.671754</ele>
        <time>2026-08-07T14:26:00.609Z</time>
      </trkpt>
      <trkpt lat="44.715127" lon="20.504601">
        <ele>214.271339</ele>
        <time>2026-08-07T14:26:23.096Z</time>
      </trkpt>
      <trkpt lat="44.714902" lon="20.504765">
        <ele>215.123452</ele>
        <time>2026-08-07T14:26:32.488Z</time>
      </trkpt>
      <trkpt lat="44.714770" lon="20.504862">
        <ele>215.563367</ele>
        <time>2026-08-07T14:26:37.866Z</time>
      </trkpt>
      <trkpt lat="44.713993" lon="20.505590">
        <ele>218.320986</ele>
        <time>2026-08-07T14:27:08.260Z</time>
      </trkpt>
      <trkpt lat="44.713694" lon="20.505823">
        <ele>219.330673</ele>
        <time>2026-08-07T14:27:18.917Z</time>
      </trkpt>
      <trkpt lat="44.713531" lon="20.505900">
        <ele>219.838610</ele>
        <time>2026-08-07T14:27:24.534Z</time>
      </trkpt>
      <trkpt lat="44.713126" lon="20.505982">
        <ele>221.017010</ele>
        <time>2026-08-07T14:27:38.609Z</time>
      </trkpt>
      <trkpt lat="44.712928" lon="20.505987">
        <ele>221.586982</ele>
        <time>2026-08-07T14:27:45.685Z</time>
      </trkpt>
      <trkpt lat="44.711971" lon="20.505781">
        <ele>224.373444</ele>
        <time>2026-08-07T14:28:19.175Z</time>
      </trkpt>
      <trkpt lat="44.711654" lon="20.505802">
        <ele>225.159178</ele>
        <time>2026-08-07T14:28:29.982Z</time>
      </trkpt>
      <trkpt lat="44.711169" lon="20.505936">
        <ele>225.834210</ele>
        <time>2026-08-07T14:28:44.861Z</time>
      </trkpt>
      <trkpt lat="44.710711" lon="20.506160">
        <ele>226.496427</ele>
        <time>2026-08-07T14:28:57.237Z</time>
      </trkpt>
      <trkpt lat="44.710361" lon="20.506395">
        <ele>227.026066</ele>
        <time>2026-08-07T14:29:07.234Z</time>
      </trkpt>
      <trkpt lat="44.710146" lon="20.506604">
        <ele>227.382957</ele>
        <time>2026-08-07T14:29:13.951Z</time>
      </trkpt>
      <trkpt lat="44.709541" lon="20.507264">
        <ele>228.115720</ele>
        <time>2026-08-07T14:29:33.410Z</time>
      </trkpt>
      <trkpt lat="44.709226" lon="20.507473">
        <ele>228.431076</ele>
        <time>2026-08-07T14:29:42.300Z</time>
      </trkpt>
      <trkpt lat="44.708163" lon="20.507839">
        <ele>229.907422</ele>
        <time>2026-08-07T14:30:11.016Z</time>
      </trkpt>
      <trkpt lat="44.707900" lon="20.508013">
        <ele>230.606604</ele>
        <time>2026-08-07T14:30:19.116Z</time>
      </trkpt>
      <trkpt lat="44.707279" lon="20.508567">
        <ele>232.375594</ele>
        <time>2026-08-07T14:30:41.809Z</time>
      </trkpt>
      <trkpt lat="44.707023" lon="20.508687">
        <ele>233.024760</ele>
        <time>2026-08-07T14:30:51.538Z</time>
      </trkpt>
      <trkpt lat="44.706723" lon="20.508721">
        <ele>234.013176</ele>
        <time>2026-08-07T14:31:03.235Z</time>
      </trkpt>
      <trkpt lat="44.706499" lon="20.508713">
        <ele>235.039295</ele>
        <time>2026-08-07T14:31:12.763Z</time>
      </trkpt>
      <trkpt lat="44.706186" lon="20.508683">
        <ele>236.475972</ele>
        <time>2026-08-07T14:31:26.639Z</time>
      </trkpt>
      <trkpt lat="44.705833" lon="20.508607">
        <ele>238.111319</ele>
        <time>2026-08-07T14:31:41.924Z</time>
      </trkpt>
      <trkpt lat="44.705604" lon="20.508474">
        <ele>239.245833</ele>
        <time>2026-08-07T14:31:52.296Z</time>
      </trkpt>
      <trkpt lat="44.705477" lon="20.508319">
        <ele>240.015732</ele>
        <time>2026-08-07T14:31:59.297Z</time>
      </trkpt>
      <trkpt lat="44.705243" lon="20.507944">
        <ele>241.639917</ele>
        <time>2026-08-07T14:32:13.428Z</time>
      </trkpt>
      <trkpt lat="44.705012" lon="20.507646">
        <ele>242.551793</ele>
        <time>2026-08-07T14:32:25.105Z</time>
      </trkpt>
      <trkpt lat="44.704600" lon="20.507268">
        <ele>243.951367</ele>
        <time>2026-08-07T14:32:42.316Z</time>
      </trkpt>
      <trkpt lat="44.704185" lon="20.506915">
        <ele>245.331278</ele>
        <time>2026-08-07T14:32:58.041Z</time>
      </trkpt>
      <trkpt lat="44.703281" lon="20.506135">
        <ele>247.913863</ele>
        <time>2026-08-07T14:33:29.267Z</time>
      </trkpt>
      <trkpt lat="44.702894" lon="20.505803">
        <ele>248.838846</ele>
        <time>2026-08-07T14:33:43.600Z</time>
      </trkpt>
      <trkpt lat="44.702765" lon="20.505693">
        <ele>249.146672</ele>
        <time>2026-08-07T14:33:48.066Z</time>
      </trkpt>
      <trkpt lat="44.702311" lon="20.505295">
        <ele>250.238284</ele>
        <time>2026-08-07T14:34:04.046Z</time>
      </trkpt>
      <trkpt lat="44.702045" lon="20.505081">
        <ele>250.742875</ele>
        <time>2026-08-07T14:34:13.501Z</time>
      </trkpt>
      <trkpt lat="44.701857" lon="20.504920">
        <ele>251.050110</ele>
        <time>2026-08-07T14:34:20.881Z</time>
      </trkpt>
      <trkpt lat="44.701434" lon="20.504555">
        <ele>251.742813</ele>
        <time>2026-08-07T14:34:36.794Z</time>
      </trkpt>
      <trkpt lat="44.700950" lon="20.504153">
        <ele>252.527412</ele>
        <time>2026-08-07T14:34:50.473Z</time>
      </trkpt>
      <trkpt lat="44.700623" lon="20.503867">
        <ele>253.081186</ele>
        <time>2026-08-07T14:34:59.290Z</time>
      </trkpt>
      <trkpt lat="44.700423" lon="20.503690">
        <ele>253.485008</ele>
        <time>2026-08-07T14:35:04.750Z</time>
      </trkpt>
      <trkpt lat="44.700262" lon="20.503581">
        <ele>253.790374</ele>
        <time>2026-08-07T14:35:09.059Z</time>
      </trkpt>
      <trkpt lat="44.700137" lon="20.503512">
        <ele>254.019865</ele>
        <time>2026-08-07T14:35:12.466Z</time>
      </trkpt>
      <trkpt lat="44.699847" lon="20.503397">
        <ele>254.534812</ele>
        <time>2026-08-07T14:35:20.620Z</time>
      </trkpt>
      <trkpt lat="44.699581" lon="20.503301">
        <ele>255.004148</ele>
        <time>2026-08-07T14:35:28.721Z</time>
      </trkpt>
      <trkpt lat="44.698790" lon="20.503030">
        <ele>256.682176</ele>
        <time>2026-08-07T14:35:56.634Z</time>
      </trkpt>
      <trkpt lat="44.698554" lon="20.502906">
        <ele>257.487646</ele>
        <time>2026-08-07T14:36:05.910Z</time>
      </trkpt>
      <trkpt lat="44.698199" lon="20.502640">
        <ele>258.773641</ele>
        <time>2026-08-07T14:36:21.259Z</time>
      </trkpt>
      <trkpt lat="44.697933" lon="20.502423">
        <ele>259.756769</ele>
        <time>2026-08-07T14:36:32.717Z</time>
      </trkpt>
      <trkpt lat="44.697672" lon="20.502255">
        <ele>260.674464</ele>
        <time>2026-08-07T14:36:42.841Z</time>
      </trkpt>
      <trkpt lat="44.697542" lon="20.502203">
        <ele>261.106588</ele>
        <time>2026-08-07T14:36:47.505Z</time>
      </trkpt>
      <trkpt lat="44.696982" lon="20.502056">
        <ele>262.246699</ele>
        <time>2026-08-07T14:37:05.148Z</time>
      </trkpt>
      <trkpt lat="44.696385" lon="20.501931">
        <ele>262.992932</ele>
        <time>2026-08-07T14:37:21.447Z</time>
      </trkpt>
      <trkpt lat="44.696253" lon="20.501904">
        <ele>263.157847</ele>
        <time>2026-08-07T14:37:24.673Z</time>
      </trkpt>
      <trkpt lat="44.695993" lon="20.501851">
        <ele>263.482656</ele>
        <time>2026-08-07T14:37:30.952Z</time>
      </trkpt>
      <trkpt lat="44.695818" lon="20.501837">
        <ele>263.699367</ele>
        <time>2026-08-07T14:37:35.071Z</time>
      </trkpt>
      <trkpt lat="44.695434" lon="20.501845">
        <ele>264.221803</ele>
        <time>2026-08-07T14:37:44.441Z</time>
      </trkpt>
      <trkpt lat="44.694341" lon="20.502198">
        <ele>266.103797</ele>
        <time>2026-08-07T14:38:14.929Z</time>
      </trkpt>
      <trkpt lat="44.694137" lon="20.502264">
        <ele>266.455088</ele>
        <time>2026-08-07T14:38:21.978Z</time>
      </trkpt>
      <trkpt lat="44.693620" lon="20.502462">
        <ele>267.589490</ele>
        <time>2026-08-07T14:38:40.334Z</time>
      </trkpt>
      <trkpt lat="44.693167" lon="20.502677">
        <ele>269.031714</ele>
        <time>2026-08-07T14:38:56.907Z</time>
      </trkpt>
      <trkpt lat="44.692435" lon="20.503078">
        <ele>271.401437</ele>
        <time>2026-08-07T14:39:24.479Z</time>
      </trkpt>
      <trkpt lat="44.692245" lon="20.503120">
        <ele>271.981633</ele>
        <time>2026-08-07T14:39:31.530Z</time>
      </trkpt>
      <trkpt lat="44.691769" lon="20.503092">
        <ele>273.019122</ele>
        <time>2026-08-07T14:39:47.505Z</time>
      </trkpt>
      <trkpt lat="44.691243" lon="20.503096">
        <ele>273.926529</ele>
        <time>2026-08-07T14:40:02.404Z</time>
      </trkpt>
      <trkpt lat="44.690781" lon="20.503223">
        <ele>274.738593</ele>
        <time>2026-08-07T14:40:14.646Z</time>
      </trkpt>
      <trkpt lat="44.690379" lon="20.503451">
        <ele>275.486326</ele>
        <time>2026-08-07T14:40:26.160Z</time>
      </trkpt>
      <trkpt lat="44.689595" lon="20.504127">
        <ele>277.989431</ele>
        <time>2026-08-07T14:40:53.959Z</time>
      </trkpt>
      <trkpt lat="44.688695" lon="20.504992">
        <ele>281.044360</ele>
        <time>2026-08-07T14:41:35.327Z</time>
      </trkpt>
      <trkpt lat="44.688371" lon="20.505231">
        <ele>282.097343</ele>
        <time>2026-08-07T14:41:47.715Z</time>
      </trkpt>
      <trkpt lat="44.687963" lon="20.505458">
        <ele>283.360165</ele>
        <time>2026-08-07T14:42:00.849Z</time>
      </trkpt>
      <trkpt lat="44.687339" lon="20.505691">
        <ele>285.218352</ele>
        <time>2026-08-07T14:42:21.019Z</time>
      </trkpt>
      <trkpt lat="44.687100" lon="20.505831">
        <ele>286.088466</ele>
        <time>2026-08-07T14:42:30.128Z</time>
      </trkpt>
      <trkpt lat="44.687037" lon="20.505899">
        <ele>286.475919</ele>
        <time>2026-08-07T14:42:33.040Z</time>
      </trkpt>
      <trkpt lat="44.686950" lon="20.506091">
        <ele>287.265695</ele>
        <time>2026-08-07T14:42:39.309Z</time>
      </trkpt>
      <trkpt lat="44.686922" lon="20.506314">
        <ele>288.051206</ele>
        <time>2026-08-07T14:42:45.783Z</time>
      </trkpt>
      <trkpt lat="44.686922" lon="20.507010">
        <ele>290.465486</ele>
        <time>2026-08-07T14:43:07.141Z</time>
      </trkpt>
      <trkpt lat="44.686884" lon="20.507171">
        <ele>291.053933</ele>
        <time>2026-08-07T14:43:12.645Z</time>
      </trkpt>
      <trkpt lat="44.686824" lon="20.507294">
        <ele>291.571367</ele>
        <time>2026-08-07T14:43:17.498Z</time>
      </trkpt>
      <trkpt lat="44.686653" lon="20.507473">
        <ele>292.611375</ele>
        <time>2026-08-07T14:43:27.326Z</time>
      </trkpt>
      <trkpt lat="44.685870" lon="20.507851">
        <ele>296.374630</ele>
        <time>2026-08-07T14:44:03.830Z</time>
      </trkpt>
      <trkpt lat="44.685742" lon="20.508030">
        <ele>297.139145</ele>
        <time>2026-08-07T14:44:11.189Z</time>
      </trkpt>
      <trkpt lat="44.685689" lon="20.508199">
        <ele>297.695376</ele>
        <time>2026-08-07T14:44:16.272Z</time>
      </trkpt>
      <trkpt lat="44.685667" lon="20.508401">
        <ele>298.310768</ele>
        <time>2026-08-07T14:44:21.846Z</time>
      </trkpt>
      <trkpt lat="44.685741" lon="20.509000">
        <ele>300.141603</ele>
        <time>2026-08-07T14:44:39.011Z</time>
      </trkpt>
      <trkpt lat="44.685723" lon="20.509200">
        <ele>300.748682</ele>
        <time>2026-08-07T14:44:44.644Z</time>
      </trkpt>
      <trkpt lat="44.685646" lon="20.509436">
        <ele>301.530625</ele>
        <time>2026-08-07T14:44:51.585Z</time>
      </trkpt>
      <trkpt lat="44.685572" lon="20.509560">
        <ele>302.018142</ele>
        <time>2026-08-07T14:44:55.776Z</time>
      </trkpt>
      <trkpt lat="44.685412" lon="20.509713">
        <ele>302.281446</ele>
        <time>2026-08-07T14:45:02.411Z</time>
      </trkpt>
      <trkpt lat="44.685062" lon="20.509990">
        <ele>302.549061</ele>
        <time>2026-08-07T14:45:14.267Z</time>
      </trkpt>
      <trkpt lat="44.684871" lon="20.510099">
        <ele>302.686414</ele>
        <time>2026-08-07T14:45:18.749Z</time>
      </trkpt>
      <trkpt lat="44.684685" lon="20.510123">
        <ele>302.810878</ele>
        <time>2026-08-07T14:45:22.523Z</time>
      </trkpt>
      <trkpt lat="44.684249" lon="20.510056">
        <ele>303.103142</ele>
        <time>2026-08-07T14:45:31.820Z</time>
      </trkpt>
      <trkpt lat="44.684130" lon="20.510067">
        <ele>303.182610</ele>
        <time>2026-08-07T14:45:34.213Z</time>
      </trkpt>
      <trkpt lat="44.683980" lon="20.510127">
        <ele>303.286529</ele>
        <time>2026-08-07T14:45:37.187Z</time>
      </trkpt>
      <trkpt lat="44.683827" lon="20.510297">
        <ele>303.470926</ele>
        <time>2026-08-07T14:45:40.864Z</time>
      </trkpt>
      <trkpt lat="44.683635" lon="20.510717">
        <ele>304.027249</ele>
        <time>2026-08-07T14:45:48.506Z</time>
      </trkpt>
      <trkpt lat="44.683531" lon="20.511046">
        <ele>304.428403</ele>
        <time>2026-08-07T14:45:55.503Z</time>
      </trkpt>
      <trkpt lat="44.683501" lon="20.511279">
        <ele>304.692225</ele>
        <time>2026-08-07T14:46:00.800Z</time>
      </trkpt>
      <trkpt lat="44.683521" lon="20.511520">
        <ele>304.962561</ele>
        <time>2026-08-07T14:46:06.717Z</time>
      </trkpt>
      <trkpt lat="44.683573" lon="20.511711">
        <ele>305.190433</ele>
        <time>2026-08-07T14:46:12.019Z</time>
      </trkpt>
      <trkpt lat="44.684003" lon="20.512534">
        <ele>306.204081</ele>
        <time>2026-08-07T14:46:36.215Z</time>
      </trkpt>
      <trkpt lat="44.684037" lon="20.512774">
        <ele>306.223245</ele>
        <time>2026-08-07T14:46:41.158Z</time>
      </trkpt>
      <trkpt lat="44.684009" lon="20.513045">
        <ele>306.244690</ele>
        <time>2026-08-07T14:46:46.073Z</time>
      </trkpt>
      <trkpt lat="44.683938" lon="20.513232">
        <ele>306.261291</ele>
        <time>2026-08-07T14:46:49.700Z</time>
      </trkpt>
      <trkpt lat="44.683814" lon="20.513379">
        <ele>306.279153</ele>
        <time>2026-08-07T14:46:53.163Z</time>
      </trkpt>
      <trkpt lat="44.683707" lon="20.513439">
        <ele>306.291840</ele>
        <time>2026-08-07T14:46:55.527Z</time>
      </trkpt>
      <trkpt lat="44.683279" lon="20.513529">
        <ele>306.339504</ele>
        <time>2026-08-07T14:47:03.924Z</time>
      </trkpt>
      <trkpt lat="44.683166" lon="20.513615">
        <ele>306.353656</ele>
        <time>2026-08-07T14:47:06.314Z</time>
      </trkpt>
      <trkpt lat="44.683102" lon="20.513705">
        <ele>306.363624</ele>
        <time>2026-08-07T14:47:08.082Z</time>
      </trkpt>
      <trkpt lat="44.683036" lon="20.513845">
        <ele>306.376778</ele>
        <time>2026-08-07T14:47:10.366Z</time>
      </trkpt>
      <trkpt lat="44.683003" lon="20.514043">
        <ele>306.392704</ele>
        <time>2026-08-07T14:47:13.187Z</time>
      </trkpt>
      <trkpt lat="44.682941" lon="20.515242">
        <ele>305.177745</ele>
        <time>2026-08-07T14:47:31.438Z</time>
      </trkpt>
      <trkpt lat="44.682901" lon="20.515432">
        <ele>304.977282</ele>
        <time>2026-08-07T14:47:34.559Z</time>
      </trkpt>
      <trkpt lat="44.682835" lon="20.515577">
        <ele>304.803108</ele>
        <time>2026-08-07T14:47:37.093Z</time>
      </trkpt>
      <trkpt lat="44.682730" lon="20.515696">
        <ele>304.611241</ele>
        <time>2026-08-07T14:47:39.729Z</time>
      </trkpt>
      <trkpt lat="44.682557" lon="20.515761">
        <ele>304.356457</ele>
        <time>2026-08-07T14:47:42.959Z</time>
      </trkpt>
      <trkpt lat="44.681954" lon="20.515737">
        <ele>302.795520</ele>
        <time>2026-08-07T14:47:52.605Z</time>
      </trkpt>
      <trkpt lat="44.681732" lon="20.515770">
        <ele>301.812625</ele>
        <time>2026-08-07T14:47:55.946Z</time>
      </trkpt>
      <trkpt lat="44.681575" lon="20.515836">
        <ele>301.091145</ele>
        <time>2026-08-07T14:47:58.385Z</time>
      </trkpt>
      <trkpt lat="44.681353" lon="20.515995">
        <ele>299.994249</ele>
        <time>2026-08-07T14:48:02.088Z</time>
      </trkpt>
      <trkpt lat="44.681222" lon="20.516143">
        <ele>299.254415</ele>
        <time>2026-08-07T14:48:04.610Z</time>
      </trkpt>
      <trkpt lat="44.681070" lon="20.516371">
        <ele>298.275960</ele>
        <time>2026-08-07T14:48:08.009Z</time>
      </trkpt>
      <trkpt lat="44.680881" lon="20.516736">
        <ele>296.862384</ele>
        <time>2026-08-07T14:48:12.933Z</time>
      </trkpt>
      <trkpt lat="44.680687" lon="20.517166">
        <ele>295.552222</ele>
        <time>2026-08-07T14:48:18.562Z</time>
      </trkpt>
      <trkpt lat="44.680505" lon="20.517686">
        <ele>294.535561</ele>
        <time>2026-08-07T14:48:25.344Z</time>
      </trkpt>
      <trkpt lat="44.680400" lon="20.518125">
        <ele>293.723101</ele>
        <time>2026-08-07T14:48:30.960Z</time>
      </trkpt>
      <trkpt lat="44.680339" lon="20.518490">
        <ele>293.065396</ele>
        <time>2026-08-07T14:48:35.653Z</time>
      </trkpt>
      <trkpt lat="44.680264" lon="20.518991">
        <ele>292.167311</ele>
        <time>2026-08-07T14:48:42.225Z</time>
      </trkpt>
      <trkpt lat="44.680154" lon="20.519521">
        <ele>291.422642</ele>
        <time>2026-08-07T14:48:49.331Z</time>
      </trkpt>
      <trkpt lat="44.679813" lon="20.520139">
        <ele>291.154228</ele>
        <time>2026-08-07T14:49:00.096Z</time>
      </trkpt>
      <trkpt lat="44.679727" lon="20.520455">
        <ele>291.038127</ele>
        <time>2026-08-07T14:49:04.764Z</time>
      </trkpt>
      <trkpt lat="44.679726" lon="20.520731">
        <ele>290.943421</ele>
        <time>2026-08-07T14:49:08.722Z</time>
      </trkpt>
      <trkpt lat="44.679795" lon="20.520999">
        <ele>290.845619</ele>
        <time>2026-08-07T14:49:13.070Z</time>
      </trkpt>
      <trkpt lat="44.679901" lon="20.521212">
        <ele>290.756410</ele>
        <time>2026-08-07T14:49:17.246Z</time>
      </trkpt>
      <trkpt lat="44.680017" lon="20.521347">
        <ele>290.683750</ele>
        <time>2026-08-07T14:49:20.724Z</time>
      </trkpt>
      <trkpt lat="44.680222" lon="20.521474">
        <ele>290.693645</ele>
        <time>2026-08-07T14:49:26.150Z</time>
      </trkpt>
      <trkpt lat="44.680461" lon="20.521498">
        <ele>290.985966</ele>
        <time>2026-08-07T14:49:32.159Z</time>
      </trkpt>
      <trkpt lat="44.682083" lon="20.521190">
        <ele>292.406227</ele>
        <time>2026-08-07T14:50:20.209Z</time>
      </trkpt>
      <trkpt lat="44.682479" lon="20.521151">
        <ele>291.333493</ele>
        <time>2026-08-07T14:50:28.199Z</time>
      </trkpt>
      <trkpt lat="44.682651" lon="20.521219">
        <ele>290.850681</ele>
        <time>2026-08-07T14:50:31.371Z</time>
      </trkpt>
      <trkpt lat="44.682758" lon="20.521325">
        <ele>290.497007</ele>
        <time>2026-08-07T14:50:33.598Z</time>
      </trkpt>
      <trkpt lat="44.682870" lon="20.521558">
        <ele>289.956619</ele>
        <time>2026-08-07T14:50:36.854Z</time>
      </trkpt>
      <trkpt lat="44.682895" lon="20.521691">
        <ele>289.692298</ele>
        <time>2026-08-07T14:50:38.404Z</time>
      </trkpt>
      <trkpt lat="44.682841" lon="20.522125">
        <ele>288.845753</ele>
        <time>2026-08-07T14:50:43.202Z</time>
      </trkpt>
      <trkpt lat="44.682754" lon="20.522473">
        <ele>288.136988</ele>
        <time>2026-08-07T14:50:47.087Z</time>
      </trkpt>
      <trkpt lat="44.682626" lon="20.522792">
        <ele>286.852466</ele>
        <time>2026-08-07T14:50:50.881Z</time>
      </trkpt>
      <trkpt lat="44.682458" lon="20.523044">
        <ele>285.432548</ele>
        <time>2026-08-07T14:50:54.439Z</time>
      </trkpt>
      <trkpt lat="44.681277" lon="20.524270">
        <ele>277.234506</ele>
        <time>2026-08-07T14:51:15.938Z</time>
      </trkpt>
      <trkpt lat="44.681033" lon="20.524594">
        <ele>276.227726</ele>
        <time>2026-08-07T14:51:21.173Z</time>
      </trkpt>
      <trkpt lat="44.680828" lon="20.525012">
        <ele>275.144493</ele>
        <time>2026-08-07T14:51:27.025Z</time>
      </trkpt>
      <trkpt lat="44.680774" lon="20.525202">
        <ele>274.707997</ele>
        <time>2026-08-07T14:51:29.426Z</time>
      </trkpt>
      <trkpt lat="44.680717" lon="20.525612">
        <ele>273.816804</ele>
        <time>2026-08-07T14:51:34.387Z</time>
      </trkpt>
      <trkpt lat="44.680708" lon="20.525943">
        <ele>273.110182</ele>
        <time>2026-08-07T14:51:38.509Z</time>
      </trkpt>
      <trkpt lat="44.680732" lon="20.526202">
        <ele>272.552999</ele>
        <time>2026-08-07T14:51:42.028Z</time>
      </trkpt>
      <trkpt lat="44.680779" lon="20.526445">
        <ele>272.148011</ele>
        <time>2026-08-07T14:51:45.575Z</time>
      </trkpt>
      <trkpt lat="44.680867" lon="20.526715">
        <ele>272.144873</ele>
        <time>2026-08-07T14:51:49.883Z</time>
      </trkpt>
      <trkpt lat="44.680983" lon="20.526963">
        <ele>272.141736</ele>
        <time>2026-08-07T14:51:54.275Z</time>
      </trkpt>
      <trkpt lat="44.681154" lon="20.527224">
        <ele>272.137987</ele>
        <time>2026-08-07T14:51:59.495Z</time>
      </trkpt>
      <trkpt lat="44.681195" lon="20.527273">
        <ele>272.137187</ele>
        <time>2026-08-07T14:52:00.641Z</time>
      </trkpt>
      <trkpt lat="44.681406" lon="20.527483">
        <ele>272.133346</ele>
        <time>2026-08-07T14:52:06.149Z</time>
      </trkpt>
      <trkpt lat="44.681571" lon="20.527598">
        <ele>272.130610</ele>
        <time>2026-08-07T14:52:10.404Z</time>
      </trkpt>
      <trkpt lat="44.681755" lon="20.527674">
        <ele>272.127760</ele>
        <time>2026-08-07T14:52:15.184Z</time>
      </trkpt>
      <trkpt lat="44.682073" lon="20.527740">
        <ele>272.122984</ele>
        <time>2026-08-07T14:52:24.147Z</time>
      </trkpt>
      <trkpt lat="44.682468" lon="20.527761">
        <ele>271.792100</ele>
        <time>2026-08-07T14:52:35.087Z</time>
      </trkpt>
      <trkpt lat="44.683030" lon="20.527494">
        <ele>271.190425</ele>
        <time>2026-08-07T14:52:47.946Z</time>
      </trkpt>
      <trkpt lat="44.683163" lon="20.527474">
        <ele>271.054756</ele>
        <time>2026-08-07T14:52:50.430Z</time>
      </trkpt>
      <trkpt lat="44.683291" lon="20.527499">
        <ele>270.923681</ele>
        <time>2026-08-07T14:52:52.781Z</time>
      </trkpt>
      <trkpt lat="44.683404" lon="20.527566">
        <ele>270.799297</ele>
        <time>2026-08-07T14:52:54.932Z</time>
      </trkpt>
      <trkpt lat="44.683495" lon="20.527675">
        <ele>270.678060</ele>
        <time>2026-08-07T14:52:56.987Z</time>
      </trkpt>
      <trkpt lat="44.683569" lon="20.527837">
        <ele>270.539199</ele>
        <time>2026-08-07T14:52:59.281Z</time>
      </trkpt>
      <trkpt lat="44.683606" lon="20.528039">
        <ele>270.388768</ele>
        <time>2026-08-07T14:53:01.702Z</time>
      </trkpt>
      <trkpt lat="44.683603" lon="20.528331">
        <ele>270.087465</ele>
        <time>2026-08-07T14:53:05.001Z</time>
      </trkpt>
      <trkpt lat="44.683542" lon="20.528513">
        <ele>269.832160</ele>
        <time>2026-08-07T14:53:07.233Z</time>
      </trkpt>
      <trkpt lat="44.682668" lon="20.529712">
        <ele>267.653305</ele>
        <time>2026-08-07T14:53:27.305Z</time>
      </trkpt>
      <trkpt lat="44.681957" lon="20.530810">
        <ele>269.201994</ele>
        <time>2026-08-07T14:54:01.885Z</time>
      </trkpt>
      <trkpt lat="44.681727" lon="20.531267">
        <ele>270.340939</ele>
        <time>2026-08-07T14:54:17.373Z</time>
      </trkpt>
      <trkpt lat="44.681597" lon="20.531643">
        <ele>271.191432</ele>
        <time>2026-08-07T14:54:27.831Z</time>
      </trkpt>
      <trkpt lat="44.681460" lon="20.532077">
        <ele>272.157373</ele>
        <time>2026-08-07T14:54:39.607Z</time>
      </trkpt>
      <trkpt lat="44.681317" lon="20.532323">
        <ele>272.677352</ele>
        <time>2026-08-07T14:54:48.168Z</time>
      </trkpt>
      <trkpt lat="44.680793" lon="20.532847">
        <ele>274.109086</ele>
        <time>2026-08-07T14:55:08.796Z</time>
      </trkpt>
      <trkpt lat="44.680831" lon="20.533029">
        <ele>274.409420</ele>
        <time>2026-08-07T14:55:12.698Z</time>
      </trkpt>
      <trkpt lat="44.680824" lon="20.533430">
        <ele>275.044527</ele>
        <time>2026-08-07T14:55:20.844Z</time>
      </trkpt>
      <trkpt lat="44.680758" lon="20.534170">
        <ele>276.225376</ele>
        <time>2026-08-07T14:55:36.724Z</time>
      </trkpt>
      <trkpt lat="44.680622" lon="20.534967">
        <ele>275.944407</ele>
        <time>2026-08-07T14:55:53.568Z</time>
      </trkpt>
      <trkpt lat="44.680614" lon="20.535328">
        <ele>275.813349</ele>
        <time>2026-08-07T14:55:59.306Z</time>
      </trkpt>
      <trkpt lat="44.680634" lon="20.535622">
        <ele>275.706179</ele>
        <time>2026-08-07T14:56:03.489Z</time>
      </trkpt>
      <trkpt lat="44.680752" lon="20.536038">
        <ele>275.543658</ele>
        <time>2026-08-07T14:56:09.233Z</time>
      </trkpt>
      <trkpt lat="44.680743" lon="20.536287">
        <ele>275.453188</ele>
        <time>2026-08-07T14:56:12.488Z</time>
      </trkpt>
      <trkpt lat="44.680780" lon="20.536643">
        <ele>275.322635</ele>
        <time>2026-08-07T14:56:17.113Z</time>
      </trkpt>
      <trkpt lat="44.680801" lon="20.536761">
        <ele>274.953437</ele>
        <time>2026-08-07T14:56:18.629Z</time>
      </trkpt>
      <trkpt lat="44.680889" lon="20.537211">
        <ele>273.484267</ele>
        <time>2026-08-07T14:56:24.260Z</time>
      </trkpt>
      <trkpt lat="44.680980" lon="20.537523">
        <ele>272.422692</ele>
        <time>2026-08-07T14:56:28.142Z</time>
      </trkpt>
      <trkpt lat="44.681098" lon="20.537918">
        <ele>271.073974</ele>
        <time>2026-08-07T14:56:32.955Z</time>
      </trkpt>
      <trkpt lat="44.681142" lon="20.538140">
        <ele>270.348493</ele>
        <time>2026-08-07T14:56:35.512Z</time>
      </trkpt>
      <trkpt lat="44.681146" lon="20.538324">
        <ele>269.769005</ele>
        <time>2026-08-07T14:56:37.548Z</time>
      </trkpt>
      <trkpt lat="44.681099" lon="20.538566">
        <ele>268.979301</ele>
        <time>2026-08-07T14:56:40.322Z</time>
      </trkpt>
      <trkpt lat="44.680958" lon="20.539029">
        <ele>267.393754</ele>
        <time>2026-08-07T14:56:45.967Z</time>
      </trkpt>
      <trkpt lat="44.680919" lon="20.539411">
        <ele>266.530486</ele>
        <time>2026-08-07T14:56:50.345Z</time>
      </trkpt>
      <trkpt lat="44.680732" lon="20.540437">
        <ele>264.190642</ele>
        <time>2026-08-07T14:57:02.599Z</time>
      </trkpt>
      <trkpt lat="44.680512" lon="20.541870">
        <ele>261.570145</ele>
        <time>2026-08-07T14:57:22.815Z</time>
      </trkpt>
      <trkpt lat="44.680366" lon="20.543212">
        <ele>260.838651</ele>
        <time>2026-08-07T14:57:43.929Z</time>
      </trkpt>
      <trkpt lat="44.680320" lon="20.543461">
        <ele>260.700034</ele>
        <time>2026-08-07T14:57:47.987Z</time>
      </trkpt>
      <trkpt lat="44.680141" lon="20.544075">
        <ele>260.168472</ele>
        <time>2026-08-07T14:57:58.127Z</time>
      </trkpt>
      <trkpt lat="44.680021" lon="20.544691">
        <ele>258.890140</ele>
        <time>2026-08-07T14:58:06.848Z</time>
      </trkpt>
      <trkpt lat="44.679906" lon="20.545276">
        <ele>257.675362</ele>
        <time>2026-08-07T14:58:14.633Z</time>
      </trkpt>
      <trkpt lat="44.679684" lon="20.546165">
        <ele>255.789516</ele>
        <time>2026-08-07T14:58:26.066Z</time>
      </trkpt>
      <trkpt lat="44.679456" lon="20.546878">
        <ele>252.410735</ele>
        <time>2026-08-07T14:58:34.679Z</time>
      </trkpt>
      <trkpt lat="44.679371" lon="20.547282">
        <ele>250.200368</ele>
        <time>2026-08-07T14:58:39.122Z</time>
      </trkpt>
      <trkpt lat="44.679334" lon="20.547862">
        <ele>247.145258</ele>
        <time>2026-08-07T14:58:45.140Z</time>
      </trkpt>
      <trkpt lat="44.679271" lon="20.548347">
        <ele>244.558661</ele>
        <time>2026-08-07T14:58:50.192Z</time>
      </trkpt>
      <trkpt lat="44.679216" lon="20.549239">
        <ele>240.678569</ele>
        <time>2026-08-07T14:58:59.505Z</time>
      </trkpt>
      <trkpt lat="44.679166" lon="20.549585">
        <ele>239.510740</ele>
        <time>2026-08-07T14:59:03.306Z</time>
      </trkpt>
      <trkpt lat="44.678991" lon="20.550215">
        <ele>237.273577</ele>
        <time>2026-08-07T14:59:10.927Z</time>
      </trkpt>
      <trkpt lat="44.678846" lon="20.550858">
        <ele>235.042378</ele>
        <time>2026-08-07T14:59:19.311Z</time>
      </trkpt>
      <trkpt lat="44.678663" lon="20.552647">
        <ele>232.297428</ele>
        <time>2026-08-07T14:59:44.727Z</time>
      </trkpt>
      <trkpt lat="44.678678" lon="20.553147">
        <ele>231.795119</ele>
        <time>2026-08-07T14:59:51.652Z</time>
      </trkpt>
      <trkpt lat="44.678731" lon="20.553482">
        <ele>231.450650</ele>
        <time>2026-08-07T14:59:56.336Z</time>
      </trkpt>
      <trkpt lat="44.678734" lon="20.553768">
        <ele>231.164300</ele>
        <time>2026-08-07T15:00:00.189Z</time>
      </trkpt>
      <trkpt lat="44.678657" lon="20.555339">
        <ele>229.914213</ele>
        <time>2026-08-07T15:00:21.653Z</time>
      </trkpt>
      <trkpt lat="44.678624" lon="20.556442">
        <ele>229.082420</ele>
        <time>2026-08-07T15:00:38.459Z</time>
      </trkpt>
      <trkpt lat="44.678628" lon="20.556739">
        <ele>228.933332</ele>
        <time>2026-08-07T15:00:43.274Z</time>
      </trkpt>
      <trkpt lat="44.678544" lon="20.557554">
        <ele>228.520017</ele>
        <time>2026-08-07T15:00:56.615Z</time>
      </trkpt>
      <trkpt lat="44.678526" lon="20.558386">
        <ele>228.102251</ele>
        <time>2026-08-07T15:01:09.067Z</time>
      </trkpt>
      <trkpt lat="44.678436" lon="20.559180">
        <ele>227.189282</ele>
        <time>2026-08-07T15:01:19.830Z</time>
      </trkpt>
      <trkpt lat="44.678439" lon="20.559391">
        <ele>226.800584</ele>
        <time>2026-08-07T15:01:22.552Z</time>
      </trkpt>
      <trkpt lat="44.678524" lon="20.559995">
        <ele>225.666561</ele>
        <time>2026-08-07T15:01:30.371Z</time>
      </trkpt>
      <trkpt lat="44.678575" lon="20.560671">
        <ele>224.414518</ele>
        <time>2026-08-07T15:01:38.900Z</time>
      </trkpt>
      <trkpt lat="44.678622" lon="20.562159">
        <ele>220.146580</ele>
        <time>2026-08-07T15:01:56.754Z</time>
      </trkpt>
      <trkpt lat="44.678597" lon="20.562519">
        <ele>218.829053</ele>
        <time>2026-08-07T15:02:00.874Z</time>
      </trkpt>
      <trkpt lat="44.678589" lon="20.562690">
        <ele>218.204845</ele>
        <time>2026-08-07T15:02:02.802Z</time>
      </trkpt>
      <trkpt lat="44.678639" lon="20.563370">
        <ele>215.714761</ele>
        <time>2026-08-07T15:02:10.302Z</time>
      </trkpt>
      <trkpt lat="44.678727" lon="20.564097">
        <ele>212.457304</ele>
        <time>2026-08-07T15:02:18.183Z</time>
      </trkpt>
      <trkpt lat="44.679302" lon="20.565402">
        <ele>203.633187</ele>
        <time>2026-08-07T15:02:34.246Z</time>
      </trkpt>
      <trkpt lat="44.679378" lon="20.565638">
        <ele>202.144100</ele>
        <time>2026-08-07T15:02:36.915Z</time>
      </trkpt>
      <trkpt lat="44.679348" lon="20.566282">
        <ele>198.421351</ele>
        <time>2026-08-07T15:02:43.536Z</time>
      </trkpt>
      <trkpt lat="44.679283" lon="20.566790">
        <ele>195.416804</ele>
        <time>2026-08-07T15:02:48.802Z</time>
      </trkpt>
      <trkpt lat="44.679280" lon="20.567229">
        <ele>192.861280</ele>
        <time>2026-08-07T15:02:53.289Z</time>
      </trkpt>
      <trkpt lat="44.679216" lon="20.567662">
        <ele>190.286920</ele>
        <time>2026-08-07T15:02:57.844Z</time>
      </trkpt>
      <trkpt lat="44.679223" lon="20.567888">
        <ele>188.970132</ele>
        <time>2026-08-07T15:03:00.204Z</time>
      </trkpt>
      <trkpt lat="44.679251" lon="20.568040">
        <ele>188.056134</ele>
        <time>2026-08-07T15:03:01.844Z</time>
      </trkpt>
      <trkpt lat="44.679383" lon="20.568390">
        <ele>185.749956</ele>
        <time>2026-08-07T15:03:06.053Z</time>
      </trkpt>
      <trkpt lat="44.679615" lon="20.568661">
        <ele>184.029857</ele>
        <time>2026-08-07T15:03:10.651Z</time>
      </trkpt>
      <trkpt lat="44.680017" lon="20.569797">
        <ele>180.399842</ele>
        <time>2026-08-07T15:03:25.290Z</time>
      </trkpt>
      <trkpt lat="44.680313" lon="20.570727">
        <ele>177.501837</ele>
        <time>2026-08-07T15:03:38.129Z</time>
      </trkpt>
      <trkpt lat="44.680376" lon="20.571006">
        <ele>177.103757</ele>
        <time>2026-08-07T15:03:41.949Z</time>
      </trkpt>
      <trkpt lat="44.680427" lon="20.571400">
        <ele>176.559157</ele>
        <time>2026-08-07T15:03:47.259Z</time>
      </trkpt>
      <trkpt lat="44.680830" lon="20.572721">
        <ele>174.604394</ele>
        <time>2026-08-07T15:04:06.733Z</time>
      </trkpt>
      <trkpt lat="44.681045" lon="20.573545">
        <ele>172.862531</ele>
        <time>2026-08-07T15:04:18.252Z</time>
      </trkpt>
      <trkpt lat="44.681194" lon="20.574247">
        <ele>171.046566</ele>
        <time>2026-08-07T15:04:27.425Z</time>
      </trkpt>
      <trkpt lat="44.681457" lon="20.574924">
        <ele>169.134317</ele>
        <time>2026-08-07T15:04:36.644Z</time>
      </trkpt>
      <trkpt lat="44.681687" lon="20.576102">
        <ele>164.614381</ele>
        <time>2026-08-07T15:04:50.118Z</time>
      </trkpt>
      <trkpt lat="44.681694" lon="20.576284">
        <ele>163.766233</ele>
        <time>2026-08-07T15:04:52.079Z</time>
      </trkpt>
      <trkpt lat="44.681644" lon="20.577129">
        <ele>159.820554</ele>
        <time>2026-08-07T15:05:01.209Z</time>
      </trkpt>
      <trkpt lat="44.681664" lon="20.577530">
        <ele>157.949973</ele>
        <time>2026-08-07T15:05:05.516Z</time>
      </trkpt>
      <trkpt lat="44.681731" lon="20.577988">
        <ele>155.688259</ele>
        <time>2026-08-07T15:05:10.427Z</time>
      </trkpt>
      <trkpt lat="44.681761" lon="20.578452">
        <ele>152.808098</ele>
        <time>2026-08-07T15:05:15.293Z</time>
      </trkpt>
      <trkpt lat="44.681735" lon="20.578826">
        <ele>150.485103</ele>
        <time>2026-08-07T15:05:19.214Z</time>
      </trkpt>
      <trkpt lat="44.681654" lon="20.579051">
        <ele>148.926092</ele>
        <time>2026-08-07T15:05:21.830Z</time>
      </trkpt>
      <trkpt lat="44.681412" lon="20.579420">
        <ele>145.822864</ele>
        <time>2026-08-07T15:05:26.984Z</time>
      </trkpt>
      <trkpt lat="44.681237" lon="20.579870">
        <ele>142.652168</ele>
        <time>2026-08-07T15:05:32.175Z</time>
      </trkpt>
      <trkpt lat="44.681155" lon="20.580431">
        <ele>139.441365</ele>
        <time>2026-08-07T15:05:37.991Z</time>
      </trkpt>
      <trkpt lat="44.681181" lon="20.580790">
        <ele>137.782484</ele>
        <time>2026-08-07T15:05:41.716Z</time>
      </trkpt>
      <trkpt lat="44.681161" lon="20.580928">
        <ele>137.135047</ele>
        <time>2026-08-07T15:05:43.181Z</time>
      </trkpt>
      <trkpt lat="44.681072" lon="20.581092">
        <ele>136.186631</ele>
        <time>2026-08-07T15:05:45.353Z</time>
      </trkpt>
      <trkpt lat="44.681055" lon="20.581191">
        <ele>135.718438</ele>
        <time>2026-08-07T15:05:46.443Z</time>
      </trkpt>
      <trkpt lat="44.681052" lon="20.581284">
        <ele>135.290471</ele>
        <time>2026-08-07T15:05:47.425Z</time>
      </trkpt>
      <trkpt lat="44.681080" lon="20.581317">
        <ele>135.054282</ele>
        <time>2026-08-07T15:05:47.985Z</time>
      </trkpt>
      <trkpt lat="44.681450" lon="20.581603">
        <ele>132.324615</ele>
        <time>2026-08-07T15:05:54.458Z</time>
      </trkpt>
      <trkpt lat="44.681550" lon="20.581777">
        <ele>131.296112</ele>
        <time>2026-08-07T15:05:56.975Z</time>
      </trkpt>
      <trkpt lat="44.681595" lon="20.582031">
        <ele>130.092768</ele>
        <time>2026-08-07T15:05:59.964Z</time>
      </trkpt>
      <trkpt lat="44.681597" lon="20.582344">
        <ele>128.724201</ele>
        <time>2026-08-07T15:06:03.708Z</time>
      </trkpt>
      <trkpt lat="44.681803" lon="20.583216">
        <ele>127.082180</ele>
        <time>2026-08-07T15:06:15.266Z</time>
      </trkpt>
      <trkpt lat="44.681826" lon="20.583407">
        <ele>126.736004</ele>
        <time>2026-08-07T15:06:17.720Z</time>
      </trkpt>
      <trkpt lat="44.681803" lon="20.583571">
        <ele>126.437290</ele>
        <time>2026-08-07T15:06:19.861Z</time>
      </trkpt>
      <trkpt lat="44.681654" lon="20.583737">
        <ele>125.959556</ele>
        <time>2026-08-07T15:06:23.272Z</time>
      </trkpt>
      <trkpt lat="44.681257" lon="20.583980">
        <ele>124.871387</ele>
        <time>2026-08-07T15:06:31.223Z</time>
      </trkpt>
      <trkpt lat="44.680494" lon="20.584345">
        <ele>124.081500</ele>
        <time>2026-08-07T15:06:46.376Z</time>
      </trkpt>
      <trkpt lat="44.679849" lon="20.584481">
        <ele>123.886379</ele>
        <time>2026-08-07T15:06:59.762Z</time>
      </trkpt>
      <trkpt lat="44.679622" lon="20.584475">
        <ele>123.818455</ele>
        <time>2026-08-07T15:07:05.290Z</time>
      </trkpt>
      <trkpt lat="44.679453" lon="20.584397">
        <ele>123.765242</ele>
        <time>2026-08-07T15:07:10.157Z</time>
      </trkpt>
      <trkpt lat="44.678752" lon="20.584243">
        <ele>125.477098</ele>
        <time>2026-08-07T15:07:33.687Z</time>
      </trkpt>
      <trkpt lat="44.678543" lon="20.584260">
        <ele>126.180197</ele>
        <time>2026-08-07T15:07:41.364Z</time>
      </trkpt>
      <trkpt lat="44.678432" lon="20.584310">
        <ele>126.571646</ele>
        <time>2026-08-07T15:07:45.860Z</time>
      </trkpt>
      <trkpt lat="44.678142" lon="20.584522">
        <ele>127.669337</ele>
        <time>2026-08-07T15:07:59.099Z</time>
      </trkpt>
      <trkpt lat="44.677875" lon="20.584856">
        <ele>128.869472</ele>
        <time>2026-08-07T15:08:13.800Z</time>
      </trkpt>
      <trkpt lat="44.677695" lon="20.584977">
        <ele>129.539514</ele>
        <time>2026-08-07T15:08:21.792Z</time>
      </trkpt>
      <trkpt lat="44.677107" lon="20.585086">
        <ele>130.918934</ele>
        <time>2026-08-07T15:08:44.466Z</time>
      </trkpt>
      <trkpt lat="44.675730" lon="20.585107">
        <ele>133.540255</ele>
        <time>2026-08-07T15:09:26.551Z</time>
      </trkpt>
      <trkpt lat="44.674776" lon="20.584941">
        <ele>132.003967</ele>
        <time>2026-08-07T15:09:45.068Z</time>
      </trkpt>
      <trkpt lat="44.674115" lon="20.584675">
        <ele>130.905169</ele>
        <time>2026-08-07T15:09:56.906Z</time>
      </trkpt>
      <trkpt lat="44.673833" lon="20.584614">
        <ele>130.196068</ele>
        <time>2026-08-07T15:10:01.777Z</time>
      </trkpt>
      <trkpt lat="44.672637" lon="20.584630">
        <ele>127.043863</ele>
        <time>2026-08-07T15:10:22.642Z</time>
      </trkpt>
      <trkpt lat="44.672177" lon="20.584735">
        <ele>125.984969</ele>
        <time>2026-08-07T15:10:31.203Z</time>
      </trkpt>
      <trkpt lat="44.672100" lon="20.584773">
        <ele>125.898497</ele>
        <time>2026-08-07T15:10:32.753Z</time>
      </trkpt>
      <trkpt lat="44.672027" lon="20.584803">
        <ele>125.817907</ele>
        <time>2026-08-07T15:10:34.198Z</time>
      </trkpt>
      <trkpt lat="44.672123" lon="20.584981">
        <ele>125.649561</ele>
        <time>2026-08-07T15:10:37.121Z</time>
      </trkpt>
      <trkpt lat="44.672287" lon="20.585184">
        <ele>125.418042</ele>
        <time>2026-08-07T15:10:41.208Z</time>
      </trkpt>
      <trkpt lat="44.672397" lon="20.585246">
        <ele>125.292466</ele>
        <time>2026-08-07T15:10:43.490Z</time>
      </trkpt>
      <trkpt lat="44.672690" lon="20.585309">
        <ele>124.978380</ele>
        <time>2026-08-07T15:10:49.296Z</time>
      </trkpt>
      <trkpt lat="44.672811" lon="20.585376">
        <ele>124.840580</ele>
        <time>2026-08-07T15:10:51.899Z</time>
      </trkpt>
      <trkpt lat="44.673009" lon="20.585672">
        <ele>124.534357</ele>
        <time>2026-08-07T15:10:57.807Z</time>
      </trkpt>
      <trkpt lat="44.673237" lon="20.585868">
        <ele>124.251188</ele>
        <time>2026-08-07T15:11:03.308Z</time>
      </trkpt>
      <trkpt lat="44.673287" lon="20.585985">
        <ele>124.190389</ele>
        <time>2026-08-07T15:11:05.310Z</time>
      </trkpt>
      <trkpt lat="44.673353" lon="20.586502">
        <ele>124.168230</ele>
        <time>2026-08-07T15:11:13.161Z</time>
      </trkpt>
      <trkpt lat="44.673398" lon="20.586677">
        <ele>124.160380</ele>
        <time>2026-08-07T15:11:16.002Z</time>
      </trkpt>
      <trkpt lat="44.673497" lon="20.586913">
        <ele>124.148821</ele>
        <time>2026-08-07T15:11:20.228Z</time>
      </trkpt>
      <trkpt lat="44.673697" lon="20.587124">
        <ele>124.133989</ele>
        <time>2026-08-07T15:11:25.696Z</time>
      </trkpt>
      <trkpt lat="44.674459" lon="20.587682">
        <ele>124.113958</ele>
        <time>2026-08-07T15:11:45.339Z</time>
      </trkpt>
      <trkpt lat="44.674571" lon="20.587831">
        <ele>124.194343</ele>
        <time>2026-08-07T15:11:48.967Z</time>
      </trkpt>
      <trkpt lat="44.674630" lon="20.587970">
        <ele>124.254361</ele>
        <time>2026-08-07T15:11:51.693Z</time>
      </trkpt>
      <trkpt lat="44.674646" lon="20.588076">
        <ele>124.294537</ele>
        <time>2026-08-07T15:11:53.494Z</time>
      </trkpt>
      <trkpt lat="44.674663" lon="20.588214">
        <ele>124.346464</ele>
        <time>2026-08-07T15:11:55.845Z</time>
      </trkpt>
      <trkpt lat="44.674646" lon="20.588336">
        <ele>124.392557</ele>
        <time>2026-08-07T15:11:57.929Z</time>
      </trkpt>
      <trkpt lat="44.674569" lon="20.588541">
        <ele>124.478514</ele>
        <time>2026-08-07T15:12:01.801Z</time>
      </trkpt>
      <trkpt lat="44.674337" lon="20.588927">
        <ele>124.665898</ele>
        <time>2026-08-07T15:12:10.332Z</time>
      </trkpt>
      <trkpt lat="44.673742" lon="20.589894">
        <ele>125.271778</ele>
        <time>2026-08-07T15:12:33.460Z</time>
      </trkpt>
      <trkpt lat="44.673241" lon="20.590919">
        <ele>126.256565</ele>
        <time>2026-08-07T15:12:57.965Z</time>
      </trkpt>
      <trkpt lat="44.673076" lon="20.591353">
        <ele>126.646223</ele>
        <time>2026-08-07T15:13:07.703Z</time>
      </trkpt>
      <trkpt lat="44.672938" lon="20.591824">
        <ele>127.029601</ele>
        <time>2026-08-07T15:13:17.207Z</time>
      </trkpt>
      <trkpt lat="44.672844" lon="20.592342">
        <ele>127.085065</ele>
        <time>2026-08-07T15:13:26.607Z</time>
      </trkpt>
      <trkpt lat="44.672862" lon="20.592583">
        <ele>127.110206</ele>
        <time>2026-08-07T15:13:30.664Z</time>
      </trkpt>
      <trkpt lat="44.673052" lon="20.593241">
        <ele>127.183886</ele>
        <time>2026-08-07T15:13:41.558Z</time>
      </trkpt>
      <trkpt lat="44.673210" lon="20.594099">
        <ele>127.275839</ele>
        <time>2026-08-07T15:13:54.800Z</time>
      </trkpt>
      <trkpt lat="44.673222" lon="20.594386">
        <ele>127.359253</ele>
        <time>2026-08-07T15:13:59.244Z</time>
      </trkpt>
      <trkpt lat="44.673193" lon="20.595004">
        <ele>127.630110</ele>
        <time>2026-08-07T15:14:09.340Z</time>
      </trkpt>
      <trkpt lat="44.673114" lon="20.596581">
        <ele>128.321488</ele>
        <time>2026-08-07T15:14:39.497Z</time>
      </trkpt>
      <trkpt lat="44.673027" lon="20.598135">
        <ele>128.980306</ele>
        <time>2026-08-07T15:15:09.419Z</time>
      </trkpt>
      <trkpt lat="44.672996" lon="20.598354">
        <ele>129.074283</ele>
        <time>2026-08-07T15:15:13.581Z</time>
      </trkpt>
      <trkpt lat="44.673094" lon="20.598502">
        <ele>129.159392</ele>
        <time>2026-08-07T15:15:17.125Z</time>
      </trkpt>
      <trkpt lat="44.673159" lon="20.598772">
        <ele>129.279360</ele>
        <time>2026-08-07T15:15:21.980Z</time>
      </trkpt>
      <trkpt lat="44.673214" lon="20.599196">
        <ele>129.460575</ele>
        <time>2026-08-07T15:15:28.918Z</time>
      </trkpt>
      <trkpt lat="44.673222" lon="20.599287">
        <ele>129.493235</ele>
        <time>2026-08-07T15:15:30.309Z</time>
      </trkpt>
      <trkpt lat="44.673254" lon="20.599594">
        <ele>129.603757</ele>
        <time>2026-08-07T15:15:34.904Z</time>
      </trkpt>
      <trkpt lat="44.673257" lon="20.599667">
        <ele>129.629803</ele>
        <time>2026-08-07T15:15:35.972Z</time>
      </trkpt>
      <trkpt lat="44.673270" lon="20.599935">
        <ele>129.725486</ele>
        <time>2026-08-07T15:15:39.828Z</time>
      </trkpt>
      <trkpt lat="44.673272" lon="20.600069">
        <ele>129.773227</ele>
        <time>2026-08-07T15:15:41.777Z</time>
      </trkpt>
      <trkpt lat="44.673317" lon="20.600562">
        <ele>129.950274</ele>
        <time>2026-08-07T15:15:49.458Z</time>
      </trkpt>
      <trkpt lat="44.673421" lon="20.600797">
        <ele>130.048866</ele>
        <time>2026-08-07T15:15:54.162Z</time>
      </trkpt>
      <trkpt lat="44.673557" lon="20.600934">
        <ele>130.132663</ele>
        <time>2026-08-07T15:15:58.382Z</time>
      </trkpt>
      <trkpt lat="44.674017" lon="20.601275">
        <ele>130.520393</ele>
        <time>2026-08-07T15:16:13.029Z</time>
      </trkpt>
      <trkpt lat="44.674193" lon="20.601410">
        <ele>131.012908</ele>
        <time>2026-08-07T15:16:19.121Z</time>
      </trkpt>
      <trkpt lat="44.674317" lon="20.601528">
        <ele>131.380731</ele>
        <time>2026-08-07T15:16:23.700Z</time>
      </trkpt>
      <trkpt lat="44.674456" lon="20.601663">
        <ele>131.795736</ele>
        <time>2026-08-07T15:16:28.896Z</time>
      </trkpt>
      <trkpt lat="44.674585" lon="20.601790">
        <ele>132.182592</ele>
        <time>2026-08-07T15:16:33.893Z</time>
      </trkpt>
      <trkpt lat="44.674687" lon="20.601935">
        <ele>132.538903</ele>
        <time>2026-08-07T15:16:38.642Z</time>
      </trkpt>
      <trkpt lat="44.674927" lon="20.602451">
        <ele>133.616036</ele>
        <time>2026-08-07T15:16:54.023Z</time>
      </trkpt>
      <trkpt lat="44.675140" lon="20.602967">
        <ele>134.658338</ele>
        <time>2026-08-07T15:17:08.937Z</time>
      </trkpt>
      <trkpt lat="44.675491" lon="20.603966">
        <ele>136.313227</ele>
        <time>2026-08-07T15:17:33.406Z</time>
      </trkpt>
      <trkpt lat="44.675609" lon="20.604388">
        <ele>136.978811</ele>
        <time>2026-08-07T15:17:43.264Z</time>
      </trkpt>
      <trkpt lat="44.675821" lon="20.605200">
        <ele>138.248464</ele>
        <time>2026-08-07T15:18:01.579Z</time>
      </trkpt>
      <trkpt lat="44.676043" lon="20.606587">
        <ele>140.016383</ele>
        <time>2026-08-07T15:18:29.458Z</time>
      </trkpt>
      <trkpt lat="44.676125" lon="20.606936">
        <ele>140.462563</ele>
        <time>2026-08-07T15:18:37.013Z</time>
      </trkpt>
      <trkpt lat="44.676440" lon="20.608033">
        <ele>141.908220</ele>
        <time>2026-08-07T15:19:02.302Z</time>
      </trkpt>
      <trkpt lat="44.676440" lon="20.608255">
        <ele>142.185344</ele>
        <time>2026-08-07T15:19:07.424Z</time>
      </trkpt>
      <trkpt lat="44.676361" lon="20.608788">
        <ele>142.864993</ele>
        <time>2026-08-07T15:19:19.925Z</time>
      </trkpt>
      <trkpt lat="44.676350" lon="20.608987">
        <ele>143.114156</ele>
        <time>2026-08-07T15:19:24.207Z</time>
      </trkpt>
      <trkpt lat="44.676431" lon="20.609875">
        <ele>144.231737</ele>
        <time>2026-08-07T15:19:42.006Z</time>
      </trkpt>
      <trkpt lat="44.676421" lon="20.610054">
        <ele>144.455873</ele>
        <time>2026-08-07T15:19:45.487Z</time>
      </trkpt>
      <trkpt lat="44.676145" lon="20.610873">
        <ele>145.283828</ele>
        <time>2026-08-07T15:20:03.034Z</time>
      </trkpt>
      <trkpt lat="44.676085" lon="20.611157">
        <ele>145.524300</ele>
        <time>2026-08-07T15:20:08.380Z</time>
      </trkpt>
      <trkpt lat="44.676069" lon="20.611552">
        <ele>145.845427</ele>
        <time>2026-08-07T15:20:15.178Z</time>
      </trkpt>
      <trkpt lat="44.676183" lon="20.612315">
        <ele>146.478250</ele>
        <time>2026-08-07T15:20:29.673Z</time>
      </trkpt>
      <trkpt lat="44.676237" lon="20.612497">
        <ele>146.638316</ele>
        <time>2026-08-07T15:20:33.697Z</time>
      </trkpt>
      <trkpt lat="44.676282" lon="20.612824">
        <ele>147.027715</ele>
        <time>2026-08-07T15:20:40.630Z</time>
      </trkpt>
      <trkpt lat="44.676266" lon="20.613188">
        <ele>147.583269</ele>
        <time>2026-08-07T15:20:48.326Z</time>
      </trkpt>
      <trkpt lat="44.676228" lon="20.613460">
        <ele>148.005538</ele>
        <time>2026-08-07T15:20:54.198Z</time>
      </trkpt>
      <trkpt lat="44.675701" lon="20.615368">
        <ele>151.645264</ele>
        <time>2026-08-07T15:21:39.785Z</time>
      </trkpt>
      <trkpt lat="44.675463" lon="20.616229">
        <ele>154.527577</ele>
        <time>2026-08-07T15:22:03.507Z</time>
      </trkpt>
      <trkpt lat="44.675248" lon="20.617011">
        <ele>157.143592</ele>
        <time>2026-08-07T15:22:27.198Z</time>
      </trkpt>
      <trkpt lat="44.675053" lon="20.617831">
        <ele>161.103873</ele>
        <time>2026-08-07T15:22:57.966Z</time>
      </trkpt>
      <trkpt lat="44.675077" lon="20.618019">
        <ele>162.268427</ele>
        <time>2026-08-07T15:23:05.618Z</time>
      </trkpt>
      <trkpt lat="44.675128" lon="20.618129">
        <ele>163.069050</ele>
        <time>2026-08-07T15:23:10.983Z</time>
      </trkpt>
      <trkpt lat="44.675211" lon="20.618215">
        <ele>163.952994</ele>
        <time>2026-08-07T15:23:17.077Z</time>
      </trkpt>
      <trkpt lat="44.675356" lon="20.618258">
        <ele>165.223555</ele>
        <time>2026-08-07T15:23:26.088Z</time>
      </trkpt>
      <trkpt lat="44.676333" lon="20.618363">
        <ele>173.624707</ele>
        <time>2026-08-07T15:24:25.896Z</time>
      </trkpt>
      <trkpt lat="44.676544" lon="20.618419">
        <ele>175.179380</ele>
        <time>2026-08-07T15:24:38.383Z</time>
      </trkpt>
      <trkpt lat="44.676960" lon="20.618666">
        <ele>178.324547</ele>
        <time>2026-08-07T15:25:02.617Z</time>
      </trkpt>
      <trkpt lat="44.677112" lon="20.618943">
        <ele>180.057468</ele>
        <time>2026-08-07T15:25:14.885Z</time>
      </trkpt>
      <trkpt lat="44.677175" lon="20.619126">
        <ele>181.064460</ele>
        <time>2026-08-07T15:25:21.763Z</time>
      </trkpt>
      <trkpt lat="44.677505" lon="20.619981">
        <ele>185.882653</ele>
        <time>2026-08-07T15:25:52.247Z</time>
      </trkpt>
      <trkpt lat="44.678303" lon="20.621196">
        <ele>193.391806</ele>
        <time>2026-08-07T15:26:49.176Z</time>
      </trkpt>
      <trkpt lat="44.678768" lon="20.622486">
        <ele>199.730049</ele>
        <time>2026-08-07T15:27:38.270Z</time>
      </trkpt>
      <trkpt lat="44.678946" lon="20.622988">
        <ele>202.033445</ele>
        <time>2026-08-07T15:27:56.724Z</time>
      </trkpt>
      <trkpt lat="44.679271" lon="20.623906">
        <ele>206.244314</ele>
        <time>2026-08-07T15:28:29.134Z</time>
      </trkpt>
      <trkpt lat="44.679338" lon="20.624214">
        <ele>207.566877</ele>
        <time>2026-08-07T15:28:39.051Z</time>
      </trkpt>
      <trkpt lat="44.679345" lon="20.626069">
        <ele>214.560662</ele>
        <time>2026-08-07T15:29:37.151Z</time>
      </trkpt>
      <trkpt lat="44.679220" lon="20.627003">
        <ele>218.006716</ele>
        <time>2026-08-07T15:30:06.028Z</time>
      </trkpt>
      <trkpt lat="44.679099" lon="20.627942">
        <ele>220.638909</ele>
        <time>2026-08-07T15:30:33.582Z</time>
      </trkpt>
      <trkpt lat="44.678973" lon="20.629469">
        <ele>224.816720</ele>
        <time>2026-08-07T15:31:12.371Z</time>
      </trkpt>
      <trkpt lat="44.678953" lon="20.629743">
        <ele>225.329801</ele>
        <time>2026-08-07T15:31:19.093Z</time>
      </trkpt>
      <trkpt lat="44.678892" lon="20.630946">
        <ele>227.576404</ele>
        <time>2026-08-07T15:31:48.635Z</time>
      </trkpt>
      <trkpt lat="44.678889" lon="20.631026">
        <ele>227.725633</ele>
        <time>2026-08-07T15:31:50.599Z</time>
      </trkpt>
      <trkpt lat="44.678838" lon="20.632240">
        <ele>228.656453</ele>
        <time>2026-08-07T15:32:18.223Z</time>
      </trkpt>
      <trkpt lat="44.678876" lon="20.633184">
        <ele>226.447172</ele>
        <time>2026-08-07T15:32:31.152Z</time>
      </trkpt>
      <trkpt lat="44.679075" lon="20.634563">
        <ele>222.649330</ele>
        <time>2026-08-07T15:32:45.699Z</time>
      </trkpt>
      <trkpt lat="44.679055" lon="20.635126">
        <ele>219.291660</ele>
        <time>2026-08-07T15:32:51.191Z</time>
      </trkpt>
      <trkpt lat="44.679025" lon="20.635275">
        <ele>218.369253</ele>
        <time>2026-08-07T15:32:52.703Z</time>
      </trkpt>
      <trkpt lat="44.678469" lon="20.636997">
        <ele>207.321636</ele>
        <time>2026-08-07T15:33:11.292Z</time>
      </trkpt>
      <trkpt lat="44.678424" lon="20.637206">
        <ele>206.235585</ele>
        <time>2026-08-07T15:33:13.509Z</time>
      </trkpt>
      <trkpt lat="44.678427" lon="20.637550">
        <ele>204.524601</ele>
        <time>2026-08-07T15:33:17.052Z</time>
      </trkpt>
      <trkpt lat="44.678587" lon="20.638802">
        <ele>198.198126</ele>
        <time>2026-08-07T15:33:30.212Z</time>
      </trkpt>
      <trkpt lat="44.678595" lon="20.639130">
        <ele>196.565890</ele>
        <time>2026-08-07T15:33:33.582Z</time>
      </trkpt>
      <trkpt lat="44.678535" lon="20.639736">
        <ele>194.157877</ele>
        <time>2026-08-07T15:33:39.723Z</time>
      </trkpt>
      <trkpt lat="44.678389" lon="20.640449">
        <ele>191.478445</ele>
        <time>2026-08-07T15:33:47.316Z</time>
      </trkpt>
      <trkpt lat="44.678356" lon="20.640703">
        <ele>190.546010</ele>
        <time>2026-08-07T15:33:50.015Z</time>
      </trkpt>
      <trkpt lat="44.678346" lon="20.640997">
        <ele>189.483098</ele>
        <time>2026-08-07T15:33:53.133Z</time>
      </trkpt>
      <trkpt lat="44.678401" lon="20.641382">
        <ele>188.064997</ele>
        <time>2026-08-07T15:33:57.448Z</time>
      </trkpt>
      <trkpt lat="44.678509" lon="20.641704">
        <ele>186.779319</ele>
        <time>2026-08-07T15:34:01.676Z</time>
      </trkpt>
      <trkpt lat="44.678958" lon="20.642548">
        <ele>187.298427</ele>
        <time>2026-08-07T15:34:20.197Z</time>
      </trkpt>
      <trkpt lat="44.679207" lon="20.643076">
        <ele>187.661132</ele>
        <time>2026-08-07T15:34:35.089Z</time>
      </trkpt>
      <trkpt lat="44.679443" lon="20.643981">
        <ele>188.098560</ele>
        <time>2026-08-07T15:34:55.334Z</time>
      </trkpt>
      <trkpt lat="44.679620" lon="20.644688">
        <ele>187.686076</ele>
        <time>2026-08-07T15:35:07.248Z</time>
      </trkpt>
      <trkpt lat="44.679638" lon="20.644924">
        <ele>187.555457</ele>
        <time>2026-08-07T15:35:10.496Z</time>
      </trkpt>
      <trkpt lat="44.679589" lon="20.645190">
        <ele>187.404241</ele>
        <time>2026-08-07T15:35:14.154Z</time>
      </trkpt>
      <trkpt lat="44.679419" lon="20.645702">
        <ele>187.093275</ele>
        <time>2026-08-07T15:35:21.391Z</time>
      </trkpt>
      <trkpt lat="44.679327" lon="20.646036">
        <ele>186.896160</ele>
        <time>2026-08-07T15:35:25.933Z</time>
      </trkpt>
      <trkpt lat="44.679309" lon="20.646269">
        <ele>186.767181</ele>
        <time>2026-08-07T15:35:28.886Z</time>
      </trkpt>
      <trkpt lat="44.679365" lon="20.646543">
        <ele>186.395674</ele>
        <time>2026-08-07T15:35:32.449Z</time>
      </trkpt>
      <trkpt lat="44.679554" lon="20.647161">
        <ele>185.503735</ele>
        <time>2026-08-07T15:35:40.942Z</time>
      </trkpt>
      <trkpt lat="44.679609" lon="20.647526">
        <ele>185.009058</ele>
        <time>2026-08-07T15:35:45.899Z</time>
      </trkpt>
      <trkpt lat="44.679597" lon="20.647746">
        <ele>184.716518</ele>
        <time>2026-08-07T15:35:48.970Z</time>
      </trkpt>
      <trkpt lat="44.679530" lon="20.648050">
        <ele>184.294548</ele>
        <time>2026-08-07T15:35:53.344Z</time>
      </trkpt>
      <trkpt lat="44.679412" lon="20.648360">
        <ele>183.828351</ele>
        <time>2026-08-07T15:35:57.900Z</time>
      </trkpt>
      <trkpt lat="44.679213" lon="20.648741">
        <ele>182.804538</ele>
        <time>2026-08-07T15:36:03.668Z</time>
      </trkpt>
      <trkpt lat="44.679117" lon="20.648876">
        <ele>182.066434</ele>
        <time>2026-08-07T15:36:05.862Z</time>
      </trkpt>
      <trkpt lat="44.678989" lon="20.648961">
        <ele>181.296836</ele>
        <time>2026-08-07T15:36:08.092Z</time>
      </trkpt>
      <trkpt lat="44.678784" lon="20.648988">
        <ele>180.177404</ele>
        <time>2026-08-07T15:36:11.267Z</time>
      </trkpt>
      <trkpt lat="44.678215" lon="20.648793">
        <ele>176.993304</ele>
        <time>2026-08-07T15:36:19.936Z</time>
      </trkpt>
      <trkpt lat="44.677838" lon="20.648640">
        <ele>174.859969</ele>
        <time>2026-08-07T15:36:25.510Z</time>
      </trkpt>
      <trkpt lat="44.677265" lon="20.648420">
        <ele>170.400630</ele>
        <time>2026-08-07T15:36:33.894Z</time>
      </trkpt>
      <trkpt lat="44.676980" lon="20.648304">
        <ele>167.795082</ele>
        <time>2026-08-07T15:36:38.046Z</time>
      </trkpt>
      <trkpt lat="44.676694" lon="20.648267">
        <ele>165.272865</ele>
        <time>2026-08-07T15:36:42.030Z</time>
      </trkpt>
      <trkpt lat="44.676415" lon="20.648337">
        <ele>162.784037</ele>
        <time>2026-08-07T15:36:45.951Z</time>
      </trkpt>
      <trkpt lat="44.676221" lon="20.648457">
        <ele>160.922835</ele>
        <time>2026-08-07T15:36:48.863Z</time>
      </trkpt>
      <trkpt lat="44.675854" lon="20.648809">
        <ele>156.942092</ele>
        <time>2026-08-07T15:36:54.919Z</time>
      </trkpt>
      <trkpt lat="44.675744" lon="20.648940">
        <ele>155.552316</ele>
        <time>2026-08-07T15:36:56.859Z</time>
      </trkpt>
      <trkpt lat="44.675648" lon="20.649123">
        <ele>153.993183</ele>
        <time>2026-08-07T15:36:59.014Z</time>
      </trkpt>
      <trkpt lat="44.675524" lon="20.649598">
        <ele>150.524018</ele>
        <time>2026-08-07T15:37:03.840Z</time>
      </trkpt>
      <trkpt lat="44.675471" lon="20.650182">
        <ele>146.487572</ele>
        <time>2026-08-07T15:37:09.463Z</time>
      </trkpt>
      <trkpt lat="44.675448" lon="20.650592">
        <ele>143.667831</ele>
        <time>2026-08-07T15:37:13.466Z</time>
      </trkpt>
      <trkpt lat="44.675468" lon="20.650882">
        <ele>141.670228</ele>
        <time>2026-08-07T15:37:16.345Z</time>
      </trkpt>
      <trkpt lat="44.675552" lon="20.651309">
        <ele>139.536131</ele>
        <time>2026-08-07T15:37:20.847Z</time>
      </trkpt>
      <trkpt lat="44.675584" lon="20.651698">
        <ele>138.155377</ele>
        <time>2026-08-07T15:37:25.041Z</time>
      </trkpt>
      <trkpt lat="44.675556" lon="20.651899">
        <ele>137.433183</ele>
        <time>2026-08-07T15:37:27.331Z</time>
      </trkpt>
      <trkpt lat="44.675465" lon="20.652429">
        <ele>135.510707</ele>
        <time>2026-08-07T15:37:33.590Z</time>
      </trkpt>
      <trkpt lat="44.675479" lon="20.653264">
        <ele>132.565688</ele>
        <time>2026-08-07T15:37:42.898Z</time>
      </trkpt>
      <trkpt lat="44.675336" lon="20.654061">
        <ele>129.547566</ele>
        <time>2026-08-07T15:37:51.783Z</time>
      </trkpt>
      <trkpt lat="44.675308" lon="20.654342">
        <ele>128.484204</ele>
        <time>2026-08-07T15:37:54.786Z</time>
      </trkpt>
      <trkpt lat="44.675307" lon="20.654810">
        <ele>126.730322</ele>
        <time>2026-08-07T15:37:59.644Z</time>
      </trkpt>
      <trkpt lat="44.675361" lon="20.655459">
        <ele>124.281541</ele>
        <time>2026-08-07T15:38:06.390Z</time>
      </trkpt>
      <trkpt lat="44.675465" lon="20.656737">
        <ele>120.971524</ele>
        <time>2026-08-07T15:38:20.387Z</time>
      </trkpt>
      <trkpt lat="44.675512" lon="20.657481">
        <ele>119.777616</ele>
        <time>2026-08-07T15:38:29.310Z</time>
      </trkpt>
      <trkpt lat="44.675544" lon="20.657721">
        <ele>119.387310</ele>
        <time>2026-08-07T15:38:32.461Z</time>
      </trkpt>
      <trkpt lat="44.675616" lon="20.658006">
        <ele>118.903866</ele>
        <time>2026-08-07T15:38:36.639Z</time>
      </trkpt>
      <trkpt lat="44.675734" lon="20.658281">
        <ele>118.390476</ele>
        <time>2026-08-07T15:38:41.436Z</time>
      </trkpt>
      <trkpt lat="44.675911" lon="20.658670">
        <ele>118.288252</ele>
        <time>2026-08-07T15:38:49.553Z</time>
      </trkpt>
      <trkpt lat="44.675972" lon="20.658867">
        <ele>118.491183</ele>
        <time>2026-08-07T15:38:53.684Z</time>
      </trkpt>
      <trkpt lat="44.676125" lon="20.659694">
        <ele>119.298243</ele>
        <time>2026-08-07T15:39:11.755Z</time>
      </trkpt>
      <trkpt lat="44.676134" lon="20.659844">
        <ele>119.440413</ele>
        <time>2026-08-07T15:39:15.167Z</time>
      </trkpt>
      <trkpt lat="44.676069" lon="20.660708">
        <ele>120.260969</ele>
        <time>2026-08-07T15:39:33.780Z</time>
      </trkpt>
      <trkpt lat="44.676022" lon="20.661234">
        <ele>120.179337</ele>
        <time>2026-08-07T15:39:43.647Z</time>
      </trkpt>
      <trkpt lat="44.676016" lon="20.661557">
        <ele>119.930420</ele>
        <time>2026-08-07T15:39:48.984Z</time>
      </trkpt>
      <trkpt lat="44.676020" lon="20.661753">
        <ele>119.779363</ele>
        <time>2026-08-07T15:39:51.900Z</time>
      </trkpt>
      <trkpt lat="44.676030" lon="20.662001">
        <ele>119.588003</ele>
        <time>2026-08-07T15:39:55.407Z</time>
      </trkpt>
      <trkpt lat="44.676031" lon="20.662740">
        <ele>119.018692</ele>
        <time>2026-08-07T15:40:04.979Z</time>
      </trkpt>
      <trkpt lat="44.675980" lon="20.663391">
        <ele>118.514142</ele>
        <time>2026-08-07T15:40:12.830Z</time>
      </trkpt>
      <trkpt lat="44.675872" lon="20.664350">
        <ele>116.608225</ele>
        <time>2026-08-07T15:40:23.910Z</time>
      </trkpt>
      <trkpt lat="44.675718" lon="20.665791">
        <ele>113.695700</ele>
        <time>2026-08-07T15:40:40.963Z</time>
      </trkpt>
      <trkpt lat="44.675677" lon="20.666104">
        <ele>113.314209</ele>
        <time>2026-08-07T15:40:44.929Z</time>
      </trkpt>
      <trkpt lat="44.675407" lon="20.667677">
        <ele>112.263423</ele>
        <time>2026-08-07T15:41:07.912Z</time>
      </trkpt>
      <trkpt lat="44.675040" lon="20.669351">
        <ele>111.362033</ele>
        <time>2026-08-07T15:41:34.277Z</time>
      </trkpt>
      <trkpt lat="44.674694" lon="20.671215">
        <ele>110.464347</ele>
        <time>2026-08-07T15:42:01.327Z</time>
      </trkpt>
      <trkpt lat="44.674358" lon="20.672510">
        <ele>109.598713</ele>
        <time>2026-08-07T15:42:20.572Z</time>
      </trkpt>
      <trkpt lat="44.674247" lon="20.673030">
        <ele>109.257783</ele>
        <time>2026-08-07T15:42:28.275Z</time>
      </trkpt>
      <trkpt lat="44.674200" lon="20.673602">
        <ele>108.679951</ele>
        <time>2026-08-07T15:42:36.156Z</time>
      </trkpt>
      <trkpt lat="44.674201" lon="20.673798">
        <ele>108.449359</ele>
        <time>2026-08-07T15:42:38.784Z</time>
      </trkpt>
      <trkpt lat="44.674192" lon="20.674262">
        <ele>107.903277</ele>
        <time>2026-08-07T15:42:44.861Z</time>
      </trkpt>
      <trkpt lat="44.674109" lon="20.674719">
        <ele>107.348375</ele>
        <time>2026-08-07T15:42:50.859Z</time>
      </trkpt>
      <trkpt lat="44.673818" lon="20.675397">
        <ele>106.416704</ele>
        <time>2026-08-07T15:43:00.692Z</time>
      </trkpt>
      <trkpt lat="44.673667" lon="20.675823">
        <ele>105.825937</ele>
        <time>2026-08-07T15:43:06.512Z</time>
      </trkpt>
      <trkpt lat="44.673513" lon="20.676349">
        <ele>105.090567</ele>
        <time>2026-08-07T15:43:13.576Z</time>
      </trkpt>
      <trkpt lat="44.673145" lon="20.677974">
        <ele>102.888466</ele>
        <time>2026-08-07T15:43:35.521Z</time>
      </trkpt>
      <trkpt lat="44.672859" lon="20.679571">
        <ele>101.203229</ele>
        <time>2026-08-07T15:43:56.704Z</time>
      </trkpt>
      <trkpt lat="44.672632" lon="20.680542">
        <ele>100.337112</ele>
        <time>2026-08-07T15:44:10.396Z</time>
      </trkpt>
      <trkpt lat="44.672471" lon="20.681422">
        <ele>100.501263</ele>
        <time>2026-08-07T15:44:23.783Z</time>
      </trkpt>
      <trkpt lat="44.672252" lon="20.682989">
        <ele>100.930634</ele>
        <time>2026-08-07T15:44:52.428Z</time>
      </trkpt>
      <trkpt lat="44.672146" lon="20.683632">
        <ele>101.789336</ele>
        <time>2026-08-07T15:45:06.499Z</time>
      </trkpt>
      <trkpt lat="44.672058" lon="20.684130">
        <ele>102.456919</ele>
        <time>2026-08-07T15:45:17.794Z</time>
      </trkpt>
      <trkpt lat="44.671995" lon="20.684338">
        <ele>102.751041</ele>
        <time>2026-08-07T15:45:22.828Z</time>
      </trkpt>
      <trkpt lat="44.671847" lon="20.684647">
        <ele>103.235717</ele>
        <time>2026-08-07T15:45:31.231Z</time>
      </trkpt>
      <trkpt lat="44.671106" lon="20.685683">
        <ele>104.702692</ele>
        <time>2026-08-07T15:46:02.055Z</time>
      </trkpt>
      <trkpt lat="44.670541" lon="20.686279">
        <ele>105.467660</ele>
        <time>2026-08-07T15:46:19.473Z</time>
      </trkpt>
      <trkpt lat="44.670086" lon="20.686910">
        <ele>106.121545</ele>
        <time>2026-08-07T15:46:35.434Z</time>
      </trkpt>
      <trkpt lat="44.669986" lon="20.687133">
        <ele>106.274265</ele>
        <time>2026-08-07T15:46:40.207Z</time>
      </trkpt>
      <trkpt lat="44.669925" lon="20.687347">
        <ele>106.407821</ele>
        <time>2026-08-07T15:46:44.457Z</time>
      </trkpt>
      <trkpt lat="44.669876" lon="20.687817">
        <ele>106.683000</ele>
        <time>2026-08-07T15:46:53.301Z</time>
      </trkpt>
      <trkpt lat="44.669831" lon="20.688778">
        <ele>107.240908</ele>
        <time>2026-08-07T15:47:11.239Z</time>
      </trkpt>
      <trkpt lat="44.669755" lon="20.689214">
        <ele>107.470355</ele>
        <time>2026-08-07T15:47:19.424Z</time>
      </trkpt>
      <trkpt lat="44.669650" lon="20.689576">
        <ele>107.468366</ele>
        <time>2026-08-07T15:47:26.070Z</time>
      </trkpt>
      <trkpt lat="44.669359" lon="20.690357">
        <ele>107.463881</ele>
        <time>2026-08-07T15:47:39.879Z</time>
      </trkpt>
      <trkpt lat="44.668743" lon="20.691734">
        <ele>107.612407</ele>
        <time>2026-08-07T15:48:04.064Z</time>
      </trkpt>
      <trkpt lat="44.668689" lon="20.692009">
        <ele>107.716792</ele>
        <time>2026-08-07T15:48:08.615Z</time>
      </trkpt>
      <trkpt lat="44.668687" lon="20.692304">
        <ele>107.824735</ele>
        <time>2026-08-07T15:48:13.492Z</time>
      </trkpt>
      <trkpt lat="44.668684" lon="20.692715">
        <ele>107.975124</ele>
        <time>2026-08-07T15:48:20.592Z</time>
      </trkpt>
      <trkpt lat="44.668647" lon="20.693057">
        <ele>108.101698</ele>
        <time>2026-08-07T15:48:26.835Z</time>
      </trkpt>
      <trkpt lat="44.668379" lon="20.694675">
        <ele>108.301482</ele>
        <time>2026-08-07T15:48:59.226Z</time>
      </trkpt>
      <trkpt lat="44.668090" lon="20.696047">
        <ele>108.170538</ele>
        <time>2026-08-07T15:49:21.149Z</time>
      </trkpt>
      <trkpt lat="44.668061" lon="20.696300">
        <ele>108.012158</ele>
        <time>2026-08-07T15:49:24.304Z</time>
      </trkpt>
      <trkpt lat="44.668098" lon="20.696674">
        <ele>106.963959</ele>
        <time>2026-08-07T15:49:28.775Z</time>
      </trkpt>
      <trkpt lat="44.668189" lon="20.696999">
        <ele>105.994376</ele>
        <time>2026-08-07T15:49:32.750Z</time>
      </trkpt>
      <trkpt lat="44.668226" lon="20.697228">
        <ele>105.342488</ele>
        <time>2026-08-07T15:49:35.349Z</time>
      </trkpt>
      <trkpt lat="44.668308" lon="20.698760">
        <ele>101.087425</ele>
        <time>2026-08-07T15:49:51.856Z</time>
      </trkpt>
      <trkpt lat="44.668370" lon="20.700152">
        <ele>97.918052</ele>
        <time>2026-08-07T15:50:07.493Z</time>
      </trkpt>
      <trkpt lat="44.668412" lon="20.700444">
        <ele>97.241078</ele>
        <time>2026-08-07T15:50:11.055Z</time>
      </trkpt>
      <trkpt lat="44.668512" lon="20.701219">
        <ele>95.451224</ele>
        <time>2026-08-07T15:50:20.851Z</time>
      </trkpt>
      <trkpt lat="44.668513" lon="20.701456">
        <ele>95.165417</ele>
        <time>2026-08-07T15:50:23.913Z</time>
      </trkpt>
      <trkpt lat="44.668518" lon="20.702073">
        <ele>94.514971</ele>
        <time>2026-08-07T15:50:32.169Z</time>
      </trkpt>
      <trkpt lat="44.668575" lon="20.702354">
        <ele>94.206945</ele>
        <time>2026-08-07T15:50:36.130Z</time>
      </trkpt>
      <trkpt lat="44.668769" lon="20.703052">
        <ele>93.416965</ele>
        <time>2026-08-07T15:50:46.133Z</time>
      </trkpt>
      <trkpt lat="44.668984" lon="20.703851">
        <ele>92.553535</ele>
        <time>2026-08-07T15:50:57.005Z</time>
      </trkpt>
      <trkpt lat="44.669072" lon="20.704371">
        <ele>92.093711</ele>
        <time>2026-08-07T15:51:04.113Z</time>
      </trkpt>
      <trkpt lat="44.669088" lon="20.705150">
        <ele>91.423294</ele>
        <time>2026-08-07T15:51:14.894Z</time>
      </trkpt>
      <trkpt lat="44.669159" lon="20.705555">
        <ele>91.064462</ele>
        <time>2026-08-07T15:51:20.615Z</time>
      </trkpt>
      <trkpt lat="44.669458" lon="20.706431">
        <ele>90.069116</ele>
        <time>2026-08-07T15:51:33.597Z</time>
      </trkpt>
      <trkpt lat="44.669866" lon="20.707435">
        <ele>88.568973</ele>
        <time>2026-08-07T15:51:48.601Z</time>
      </trkpt>
      <trkpt lat="44.669987" lon="20.707681">
        <ele>88.180943</ele>
        <time>2026-08-07T15:51:52.370Z</time>
      </trkpt>
      <trkpt lat="44.670170" lon="20.707967">
        <ele>87.681843</ele>
        <time>2026-08-07T15:51:56.989Z</time>
      </trkpt>
      <trkpt lat="44.670573" lon="20.708397">
        <ele>86.699402</ele>
        <time>2026-08-07T15:52:05.487Z</time>
      </trkpt>
      <trkpt lat="44.670671" lon="20.708542">
        <ele>86.409106</ele>
        <time>2026-08-07T15:52:07.907Z</time>
      </trkpt>
      <trkpt lat="44.670768" lon="20.708773">
        <ele>86.019801</ele>
        <time>2026-08-07T15:52:11.144Z</time>
      </trkpt>
      <trkpt lat="44.671044" lon="20.709357">
        <ele>85.002221</ele>
        <time>2026-08-07T15:52:19.989Z</time>
      </trkpt>
      <trkpt lat="44.671107" lon="20.709711">
        <ele>84.472654</ele>
        <time>2026-08-07T15:52:24.625Z</time>
      </trkpt>
      <trkpt lat="44.671191" lon="20.710537">
        <ele>83.273507</ele>
        <time>2026-08-07T15:52:35.477Z</time>
      </trkpt>
      <trkpt lat="44.671252" lon="20.710873">
        <ele>82.788202</ele>
        <time>2026-08-07T15:52:39.838Z</time>
      </trkpt>
      <trkpt lat="44.671406" lon="20.711533">
        <ele>81.816102</ele>
        <time>2026-08-07T15:52:48.543Z</time>
      </trkpt>
      <trkpt lat="44.671446" lon="20.711825">
        <ele>81.399943</ele>
        <time>2026-08-07T15:52:52.277Z</time>
      </trkpt>
      <trkpt lat="44.671436" lon="20.712019">
        <ele>81.127734</ele>
        <time>2026-08-07T15:52:54.707Z</time>
      </trkpt>
      <trkpt lat="44.671413" lon="20.712297">
        <ele>80.736056</ele>
        <time>2026-08-07T15:52:58.161Z</time>
      </trkpt>
      <trkpt lat="44.671584" lon="20.712907">
        <ele>79.886722</ele>
        <time>2026-08-07T15:53:06.208Z</time>
      </trkpt>
      <trkpt lat="44.671726" lon="20.714242">
        <ele>78.551058</ele>
        <time>2026-08-07T15:53:23.376Z</time>
      </trkpt>
      <trkpt lat="44.671780" lon="20.714557">
        <ele>78.230440</ele>
        <time>2026-08-07T15:53:27.964Z</time>
      </trkpt>
      <trkpt lat="44.671824" lon="20.715386">
        <ele>77.616967</ele>
        <time>2026-08-07T15:53:39.535Z</time>
      </trkpt>
      <trkpt lat="44.671866" lon="20.715606">
        <ele>77.725825</ele>
        <time>2026-08-07T15:53:42.879Z</time>
      </trkpt>
      <trkpt lat="44.671953" lon="20.716092">
        <ele>77.965324</ele>
        <time>2026-08-07T15:53:50.446Z</time>
      </trkpt>
      <trkpt lat="44.671677" lon="20.716295">
        <ele>78.174636</ele>
        <time>2026-08-07T15:53:58.057Z</time>
      </trkpt>
      <trkpt lat="44.671588" lon="20.716372">
        <ele>78.244857</ele>
        <time>2026-08-07T15:54:05.277Z</time>
      </trkpt>
      <trkpt lat="44.671401" lon="20.716533">
        <ele>78.392205</ele>
        <time>2026-08-07T15:54:20.534Z</time>
      </trkpt>
      <trkpt lat="44.671211" lon="20.716710">
        <ele>78.545362</ele>
        <time>2026-08-07T15:54:36.404Z</time>
      </trkpt>
      <trkpt lat="44.670824" lon="20.717067">
        <ele>78.981746</ele>
        <time>2026-08-07T15:55:08.558Z</time>
      </trkpt>
      <trkpt lat="44.670699" lon="20.717182">
        <ele>79.209439</ele>
        <time>2026-08-07T15:55:18.947Z</time>
      </trkpt>
      <trkpt lat="44.670213" lon="20.717321">
        <ele>79.965411</ele>
        <time>2026-08-07T15:55:35.150Z</time>
      </trkpt>
      <trkpt lat="44.670388" lon="20.717450">
        <ele>80.266593</ele>
        <time>2026-08-07T15:55:41.289Z</time>
      </trkpt>
      <trkpt lat="44.670630" lon="20.717823">
        <ele>80.813913</ele>
        <time>2026-08-07T15:55:51.508Z</time>
      </trkpt>
      <trkpt lat="44.670941" lon="20.718425">
        <ele>81.527606</ele>
        <time>2026-08-07T15:56:04.455Z</time>
      </trkpt>
      <trkpt lat="44.671248" lon="20.719156">
        <ele>81.743072</ele>
        <time>2026-08-07T15:56:16.972Z</time>
      </trkpt>
      <trkpt lat="44.671334" lon="20.719351">
        <ele>81.801308</ele>
        <time>2026-08-07T15:56:20.408Z</time>
      </trkpt>
      <trkpt lat="44.671571" lon="20.719898">
        <ele>81.963874</ele>
        <time>2026-08-07T15:56:29.517Z</time>
      </trkpt>
      <trkpt lat="44.671648" lon="20.720069">
        <ele>82.015242</ele>
        <time>2026-08-07T15:56:32.715Z</time>
      </trkpt>
      <trkpt lat="44.671746" lon="20.720321">
        <ele>82.088138</ele>
        <time>2026-08-07T15:56:38.052Z</time>
      </trkpt>
      <trkpt lat="44.671875" lon="20.720653">
        <ele>82.417585</ele>
        <time>2026-08-07T15:56:46.321Z</time>
      </trkpt>
      <trkpt lat="44.671657" lon="20.721164">
        <ele>83.389173</ele>
        <time>2026-08-07T15:57:00.969Z</time>
      </trkpt>
      <trkpt lat="44.671421" lon="20.721528">
        <ele>84.192295</ele>
        <time>2026-08-07T15:57:13.212Z</time>
      </trkpt>
      <trkpt lat="44.671039" lon="20.721912">
        <ele>85.268897</ele>
        <time>2026-08-07T15:57:29.197Z</time>
      </trkpt>
      <trkpt lat="44.670441" lon="20.722480">
        <ele>86.056543</ele>
        <time>2026-08-07T15:57:50.960Z</time>
      </trkpt>
      <trkpt lat="44.670164" lon="20.722739">
        <ele>85.815201</ele>
        <time>2026-08-07T15:57:57.826Z</time>
      </trkpt>
      <trkpt lat="44.669334" lon="20.723509">
        <ele>85.093770</ele>
        <time>2026-08-07T15:58:16.152Z</time>
      </trkpt>
      <trkpt lat="44.669090" lon="20.723784">
        <ele>84.574719</ele>
        <time>2026-08-07T15:58:21.718Z</time>
      </trkpt>
      <trkpt lat="44.668035" lon="20.725334">
        <ele>79.992794</ele>
        <time>2026-08-07T15:58:46.546Z</time>
      </trkpt>
      <trkpt lat="44.667705" lon="20.725887">
        <ele>79.276030</ele>
        <time>2026-08-07T15:58:54.659Z</time>
      </trkpt>
      <trkpt lat="44.667307" lon="20.726569">
        <ele>78.795011</ele>
        <time>2026-08-07T15:59:05.469Z</time>
      </trkpt>
      <trkpt lat="44.667053" lon="20.726952">
        <ele>78.509477</ele>
        <time>2026-08-07T15:59:13.680Z</time>
      </trkpt>
      <trkpt lat="44.666861" lon="20.727182">
        <ele>78.316102</ele>
        <time>2026-08-07T15:59:21.213Z</time>
      </trkpt>
      <trkpt lat="44.666393" lon="20.727594">
        <ele>79.776472</ele>
        <time>2026-08-07T15:59:40.980Z</time>
      </trkpt>
      <trkpt lat="44.665200" lon="20.728444">
        <ele>85.478109</ele>
        <time>2026-08-07T16:00:37.276Z</time>
      </trkpt>
      <trkpt lat="44.664572" lon="20.728915">
        <ele>87.744696</ele>
        <time>2026-08-07T16:01:05.535Z</time>
      </trkpt>
      <trkpt lat="44.664067" lon="20.729339">
        <ele>89.529761</ele>
        <time>2026-08-07T16:01:26.218Z</time>
      </trkpt>
      <trkpt lat="44.663890" lon="20.729549">
        <ele>90.232626</ele>
        <time>2026-08-07T16:01:33.532Z</time>
      </trkpt>
      <trkpt lat="44.663677" lon="20.729888">
        <ele>91.208998</ele>
        <time>2026-08-07T16:01:42.693Z</time>
      </trkpt>
      <trkpt lat="44.663512" lon="20.730273">
        <ele>91.064634</ele>
        <time>2026-08-07T16:01:50.725Z</time>
      </trkpt>
      <trkpt lat="44.663409" lon="20.730594">
        <ele>90.854115</ele>
        <time>2026-08-07T16:01:56.298Z</time>
      </trkpt>
      <trkpt lat="44.663074" lon="20.731906">
        <ele>90.020786</ele>
        <time>2026-08-07T16:02:14.613Z</time>
      </trkpt>
      <trkpt lat="44.663033" lon="20.732072">
        <ele>89.915737</ele>
        <time>2026-08-07T16:02:16.757Z</time>
      </trkpt>
      <trkpt lat="44.662728" lon="20.733241">
        <ele>88.571211</ele>
        <time>2026-08-07T16:02:32.087Z</time>
      </trkpt>
      <trkpt lat="44.661684" lon="20.737315">
        <ele>84.157704</ele>
        <time>2026-08-07T16:03:29.560Z</time>
      </trkpt>
      <trkpt lat="44.661132" lon="20.739151">
        <ele>82.082231</ele>
        <time>2026-08-07T16:03:56.094Z</time>
      </trkpt>
      <trkpt lat="44.660929" lon="20.739717">
        <ele>81.986307</ele>
        <time>2026-08-07T16:04:03.788Z</time>
      </trkpt>
      <trkpt lat="44.660702" lon="20.740254">
        <ele>82.187646</ele>
        <time>2026-08-07T16:04:11.886Z</time>
      </trkpt>
      <trkpt lat="44.660301" lon="20.740980">
        <ele>82.483911</ele>
        <time>2026-08-07T16:04:27.759Z</time>
      </trkpt>
      <trkpt lat="44.659989" lon="20.741490">
        <ele>83.120599</ele>
        <time>2026-08-07T16:04:43.678Z</time>
      </trkpt>
      <trkpt lat="44.659961" lon="20.741526">
        <ele>83.358409</ele>
        <time>2026-08-07T16:04:45.198Z</time>
      </trkpt>
      <trkpt lat="44.659665" lon="20.742003">
        <ele>86.180400</ele>
        <time>2026-08-07T16:05:04.612Z</time>
      </trkpt>
      <trkpt lat="44.659394" lon="20.742456">
        <ele>88.819200</ele>
        <time>2026-08-07T16:05:26.094Z</time>
      </trkpt>
      <trkpt lat="44.659160" lon="20.742757">
        <ele>90.807051</ele>
        <time>2026-08-07T16:05:42.599Z</time>
      </trkpt>
      <trkpt lat="44.658843" lon="20.743060">
        <ele>93.209560</ele>
        <time>2026-08-07T16:06:03.451Z</time>
      </trkpt>
      <trkpt lat="44.658327" lon="20.743471">
        <ele>97.296824</ele>
        <time>2026-08-07T16:06:34.556Z</time>
      </trkpt>
      <trkpt lat="44.658181" lon="20.743582">
        <ele>98.466124</ele>
        <time>2026-08-07T16:06:43.130Z</time>
      </trkpt>
      <trkpt lat="44.657895" lon="20.743808">
        <ele>100.777388</ele>
        <time>2026-08-07T16:06:59.933Z</time>
      </trkpt>
      <trkpt lat="44.657596" lon="20.744091">
        <ele>103.316663</ele>
        <time>2026-08-07T16:07:18.127Z</time>
      </trkpt>
      <trkpt lat="44.656130" lon="20.745622">
        <ele>115.155936</ele>
        <time>2026-08-07T16:08:44.789Z</time>
      </trkpt>
      <trkpt lat="44.655845" lon="20.745925">
        <ele>117.403280</ele>
        <time>2026-08-07T16:09:01.714Z</time>
      </trkpt>
      <trkpt lat="44.655158" lon="20.746636">
        <ele>123.670486</ele>
        <time>2026-08-07T16:09:41.717Z</time>
      </trkpt>
      <trkpt lat="44.654726" lon="20.746984">
        <ele>127.384896</ele>
        <time>2026-08-07T16:10:08.444Z</time>
      </trkpt>
      <trkpt lat="44.654302" lon="20.747246">
        <ele>130.840093</ele>
        <time>2026-08-07T16:10:34.257Z</time>
      </trkpt>
      <trkpt lat="44.653999" lon="20.747399">
        <ele>133.747790</ele>
        <time>2026-08-07T16:10:53.206Z</time>
      </trkpt>
      <trkpt lat="44.653600" lon="20.747632">
        <ele>137.829412</ele>
        <time>2026-08-07T16:11:20.254Z</time>
      </trkpt>
      <trkpt lat="44.653148" lon="20.747986">
        <ele>142.717421</ele>
        <time>2026-08-07T16:11:54.571Z</time>
      </trkpt>
      <trkpt lat="44.653103" lon="20.748023">
        <ele>143.209913</ele>
        <time>2026-08-07T16:11:58.026Z</time>
      </trkpt>
      <trkpt lat="44.652649" lon="20.748402">
        <ele>148.198104</ele>
        <time>2026-08-07T16:12:28.562Z</time>
      </trkpt>
      <trkpt lat="44.652376" lon="20.748784">
        <ele>150.724510</ele>
        <time>2026-08-07T16:12:49.245Z</time>
      </trkpt>
      <trkpt lat="44.652273" lon="20.749012">
        <ele>151.963135</ele>
        <time>2026-08-07T16:12:58.929Z</time>
      </trkpt>
      <trkpt lat="44.652231" lon="20.749177">
        <ele>152.766808</ele>
        <time>2026-08-07T16:13:04.881Z</time>
      </trkpt>
      <trkpt lat="44.652189" lon="20.749439">
        <ele>153.998472</ele>
        <time>2026-08-07T16:13:13.786Z</time>
      </trkpt>
      <trkpt lat="44.652183" lon="20.749631">
        <ele>154.879836</ele>
        <time>2026-08-07T16:13:20.069Z</time>
      </trkpt>
      <trkpt lat="44.652229" lon="20.750818">
        <ele>160.164082</ele>
        <time>2026-08-07T16:13:57.242Z</time>
      </trkpt>
      <trkpt lat="44.652211" lon="20.751186">
        <ele>161.151633</ele>
        <time>2026-08-07T16:14:09.023Z</time>
      </trkpt>
      <trkpt lat="44.652168" lon="20.751430">
        <ele>161.824626</ele>
        <time>2026-08-07T16:14:16.901Z</time>
      </trkpt>
      <trkpt lat="44.652017" lon="20.751794">
        <ele>162.952732</ele>
        <time>2026-08-07T16:14:28.326Z</time>
      </trkpt>
      <trkpt lat="44.651891" lon="20.751975">
        <ele>163.630727</ele>
        <time>2026-08-07T16:14:34.553Z</time>
      </trkpt>
      <trkpt lat="44.651621" lon="20.752235">
        <ele>164.862411</ele>
        <time>2026-08-07T16:14:45.223Z</time>
      </trkpt>
      <trkpt lat="44.651446" lon="20.752329">
        <ele>165.567454</ele>
        <time>2026-08-07T16:14:51.329Z</time>
      </trkpt>
      <trkpt lat="44.651459" lon="20.752719">
        <ele>166.612738</ele>
        <time>2026-08-07T16:15:00.493Z</time>
      </trkpt>
      <trkpt lat="44.651435" lon="20.753008">
        <ele>167.727418</ele>
        <time>2026-08-07T16:15:07.400Z</time>
      </trkpt>
      <trkpt lat="44.651292" lon="20.753473">
        <ele>169.740281</ele>
        <time>2026-08-07T16:15:19.550Z</time>
      </trkpt>
      <trkpt lat="44.651237" lon="20.753498">
        <ele>170.063135</ele>
        <time>2026-08-07T16:15:21.655Z</time>
      </trkpt>
      <trkpt lat="44.650789" lon="20.754464">
        <ele>174.645022</ele>
        <time>2026-08-07T16:15:59.021Z</time>
      </trkpt>
      <trkpt lat="44.650486" lon="20.754999">
        <ele>177.890180</ele>
        <time>2026-08-07T16:16:28.854Z</time>
      </trkpt>
      <trkpt lat="44.649981" lon="20.755719">
        <ele>185.340634</ele>
        <time>2026-08-07T16:17:14.623Z</time>
      </trkpt>
      <trkpt lat="44.649532" lon="20.756170">
        <ele>191.056730</ele>
        <time>2026-08-07T16:17:51.783Z</time>
      </trkpt>
      <trkpt lat="44.649308" lon="20.756443">
        <ele>194.127588</ele>
        <time>2026-08-07T16:18:12.259Z</time>
      </trkpt>
      <trkpt lat="44.649139" lon="20.756588">
        <ele>196.038814</ele>
        <time>2026-08-07T16:18:25.926Z</time>
      </trkpt>
      <trkpt lat="44.648615" lon="20.757148">
        <ele>201.672903</ele>
        <time>2026-08-07T16:19:10.532Z</time>
      </trkpt>
      <trkpt lat="44.648279" lon="20.757720">
        <ele>206.189793</ele>
        <time>2026-08-07T16:19:43.031Z</time>
      </trkpt>
      <trkpt lat="44.648154" lon="20.757876">
        <ele>207.620539</ele>
        <time>2026-08-07T16:19:52.025Z</time>
      </trkpt>
      <trkpt lat="44.647925" lon="20.758015">
        <ele>209.755530</ele>
        <time>2026-08-07T16:20:03.778Z</time>
      </trkpt>
      <trkpt lat="44.647851" lon="20.758001">
        <ele>210.394618</ele>
        <time>2026-08-07T16:20:06.858Z</time>
      </trkpt>
      <trkpt lat="44.647805" lon="20.757955">
        <ele>210.740538</ele>
        <time>2026-08-07T16:20:09.088Z</time>
      </trkpt>
      <trkpt lat="44.647716" lon="20.758220">
        <ele>210.265363</ele>
        <time>2026-08-07T16:20:16.248Z</time>
      </trkpt>
      <trkpt lat="44.647662" lon="20.758471">
        <ele>209.840160</ele>
        <time>2026-08-07T16:20:21.658Z</time>
      </trkpt>
      <trkpt lat="44.647466" lon="20.758516">
        <ele>209.387516</ele>
        <time>2026-08-07T16:20:26.129Z</time>
      </trkpt>
      <trkpt lat="44.646780" lon="20.759135">
        <ele>207.529531</ele>
        <time>2026-08-07T16:20:39.192Z</time>
      </trkpt>
      <trkpt lat="44.645732" lon="20.760323">
        <ele>198.838160</ele>
        <time>2026-08-07T16:20:58.061Z</time>
      </trkpt>
      <trkpt lat="44.645453" lon="20.760733">
        <ele>195.576473</ele>
        <time>2026-08-07T16:21:03.636Z</time>
      </trkpt>
      <trkpt lat="44.645356" lon="20.760942">
        <ele>194.141867</ele>
        <time>2026-08-07T16:21:06.096Z</time>
      </trkpt>
      <trkpt lat="44.645266" lon="20.761170">
        <ele>192.642848</ele>
        <time>2026-08-07T16:21:08.652Z</time>
      </trkpt>
      <trkpt lat="44.645041" lon="20.762021">
        <ele>188.799632</ele>
        <time>2026-08-07T16:21:17.735Z</time>
      </trkpt>
      <trkpt lat="44.645090" lon="20.762198">
        <ele>188.026590</ele>
        <time>2026-08-07T16:21:19.675Z</time>
      </trkpt>
      <trkpt lat="44.645110" lon="20.762456">
        <ele>186.970262</ele>
        <time>2026-08-07T16:21:22.356Z</time>
      </trkpt>
      <trkpt lat="44.645093" lon="20.764045">
        <ele>181.181436</ele>
        <time>2026-08-07T16:21:40.062Z</time>
      </trkpt>
      <trkpt lat="44.645111" lon="20.764251">
        <ele>180.763669</ele>
        <time>2026-08-07T16:21:42.683Z</time>
      </trkpt>
      <trkpt lat="44.645173" lon="20.764640">
        <ele>179.961257</ele>
        <time>2026-08-07T16:21:47.824Z</time>
      </trkpt>
      <trkpt lat="44.645521" lon="20.766023">
        <ele>177.008495</ele>
        <time>2026-08-07T16:22:05.460Z</time>
      </trkpt>
      <trkpt lat="44.645529" lon="20.766176">
        <ele>176.704008</ele>
        <time>2026-08-07T16:22:07.193Z</time>
      </trkpt>
      <trkpt lat="44.645230" lon="20.766691">
        <ele>175.465696</ele>
        <time>2026-08-07T16:22:14.844Z</time>
      </trkpt>
      <trkpt lat="44.645188" lon="20.766822">
        <ele>175.198017</ele>
        <time>2026-08-07T16:22:16.516Z</time>
      </trkpt>
      <trkpt lat="44.645181" lon="20.766927">
        <ele>175.001551</ele>
        <time>2026-08-07T16:22:17.734Z</time>
      </trkpt>
      <trkpt lat="44.645235" lon="20.767130">
        <ele>174.597807</ele>
        <time>2026-08-07T16:22:20.236Z</time>
      </trkpt>
      <trkpt lat="44.645386" lon="20.767505">
        <ele>173.795080</ele>
        <time>2026-08-07T16:22:25.214Z</time>
      </trkpt>
      <trkpt lat="44.645558" lon="20.767885">
        <ele>172.956048</ele>
        <time>2026-08-07T16:22:30.570Z</time>
      </trkpt>
      <trkpt lat="44.645693" lon="20.768292">
        <ele>172.119486</ele>
        <time>2026-08-07T16:22:36.322Z</time>
      </trkpt>
      <trkpt lat="44.645797" lon="20.768905">
        <ele>171.857728</ele>
        <time>2026-08-07T16:22:45.285Z</time>
      </trkpt>
      <trkpt lat="44.645923" lon="20.769341">
        <ele>171.706463</ele>
        <time>2026-08-07T16:22:52.341Z</time>
      </trkpt>
      <trkpt lat="44.646960" lon="20.771240">
        <ele>170.797674</ele>
        <time>2026-08-07T16:23:29.729Z</time>
      </trkpt>
      <trkpt lat="44.647441" lon="20.772005">
        <ele>170.316276</ele>
        <time>2026-08-07T16:23:45.172Z</time>
      </trkpt>
      <trkpt lat="44.647669" lon="20.772445">
        <ele>170.059609</ele>
        <time>2026-08-07T16:23:52.304Z</time>
      </trkpt>
      <trkpt lat="44.647851" lon="20.772900">
        <ele>168.947046</ele>
        <time>2026-08-07T16:23:58.698Z</time>
      </trkpt>
      <trkpt lat="44.647903" lon="20.772976">
        <ele>168.709845</ele>
        <time>2026-08-07T16:23:59.943Z</time>
      </trkpt>
      <trkpt lat="44.647961" lon="20.772992">
        <ele>168.522951</ele>
        <time>2026-08-07T16:24:00.941Z</time>
      </trkpt>
      <trkpt lat="44.648074" lon="20.773672">
        <ele>166.952082</ele>
        <time>2026-08-07T16:24:08.947Z</time>
      </trkpt>
      <trkpt lat="44.648102" lon="20.773820">
        <ele>166.607578</ele>
        <time>2026-08-07T16:24:10.699Z</time>
      </trkpt>
      <trkpt lat="44.648282" lon="20.774749">
        <ele>164.441634</ele>
        <time>2026-08-07T16:24:21.473Z</time>
      </trkpt>
      <trkpt lat="44.648342" lon="20.775221">
        <ele>163.049985</ele>
        <time>2026-08-07T16:24:26.848Z</time>
      </trkpt>
      <trkpt lat="44.648395" lon="20.775742">
        <ele>161.492792</ele>
        <time>2026-08-07T16:24:32.752Z</time>
      </trkpt>
      <trkpt lat="44.648445" lon="20.776143">
        <ele>160.288246</ele>
        <time>2026-08-07T16:24:37.356Z</time>
      </trkpt>
      <trkpt lat="44.648485" lon="20.776387">
        <ele>159.547392</ele>
        <time>2026-08-07T16:24:40.159Z</time>
      </trkpt>
      <trkpt lat="44.648579" lon="20.776926">
        <ele>157.905408</ele>
        <time>2026-08-07T16:24:46.286Z</time>
      </trkpt>
      <trkpt lat="44.648667" lon="20.777443">
        <ele>156.196813</ele>
        <time>2026-08-07T16:24:52.044Z</time>
      </trkpt>
      <trkpt lat="44.648693" lon="20.777826">
        <ele>154.773925</ele>
        <time>2026-08-07T16:24:56.149Z</time>
      </trkpt>
      <trkpt lat="44.648631" lon="20.778971">
        <ele>150.527104</ele>
        <time>2026-08-07T16:25:08.296Z</time>
      </trkpt>
      <trkpt lat="44.648637" lon="20.779354">
        <ele>149.110305</ele>
        <time>2026-08-07T16:25:12.315Z</time>
      </trkpt>
      <trkpt lat="44.648864" lon="20.780682">
        <ele>144.617981</ele>
        <time>2026-08-07T16:25:27.083Z</time>
      </trkpt>
      <trkpt lat="44.648887" lon="20.781511">
        <ele>142.044383</ele>
        <time>2026-08-07T16:25:36.285Z</time>
      </trkpt>
      <trkpt lat="44.648909" lon="20.782052">
        <ele>140.363407</ele>
        <time>2026-08-07T16:25:42.366Z</time>
      </trkpt>
      <trkpt lat="44.649052" lon="20.782665">
        <ele>138.550140</ele>
        <time>2026-08-07T16:25:49.661Z</time>
      </trkpt>
      <trkpt lat="44.649226" lon="20.783284">
        <ele>136.779333</ele>
        <time>2026-08-07T16:25:57.063Z</time>
      </trkpt>
      <trkpt lat="44.649324" lon="20.783752">
        <ele>135.481358</ele>
        <time>2026-08-07T16:26:02.578Z</time>
      </trkpt>
      <trkpt lat="44.649398" lon="20.784306">
        <ele>133.981637</ele>
        <time>2026-08-07T16:26:09.034Z</time>
      </trkpt>
      <trkpt lat="44.649441" lon="20.785091">
        <ele>132.088421</ele>
        <time>2026-08-07T16:26:17.960Z</time>
      </trkpt>
      <trkpt lat="44.649446" lon="20.785471">
        <ele>131.267811</ele>
        <time>2026-08-07T16:26:22.351Z</time>
      </trkpt>
      <trkpt lat="44.649418" lon="20.785910">
        <ele>130.316152</ele>
        <time>2026-08-07T16:26:27.563Z</time>
      </trkpt>
      <trkpt lat="44.649319" lon="20.786500">
        <ele>129.007310</ele>
        <time>2026-08-07T16:26:34.686Z</time>
      </trkpt>
      <trkpt lat="44.649229" lon="20.787185">
        <ele>127.503291</ele>
        <time>2026-08-07T16:26:42.835Z</time>
      </trkpt>
      <trkpt lat="44.649137" lon="20.788173">
        <ele>125.912578</ele>
        <time>2026-08-07T16:26:55.005Z</time>
      </trkpt>
      <trkpt lat="44.649135" lon="20.788555">
        <ele>125.303328</ele>
        <time>2026-08-07T16:26:59.854Z</time>
      </trkpt>
      <trkpt lat="44.649184" lon="20.788903">
        <ele>124.737553</ele>
        <time>2026-08-07T16:27:04.278Z</time>
      </trkpt>
      <trkpt lat="44.649418" lon="20.789841">
        <ele>123.087078</ele>
        <time>2026-08-07T16:27:16.648Z</time>
      </trkpt>
      <trkpt lat="44.649535" lon="20.790239">
        <ele>122.257158</ele>
        <time>2026-08-07T16:27:21.970Z</time>
      </trkpt>
      <trkpt lat="44.649846" lon="20.791113">
        <ele>120.373868</ele>
        <time>2026-08-07T16:27:33.509Z</time>
      </trkpt>
      <trkpt lat="44.649916" lon="20.791432">
        <ele>119.730523</ele>
        <time>2026-08-07T16:27:37.346Z</time>
      </trkpt>
      <trkpt lat="44.649937" lon="20.792106">
        <ele>118.494317</ele>
        <time>2026-08-07T16:27:45.078Z</time>
      </trkpt>
      <trkpt lat="44.649838" lon="20.793285">
        <ele>117.107172</ele>
        <time>2026-08-07T16:27:59.828Z</time>
      </trkpt>
      <trkpt lat="44.649777" lon="20.794296">
        <ele>115.921644</ele>
        <time>2026-08-07T16:28:13.499Z</time>
      </trkpt>
      <trkpt lat="44.649816" lon="20.795425">
        <ele>115.316175</ele>
        <time>2026-08-07T16:28:30.844Z</time>
      </trkpt>
      <trkpt lat="44.649829" lon="20.795807">
        <ele>115.177304</ele>
        <time>2026-08-07T16:28:36.516Z</time>
      </trkpt>
      <trkpt lat="44.649826" lon="20.796299">
        <ele>114.998642</ele>
        <time>2026-08-07T16:28:43.650Z</time>
      </trkpt>
      <trkpt lat="44.649804" lon="20.796564">
        <ele>114.901761</ele>
        <time>2026-08-07T16:28:47.533Z</time>
      </trkpt>
      <trkpt lat="44.649544" lon="20.797574">
        <ele>114.105593</ele>
        <time>2026-08-07T16:29:03.086Z</time>
      </trkpt>
      <trkpt lat="44.649447" lon="20.798039">
        <ele>113.587501</ele>
        <time>2026-08-07T16:29:09.621Z</time>
      </trkpt>
      <trkpt lat="44.649364" lon="20.799281">
        <ele>112.253756</ele>
        <time>2026-08-07T16:29:25.269Z</time>
      </trkpt>
      <trkpt lat="44.649383" lon="20.799681">
        <ele>111.810344</ele>
        <time>2026-08-07T16:29:30.185Z</time>
      </trkpt>
      <trkpt lat="44.649404" lon="20.799842">
        <ele>111.621882</ele>
        <time>2026-08-07T16:29:32.211Z</time>
      </trkpt>
      <trkpt lat="44.649512" lon="20.800343">
        <ele>111.019139</ele>
        <time>2026-08-07T16:29:38.678Z</time>
      </trkpt>
      <trkpt lat="44.649925" lon="20.802181">
        <ele>108.931148</ele>
        <time>2026-08-07T16:30:04.047Z</time>
      </trkpt>
      <trkpt lat="44.650265" lon="20.803420">
        <ele>108.056704</ele>
        <time>2026-08-07T16:30:23.195Z</time>
      </trkpt>
      <trkpt lat="44.650548" lon="20.804485">
        <ele>107.326430</ele>
        <time>2026-08-07T16:30:38.545Z</time>
      </trkpt>
      <trkpt lat="44.650975" lon="20.805519">
        <ele>106.647127</ele>
        <time>2026-08-07T16:30:54.661Z</time>
      </trkpt>
      <trkpt lat="44.651318" lon="20.806318">
        <ele>106.116906</ele>
        <time>2026-08-07T16:31:08.089Z</time>
      </trkpt>
      <trkpt lat="44.652020" lon="20.807472">
        <ele>105.644824</ele>
        <time>2026-08-07T16:31:33.299Z</time>
      </trkpt>
      <trkpt lat="44.652192" lon="20.807806">
        <ele>105.532404</ele>
        <time>2026-08-07T16:31:39.683Z</time>
      </trkpt>
      <trkpt lat="44.652523" lon="20.808596">
        <ele>105.074202</ele>
        <time>2026-08-07T16:31:52.459Z</time>
      </trkpt>
      <trkpt lat="44.652888" lon="20.809693">
        <ele>102.687277</ele>
        <time>2026-08-07T16:32:07.340Z</time>
      </trkpt>
      <trkpt lat="44.653001" lon="20.810114">
        <ele>101.800418</ele>
        <time>2026-08-07T16:32:12.474Z</time>
      </trkpt>
      <trkpt lat="44.653161" lon="20.810894">
        <ele>100.125840</ele>
        <time>2026-08-07T16:32:21.552Z</time>
      </trkpt>
      <trkpt lat="44.653390" lon="20.812032">
        <ele>96.478341</ele>
        <time>2026-08-07T16:32:34.681Z</time>
      </trkpt>
      <trkpt lat="44.653756" lon="20.813452">
        <ele>91.712359</ele>
        <time>2026-08-07T16:32:51.184Z</time>
      </trkpt>
      <trkpt lat="44.654061" lon="20.814546">
        <ele>87.541088</ele>
        <time>2026-08-07T16:33:03.783Z</time>
      </trkpt>
      <trkpt lat="44.654189" lon="20.815206">
        <ele>85.112606</ele>
        <time>2026-08-07T16:33:11.070Z</time>
      </trkpt>
      <trkpt lat="44.654312" lon="20.816314">
        <ele>81.825945</ele>
        <time>2026-08-07T16:33:23.130Z</time>
      </trkpt>
      <trkpt lat="44.654337" lon="20.816755">
        <ele>80.704722</ele>
        <time>2026-08-07T16:33:28.094Z</time>
      </trkpt>
      <trkpt lat="44.654351" lon="20.816962">
        <ele>80.177731</ele>
        <time>2026-08-07T16:33:30.462Z</time>
      </trkpt>
      <trkpt lat="44.654397" lon="20.817433">
        <ele>78.972821</ele>
        <time>2026-08-07T16:33:35.943Z</time>
      </trkpt>
      <trkpt lat="44.654423" lon="20.817741">
        <ele>78.186744</ele>
        <time>2026-08-07T16:33:39.570Z</time>
      </trkpt>
      <trkpt lat="44.654445" lon="20.818263">
        <ele>77.115817</ele>
        <time>2026-08-07T16:33:45.898Z</time>
      </trkpt>
      <trkpt lat="44.654409" lon="20.819070">
        <ele>76.869999</ele>
        <time>2026-08-07T16:33:56.855Z</time>
      </trkpt>
      <trkpt lat="44.654401" lon="20.819226">
        <ele>76.822450</ele>
        <time>2026-08-07T16:33:59.228Z</time>
      </trkpt>
      <trkpt lat="44.654389" lon="20.819503">
        <ele>76.738083</ele>
        <time>2026-08-07T16:34:03.695Z</time>
      </trkpt>
      <trkpt lat="44.654387" lon="20.819570">
        <ele>76.717697</ele>
        <time>2026-08-07T16:34:04.749Z</time>
      </trkpt>
      <trkpt lat="44.654339" lon="20.820968">
        <ele>76.467764</ele>
        <time>2026-08-07T16:34:28.727Z</time>
      </trkpt>
      <trkpt lat="44.654333" lon="20.821349">
        <ele>76.578892</ele>
        <time>2026-08-07T16:34:35.852Z</time>
      </trkpt>
      <trkpt lat="44.654336" lon="20.821888">
        <ele>76.736071</ele>
        <time>2026-08-07T16:34:45.199Z</time>
      </trkpt>
      <trkpt lat="44.654349" lon="20.822428">
        <ele>76.893627</ele>
        <time>2026-08-07T16:34:54.297Z</time>
      </trkpt>
      <trkpt lat="44.654365" lon="20.823452">
        <ele>77.165847</ele>
        <time>2026-08-07T16:35:10.956Z</time>
      </trkpt>
      <trkpt lat="44.654363" lon="20.823546">
        <ele>77.183357</ele>
        <time>2026-08-07T16:35:12.537Z</time>
      </trkpt>
      <trkpt lat="44.654338" lon="20.824058">
        <ele>77.278915</ele>
        <time>2026-08-07T16:35:20.864Z</time>
      </trkpt>
      <trkpt lat="44.654235" lon="20.825394">
        <ele>77.529134</ele>
        <time>2026-08-07T16:35:43.346Z</time>
      </trkpt>
      <trkpt lat="44.654169" lon="20.826401">
        <ele>77.659906</ele>
        <time>2026-08-07T16:36:00.233Z</time>
      </trkpt>
      <trkpt lat="44.654072" lon="20.827630">
        <ele>77.786285</ele>
        <time>2026-08-07T16:36:19.781Z</time>
      </trkpt>
      <trkpt lat="44.653997" lon="20.828708">
        <ele>78.476831</ele>
        <time>2026-08-07T16:36:36.540Z</time>
      </trkpt>
      <trkpt lat="44.653982" lon="20.829925">
        <ele>80.083662</ele>
        <time>2026-08-07T16:36:59.911Z</time>
      </trkpt>
      <trkpt lat="44.654013" lon="20.835294">
        <ele>92.030279</ele>
        <time>2026-08-07T16:39:27.122Z</time>
      </trkpt>
      <trkpt lat="44.653968" lon="20.836217">
        <ele>91.958765</ele>
        <time>2026-08-07T16:39:39.423Z</time>
      </trkpt>
      <trkpt lat="44.653900" lon="20.836747">
        <ele>90.599570</ele>
        <time>2026-08-07T16:39:45.376Z</time>
      </trkpt>
      <trkpt lat="44.653833" lon="20.837038">
        <ele>89.827634</ele>
        <time>2026-08-07T16:39:48.523Z</time>
      </trkpt>
      <trkpt lat="44.653780" lon="20.837232">
        <ele>89.303151</ele>
        <time>2026-08-07T16:39:50.692Z</time>
      </trkpt>
      <trkpt lat="44.653707" lon="20.837435">
        <ele>88.729077</ele>
        <time>2026-08-07T16:39:53.093Z</time>
      </trkpt>
      <trkpt lat="44.653579" lon="20.837689">
        <ele>87.943476</ele>
        <time>2026-08-07T16:39:56.523Z</time>
      </trkpt>
      <trkpt lat="44.653581" lon="20.837857">
        <ele>87.519416</ele>
        <time>2026-08-07T16:39:58.380Z</time>
      </trkpt>
      <trkpt lat="44.653688" lon="20.838340">
        <ele>86.511764</ele>
        <time>2026-08-07T16:40:04.205Z</time>
      </trkpt>
      <trkpt lat="44.653737" lon="20.838535">
        <ele>86.390969</ele>
        <time>2026-08-07T16:40:06.744Z</time>
      </trkpt>
      <trkpt lat="44.653832" lon="20.838829">
        <ele>86.202360</ele>
        <time>2026-08-07T16:40:10.833Z</time>
      </trkpt>
      <trkpt lat="44.653900" lon="20.839175">
        <ele>85.992694</ele>
        <time>2026-08-07T16:40:15.449Z</time>
      </trkpt>
      <trkpt lat="44.653947" lon="20.839391">
        <ele>85.860760</ele>
        <time>2026-08-07T16:40:18.536Z</time>
      </trkpt>
      <trkpt lat="44.654070" lon="20.840165">
        <ele>85.397532</ele>
        <time>2026-08-07T16:40:33.800Z</time>
      </trkpt>
      <trkpt lat="44.654405" lon="20.842776">
        <ele>84.874314</ele>
        <time>2026-08-07T16:41:16.186Z</time>
      </trkpt>
      <trkpt lat="44.654507" lon="20.843482">
        <ele>84.939252</ele>
        <time>2026-08-07T16:41:25.767Z</time>
      </trkpt>
      <trkpt lat="44.654762" lon="20.844438">
        <ele>85.233777</ele>
        <time>2026-08-07T16:41:39.674Z</time>
      </trkpt>
      <trkpt lat="44.654895" lon="20.844937">
        <ele>85.387495</ele>
        <time>2026-08-07T16:41:49.571Z</time>
      </trkpt>
      <trkpt lat="44.654930" lon="20.845182">
        <ele>85.459580</ele>
        <time>2026-08-07T16:41:55.055Z</time>
      </trkpt>
      <trkpt lat="44.654937" lon="20.845470">
        <ele>85.542707</ele>
        <time>2026-08-07T16:42:01.836Z</time>
      </trkpt>
      <trkpt lat="44.654868" lon="20.846421">
        <ele>87.062838</ele>
        <time>2026-08-07T16:42:25.663Z</time>
      </trkpt>
      <trkpt lat="44.654862" lon="20.846864">
        <ele>87.815488</ele>
        <time>2026-08-07T16:42:36.694Z</time>
      </trkpt>
      <trkpt lat="44.654965" lon="20.847835">
        <ele>89.483140</ele>
        <time>2026-08-07T16:42:58.632Z</time>
      </trkpt>
      <trkpt lat="44.655092" lon="20.849078">
        <ele>90.471116</ele>
        <time>2026-08-07T16:43:22.118Z</time>
      </trkpt>
      <trkpt lat="44.655161" lon="20.849728">
        <ele>90.859989</ele>
        <time>2026-08-07T16:43:33.740Z</time>
      </trkpt>
      <trkpt lat="44.655268" lon="20.850431">
        <ele>91.285379</ele>
        <time>2026-08-07T16:43:46.351Z</time>
      </trkpt>
      <trkpt lat="44.655439" lon="20.851653">
        <ele>91.079619</ele>
        <time>2026-08-07T16:44:06.378Z</time>
      </trkpt>
      <trkpt lat="44.655483" lon="20.852124">
        <ele>90.963542</ele>
        <time>2026-08-07T16:44:12.489Z</time>
      </trkpt>
      <trkpt lat="44.655514" lon="20.853373">
        <ele>90.826042</ele>
        <time>2026-08-07T16:44:30.939Z</time>
      </trkpt>
      <trkpt lat="44.655518" lon="20.854256">
        <ele>91.068048</ele>
        <time>2026-08-07T16:44:44.068Z</time>
      </trkpt>
      <trkpt lat="44.655574" lon="20.854602">
        <ele>91.165298</ele>
        <time>2026-08-07T16:44:50.967Z</time>
      </trkpt>
      <trkpt lat="44.655798" lon="20.855455">
        <ele>91.414498</ele>
        <time>2026-08-07T16:45:09.889Z</time>
      </trkpt>
      <trkpt lat="44.655978" lon="20.856102">
        <ele>91.146183</ele>
        <time>2026-08-07T16:45:20.763Z</time>
      </trkpt>
      <trkpt lat="44.656005" lon="20.856211">
        <ele>91.094723</ele>
        <time>2026-08-07T16:45:23.053Z</time>
      </trkpt>
      <trkpt lat="44.656039" lon="20.856414">
        <ele>91.001739</ele>
        <time>2026-08-07T16:45:27.105Z</time>
      </trkpt>
      <trkpt lat="44.656087" lon="20.856877">
        <ele>90.793128</ele>
        <time>2026-08-07T16:45:33.735Z</time>
      </trkpt>
      <trkpt lat="44.656095" lon="20.856973">
        <ele>90.750033</ele>
        <time>2026-08-07T16:45:35.098Z</time>
      </trkpt>
      <trkpt lat="44.656136" lon="20.857740">
        <ele>90.407098</ele>
        <time>2026-08-07T16:45:45.153Z</time>
      </trkpt>
      <trkpt lat="44.656120" lon="20.858360">
        <ele>90.289628</ele>
        <time>2026-08-07T16:45:52.816Z</time>
      </trkpt>
      <trkpt lat="44.656016" lon="20.859650">
        <ele>90.245034</ele>
        <time>2026-08-07T16:46:12.288Z</time>
      </trkpt>
      <trkpt lat="44.655920" lon="20.861337">
        <ele>90.375950</ele>
        <time>2026-08-07T16:46:46.335Z</time>
      </trkpt>
      <trkpt lat="44.655856" lon="20.862372">
        <ele>90.571643</ele>
        <time>2026-08-07T16:47:03.829Z</time>
      </trkpt>
      <trkpt lat="44.655898" lon="20.862899">
        <ele>90.671532</ele>
        <time>2026-08-07T16:47:11.144Z</time>
      </trkpt>
      <trkpt lat="44.655984" lon="20.863684">
        <ele>90.317532</ele>
        <time>2026-08-07T16:47:21.375Z</time>
      </trkpt>
      <trkpt lat="44.656039" lon="20.864534">
        <ele>89.849683</ele>
        <time>2026-08-07T16:47:32.279Z</time>
      </trkpt>
      <trkpt lat="44.656066" lon="20.865262">
        <ele>89.450090</ele>
        <time>2026-08-07T16:47:43.119Z</time>
      </trkpt>
      <trkpt lat="44.656089" lon="20.866389">
        <ele>89.856263</ele>
        <time>2026-08-07T16:48:04.272Z</time>
      </trkpt>
      <trkpt lat="44.656105" lon="20.866658">
        <ele>90.027838</ele>
        <time>2026-08-07T16:48:09.675Z</time>
      </trkpt>
      <trkpt lat="44.656145" lon="20.866897">
        <ele>90.183895</ele>
        <time>2026-08-07T16:48:14.643Z</time>
      </trkpt>
      <trkpt lat="44.656273" lon="20.867310">
        <ele>90.470233</ele>
        <time>2026-08-07T16:48:23.461Z</time>
      </trkpt>
      <trkpt lat="44.656697" lon="20.868185">
        <ele>90.832456</ele>
        <time>2026-08-07T16:48:42.218Z</time>
      </trkpt>
      <trkpt lat="44.656802" lon="20.868402">
        <ele>90.773609</ele>
        <time>2026-08-07T16:48:46.513Z</time>
      </trkpt>
      <trkpt lat="44.656876" lon="20.868636">
        <ele>90.716189</ele>
        <time>2026-08-07T16:48:50.582Z</time>
      </trkpt>
      <trkpt lat="44.656923" lon="20.868832">
        <ele>90.669811</ele>
        <time>2026-08-07T16:48:53.803Z</time>
      </trkpt>
      <trkpt lat="44.656939" lon="20.869036">
        <ele>90.623792</ele>
        <time>2026-08-07T16:48:56.942Z</time>
      </trkpt>
      <trkpt lat="44.656918" lon="20.869379">
        <ele>90.546599</ele>
        <time>2026-08-07T16:49:01.887Z</time>
      </trkpt>
      <trkpt lat="44.656690" lon="20.870434">
        <ele>90.236992</ele>
        <time>2026-08-07T16:49:16.671Z</time>
      </trkpt>
      <trkpt lat="44.656657" lon="20.870671">
        <ele>90.111210</ele>
        <time>2026-08-07T16:49:20.218Z</time>
      </trkpt>
      <trkpt lat="44.656638" lon="20.870964">
        <ele>89.957970</ele>
        <time>2026-08-07T16:49:24.787Z</time>
      </trkpt>
      <trkpt lat="44.656645" lon="20.871116">
        <ele>89.878636</ele>
        <time>2026-08-07T16:49:27.114Z</time>
      </trkpt>
      <trkpt lat="44.656758" lon="20.872083">
        <ele>89.368230</ele>
        <time>2026-08-07T16:49:41.419Z</time>
      </trkpt>
      <trkpt lat="44.656805" lon="20.872502">
        <ele>89.147301</ele>
        <time>2026-08-07T16:49:47.204Z</time>
      </trkpt>
      <trkpt lat="44.656827" lon="20.872730">
        <ele>89.023078</ele>
        <time>2026-08-07T16:49:50.476Z</time>
      </trkpt>
      <trkpt lat="44.656852" lon="20.872921">
        <ele>88.708158</ele>
        <time>2026-08-07T16:49:53.243Z</time>
      </trkpt>
      <trkpt lat="44.656912" lon="20.873351">
        <ele>87.997592</ele>
        <time>2026-08-07T16:49:59.139Z</time>
      </trkpt>
      <trkpt lat="44.657015" lon="20.873723">
        <ele>87.350280</ele>
        <time>2026-08-07T16:50:04.153Z</time>
      </trkpt>
      <trkpt lat="44.657264" lon="20.874243">
        <ele>86.333808</ele>
        <time>2026-08-07T16:50:11.550Z</time>
      </trkpt>
      <trkpt lat="44.657580" lon="20.874804">
        <ele>85.173432</ele>
        <time>2026-08-07T16:50:19.858Z</time>
      </trkpt>
      <trkpt lat="44.657700" lon="20.875112">
        <ele>84.585210</ele>
        <time>2026-08-07T16:50:23.951Z</time>
      </trkpt>
      <trkpt lat="44.657774" lon="20.875433">
        <ele>84.006461</ele>
        <time>2026-08-07T16:50:27.914Z</time>
      </trkpt>
      <trkpt lat="44.657921" lon="20.876974">
        <ele>81.339785</ele>
        <time>2026-08-07T16:50:46.605Z</time>
      </trkpt>
      <trkpt lat="44.657928" lon="20.877052">
        <ele>81.204944</ele>
        <time>2026-08-07T16:50:47.587Z</time>
      </trkpt>
      <trkpt lat="44.657990" lon="20.877945">
        <ele>80.469338</ele>
        <time>2026-08-07T16:50:59.302Z</time>
      </trkpt>
      <trkpt lat="44.657993" lon="20.878252">
        <ele>80.399392</ele>
        <time>2026-08-07T16:51:03.672Z</time>
      </trkpt>
      <trkpt lat="44.657961" lon="20.878853">
        <ele>80.262093</ele>
        <time>2026-08-07T16:51:13.159Z</time>
      </trkpt>
      <trkpt lat="44.657936" lon="20.879584">
        <ele>80.095368</ele>
        <time>2026-08-07T16:51:25.474Z</time>
      </trkpt>
      <trkpt lat="44.658035" lon="20.880101">
        <ele>80.055997</ele>
        <time>2026-08-07T16:51:34.800Z</time>
      </trkpt>
      <trkpt lat="44.658159" lon="20.880581">
        <ele>80.163520</ele>
        <time>2026-08-07T16:51:43.759Z</time>
      </trkpt>
      <trkpt lat="44.658387" lon="20.881437">
        <ele>80.355973</ele>
        <time>2026-08-07T16:51:58.912Z</time>
      </trkpt>
      <trkpt lat="44.658851" lon="20.883218">
        <ele>80.772851</ele>
        <time>2026-08-07T16:52:29.366Z</time>
      </trkpt>
      <trkpt lat="44.659288" lon="20.884908">
        <ele>81.234585</ele>
        <time>2026-08-07T16:53:00.241Z</time>
      </trkpt>
      <trkpt lat="44.659442" lon="20.885672">
        <ele>81.577459</ele>
        <time>2026-08-07T16:53:14.252Z</time>
      </trkpt>
      <trkpt lat="44.659915" lon="20.889121">
        <ele>82.345649</ele>
        <time>2026-08-07T16:54:16.309Z</time>
      </trkpt>
      <trkpt lat="44.660199" lon="20.890923">
        <ele>80.818531</ele>
        <time>2026-08-07T16:54:39.852Z</time>
      </trkpt>
      <trkpt lat="44.660247" lon="20.891576">
        <ele>80.058228</ele>
        <time>2026-08-07T16:54:47.636Z</time>
      </trkpt>
      <trkpt lat="44.660158" lon="20.892895">
        <ele>80.497005</ele>
        <time>2026-08-07T16:55:06.181Z</time>
      </trkpt>
      <trkpt lat="44.660153" lon="20.893035">
        <ele>80.681106</ele>
        <time>2026-08-07T16:55:08.838Z</time>
      </trkpt>
      <trkpt lat="44.660135" lon="20.893299">
        <ele>81.029421</ele>
        <time>2026-08-07T16:55:14.073Z</time>
      </trkpt>
      <trkpt lat="44.660088" lon="20.893989">
        <ele>81.939781</ele>
        <time>2026-08-07T16:55:30.708Z</time>
      </trkpt>
      <trkpt lat="44.660050" lon="20.894584">
        <ele>82.724370</ele>
        <time>2026-08-07T16:55:48.078Z</time>
      </trkpt>
      <trkpt lat="44.660036" lon="20.894849">
        <ele>83.200165</ele>
        <time>2026-08-07T16:55:56.406Z</time>
      </trkpt>
      <trkpt lat="44.660054" lon="20.895383">
        <ele>84.195281</ele>
        <time>2026-08-07T16:56:12.384Z</time>
      </trkpt>
      <trkpt lat="44.660183" lon="20.896316">
        <ele>85.964494</ele>
        <time>2026-08-07T16:56:36.134Z</time>
      </trkpt>
      <trkpt lat="44.660251" lon="20.896672">
        <ele>86.650637</ele>
        <time>2026-08-07T16:56:43.262Z</time>
      </trkpt>
      <trkpt lat="44.660472" lon="20.897410">
        <ele>87.231693</ele>
        <time>2026-08-07T16:56:55.277Z</time>
      </trkpt>
      <trkpt lat="44.660521" lon="20.897565">
        <ele>87.115391</ele>
        <time>2026-08-07T16:56:57.527Z</time>
      </trkpt>
      <trkpt lat="44.660657" lon="20.898070">
        <ele>86.745142</ele>
        <time>2026-08-07T16:57:04.533Z</time>
      </trkpt>
      <trkpt lat="44.660778" lon="20.898977">
        <ele>86.112402</ele>
        <time>2026-08-07T16:57:16.697Z</time>
      </trkpt>
      <trkpt lat="44.660943" lon="20.899917">
        <ele>85.443859</ele>
        <time>2026-08-07T16:57:29.885Z</time>
      </trkpt>
      <trkpt lat="44.661121" lon="20.900572">
        <ele>84.955430</ele>
        <time>2026-08-07T16:57:40.056Z</time>
      </trkpt>
      <trkpt lat="44.661728" lon="20.902310">
        <ele>83.781315</ele>
        <time>2026-08-07T16:58:06.213Z</time>
      </trkpt>
      <trkpt lat="44.662135" lon="20.903443">
        <ele>83.309428</ele>
        <time>2026-08-07T16:58:24.273Z</time>
      </trkpt>
      <trkpt lat="44.662336" lon="20.904035">
        <ele>83.065552</ele>
        <time>2026-08-07T16:58:34.477Z</time>
      </trkpt>
      <trkpt lat="44.662477" lon="20.904510">
        <ele>83.110138</ele>
        <time>2026-08-07T16:58:43.437Z</time>
      </trkpt>
      <trkpt lat="44.662731" lon="20.905859">
        <ele>83.324971</ele>
        <time>2026-08-07T16:59:09.631Z</time>
      </trkpt>
      <trkpt lat="44.662861" lon="20.906515">
        <ele>83.429809</ele>
        <time>2026-08-07T16:59:19.657Z</time>
      </trkpt>
      <trkpt lat="44.663069" lon="20.907278">
        <ele>81.920136</ele>
        <time>2026-08-07T16:59:30.242Z</time>
      </trkpt>
      <trkpt lat="44.663196" lon="20.907742">
        <ele>80.997223</ele>
        <time>2026-08-07T16:59:35.986Z</time>
      </trkpt>
      <trkpt lat="44.663250" lon="20.907937">
        <ele>80.608771</ele>
        <time>2026-08-07T16:59:38.368Z</time>
      </trkpt>
      <trkpt lat="44.663340" lon="20.908267">
        <ele>79.952693</ele>
        <time>2026-08-07T16:59:42.405Z</time>
      </trkpt>
      <trkpt lat="44.663581" lon="20.909104">
        <ele>78.445688</ele>
        <time>2026-08-07T16:59:52.570Z</time>
      </trkpt>
      <trkpt lat="44.663644" lon="20.909311">
        <ele>78.181642</ele>
        <time>2026-08-07T16:59:55.279Z</time>
      </trkpt>
      <trkpt lat="44.663761" lon="20.909718">
        <ele>77.666831</ele>
        <time>2026-08-07T17:00:00.565Z</time>
      </trkpt>
      <trkpt lat="44.663854" lon="20.910023">
        <ele>77.277666</ele>
        <time>2026-08-07T17:00:04.632Z</time>
      </trkpt>
      <trkpt lat="44.664063" lon="20.910831">
        <ele>76.269389</ele>
        <time>2026-08-07T17:00:16.758Z</time>
      </trkpt>
      <trkpt lat="44.664146" lon="20.911304">
        <ele>75.781818</ele>
        <time>2026-08-07T17:00:24.226Z</time>
      </trkpt>
      <trkpt lat="44.664163" lon="20.911433">
        <ele>75.806274</ele>
        <time>2026-08-07T17:00:26.234Z</time>
      </trkpt>
      <trkpt lat="44.664180" lon="20.911606">
        <ele>75.838829</ele>
        <time>2026-08-07T17:00:28.971Z</time>
      </trkpt>
      <trkpt lat="44.664193" lon="20.911707">
        <ele>75.857962</ele>
        <time>2026-08-07T17:00:30.581Z</time>
      </trkpt>
      <trkpt lat="44.664283" lon="20.913308">
        <ele>76.157331</ele>
        <time>2026-08-07T17:00:58.321Z</time>
      </trkpt>
      <trkpt lat="44.664337" lon="20.914454">
        <ele>76.271525</ele>
        <time>2026-08-07T17:01:17.460Z</time>
      </trkpt>
      <trkpt lat="44.664347" lon="20.914664">
        <ele>76.280537</ele>
        <time>2026-08-07T17:01:20.834Z</time>
      </trkpt>
      <trkpt lat="44.664364" lon="20.914935">
        <ele>76.292186</ele>
        <time>2026-08-07T17:01:25.093Z</time>
      </trkpt>
      <trkpt lat="44.664372" lon="20.915191">
        <ele>76.303158</ele>
        <time>2026-08-07T17:01:29.132Z</time>
      </trkpt>
      <trkpt lat="44.664381" lon="20.915664">
        <ele>76.323418</ele>
        <time>2026-08-07T17:01:36.719Z</time>
      </trkpt>
      <trkpt lat="44.664425" lon="20.915866">
        <ele>76.332464</ele>
        <time>2026-08-07T17:01:40.121Z</time>
      </trkpt>
      <trkpt lat="44.664562" lon="20.916254">
        <ele>76.343256</ele>
        <time>2026-08-07T17:01:46.802Z</time>
      </trkpt>
      <trkpt lat="44.664568" lon="20.916273">
        <ele>76.337199</ele>
        <time>2026-08-07T17:01:47.087Z</time>
      </trkpt>
      <trkpt lat="44.664742" lon="20.916806">
        <ele>76.166310</ele>
        <time>2026-08-07T17:01:55.775Z</time>
      </trkpt>
      <trkpt lat="44.664855" lon="20.917151">
        <ele>76.055634</ele>
        <time>2026-08-07T17:02:01.308Z</time>
      </trkpt>
      <trkpt lat="44.665107" lon="20.917931">
        <ele>75.806003</ele>
        <time>2026-08-07T17:02:13.833Z</time>
      </trkpt>
      <trkpt lat="44.665410" lon="20.918920">
        <ele>75.650910</ele>
        <time>2026-08-07T17:02:29.516Z</time>
      </trkpt>
      <trkpt lat="44.665436" lon="20.919001">
        <ele>75.659002</ele>
        <time>2026-08-07T17:02:30.867Z</time>
      </trkpt>
      <trkpt lat="44.665544" lon="20.919336">
        <ele>75.692494</ele>
        <time>2026-08-07T17:02:36.870Z</time>
      </trkpt>
      <trkpt lat="44.665779" lon="20.920077">
        <ele>75.766373</ele>
        <time>2026-08-07T17:02:50.394Z</time>
      </trkpt>
      <trkpt lat="44.666009" lon="20.920783">
        <ele>75.837083</ele>
        <time>2026-08-07T17:03:03.395Z</time>
      </trkpt>
      <trkpt lat="44.666032" lon="20.920846">
        <ele>75.843549</ele>
        <time>2026-08-07T17:03:04.609Z</time>
      </trkpt>
      <trkpt lat="44.666184" lon="20.921206">
        <ele>75.887186</ele>
        <time>2026-08-07T17:03:11.865Z</time>
      </trkpt>
      <trkpt lat="44.666543" lon="20.921915">
        <ele>75.977900</ele>
        <time>2026-08-07T17:03:26.572Z</time>
      </trkpt>
      <trkpt lat="44.667246" lon="20.923265">
        <ele>75.994486</ele>
        <time>2026-08-07T17:03:52.753Z</time>
      </trkpt>
      <trkpt lat="44.667348" lon="20.923455">
        <ele>75.932845</ele>
        <time>2026-08-07T17:03:56.310Z</time>
      </trkpt>
      <trkpt lat="44.667464" lon="20.923709">
        <ele>75.854681</ele>
        <time>2026-08-07T17:04:00.735Z</time>
      </trkpt>
      <trkpt lat="44.667496" lon="20.923856">
        <ele>75.814874</ele>
        <time>2026-08-07T17:04:02.995Z</time>
      </trkpt>
      <trkpt lat="44.667473" lon="20.924466">
        <ele>75.656698</ele>
        <time>2026-08-07T17:04:11.846Z</time>
      </trkpt>
      <trkpt lat="44.667400" lon="20.924967">
        <ele>75.524275</ele>
        <time>2026-08-07T17:04:19.063Z</time>
      </trkpt>
      <trkpt lat="44.667188" lon="20.925493">
        <ele>75.452136</ele>
        <time>2026-08-07T17:04:28.131Z</time>
      </trkpt>
      <trkpt lat="44.667063" lon="20.925821">
        <ele>75.452136</ele>
        <time>2026-08-07T17:04:34.062Z</time>
      </trkpt>
      <trkpt lat="44.667035" lon="20.925905">
        <ele>75.452136</ele>
        <time>2026-08-07T17:04:35.508Z</time>
      </trkpt>
      <trkpt lat="44.667007" lon="20.926495">
        <ele>75.452136</ele>
        <time>2026-08-07T17:04:44.786Z</time>
      </trkpt>
      <trkpt lat="44.666997" lon="20.926867">
        <ele>75.452136</ele>
        <time>2026-08-07T17:04:50.822Z</time>
      </trkpt>
      <trkpt lat="44.666981" lon="20.927383">
        <ele>75.452136</ele>
        <time>2026-08-07T17:04:59.231Z</time>
      </trkpt>
      <trkpt lat="44.667165" lon="20.927394">
        <ele>75.452136</ele>
        <time>2026-08-07T17:05:03.439Z</time>
      </trkpt>
    </trkseg>
  </trk>
</gpx>