<?xml version='1.0' encoding='UTF-8'?>
<gpx version="1.1" creator="https://www.komoot.de" xmlns="http://www.topografix.com/GPX/1/1" xmlns:xsi="http://www.w3.org/2001/XMLSchema-instance" xsi:schemaLocation="http://www.topografix.com/GPX/1/1 http://www.topografix.com/GPX/1/1/gpx.xsd">
  <metadata>
    <name>Smederevo nach Jagodina</name>
    <author>
      <link href="https://www.komoot.de">
        <text>komoot</text>
        <type>text/html</type>
      </link>
    </author>
  </metadata>
  <trk>
    <name>Smederevo nach Jagodina</name>
    <type>touring_bicycle</type>
    <trkseg>
      <trkpt lat="44.667998" lon="20.927336">
        <ele>72.459551</ele>
        <time>2026-08-07T13:22:12.275Z</time>
      </trkpt>
      <trkpt lat="44.667958" lon="20.927760">
        <ele>72.459551</ele>
        <time>2026-08-07T13:22:33.369Z</time>
      </trkpt>
      <trkpt lat="44.667865" lon="20.929268">
        <ele>73.080617</ele>
        <time>2026-08-07T13:22:58.773Z</time>
      </trkpt>
      <trkpt lat="44.667800" lon="20.929267">
        <ele>73.164485</ele>
        <time>2026-08-07T13:23:00.401Z</time>
      </trkpt>
      <trkpt lat="44.667715" lon="20.929311">
        <ele>73.281349</ele>
        <time>2026-08-07T13:23:02.735Z</time>
      </trkpt>
      <trkpt lat="44.667682" lon="20.929275">
        <ele>73.335237</ele>
        <time>2026-08-07T13:23:03.826Z</time>
      </trkpt>
      <trkpt lat="44.667619" lon="20.929265">
        <ele>73.417036</ele>
        <time>2026-08-07T13:23:05.506Z</time>
      </trkpt>
      <trkpt lat="44.667492" lon="20.929251">
        <ele>73.581395</ele>
        <time>2026-08-07T13:23:09.029Z</time>
      </trkpt>
      <trkpt lat="44.667266" lon="20.929233">
        <ele>73.873449</ele>
        <time>2026-08-07T13:23:15.616Z</time>
      </trkpt>
      <trkpt lat="44.666922" lon="20.929209">
        <ele>74.317826</ele>
        <time>2026-08-07T13:23:26.034Z</time>
      </trkpt>
      <trkpt lat="44.666836" lon="20.929203">
        <ele>74.428920</ele>
        <time>2026-08-07T13:23:28.644Z</time>
      </trkpt>
      <trkpt lat="44.666786" lon="20.929202">
        <ele>74.493437</ele>
        <time>2026-08-07T13:23:30.197Z</time>
      </trkpt>
      <trkpt lat="44.666629" lon="20.929192">
        <ele>74.696207</ele>
        <time>2026-08-07T13:23:35.055Z</time>
      </trkpt>
      <trkpt lat="44.666384" lon="20.929176">
        <ele>75.141085</ele>
        <time>2026-08-07T13:23:42.564Z</time>
      </trkpt>
      <trkpt lat="44.666290" lon="20.929170">
        <ele>75.329561</ele>
        <time>2026-08-07T13:23:45.412Z</time>
      </trkpt>
      <trkpt lat="44.666156" lon="20.929160">
        <ele>75.598341</ele>
        <time>2026-08-07T13:23:49.334Z</time>
      </trkpt>
      <trkpt lat="44.665768" lon="20.929130">
        <ele>76.376681</ele>
        <time>2026-08-07T13:24:00.584Z</time>
      </trkpt>
      <trkpt lat="44.665435" lon="20.929086">
        <ele>77.046621</ele>
        <time>2026-08-07T13:24:10.581Z</time>
      </trkpt>
      <trkpt lat="44.664497" lon="20.928832">
        <ele>79.266491</ele>
        <time>2026-08-07T13:24:39.967Z</time>
      </trkpt>
      <trkpt lat="44.664217" lon="20.928743">
        <ele>80.146890</ele>
        <time>2026-08-07T13:24:49.605Z</time>
      </trkpt>
      <trkpt lat="44.663933" lon="20.928668">
        <ele>81.033116</ele>
        <time>2026-08-07T13:24:59.509Z</time>
      </trkpt>
      <trkpt lat="44.663741" lon="20.929054">
        <ele>82.060574</ele>
        <time>2026-08-07T13:25:11.289Z</time>
      </trkpt>
      <trkpt lat="44.663381" lon="20.929404">
        <ele>83.402908</ele>
        <time>2026-08-07T13:25:27.508Z</time>
      </trkpt>
      <trkpt lat="44.663122" lon="20.929634">
        <ele>84.375359</ele>
        <time>2026-08-07T13:25:38.829Z</time>
      </trkpt>
      <trkpt lat="44.662705" lon="20.929850">
        <ele>85.839596</ele>
        <time>2026-08-07T13:25:55.393Z</time>
      </trkpt>
      <trkpt lat="44.662618" lon="20.929895">
        <ele>86.145032</ele>
        <time>2026-08-07T13:25:58.702Z</time>
      </trkpt>
      <trkpt lat="44.662277" lon="20.930071">
        <ele>87.341894</ele>
        <time>2026-08-07T13:26:11.250Z</time>
      </trkpt>
      <trkpt lat="44.661989" lon="20.930225">
        <ele>88.357127</ele>
        <time>2026-08-07T13:26:22.025Z</time>
      </trkpt>
      <trkpt lat="44.661803" lon="20.930136">
        <ele>89.004492</ele>
        <time>2026-08-07T13:26:28.806Z</time>
      </trkpt>
      <trkpt lat="44.661450" lon="20.929802">
        <ele>90.502684</ele>
        <time>2026-08-07T13:26:43.404Z</time>
      </trkpt>
      <trkpt lat="44.661283" lon="20.929673">
        <ele>91.234499</ele>
        <time>2026-08-07T13:26:49.914Z</time>
      </trkpt>
      <trkpt lat="44.661068" lon="20.929538">
        <ele>92.138842</ele>
        <time>2026-08-07T13:26:57.879Z</time>
      </trkpt>
      <trkpt lat="44.660795" lon="20.929444">
        <ele>93.218317</ele>
        <time>2026-08-07T13:27:07.272Z</time>
      </trkpt>
      <trkpt lat="44.659364" lon="20.929194">
        <ele>100.098441</ele>
        <time>2026-08-07T13:28:06.168Z</time>
      </trkpt>
      <trkpt lat="44.658513" lon="20.929020">
        <ele>105.591770</ele>
        <time>2026-08-07T13:28:48.280Z</time>
      </trkpt>
      <trkpt lat="44.658024" lon="20.929024">
        <ele>108.914476</ele>
        <time>2026-08-07T13:29:14.254Z</time>
      </trkpt>
      <trkpt lat="44.657667" lon="20.929088">
        <ele>112.141888</ele>
        <time>2026-08-07T13:29:34.221Z</time>
      </trkpt>
      <trkpt lat="44.657253" lon="20.929093">
        <ele>115.854674</ele>
        <time>2026-08-07T13:29:57.490Z</time>
      </trkpt>
      <trkpt lat="44.656959" lon="20.928937">
        <ele>118.672741</ele>
        <time>2026-08-07T13:30:16.112Z</time>
      </trkpt>
      <trkpt lat="44.656334" lon="20.928445">
        <ele>125.021882</ele>
        <time>2026-08-07T13:31:01.156Z</time>
      </trkpt>
      <trkpt lat="44.656115" lon="20.928245">
        <ele>127.128962</ele>
        <time>2026-08-07T13:31:18.012Z</time>
      </trkpt>
      <trkpt lat="44.655563" lon="20.927484">
        <ele>133.366928</ele>
        <time>2026-08-07T13:32:03.282Z</time>
      </trkpt>
      <trkpt lat="44.655247" lon="20.927214">
        <ele>136.350528</ele>
        <time>2026-08-07T13:32:22.026Z</time>
      </trkpt>
      <trkpt lat="44.654912" lon="20.927058">
        <ele>139.015584</ele>
        <time>2026-08-07T13:32:37.977Z</time>
      </trkpt>
      <trkpt lat="44.654582" lon="20.926996">
        <ele>140.231689</ele>
        <time>2026-08-07T13:32:51.388Z</time>
      </trkpt>
      <trkpt lat="44.654447" lon="20.926985">
        <ele>140.725629</ele>
        <time>2026-08-07T13:32:56.457Z</time>
      </trkpt>
      <trkpt lat="44.653971" lon="20.926957">
        <ele>142.465831</ele>
        <time>2026-08-07T13:33:13.006Z</time>
      </trkpt>
      <trkpt lat="44.653628" lon="20.926951">
        <ele>143.718800</ele>
        <time>2026-08-07T13:33:24.281Z</time>
      </trkpt>
      <trkpt lat="44.653324" lon="20.926930">
        <ele>144.830557</ele>
        <time>2026-08-07T13:33:34.651Z</time>
      </trkpt>
      <trkpt lat="44.653054" lon="20.926907">
        <ele>145.800102</ele>
        <time>2026-08-07T13:33:44.071Z</time>
      </trkpt>
      <trkpt lat="44.653000" lon="20.926905">
        <ele>145.987913</ele>
        <time>2026-08-07T13:33:45.947Z</time>
      </trkpt>
      <trkpt lat="44.652625" lon="20.926869">
        <ele>147.294737</ele>
        <time>2026-08-07T13:33:58.868Z</time>
      </trkpt>
      <trkpt lat="44.652189" lon="20.926760">
        <ele>148.834394</ele>
        <time>2026-08-07T13:34:14.365Z</time>
      </trkpt>
      <trkpt lat="44.651858" lon="20.926647">
        <ele>150.018656</ele>
        <time>2026-08-07T13:34:26.778Z</time>
      </trkpt>
      <trkpt lat="44.651814" lon="20.926632">
        <ele>150.176068</ele>
        <time>2026-08-07T13:34:28.452Z</time>
      </trkpt>
      <trkpt lat="44.651367" lon="20.926478">
        <ele>151.799425</ele>
        <time>2026-08-07T13:34:46.067Z</time>
      </trkpt>
      <trkpt lat="44.650978" lon="20.926345">
        <ele>153.558848</ele>
        <time>2026-08-07T13:35:01.732Z</time>
      </trkpt>
      <trkpt lat="44.648306" lon="20.925436">
        <ele>165.334318</ele>
        <time>2026-08-07T13:36:52.829Z</time>
      </trkpt>
      <trkpt lat="44.647831" lon="20.925266">
        <ele>167.268683</ele>
        <time>2026-08-07T13:37:10.604Z</time>
      </trkpt>
      <trkpt lat="44.647260" lon="20.925010">
        <ele>168.789530</ele>
        <time>2026-08-07T13:37:30.925Z</time>
      </trkpt>
      <trkpt lat="44.646386" lon="20.924533">
        <ele>171.168642</ele>
        <time>2026-08-07T13:37:59.956Z</time>
      </trkpt>
      <trkpt lat="44.646044" lon="20.924332">
        <ele>171.974567</ele>
        <time>2026-08-07T13:38:11.104Z</time>
      </trkpt>
      <trkpt lat="44.645844" lon="20.924221">
        <ele>172.356206</ele>
        <time>2026-08-07T13:38:17.500Z</time>
      </trkpt>
      <trkpt lat="44.645500" lon="20.924020">
        <ele>173.017406</ele>
        <time>2026-08-07T13:38:28.380Z</time>
      </trkpt>
      <trkpt lat="44.645269" lon="20.923886">
        <ele>173.460940</ele>
        <time>2026-08-07T13:38:35.619Z</time>
      </trkpt>
      <trkpt lat="44.644942" lon="20.923687">
        <ele>174.093379</ele>
        <time>2026-08-07T13:38:45.880Z</time>
      </trkpt>
      <trkpt lat="44.644654" lon="20.923490">
        <ele>174.661853</ele>
        <time>2026-08-07T13:38:55.284Z</time>
      </trkpt>
      <trkpt lat="44.644638" lon="20.923480">
        <ele>174.692931</ele>
        <time>2026-08-07T13:38:55.770Z</time>
      </trkpt>
      <trkpt lat="44.644424" lon="20.923325">
        <ele>175.068438</ele>
        <time>2026-08-07T13:39:02.754Z</time>
      </trkpt>
      <trkpt lat="44.644239" lon="20.923191">
        <ele>175.366149</ele>
        <time>2026-08-07T13:39:08.829Z</time>
      </trkpt>
      <trkpt lat="44.644114" lon="20.923100">
        <ele>175.567521</ele>
        <time>2026-08-07T13:39:13.003Z</time>
      </trkpt>
      <trkpt lat="44.643870" lon="20.922916">
        <ele>175.963620</ele>
        <time>2026-08-07T13:39:20.938Z</time>
      </trkpt>
      <trkpt lat="44.643544" lon="20.922677">
        <ele>176.489582</ele>
        <time>2026-08-07T13:39:31.109Z</time>
      </trkpt>
      <trkpt lat="44.643454" lon="20.922611">
        <ele>176.634795</ele>
        <time>2026-08-07T13:39:33.791Z</time>
      </trkpt>
      <trkpt lat="44.643342" lon="20.922528">
        <ele>176.815915</ele>
        <time>2026-08-07T13:39:37.200Z</time>
      </trkpt>
      <trkpt lat="44.643127" lon="20.922367">
        <ele>177.164395</ele>
        <time>2026-08-07T13:39:43.792Z</time>
      </trkpt>
      <trkpt lat="44.642750" lon="20.922086">
        <ele>177.685136</ele>
        <time>2026-08-07T13:39:55.316Z</time>
      </trkpt>
      <trkpt lat="44.642505" lon="20.921906">
        <ele>177.978835</ele>
        <time>2026-08-07T13:40:02.702Z</time>
      </trkpt>
      <trkpt lat="44.642412" lon="20.921836">
        <ele>178.090913</ele>
        <time>2026-08-07T13:40:05.562Z</time>
      </trkpt>
      <trkpt lat="44.642173" lon="20.921655">
        <ele>178.379336</ele>
        <time>2026-08-07T13:40:12.724Z</time>
      </trkpt>
      <trkpt lat="44.642071" lon="20.921578">
        <ele>178.502341</ele>
        <time>2026-08-07T13:40:15.657Z</time>
      </trkpt>
      <trkpt lat="44.641583" lon="20.921210">
        <ele>179.090693</ele>
        <time>2026-08-07T13:40:30.032Z</time>
      </trkpt>
      <trkpt lat="44.641333" lon="20.920997">
        <ele>179.418880</ele>
        <time>2026-08-07T13:40:37.696Z</time>
      </trkpt>
      <trkpt lat="44.641142" lon="20.920824">
        <ele>179.726503</ele>
        <time>2026-08-07T13:40:43.655Z</time>
      </trkpt>
      <trkpt lat="44.640658" lon="20.920338">
        <ele>180.531798</ele>
        <time>2026-08-07T13:40:59.780Z</time>
      </trkpt>
      <trkpt lat="44.640458" lon="20.920138">
        <ele>180.864104</ele>
        <time>2026-08-07T13:41:06.611Z</time>
      </trkpt>
      <trkpt lat="44.640380" lon="20.920060">
        <ele>180.993703</ele>
        <time>2026-08-07T13:41:09.256Z</time>
      </trkpt>
      <trkpt lat="44.640319" lon="20.919998">
        <ele>181.095618</ele>
        <time>2026-08-07T13:41:11.344Z</time>
      </trkpt>
      <trkpt lat="44.639973" lon="20.919639">
        <ele>181.677856</ele>
        <time>2026-08-07T13:41:23.571Z</time>
      </trkpt>
      <trkpt lat="44.639741" lon="20.919411">
        <ele>182.120608</ele>
        <time>2026-08-07T13:41:32.073Z</time>
      </trkpt>
      <trkpt lat="44.639350" lon="20.919016">
        <ele>182.906723</ele>
        <time>2026-08-07T13:41:46.934Z</time>
      </trkpt>
      <trkpt lat="44.639014" lon="20.918671">
        <ele>183.586053</ele>
        <time>2026-08-07T13:41:59.287Z</time>
      </trkpt>
      <trkpt lat="44.638438" lon="20.918054">
        <ele>184.745638</ele>
        <time>2026-08-07T13:42:19.083Z</time>
      </trkpt>
      <trkpt lat="44.638401" lon="20.918014">
        <ele>184.792920</ele>
        <time>2026-08-07T13:42:20.336Z</time>
      </trkpt>
      <trkpt lat="44.637735" lon="20.917258">
        <ele>185.660055</ele>
        <time>2026-08-07T13:42:42.850Z</time>
      </trkpt>
      <trkpt lat="44.636992" lon="20.916360">
        <ele>186.684887</ele>
        <time>2026-08-07T13:43:07.905Z</time>
      </trkpt>
      <trkpt lat="44.636536" lon="20.915793">
        <ele>187.464039</ele>
        <time>2026-08-07T13:43:24.288Z</time>
      </trkpt>
      <trkpt lat="44.634773" lon="20.913418">
        <ele>190.752715</ele>
        <time>2026-08-07T13:44:32.523Z</time>
      </trkpt>
      <trkpt lat="44.634496" lon="20.913041">
        <ele>191.292076</ele>
        <time>2026-08-07T13:44:43.394Z</time>
      </trkpt>
      <trkpt lat="44.633947" lon="20.912316">
        <ele>192.178254</ele>
        <time>2026-08-07T13:45:03.915Z</time>
      </trkpt>
      <trkpt lat="44.633455" lon="20.911653">
        <ele>192.971631</ele>
        <time>2026-08-07T13:45:21.890Z</time>
      </trkpt>
      <trkpt lat="44.632970" lon="20.911070">
        <ele>193.678255</ele>
        <time>2026-08-07T13:45:38.842Z</time>
      </trkpt>
      <trkpt lat="44.632821" lon="20.910895">
        <ele>193.874330</ele>
        <time>2026-08-07T13:45:44.024Z</time>
      </trkpt>
      <trkpt lat="44.632388" lon="20.910388">
        <ele>194.443414</ele>
        <time>2026-08-07T13:45:59.139Z</time>
      </trkpt>
      <trkpt lat="44.631921" lon="20.909944">
        <ele>195.012733</ele>
        <time>2026-08-07T13:46:14.041Z</time>
      </trkpt>
      <trkpt lat="44.631482" lon="20.909588">
        <ele>195.480427</ele>
        <time>2026-08-07T13:46:27.020Z</time>
      </trkpt>
      <trkpt lat="44.630023" lon="20.908465">
        <ele>196.926573</ele>
        <time>2026-08-07T13:47:09.165Z</time>
      </trkpt>
      <trkpt lat="44.629785" lon="20.908288">
        <ele>197.243902</ele>
        <time>2026-08-07T13:47:16.398Z</time>
      </trkpt>
      <trkpt lat="44.629286" lon="20.907904">
        <ele>197.914355</ele>
        <time>2026-08-07T13:47:32.064Z</time>
      </trkpt>
      <trkpt lat="44.628752" lon="20.907497">
        <ele>198.630256</ele>
        <time>2026-08-07T13:47:48.694Z</time>
      </trkpt>
      <trkpt lat="44.628548" lon="20.907337">
        <ele>198.904764</ele>
        <time>2026-08-07T13:47:54.941Z</time>
      </trkpt>
      <trkpt lat="44.628293" lon="20.907106">
        <ele>199.238535</ele>
        <time>2026-08-07T13:48:03.049Z</time>
      </trkpt>
      <trkpt lat="44.628127" lon="20.906877">
        <ele>199.494451</ele>
        <time>2026-08-07T13:48:09.200Z</time>
      </trkpt>
      <trkpt lat="44.627924" lon="20.906535">
        <ele>199.843116</ele>
        <time>2026-08-07T13:48:17.324Z</time>
      </trkpt>
      <trkpt lat="44.627227" lon="20.905298">
        <ele>201.130698</ele>
        <time>2026-08-07T13:48:47.194Z</time>
      </trkpt>
      <trkpt lat="44.626956" lon="20.904819">
        <ele>201.731271</ele>
        <time>2026-08-07T13:48:59.456Z</time>
      </trkpt>
      <trkpt lat="44.626469" lon="20.904000">
        <ele>202.778742</ele>
        <time>2026-08-07T13:49:21.038Z</time>
      </trkpt>
      <trkpt lat="44.626075" lon="20.903418">
        <ele>203.537585</ele>
        <time>2026-08-07T13:49:36.887Z</time>
      </trkpt>
      <trkpt lat="44.625600" lon="20.902794">
        <ele>204.310948</ele>
        <time>2026-08-07T13:49:54.539Z</time>
      </trkpt>
      <trkpt lat="44.625434" lon="20.902640">
        <ele>204.547520</ele>
        <time>2026-08-07T13:49:59.874Z</time>
      </trkpt>
      <trkpt lat="44.624854" lon="20.902302">
        <ele>205.294285</ele>
        <time>2026-08-07T13:50:16.611Z</time>
      </trkpt>
      <trkpt lat="44.624200" lon="20.901956">
        <ele>205.974273</ele>
        <time>2026-08-07T13:50:35.267Z</time>
      </trkpt>
      <trkpt lat="44.624032" lon="20.901867">
        <ele>206.136886</ele>
        <time>2026-08-07T13:50:39.985Z</time>
      </trkpt>
      <trkpt lat="44.623829" lon="20.901747">
        <ele>206.336353</ele>
        <time>2026-08-07T13:50:45.695Z</time>
      </trkpt>
      <trkpt lat="44.623246" lon="20.901359">
        <ele>206.920617</ele>
        <time>2026-08-07T13:51:01.874Z</time>
      </trkpt>
      <trkpt lat="44.623193" lon="20.901329">
        <ele>206.972368</ele>
        <time>2026-08-07T13:51:03.316Z</time>
      </trkpt>
      <trkpt lat="44.622836" lon="20.901063">
        <ele>207.273059</ele>
        <time>2026-08-07T13:51:13.540Z</time>
      </trkpt>
      <trkpt lat="44.622521" lon="20.900850">
        <ele>207.494700</ele>
        <time>2026-08-07T13:51:22.236Z</time>
      </trkpt>
      <trkpt lat="44.622324" lon="20.900728">
        <ele>207.631197</ele>
        <time>2026-08-07T13:51:27.496Z</time>
      </trkpt>
      <trkpt lat="44.622184" lon="20.900662">
        <ele>207.724823</ele>
        <time>2026-08-07T13:51:31.069Z</time>
      </trkpt>
      <trkpt lat="44.622053" lon="20.900613">
        <ele>207.810772</ele>
        <time>2026-08-07T13:51:34.354Z</time>
      </trkpt>
      <trkpt lat="44.621609" lon="20.900451">
        <ele>208.101613</ele>
        <time>2026-08-07T13:51:45.651Z</time>
      </trkpt>
      <trkpt lat="44.621521" lon="20.900424">
        <ele>208.158722</ele>
        <time>2026-08-07T13:51:47.906Z</time>
      </trkpt>
      <trkpt lat="44.621142" lon="20.900294">
        <ele>208.383082</ele>
        <time>2026-08-07T13:51:57.760Z</time>
      </trkpt>
      <trkpt lat="44.620926" lon="20.900217">
        <ele>208.501973</ele>
        <time>2026-08-07T13:52:03.336Z</time>
      </trkpt>
      <trkpt lat="44.620053" lon="20.899922">
        <ele>208.981013</ele>
        <time>2026-08-07T13:52:25.211Z</time>
      </trkpt>
      <trkpt lat="44.619824" lon="20.899880">
        <ele>209.104224</ele>
        <time>2026-08-07T13:52:30.727Z</time>
      </trkpt>
      <trkpt lat="44.619571" lon="20.899891">
        <ele>209.243258</ele>
        <time>2026-08-07T13:52:36.653Z</time>
      </trkpt>
      <trkpt lat="44.619338" lon="20.899930">
        <ele>209.395271</ele>
        <time>2026-08-07T13:52:42.108Z</time>
      </trkpt>
      <trkpt lat="44.618171" lon="20.900288">
        <ele>210.169109</ele>
        <time>2026-08-07T13:53:11.282Z</time>
      </trkpt>
      <trkpt lat="44.617835" lon="20.900365">
        <ele>210.392867</ele>
        <time>2026-08-07T13:53:20.433Z</time>
      </trkpt>
      <trkpt lat="44.617467" lon="20.900388">
        <ele>210.833725</ele>
        <time>2026-08-07T13:53:30.422Z</time>
      </trkpt>
      <trkpt lat="44.616917" lon="20.900283">
        <ele>211.498014</ele>
        <time>2026-08-07T13:53:45.671Z</time>
      </trkpt>
      <trkpt lat="44.616714" lon="20.900235">
        <ele>211.744381</ele>
        <time>2026-08-07T13:53:51.450Z</time>
      </trkpt>
      <trkpt lat="44.616386" lon="20.900152">
        <ele>212.143249</ele>
        <time>2026-08-07T13:54:00.522Z</time>
      </trkpt>
      <trkpt lat="44.616245" lon="20.900114">
        <ele>212.315074</ele>
        <time>2026-08-07T13:54:04.391Z</time>
      </trkpt>
      <trkpt lat="44.616100" lon="20.900073">
        <ele>212.492090</ele>
        <time>2026-08-07T13:54:08.364Z</time>
      </trkpt>
      <trkpt lat="44.615871" lon="20.900025">
        <ele>212.707535</ele>
        <time>2026-08-07T13:54:14.538Z</time>
      </trkpt>
      <trkpt lat="44.615648" lon="20.900004">
        <ele>212.903536</ele>
        <time>2026-08-07T13:54:20.342Z</time>
      </trkpt>
      <trkpt lat="44.615555" lon="20.900008">
        <ele>212.985131</ele>
        <time>2026-08-07T13:54:22.689Z</time>
      </trkpt>
      <trkpt lat="44.615364" lon="20.900039">
        <ele>213.153744</ele>
        <time>2026-08-07T13:54:27.547Z</time>
      </trkpt>
      <trkpt lat="44.614891" lon="20.900240">
        <ele>213.587106</ele>
        <time>2026-08-07T13:54:40.363Z</time>
      </trkpt>
      <trkpt lat="44.614345" lon="20.900508">
        <ele>214.094311</ele>
        <time>2026-08-07T13:54:55.056Z</time>
      </trkpt>
      <trkpt lat="44.613469" lon="20.900896">
        <ele>214.493613</ele>
        <time>2026-08-07T13:55:17.142Z</time>
      </trkpt>
      <trkpt lat="44.613132" lon="20.901047">
        <ele>214.643098</ele>
        <time>2026-08-07T13:55:25.708Z</time>
      </trkpt>
      <trkpt lat="44.611633" lon="20.901732">
        <ele>215.203228</ele>
        <time>2026-08-07T13:56:02.669Z</time>
      </trkpt>
      <trkpt lat="44.610828" lon="20.902120">
        <ele>215.454520</ele>
        <time>2026-08-07T13:56:22.596Z</time>
      </trkpt>
      <trkpt lat="44.609572" lon="20.902564">
        <ele>215.528864</ele>
        <time>2026-08-07T13:56:52.789Z</time>
      </trkpt>
      <trkpt lat="44.609095" lon="20.902675">
        <ele>215.453294</ele>
        <time>2026-08-07T13:57:03.137Z</time>
      </trkpt>
      <trkpt lat="44.608511" lon="20.902803">
        <ele>214.431342</ele>
        <time>2026-08-07T13:57:14.789Z</time>
      </trkpt>
      <trkpt lat="44.608451" lon="20.902818">
        <ele>214.325972</ele>
        <time>2026-08-07T13:57:15.955Z</time>
      </trkpt>
      <trkpt lat="44.607676" lon="20.903017">
        <ele>212.963796</ele>
        <time>2026-08-07T13:57:29.793Z</time>
      </trkpt>
      <trkpt lat="44.607430" lon="20.903059">
        <ele>212.535333</ele>
        <time>2026-08-07T13:57:33.914Z</time>
      </trkpt>
      <trkpt lat="44.606775" lon="20.903149">
        <ele>209.858117</ele>
        <time>2026-08-07T13:57:44.437Z</time>
      </trkpt>
      <trkpt lat="44.606195" lon="20.903151">
        <ele>207.379546</ele>
        <time>2026-08-07T13:57:53.321Z</time>
      </trkpt>
      <trkpt lat="44.605025" lon="20.903160">
        <ele>202.058866</ele>
        <time>2026-08-07T13:58:10.960Z</time>
      </trkpt>
      <trkpt lat="44.604566" lon="20.903101">
        <ele>199.823463</ele>
        <time>2026-08-07T13:58:18.009Z</time>
      </trkpt>
      <trkpt lat="44.604448" lon="20.903077">
        <ele>199.245207</ele>
        <time>2026-08-07T13:58:19.844Z</time>
      </trkpt>
      <trkpt lat="44.603689" lon="20.902872">
        <ele>195.315907</ele>
        <time>2026-08-07T13:58:31.677Z</time>
      </trkpt>
      <trkpt lat="44.602985" lon="20.902632">
        <ele>190.620113</ele>
        <time>2026-08-07T13:58:42.465Z</time>
      </trkpt>
      <trkpt lat="44.602203" lon="20.902230">
        <ele>185.222365</ele>
        <time>2026-08-07T13:58:54.301Z</time>
      </trkpt>
      <trkpt lat="44.601696" lon="20.902014">
        <ele>181.191786</ele>
        <time>2026-08-07T13:59:01.684Z</time>
      </trkpt>
      <trkpt lat="44.601352" lon="20.901919">
        <ele>178.395453</ele>
        <time>2026-08-07T13:59:06.605Z</time>
      </trkpt>
      <trkpt lat="44.601021" lon="20.901860">
        <ele>175.734171</ele>
        <time>2026-08-07T13:59:11.272Z</time>
      </trkpt>
      <trkpt lat="44.600832" lon="20.901827">
        <ele>174.215074</ele>
        <time>2026-08-07T13:59:13.932Z</time>
      </trkpt>
      <trkpt lat="44.600439" lon="20.901757">
        <ele>171.055340</ele>
        <time>2026-08-07T13:59:19.516Z</time>
      </trkpt>
      <trkpt lat="44.598562" lon="20.901423">
        <ele>156.775041</ele>
        <time>2026-08-07T13:59:46.143Z</time>
      </trkpt>
      <trkpt lat="44.597889" lon="20.901282">
        <ele>153.311731</ele>
        <time>2026-08-07T13:59:56.163Z</time>
      </trkpt>
      <trkpt lat="44.597362" lon="20.901035">
        <ele>150.557806</ele>
        <time>2026-08-07T14:00:04.691Z</time>
      </trkpt>
      <trkpt lat="44.597044" lon="20.900806">
        <ele>148.786358</ele>
        <time>2026-08-07T14:00:10.274Z</time>
      </trkpt>
      <trkpt lat="44.596406" lon="20.900170">
        <ele>146.451387</ele>
        <time>2026-08-07T14:00:22.812Z</time>
      </trkpt>
      <trkpt lat="44.596131" lon="20.899909">
        <ele>145.751517</ele>
        <time>2026-08-07T14:00:28.407Z</time>
      </trkpt>
      <trkpt lat="44.595969" lon="20.899755">
        <ele>145.339021</ele>
        <time>2026-08-07T14:00:31.777Z</time>
      </trkpt>
      <trkpt lat="44.593308" lon="20.897793">
        <ele>141.626374</ele>
        <time>2026-08-07T14:01:32.073Z</time>
      </trkpt>
      <trkpt lat="44.592784" lon="20.897348">
        <ele>140.480747</ele>
        <time>2026-08-07T14:01:43.808Z</time>
      </trkpt>
      <trkpt lat="44.592075" lon="20.896594">
        <ele>138.160358</ele>
        <time>2026-08-07T14:01:58.600Z</time>
      </trkpt>
      <trkpt lat="44.591517" lon="20.896035">
        <ele>134.386851</ele>
        <time>2026-08-07T14:02:08.729Z</time>
      </trkpt>
      <trkpt lat="44.591303" lon="20.895899">
        <ele>133.093701</ele>
        <time>2026-08-07T14:02:12.128Z</time>
      </trkpt>
      <trkpt lat="44.590967" lon="20.895778">
        <ele>131.184089</ele>
        <time>2026-08-07T14:02:17.146Z</time>
      </trkpt>
      <trkpt lat="44.590543" lon="20.895743">
        <ele>128.837727</ele>
        <time>2026-08-07T14:02:23.332Z</time>
      </trkpt>
      <trkpt lat="44.590049" lon="20.895739">
        <ele>126.063854</ele>
        <time>2026-08-07T14:02:30.582Z</time>
      </trkpt>
      <trkpt lat="44.589757" lon="20.895780">
        <ele>124.416087</ele>
        <time>2026-08-07T14:02:34.955Z</time>
      </trkpt>
      <trkpt lat="44.589492" lon="20.895870">
        <ele>122.885199</ele>
        <time>2026-08-07T14:02:39.068Z</time>
      </trkpt>
      <trkpt lat="44.589131" lon="20.896054">
        <ele>120.728765</ele>
        <time>2026-08-07T14:02:44.849Z</time>
      </trkpt>
      <trkpt lat="44.588147" lon="20.896712">
        <ele>115.221228</ele>
        <time>2026-08-07T14:03:00.954Z</time>
      </trkpt>
      <trkpt lat="44.587437" lon="20.897139">
        <ele>111.468512</ele>
        <time>2026-08-07T14:03:12.679Z</time>
      </trkpt>
      <trkpt lat="44.587199" lon="20.897221">
        <ele>110.359580</ele>
        <time>2026-08-07T14:03:16.573Z</time>
      </trkpt>
      <trkpt lat="44.586949" lon="20.897253">
        <ele>109.868976</ele>
        <time>2026-08-07T14:03:20.682Z</time>
      </trkpt>
      <trkpt lat="44.585958" lon="20.897377">
        <ele>107.924578</ele>
        <time>2026-08-07T14:03:38.362Z</time>
      </trkpt>
      <trkpt lat="44.585821" lon="20.897467">
        <ele>107.628982</ele>
        <time>2026-08-07T14:03:41.286Z</time>
      </trkpt>
      <trkpt lat="44.585608" lon="20.897549">
        <ele>107.197350</ele>
        <time>2026-08-07T14:03:45.668Z</time>
      </trkpt>
      <trkpt lat="44.585373" lon="20.897569">
        <ele>106.775031</ele>
        <time>2026-08-07T14:03:50.425Z</time>
      </trkpt>
      <trkpt lat="44.585319" lon="20.897684">
        <ele>106.627968</ele>
        <time>2026-08-07T14:03:52.505Z</time>
      </trkpt>
      <trkpt lat="44.585244" lon="20.897759">
        <ele>106.489938</ele>
        <time>2026-08-07T14:03:54.446Z</time>
      </trkpt>
      <trkpt lat="44.584760" lon="20.898179">
        <ele>105.637004</ele>
        <time>2026-08-07T14:04:05.968Z</time>
      </trkpt>
      <trkpt lat="44.584703" lon="20.898215">
        <ele>105.543310</ele>
        <time>2026-08-07T14:04:07.120Z</time>
      </trkpt>
      <trkpt lat="44.584518" lon="20.898333">
        <ele>105.238708</ele>
        <time>2026-08-07T14:04:10.848Z</time>
      </trkpt>
      <trkpt lat="44.584000" lon="20.898197">
        <ele>104.448731</ele>
        <time>2026-08-07T14:04:20.655Z</time>
      </trkpt>
      <trkpt lat="44.583588" lon="20.898062">
        <ele>103.687415</ele>
        <time>2026-08-07T14:04:28.443Z</time>
      </trkpt>
      <trkpt lat="44.583625" lon="20.897384">
        <ele>102.723975</ele>
        <time>2026-08-07T14:04:36.655Z</time>
      </trkpt>
      <trkpt lat="44.583704" lon="20.896944">
        <ele>102.081058</ele>
        <time>2026-08-07T14:04:42.130Z</time>
      </trkpt>
      <trkpt lat="44.583830" lon="20.896602">
        <ele>101.535505</ele>
        <time>2026-08-07T14:04:46.990Z</time>
      </trkpt>
      <trkpt lat="44.583579" lon="20.896442">
        <ele>100.987134</ele>
        <time>2026-08-07T14:04:52.130Z</time>
      </trkpt>
      <trkpt lat="44.582329" lon="20.896086">
        <ele>99.585565</ele>
        <time>2026-08-07T14:05:16.009Z</time>
      </trkpt>
      <trkpt lat="44.581963" lon="20.895992">
        <ele>99.231846</ele>
        <time>2026-08-07T14:05:23.570Z</time>
      </trkpt>
      <trkpt lat="44.580482" lon="20.895614">
        <ele>98.513263</ele>
        <time>2026-08-07T14:05:55.436Z</time>
      </trkpt>
      <trkpt lat="44.580434" lon="20.895602">
        <ele>98.496546</ele>
        <time>2026-08-07T14:05:56.448Z</time>
      </trkpt>
      <trkpt lat="44.580274" lon="20.895565">
        <ele>98.440946</ele>
        <time>2026-08-07T14:05:59.741Z</time>
      </trkpt>
      <trkpt lat="44.579625" lon="20.895418">
        <ele>98.333194</ele>
        <time>2026-08-07T14:06:13.519Z</time>
      </trkpt>
      <trkpt lat="44.579079" lon="20.895284">
        <ele>98.412810</ele>
        <time>2026-08-07T14:06:25.618Z</time>
      </trkpt>
      <trkpt lat="44.579052" lon="20.895277">
        <ele>98.416754</ele>
        <time>2026-08-07T14:06:26.216Z</time>
      </trkpt>
      <trkpt lat="44.578759" lon="20.895201">
        <ele>98.459553</ele>
        <time>2026-08-07T14:06:32.780Z</time>
      </trkpt>
      <trkpt lat="44.578140" lon="20.895041">
        <ele>98.549960</ele>
        <time>2026-08-07T14:06:47.863Z</time>
      </trkpt>
      <trkpt lat="44.578063" lon="20.895022">
        <ele>98.592878</ele>
        <time>2026-08-07T14:06:49.874Z</time>
      </trkpt>
      <trkpt lat="44.577858" lon="20.894967">
        <ele>98.839985</ele>
        <time>2026-08-07T14:06:55.669Z</time>
      </trkpt>
      <trkpt lat="44.577052" lon="20.894793">
        <ele>99.805484</ele>
        <time>2026-08-07T14:07:17.249Z</time>
      </trkpt>
      <trkpt lat="44.576670" lon="20.894768">
        <ele>100.258253</ele>
        <time>2026-08-07T14:07:28.010Z</time>
      </trkpt>
      <trkpt lat="44.576391" lon="20.894735">
        <ele>100.589752</ele>
        <time>2026-08-07T14:07:36.076Z</time>
      </trkpt>
      <trkpt lat="44.575974" lon="20.894651">
        <ele>101.113182</ele>
        <time>2026-08-07T14:07:48.250Z</time>
      </trkpt>
      <trkpt lat="44.575444" lon="20.894525">
        <ele>101.788642</ele>
        <time>2026-08-07T14:08:02.846Z</time>
      </trkpt>
      <trkpt lat="44.574786" lon="20.894365">
        <ele>102.627772</ele>
        <time>2026-08-07T14:08:20.069Z</time>
      </trkpt>
      <trkpt lat="44.574641" lon="20.894322">
        <ele>102.813994</ele>
        <time>2026-08-07T14:08:23.933Z</time>
      </trkpt>
      <trkpt lat="44.574285" lon="20.894213">
        <ele>103.667127</ele>
        <time>2026-08-07T14:08:33.937Z</time>
      </trkpt>
      <trkpt lat="44.573616" lon="20.893974">
        <ele>105.588347</ele>
        <time>2026-08-07T14:08:55.272Z</time>
      </trkpt>
      <trkpt lat="44.573004" lon="20.893640">
        <ele>107.415775</ele>
        <time>2026-08-07T14:09:19.547Z</time>
      </trkpt>
      <trkpt lat="44.572535" lon="20.893235">
        <ele>109.892508</ele>
        <time>2026-08-07T14:09:41.226Z</time>
      </trkpt>
      <trkpt lat="44.572382" lon="20.893084">
        <ele>110.906505</ele>
        <time>2026-08-07T14:09:48.719Z</time>
      </trkpt>
      <trkpt lat="44.572240" lon="20.892928">
        <ele>111.884108</ele>
        <time>2026-08-07T14:09:55.812Z</time>
      </trkpt>
      <trkpt lat="44.571015" lon="20.891572">
        <ele>121.239258</ele>
        <time>2026-08-07T14:11:08.872Z</time>
      </trkpt>
      <trkpt lat="44.570707" lon="20.891136">
        <ele>124.417238</ele>
        <time>2026-08-07T14:11:33.282Z</time>
      </trkpt>
      <trkpt lat="44.570523" lon="20.890756">
        <ele>126.795311</ele>
        <time>2026-08-07T14:11:51.147Z</time>
      </trkpt>
      <trkpt lat="44.570431" lon="20.890508">
        <ele>128.242492</ele>
        <time>2026-08-07T14:12:01.827Z</time>
      </trkpt>
      <trkpt lat="44.570297" lon="20.890004">
        <ele>130.988530</ele>
        <time>2026-08-07T14:12:22.300Z</time>
      </trkpt>
      <trkpt lat="44.570170" lon="20.889283">
        <ele>134.256438</ele>
        <time>2026-08-07T14:12:47.345Z</time>
      </trkpt>
      <trkpt lat="44.570094" lon="20.889081">
        <ele>135.261571</ele>
        <time>2026-08-07T14:12:54.529Z</time>
      </trkpt>
      <trkpt lat="44.569962" lon="20.888935">
        <ele>136.299525</ele>
        <time>2026-08-07T14:13:01.888Z</time>
      </trkpt>
      <trkpt lat="44.569880" lon="20.888892">
        <ele>136.840171</ele>
        <time>2026-08-07T14:13:05.878Z</time>
      </trkpt>
      <trkpt lat="44.569707" lon="20.888876">
        <ele>137.910993</ele>
        <time>2026-08-07T14:13:13.606Z</time>
      </trkpt>
      <trkpt lat="44.568663" lon="20.889167">
        <ele>143.636122</ele>
        <time>2026-08-07T14:14:03.540Z</time>
      </trkpt>
      <trkpt lat="44.568461" lon="20.889179">
        <ele>144.477871</ele>
        <time>2026-08-07T14:14:12.424Z</time>
      </trkpt>
      <trkpt lat="44.568288" lon="20.889136">
        <ele>145.209334</ele>
        <time>2026-08-07T14:14:19.910Z</time>
      </trkpt>
      <trkpt lat="44.568103" lon="20.889031">
        <ele>146.040134</ele>
        <time>2026-08-07T14:14:28.013Z</time>
      </trkpt>
      <trkpt lat="44.567882" lon="20.888780">
        <ele>147.223699</ele>
        <time>2026-08-07T14:14:38.708Z</time>
      </trkpt>
      <trkpt lat="44.567549" lon="20.888019">
        <ele>149.416922</ele>
        <time>2026-08-07T14:14:58.648Z</time>
      </trkpt>
      <trkpt lat="44.567336" lon="20.887452">
        <ele>149.598346</ele>
        <time>2026-08-07T14:15:10.734Z</time>
      </trkpt>
      <trkpt lat="44.567104" lon="20.886829">
        <ele>149.797314</ele>
        <time>2026-08-07T14:15:23.450Z</time>
      </trkpt>
      <trkpt lat="44.567059" lon="20.886706">
        <ele>149.836450</ele>
        <time>2026-08-07T14:15:25.814Z</time>
      </trkpt>
      <trkpt lat="44.566653" lon="20.885771">
        <ele>149.549945</ele>
        <time>2026-08-07T14:15:41.271Z</time>
      </trkpt>
      <trkpt lat="44.566470" lon="20.885559">
        <ele>148.751090</ele>
        <time>2026-08-07T14:15:45.304Z</time>
      </trkpt>
      <trkpt lat="44.566283" lon="20.885450">
        <ele>148.069381</ele>
        <time>2026-08-07T14:15:48.750Z</time>
      </trkpt>
      <trkpt lat="44.565403" lon="20.885381">
        <ele>145.102029</ele>
        <time>2026-08-07T14:16:02.647Z</time>
      </trkpt>
      <trkpt lat="44.565129" lon="20.885366">
        <ele>144.178840</ele>
        <time>2026-08-07T14:16:06.741Z</time>
      </trkpt>
      <trkpt lat="44.564698" lon="20.885269">
        <ele>142.499987</ele>
        <time>2026-08-07T14:16:13.319Z</time>
      </trkpt>
      <trkpt lat="44.564473" lon="20.885163">
        <ele>141.574137</ele>
        <time>2026-08-07T14:16:16.986Z</time>
      </trkpt>
      <trkpt lat="44.564258" lon="20.885017">
        <ele>140.642414</ele>
        <time>2026-08-07T14:16:20.765Z</time>
      </trkpt>
      <trkpt lat="44.563967" lon="20.884716">
        <ele>139.232260</ele>
        <time>2026-08-07T14:16:26.561Z</time>
      </trkpt>
      <trkpt lat="44.563508" lon="20.884115">
        <ele>136.890340</ele>
        <time>2026-08-07T14:16:36.650Z</time>
      </trkpt>
      <trkpt lat="44.563352" lon="20.883922">
        <ele>136.459511</ele>
        <time>2026-08-07T14:16:40.044Z</time>
      </trkpt>
      <trkpt lat="44.563083" lon="20.883656">
        <ele>135.777784</ele>
        <time>2026-08-07T14:16:45.531Z</time>
      </trkpt>
      <trkpt lat="44.562637" lon="20.883312">
        <ele>134.723448</ele>
        <time>2026-08-07T14:16:54.332Z</time>
      </trkpt>
      <trkpt lat="44.562204" lon="20.883013">
        <ele>133.723681</ele>
        <time>2026-08-07T14:17:02.967Z</time>
      </trkpt>
      <trkpt lat="44.562046" lon="20.882844">
        <ele>133.312120</ele>
        <time>2026-08-07T14:17:06.542Z</time>
      </trkpt>
      <trkpt lat="44.561485" lon="20.881884">
        <ele>133.967382</ele>
        <time>2026-08-07T14:17:28.170Z</time>
      </trkpt>
      <trkpt lat="44.561373" lon="20.881762">
        <ele>134.078395</ele>
        <time>2026-08-07T14:17:32.710Z</time>
      </trkpt>
      <trkpt lat="44.561223" lon="20.881667">
        <ele>134.207254</ele>
        <time>2026-08-07T14:17:37.820Z</time>
      </trkpt>
      <trkpt lat="44.560958" lon="20.881620">
        <ele>134.416406</ele>
        <time>2026-08-07T14:17:45.616Z</time>
      </trkpt>
      <trkpt lat="44.560695" lon="20.881711">
        <ele>134.628507</ele>
        <time>2026-08-07T14:17:53.199Z</time>
      </trkpt>
      <trkpt lat="44.560359" lon="20.881998">
        <ele>134.480827</ele>
        <time>2026-08-07T14:18:03.692Z</time>
      </trkpt>
      <trkpt lat="44.560111" lon="20.882113">
        <ele>134.302082</ele>
        <time>2026-08-07T14:18:10.072Z</time>
      </trkpt>
      <trkpt lat="44.559526" lon="20.882230">
        <ele>133.897686</ele>
        <time>2026-08-07T14:18:21.310Z</time>
      </trkpt>
      <trkpt lat="44.559367" lon="20.882330">
        <ele>133.778447</ele>
        <time>2026-08-07T14:18:24.281Z</time>
      </trkpt>
      <trkpt lat="44.559189" lon="20.882564">
        <ele>133.611537</ele>
        <time>2026-08-07T14:18:28.297Z</time>
      </trkpt>
      <trkpt lat="44.558996" lon="20.883177">
        <ele>133.798077</ele>
        <time>2026-08-07T14:18:36.778Z</time>
      </trkpt>
      <trkpt lat="44.558813" lon="20.883754">
        <ele>134.379865</ele>
        <time>2026-08-07T14:18:46.393Z</time>
      </trkpt>
      <trkpt lat="44.558630" lon="20.884099">
        <ele>134.776060</ele>
        <time>2026-08-07T14:18:54.373Z</time>
      </trkpt>
      <trkpt lat="44.558401" lon="20.884316">
        <ele>135.133279</ele>
        <time>2026-08-07T14:19:02.816Z</time>
      </trkpt>
      <trkpt lat="44.556879" lon="20.885260">
        <ele>141.172617</ele>
        <time>2026-08-07T14:20:09.824Z</time>
      </trkpt>
      <trkpt lat="44.556533" lon="20.885473">
        <ele>142.929883</ele>
        <time>2026-08-07T14:20:26.348Z</time>
      </trkpt>
      <trkpt lat="44.556197" lon="20.885576">
        <ele>144.501294</ele>
        <time>2026-08-07T14:20:41.038Z</time>
      </trkpt>
      <trkpt lat="44.555953" lon="20.885583">
        <ele>145.551376</ele>
        <time>2026-08-07T14:20:51.288Z</time>
      </trkpt>
      <trkpt lat="44.554721" lon="20.885457">
        <ele>150.866382</ele>
        <time>2026-08-07T14:21:39.161Z</time>
      </trkpt>
      <trkpt lat="44.554535" lon="20.885489">
        <ele>151.672679</ele>
        <time>2026-08-07T14:21:45.936Z</time>
      </trkpt>
      <trkpt lat="44.554334" lon="20.885567">
        <ele>152.627341</ele>
        <time>2026-08-07T14:21:53.638Z</time>
      </trkpt>
      <trkpt lat="44.553631" lon="20.886033">
        <ele>156.255760</ele>
        <time>2026-08-07T14:22:24.395Z</time>
      </trkpt>
      <trkpt lat="44.551658" lon="20.887558">
        <ele>167.165885</ele>
        <time>2026-08-07T14:24:01.494Z</time>
      </trkpt>
      <trkpt lat="44.551271" lon="20.887767">
        <ele>169.208997</ele>
        <time>2026-08-07T14:24:18.735Z</time>
      </trkpt>
      <trkpt lat="44.550434" lon="20.888106">
        <ele>171.561051</ele>
        <time>2026-08-07T14:24:50.877Z</time>
      </trkpt>
      <trkpt lat="44.550180" lon="20.888266">
        <ele>172.312751</ele>
        <time>2026-08-07T14:24:59.735Z</time>
      </trkpt>
      <trkpt lat="44.549964" lon="20.888469">
        <ele>173.014641</ele>
        <time>2026-08-07T14:25:07.495Z</time>
      </trkpt>
      <trkpt lat="44.548511" lon="20.890055">
        <ele>175.425411</ele>
        <time>2026-08-07T14:25:54.769Z</time>
      </trkpt>
      <trkpt lat="44.548303" lon="20.890211">
        <ele>175.647782</ele>
        <time>2026-08-07T14:26:00.875Z</time>
      </trkpt>
      <trkpt lat="44.548030" lon="20.890321">
        <ele>175.891789</ele>
        <time>2026-08-07T14:26:08.305Z</time>
      </trkpt>
      <trkpt lat="44.547882" lon="20.890341">
        <ele>176.012084</ele>
        <time>2026-08-07T14:26:12.193Z</time>
      </trkpt>
      <trkpt lat="44.547440" lon="20.890311">
        <ele>176.370104</ele>
        <time>2026-08-07T14:26:23.902Z</time>
      </trkpt>
      <trkpt lat="44.546361" lon="20.890009">
        <ele>177.204135</ele>
        <time>2026-08-07T14:26:51.917Z</time>
      </trkpt>
      <trkpt lat="44.545259" lon="20.889730">
        <ele>177.220451</ele>
        <time>2026-08-07T14:27:17.139Z</time>
      </trkpt>
      <trkpt lat="44.543615" lon="20.889603">
        <ele>176.497336</ele>
        <time>2026-08-07T14:27:51.217Z</time>
      </trkpt>
      <trkpt lat="44.542808" lon="20.889388">
        <ele>175.887204</ele>
        <time>2026-08-07T14:28:07.105Z</time>
      </trkpt>
      <trkpt lat="44.542100" lon="20.889191">
        <ele>175.011398</ele>
        <time>2026-08-07T14:28:20.775Z</time>
      </trkpt>
      <trkpt lat="44.541511" lon="20.888968">
        <ele>174.271152</ele>
        <time>2026-08-07T14:28:32.461Z</time>
      </trkpt>
      <trkpt lat="44.539853" lon="20.888214">
        <ele>170.953466</ele>
        <time>2026-08-07T14:29:04.034Z</time>
      </trkpt>
      <trkpt lat="44.538891" lon="20.887656">
        <ele>167.213441</ele>
        <time>2026-08-07T14:29:20.979Z</time>
      </trkpt>
      <trkpt lat="44.538510" lon="20.887408">
        <ele>165.209535</ele>
        <time>2026-08-07T14:29:27.462Z</time>
      </trkpt>
      <trkpt lat="44.538254" lon="20.887194">
        <ele>163.787757</ele>
        <time>2026-08-07T14:29:31.953Z</time>
      </trkpt>
      <trkpt lat="44.538011" lon="20.886933">
        <ele>162.327626</ele>
        <time>2026-08-07T14:29:36.478Z</time>
      </trkpt>
      <trkpt lat="44.537326" lon="20.885941">
        <ele>155.245430</ele>
        <time>2026-08-07T14:29:50.423Z</time>
      </trkpt>
      <trkpt lat="44.537173" lon="20.885743">
        <ele>153.623403</ele>
        <time>2026-08-07T14:29:53.293Z</time>
      </trkpt>
      <trkpt lat="44.536626" lon="20.885074">
        <ele>147.968585</ele>
        <time>2026-08-07T14:30:03.354Z</time>
      </trkpt>
      <trkpt lat="44.536165" lon="20.884592">
        <ele>144.843907</ele>
        <time>2026-08-07T14:30:11.517Z</time>
      </trkpt>
      <trkpt lat="44.535846" lon="20.884337">
        <ele>142.979171</ele>
        <time>2026-08-07T14:30:16.948Z</time>
      </trkpt>
      <trkpt lat="44.535460" lon="20.884018">
        <ele>140.703825</ele>
        <time>2026-08-07T14:30:23.891Z</time>
      </trkpt>
      <trkpt lat="44.535282" lon="20.883813">
        <ele>139.534156</ele>
        <time>2026-08-07T14:30:27.614Z</time>
      </trkpt>
      <trkpt lat="44.535147" lon="20.883603">
        <ele>138.510367</ele>
        <time>2026-08-07T14:30:30.982Z</time>
      </trkpt>
      <trkpt lat="44.534129" lon="20.881487">
        <ele>134.934413</ele>
        <time>2026-08-07T14:31:03.620Z</time>
      </trkpt>
      <trkpt lat="44.533927" lon="20.881154">
        <ele>134.631220</ele>
        <time>2026-08-07T14:31:09.337Z</time>
      </trkpt>
      <trkpt lat="44.533366" lon="20.880358">
        <ele>133.934344</ele>
        <time>2026-08-07T14:31:24.570Z</time>
      </trkpt>
      <trkpt lat="44.533224" lon="20.880108">
        <ele>133.735336</ele>
        <time>2026-08-07T14:31:29.101Z</time>
      </trkpt>
      <trkpt lat="44.532490" lon="20.878357">
        <ele>133.314312</ele>
        <time>2026-08-07T14:32:00.705Z</time>
      </trkpt>
      <trkpt lat="44.532342" lon="20.878120">
        <ele>133.316377</ele>
        <time>2026-08-07T14:32:05.786Z</time>
      </trkpt>
      <trkpt lat="44.532174" lon="20.877940">
        <ele>133.318320</ele>
        <time>2026-08-07T14:32:10.440Z</time>
      </trkpt>
      <trkpt lat="44.532105" lon="20.877882">
        <ele>133.319060</ele>
        <time>2026-08-07T14:32:12.184Z</time>
      </trkpt>
      <trkpt lat="44.531836" lon="20.877719">
        <ele>133.321754</ele>
        <time>2026-08-07T14:32:18.727Z</time>
      </trkpt>
      <trkpt lat="44.531532" lon="20.877631">
        <ele>134.108288</ele>
        <time>2026-08-07T14:32:26.043Z</time>
      </trkpt>
      <trkpt lat="44.531259" lon="20.877631">
        <ele>134.882871</ele>
        <time>2026-08-07T14:32:32.763Z</time>
      </trkpt>
      <trkpt lat="44.531077" lon="20.877668">
        <ele>135.404654</ele>
        <time>2026-08-07T14:32:37.465Z</time>
      </trkpt>
      <trkpt lat="44.530231" lon="20.877819">
        <ele>137.824363</ele>
        <time>2026-08-07T14:33:06.763Z</time>
      </trkpt>
      <trkpt lat="44.529894" lon="20.877823">
        <ele>139.565132</ele>
        <time>2026-08-07T14:33:23.224Z</time>
      </trkpt>
      <trkpt lat="44.529483" lon="20.877773">
        <ele>143.320937</ele>
        <time>2026-08-07T14:33:46.309Z</time>
      </trkpt>
      <trkpt lat="44.528857" lon="20.877573">
        <ele>149.166018</ele>
        <time>2026-08-07T14:34:26.978Z</time>
      </trkpt>
      <trkpt lat="44.527795" lon="20.877049">
        <ele>157.706737</ele>
        <time>2026-08-07T14:35:39.724Z</time>
      </trkpt>
      <trkpt lat="44.527458" lon="20.876838">
        <ele>159.822742</ele>
        <time>2026-08-07T14:35:58.611Z</time>
      </trkpt>
      <trkpt lat="44.527062" lon="20.876471">
        <ele>162.544107</ele>
        <time>2026-08-07T14:36:18.066Z</time>
      </trkpt>
      <trkpt lat="44.526653" lon="20.875923">
        <ele>164.848634</ele>
        <time>2026-08-07T14:36:34.076Z</time>
      </trkpt>
      <trkpt lat="44.526161" lon="20.875188">
        <ele>163.231458</ele>
        <time>2026-08-07T14:36:47.023Z</time>
      </trkpt>
      <trkpt lat="44.524903" lon="20.873516">
        <ele>156.824783</ele>
        <time>2026-08-07T14:37:14.368Z</time>
      </trkpt>
      <trkpt lat="44.524056" lon="20.872722">
        <ele>151.218403</ele>
        <time>2026-08-07T14:37:29.018Z</time>
      </trkpt>
      <trkpt lat="44.523567" lon="20.872002">
        <ele>149.388333</ele>
        <time>2026-08-07T14:37:39.235Z</time>
      </trkpt>
      <trkpt lat="44.523412" lon="20.871837">
        <ele>148.893466</ele>
        <time>2026-08-07T14:37:42.233Z</time>
      </trkpt>
      <trkpt lat="44.523319" lon="20.871747">
        <ele>148.606117</ele>
        <time>2026-08-07T14:37:44.050Z</time>
      </trkpt>
      <trkpt lat="44.523138" lon="20.871638">
        <ele>148.105168</ele>
        <time>2026-08-07T14:37:47.328Z</time>
      </trkpt>
      <trkpt lat="44.520935" lon="20.870878">
        <ele>152.436882</ele>
        <time>2026-08-07T14:39:05.504Z</time>
      </trkpt>
      <trkpt lat="44.520353" lon="20.870775">
        <ele>155.816487</ele>
        <time>2026-08-07T14:39:32.773Z</time>
      </trkpt>
      <trkpt lat="44.518609" lon="20.870648">
        <ele>167.182799</ele>
        <time>2026-08-07T14:40:59.667Z</time>
      </trkpt>
      <trkpt lat="44.517741" lon="20.870682">
        <ele>173.222139</ele>
        <time>2026-08-07T14:41:45.424Z</time>
      </trkpt>
      <trkpt lat="44.516466" lon="20.870812">
        <ele>179.207597</ele>
        <time>2026-08-07T14:42:45.680Z</time>
      </trkpt>
      <trkpt lat="44.516064" lon="20.870863">
        <ele>180.467941</ele>
        <time>2026-08-07T14:42:59.495Z</time>
      </trkpt>
      <trkpt lat="44.514007" lon="20.871028">
        <ele>181.559079</ele>
        <time>2026-08-07T14:43:42.110Z</time>
      </trkpt>
      <trkpt lat="44.513635" lon="20.871088">
        <ele>181.323006</ele>
        <time>2026-08-07T14:43:49.101Z</time>
      </trkpt>
      <trkpt lat="44.513278" lon="20.871252">
        <ele>180.955593</ele>
        <time>2026-08-07T14:43:56.067Z</time>
      </trkpt>
      <trkpt lat="44.513117" lon="20.871216">
        <ele>180.796035</ele>
        <time>2026-08-07T14:44:01.445Z</time>
      </trkpt>
      <trkpt lat="44.512436" lon="20.871387">
        <ele>180.118957</ele>
        <time>2026-08-07T14:44:24.749Z</time>
      </trkpt>
      <trkpt lat="44.511393" lon="20.871531">
        <ele>179.022520</ele>
        <time>2026-08-07T14:45:01.287Z</time>
      </trkpt>
      <trkpt lat="44.509938" lon="20.871792">
        <ele>176.822505</ele>
        <time>2026-08-07T14:45:50.631Z</time>
      </trkpt>
      <trkpt lat="44.509664" lon="20.871814">
        <ele>175.493560</ele>
        <time>2026-08-07T14:45:59.059Z</time>
      </trkpt>
      <trkpt lat="44.508750" lon="20.871744">
        <ele>171.061165</ele>
        <time>2026-08-07T14:46:24.539Z</time>
      </trkpt>
      <trkpt lat="44.508198" lon="20.871755">
        <ele>168.099788</ele>
        <time>2026-08-07T14:46:38.606Z</time>
      </trkpt>
      <trkpt lat="44.507119" lon="20.871654">
        <ele>159.426186</ele>
        <time>2026-08-07T14:47:05.494Z</time>
      </trkpt>
      <trkpt lat="44.505724" lon="20.871668">
        <ele>152.313422</ele>
        <time>2026-08-07T14:47:41.831Z</time>
      </trkpt>
      <trkpt lat="44.505440" lon="20.871675">
        <ele>151.541932</ele>
        <time>2026-08-07T14:47:50.380Z</time>
      </trkpt>
      <trkpt lat="44.505403" lon="20.871753">
        <ele>151.360471</ele>
        <time>2026-08-07T14:47:51.623Z</time>
      </trkpt>
      <trkpt lat="44.505346" lon="20.871783">
        <ele>151.195107</ele>
        <time>2026-08-07T14:47:52.774Z</time>
      </trkpt>
      <trkpt lat="44.504710" lon="20.871827">
        <ele>149.588125</ele>
        <time>2026-08-07T14:48:09.558Z</time>
      </trkpt>
      <trkpt lat="44.504151" lon="20.872002">
        <ele>151.861573</ele>
        <time>2026-08-07T14:48:34.186Z</time>
      </trkpt>
      <trkpt lat="44.503042" lon="20.872480">
        <ele>156.466775</ele>
        <time>2026-08-07T14:49:25.332Z</time>
      </trkpt>
      <trkpt lat="44.502857" lon="20.872627">
        <ele>156.695569</ele>
        <time>2026-08-07T14:49:32.191Z</time>
      </trkpt>
      <trkpt lat="44.502433" lon="20.873002">
        <ele>156.819676</ele>
        <time>2026-08-07T14:49:44.930Z</time>
      </trkpt>
      <trkpt lat="44.502125" lon="20.873498">
        <ele>156.935798</ele>
        <time>2026-08-07T14:49:54.247Z</time>
      </trkpt>
      <trkpt lat="44.501546" lon="20.873299">
        <ele>157.083383</ele>
        <time>2026-08-07T14:50:05.217Z</time>
      </trkpt>
      <trkpt lat="44.501124" lon="20.873046">
        <ele>157.483311</ele>
        <time>2026-08-07T14:50:14.928Z</time>
      </trkpt>
      <trkpt lat="44.500492" lon="20.872532">
        <ele>158.197644</ele>
        <time>2026-08-07T14:50:35.045Z</time>
      </trkpt>
      <trkpt lat="44.499935" lon="20.872113">
        <ele>158.815651</ele>
        <time>2026-08-07T14:50:53.851Z</time>
      </trkpt>
      <trkpt lat="44.499722" lon="20.871982">
        <ele>158.907055</ele>
        <time>2026-08-07T14:51:00.882Z</time>
      </trkpt>
      <trkpt lat="44.499372" lon="20.871847">
        <ele>159.000504</ele>
        <time>2026-08-07T14:51:11.624Z</time>
      </trkpt>
      <trkpt lat="44.498733" lon="20.871694">
        <ele>159.167385</ele>
        <time>2026-08-07T14:51:28.405Z</time>
      </trkpt>
      <trkpt lat="44.498047" lon="20.871543">
        <ele>159.091500</ele>
        <time>2026-08-07T14:51:41.247Z</time>
      </trkpt>
      <trkpt lat="44.497858" lon="20.871508">
        <ele>158.634023</ele>
        <time>2026-08-07T14:51:44.461Z</time>
      </trkpt>
      <trkpt lat="44.497378" lon="20.871906">
        <ele>157.295812</ele>
        <time>2026-08-07T14:51:53.578Z</time>
      </trkpt>
      <trkpt lat="44.497153" lon="20.872084">
        <ele>156.675857</ele>
        <time>2026-08-07T14:51:57.744Z</time>
      </trkpt>
      <trkpt lat="44.497037" lon="20.872105">
        <ele>156.395185</ele>
        <time>2026-08-07T14:51:59.602Z</time>
      </trkpt>
      <trkpt lat="44.496401" lon="20.872106">
        <ele>155.225732</ele>
        <time>2026-08-07T14:52:10.282Z</time>
      </trkpt>
      <trkpt lat="44.496327" lon="20.872107">
        <ele>155.512812</ele>
        <time>2026-08-07T14:52:11.683Z</time>
      </trkpt>
      <trkpt lat="44.496142" lon="20.872191">
        <ele>156.267182</ele>
        <time>2026-08-07T14:52:15.513Z</time>
      </trkpt>
      <trkpt lat="44.496036" lon="20.872330">
        <ele>156.830232</ele>
        <time>2026-08-07T14:52:18.670Z</time>
      </trkpt>
      <trkpt lat="44.495958" lon="20.872576">
        <ele>157.575159</ele>
        <time>2026-08-07T14:52:23.489Z</time>
      </trkpt>
      <trkpt lat="44.495709" lon="20.873949">
        <ele>161.495260</ele>
        <time>2026-08-07T14:53:08.631Z</time>
      </trkpt>
      <trkpt lat="44.495647" lon="20.874165">
        <ele>162.372089</ele>
        <time>2026-08-07T14:53:19.093Z</time>
      </trkpt>
      <trkpt lat="44.495598" lon="20.874259">
        <ele>163.172222</ele>
        <time>2026-08-07T14:53:24.399Z</time>
      </trkpt>
      <trkpt lat="44.495470" lon="20.874406">
        <ele>164.766433</ele>
        <time>2026-08-07T14:53:34.958Z</time>
      </trkpt>
      <trkpt lat="44.494809" lon="20.874867">
        <ele>171.879529</ele>
        <time>2026-08-07T14:54:24.557Z</time>
      </trkpt>
      <trkpt lat="44.494724" lon="20.874893">
        <ele>172.717747</ele>
        <time>2026-08-07T14:54:30.539Z</time>
      </trkpt>
      <trkpt lat="44.494582" lon="20.874883">
        <ele>174.087602</ele>
        <time>2026-08-07T14:54:40.045Z</time>
      </trkpt>
      <trkpt lat="44.493761" lon="20.874307">
        <ele>181.664059</ele>
        <time>2026-08-07T14:55:32.346Z</time>
      </trkpt>
      <trkpt lat="44.493507" lon="20.874223">
        <ele>183.297271</ele>
        <time>2026-08-07T14:55:45.071Z</time>
      </trkpt>
      <trkpt lat="44.493295" lon="20.874243">
        <ele>184.627008</ele>
        <time>2026-08-07T14:55:55.366Z</time>
      </trkpt>
      <trkpt lat="44.492317" lon="20.874503">
        <ele>190.706848</ele>
        <time>2026-08-07T14:56:38.384Z</time>
      </trkpt>
      <trkpt lat="44.491922" lon="20.874509">
        <ele>191.894189</ele>
        <time>2026-08-07T14:56:53.357Z</time>
      </trkpt>
      <trkpt lat="44.491510" lon="20.874455">
        <ele>193.137959</ele>
        <time>2026-08-07T14:57:08.000Z</time>
      </trkpt>
      <trkpt lat="44.490597" lon="20.874360">
        <ele>195.889758</ele>
        <time>2026-08-07T14:57:36.703Z</time>
      </trkpt>
      <trkpt lat="44.489898" lon="20.874377">
        <ele>196.421146</ele>
        <time>2026-08-07T14:57:56.516Z</time>
      </trkpt>
      <trkpt lat="44.489052" lon="20.874103">
        <ele>196.998966</ele>
        <time>2026-08-07T14:58:17.062Z</time>
      </trkpt>
      <trkpt lat="44.488649" lon="20.874065">
        <ele>196.978098</ele>
        <time>2026-08-07T14:58:25.309Z</time>
      </trkpt>
      <trkpt lat="44.488039" lon="20.874094">
        <ele>196.159871</ele>
        <time>2026-08-07T14:58:36.954Z</time>
      </trkpt>
      <trkpt lat="44.487658" lon="20.874036">
        <ele>195.646104</ele>
        <time>2026-08-07T14:58:44.097Z</time>
      </trkpt>
      <trkpt lat="44.487289" lon="20.873985">
        <ele>195.149029</ele>
        <time>2026-08-07T14:58:50.896Z</time>
      </trkpt>
      <trkpt lat="44.486480" lon="20.873789">
        <ele>193.220769</ele>
        <time>2026-08-07T14:59:05.143Z</time>
      </trkpt>
      <trkpt lat="44.484861" lon="20.873259">
        <ele>188.338954</ele>
        <time>2026-08-07T14:59:32.109Z</time>
      </trkpt>
      <trkpt lat="44.484139" lon="20.873012">
        <ele>186.067438</ele>
        <time>2026-08-07T14:59:43.944Z</time>
      </trkpt>
      <trkpt lat="44.483885" lon="20.872930">
        <ele>185.270780</ele>
        <time>2026-08-07T14:59:48.229Z</time>
      </trkpt>
      <trkpt lat="44.483615" lon="20.872813">
        <ele>184.407007</ele>
        <time>2026-08-07T14:59:52.993Z</time>
      </trkpt>
      <trkpt lat="44.483232" lon="20.872703">
        <ele>183.780415</ele>
        <time>2026-08-07T14:59:59.889Z</time>
      </trkpt>
      <trkpt lat="44.481231" lon="20.872344">
        <ele>180.809725</ele>
        <time>2026-08-07T15:00:40.947Z</time>
      </trkpt>
      <trkpt lat="44.480686" lon="20.872242">
        <ele>179.162854</ele>
        <time>2026-08-07T15:00:50.345Z</time>
      </trkpt>
      <trkpt lat="44.480386" lon="20.872201">
        <ele>178.260034</ele>
        <time>2026-08-07T15:00:55.041Z</time>
      </trkpt>
      <trkpt lat="44.480238" lon="20.872180">
        <ele>177.814479</ele>
        <time>2026-08-07T15:00:57.297Z</time>
      </trkpt>
      <trkpt lat="44.479864" lon="20.872060">
        <ele>176.671906</ele>
        <time>2026-08-07T15:01:02.965Z</time>
      </trkpt>
      <trkpt lat="44.479253" lon="20.871686">
        <ele>174.731741</ele>
        <time>2026-08-07T15:01:12.763Z</time>
      </trkpt>
      <trkpt lat="44.478918" lon="20.871591">
        <ele>173.737146</ele>
        <time>2026-08-07T15:01:18.014Z</time>
      </trkpt>
      <trkpt lat="44.478600" lon="20.871627">
        <ele>172.808761</ele>
        <time>2026-08-07T15:01:23.272Z</time>
      </trkpt>
      <trkpt lat="44.477598" lon="20.871949">
        <ele>174.852515</ele>
        <time>2026-08-07T15:01:56.974Z</time>
      </trkpt>
      <trkpt lat="44.477409" lon="20.871988">
        <ele>175.812707</ele>
        <time>2026-08-07T15:02:05.776Z</time>
      </trkpt>
      <trkpt lat="44.477079" lon="20.871990">
        <ele>177.471366</ele>
        <time>2026-08-07T15:02:21.595Z</time>
      </trkpt>
      <trkpt lat="44.476837" lon="20.871941">
        <ele>178.700334</ele>
        <time>2026-08-07T15:02:33.672Z</time>
      </trkpt>
      <trkpt lat="44.476273" lon="20.871719">
        <ele>181.656223</ele>
        <time>2026-08-07T15:03:04.833Z</time>
      </trkpt>
      <trkpt lat="44.475941" lon="20.871588">
        <ele>183.410860</ele>
        <time>2026-08-07T15:03:21.609Z</time>
      </trkpt>
      <trkpt lat="44.475759" lon="20.871569">
        <ele>184.339307</ele>
        <time>2026-08-07T15:03:29.616Z</time>
      </trkpt>
      <trkpt lat="44.475570" lon="20.871607">
        <ele>185.310644</ele>
        <time>2026-08-07T15:03:37.756Z</time>
      </trkpt>
      <trkpt lat="44.475236" lon="20.871801">
        <ele>187.149944</ele>
        <time>2026-08-07T15:03:52.663Z</time>
      </trkpt>
      <trkpt lat="44.474636" lon="20.872177">
        <ele>189.990920</ele>
        <time>2026-08-07T15:04:17.136Z</time>
      </trkpt>
      <trkpt lat="44.474255" lon="20.872335">
        <ele>190.423468</ele>
        <time>2026-08-07T15:04:29.492Z</time>
      </trkpt>
      <trkpt lat="44.473639" lon="20.872575">
        <ele>191.119501</ele>
        <time>2026-08-07T15:04:46.173Z</time>
      </trkpt>
      <trkpt lat="44.472618" lon="20.872969">
        <ele>191.075450</ele>
        <time>2026-08-07T15:05:08.320Z</time>
      </trkpt>
      <trkpt lat="44.470671" lon="20.873971">
        <ele>187.184828</ele>
        <time>2026-08-07T15:05:44.127Z</time>
      </trkpt>
      <trkpt lat="44.470382" lon="20.874090">
        <ele>186.540751</ele>
        <time>2026-08-07T15:05:49.201Z</time>
      </trkpt>
      <trkpt lat="44.469769" lon="20.874258">
        <ele>185.205177</ele>
        <time>2026-08-07T15:06:00.028Z</time>
      </trkpt>
      <trkpt lat="44.468657" lon="20.874554">
        <ele>183.700474</ele>
        <time>2026-08-07T15:06:21.178Z</time>
      </trkpt>
      <trkpt lat="44.467900" lon="20.874758">
        <ele>182.789383</ele>
        <time>2026-08-07T15:06:36.218Z</time>
      </trkpt>
      <trkpt lat="44.466365" lon="20.875171">
        <ele>181.613721</ele>
        <time>2026-08-07T15:07:06.425Z</time>
      </trkpt>
      <trkpt lat="44.463744" lon="20.876111">
        <ele>180.849690</ele>
        <time>2026-08-07T15:08:08.898Z</time>
      </trkpt>
      <trkpt lat="44.463003" lon="20.876385">
        <ele>179.859823</ele>
        <time>2026-08-07T15:08:23.010Z</time>
      </trkpt>
      <trkpt lat="44.461530" lon="20.876718">
        <ele>175.371417</ele>
        <time>2026-08-07T15:08:47.627Z</time>
      </trkpt>
      <trkpt lat="44.461182" lon="20.876791">
        <ele>174.067161</ele>
        <time>2026-08-07T15:08:53.087Z</time>
      </trkpt>
      <trkpt lat="44.460912" lon="20.876809">
        <ele>173.065259</ele>
        <time>2026-08-07T15:08:57.209Z</time>
      </trkpt>
      <trkpt lat="44.459553" lon="20.876704">
        <ele>166.135810</ele>
        <time>2026-08-07T15:09:17.426Z</time>
      </trkpt>
      <trkpt lat="44.458472" lon="20.876694">
        <ele>162.410569</ele>
        <time>2026-08-07T15:09:33.759Z</time>
      </trkpt>
      <trkpt lat="44.457973" lon="20.876686">
        <ele>161.619614</ele>
        <time>2026-08-07T15:09:42.143Z</time>
      </trkpt>
      <trkpt lat="44.457898" lon="20.876683">
        <ele>161.500692</ele>
        <time>2026-08-07T15:09:43.542Z</time>
      </trkpt>
      <trkpt lat="44.457618" lon="20.876654">
        <ele>161.055688</ele>
        <time>2026-08-07T15:09:49.377Z</time>
      </trkpt>
      <trkpt lat="44.457379" lon="20.876634">
        <ele>160.676203</ele>
        <time>2026-08-07T15:09:55.460Z</time>
      </trkpt>
      <trkpt lat="44.455011" lon="20.876536">
        <ele>167.585046</ele>
        <time>2026-08-07T15:11:24.456Z</time>
      </trkpt>
      <trkpt lat="44.454787" lon="20.876533">
        <ele>168.124012</ele>
        <time>2026-08-07T15:11:32.255Z</time>
      </trkpt>
      <trkpt lat="44.453908" lon="20.876499">
        <ele>170.239681</ele>
        <time>2026-08-07T15:11:59.603Z</time>
      </trkpt>
      <trkpt lat="44.453012" lon="20.876326">
        <ele>171.145053</ele>
        <time>2026-08-07T15:12:22.485Z</time>
      </trkpt>
      <trkpt lat="44.452445" lon="20.876127">
        <ele>171.319048</ele>
        <time>2026-08-07T15:12:35.781Z</time>
      </trkpt>
      <trkpt lat="44.451919" lon="20.875848">
        <ele>171.486470</ele>
        <time>2026-08-07T15:12:48.053Z</time>
      </trkpt>
      <trkpt lat="44.451006" lon="20.875242">
        <ele>171.121801</ele>
        <time>2026-08-07T15:13:09.063Z</time>
      </trkpt>
      <trkpt lat="44.449559" lon="20.874171">
        <ele>170.600469</ele>
        <time>2026-08-07T15:13:42.960Z</time>
      </trkpt>
      <trkpt lat="44.449008" lon="20.873838">
        <ele>170.457036</ele>
        <time>2026-08-07T15:13:55.996Z</time>
      </trkpt>
      <trkpt lat="44.448768" lon="20.873718">
        <ele>170.396126</ele>
        <time>2026-08-07T15:14:01.645Z</time>
      </trkpt>
      <trkpt lat="44.448540" lon="20.873645">
        <ele>170.362128</ele>
        <time>2026-08-07T15:14:06.901Z</time>
      </trkpt>
      <trkpt lat="44.447915" lon="20.873595">
        <ele>170.365809</ele>
        <time>2026-08-07T15:14:21.046Z</time>
      </trkpt>
      <trkpt lat="44.447294" lon="20.873573">
        <ele>170.369461</ele>
        <time>2026-08-07T15:14:34.606Z</time>
      </trkpt>
      <trkpt lat="44.446890" lon="20.873625">
        <ele>170.371846</ele>
        <time>2026-08-07T15:14:43.608Z</time>
      </trkpt>
      <trkpt lat="44.446501" lon="20.873753">
        <ele>170.508555</ele>
        <time>2026-08-07T15:14:52.646Z</time>
      </trkpt>
      <trkpt lat="44.445758" lon="20.874153">
        <ele>170.824762</ele>
        <time>2026-08-07T15:15:11.233Z</time>
      </trkpt>
      <trkpt lat="44.445215" lon="20.874453">
        <ele>171.056643</ele>
        <time>2026-08-07T15:15:25.549Z</time>
      </trkpt>
      <trkpt lat="44.444307" lon="20.874826">
        <ele>172.419369</ele>
        <time>2026-08-07T15:15:50.654Z</time>
      </trkpt>
      <trkpt lat="44.444143" lon="20.874889">
        <ele>172.679683</ele>
        <time>2026-08-07T15:15:55.506Z</time>
      </trkpt>
      <trkpt lat="44.443920" lon="20.874940">
        <ele>173.025561</ele>
        <time>2026-08-07T15:16:02.158Z</time>
      </trkpt>
      <trkpt lat="44.443670" lon="20.874953">
        <ele>173.408512</ele>
        <time>2026-08-07T15:16:09.679Z</time>
      </trkpt>
      <trkpt lat="44.443122" lon="20.874867">
        <ele>174.533203</ele>
        <time>2026-08-07T15:16:27.008Z</time>
      </trkpt>
      <trkpt lat="44.443003" lon="20.874845">
        <ele>174.841880</ele>
        <time>2026-08-07T15:16:30.980Z</time>
      </trkpt>
      <trkpt lat="44.442737" lon="20.874799">
        <ele>175.531127</ele>
        <time>2026-08-07T15:16:39.903Z</time>
      </trkpt>
      <trkpt lat="44.442362" lon="20.874760">
        <ele>176.498141</ele>
        <time>2026-08-07T15:16:52.468Z</time>
      </trkpt>
      <trkpt lat="44.441919" lon="20.874772">
        <ele>177.637585</ele>
        <time>2026-08-07T15:17:07.325Z</time>
      </trkpt>
      <trkpt lat="44.440705" lon="20.874972">
        <ele>180.224631</ele>
        <time>2026-08-07T15:17:46.492Z</time>
      </trkpt>
      <trkpt lat="44.439923" lon="20.875041">
        <ele>181.755444</ele>
        <time>2026-08-07T15:18:09.348Z</time>
      </trkpt>
      <trkpt lat="44.439639" lon="20.875051">
        <ele>181.940816</ele>
        <time>2026-08-07T15:18:16.902Z</time>
      </trkpt>
      <trkpt lat="44.438895" lon="20.875075">
        <ele>181.771405</ele>
        <time>2026-08-07T15:18:34.353Z</time>
      </trkpt>
      <trkpt lat="44.438716" lon="20.875102">
        <ele>181.730421</ele>
        <time>2026-08-07T15:18:38.084Z</time>
      </trkpt>
      <trkpt lat="44.438175" lon="20.875215">
        <ele>181.605903</ele>
        <time>2026-08-07T15:18:48.565Z</time>
      </trkpt>
      <trkpt lat="44.437516" lon="20.875459">
        <ele>180.411676</ele>
        <time>2026-08-07T15:19:00.864Z</time>
      </trkpt>
      <trkpt lat="44.436884" lon="20.875768">
        <ele>178.931080</ele>
        <time>2026-08-07T15:19:12.470Z</time>
      </trkpt>
      <trkpt lat="44.436192" lon="20.876176">
        <ele>177.161740</ele>
        <time>2026-08-07T15:19:25.003Z</time>
      </trkpt>
      <trkpt lat="44.436024" lon="20.876293">
        <ele>176.606389</ele>
        <time>2026-08-07T15:19:28.077Z</time>
      </trkpt>
      <trkpt lat="44.434966" lon="20.877042">
        <ele>173.097459</ele>
        <time>2026-08-07T15:19:47.394Z</time>
      </trkpt>
      <trkpt lat="44.434680" lon="20.877238">
        <ele>172.207541</ele>
        <time>2026-08-07T15:19:52.726Z</time>
      </trkpt>
      <trkpt lat="44.434180" lon="20.877579">
        <ele>171.327496</ele>
        <time>2026-08-07T15:20:02.286Z</time>
      </trkpt>
      <trkpt lat="44.434019" lon="20.877697">
        <ele>171.039944</ele>
        <time>2026-08-07T15:20:05.524Z</time>
      </trkpt>
      <trkpt lat="44.433844" lon="20.877878">
        <ele>170.695684</ele>
        <time>2026-08-07T15:20:09.530Z</time>
      </trkpt>
      <trkpt lat="44.433611" lon="20.878224">
        <ele>170.158287</ele>
        <time>2026-08-07T15:20:15.979Z</time>
      </trkpt>
      <trkpt lat="44.433673" lon="20.878700">
        <ele>169.611557</ele>
        <time>2026-08-07T15:20:22.887Z</time>
      </trkpt>
      <trkpt lat="44.433704" lon="20.879518">
        <ele>169.643070</ele>
        <time>2026-08-07T15:20:35.572Z</time>
      </trkpt>
      <trkpt lat="44.433639" lon="20.879850">
        <ele>169.760129</ele>
        <time>2026-08-07T15:20:41.538Z</time>
      </trkpt>
      <trkpt lat="44.433530" lon="20.880052">
        <ele>169.846224</ele>
        <time>2026-08-07T15:20:46.161Z</time>
      </trkpt>
      <trkpt lat="44.433315" lon="20.880326">
        <ele>169.984655</ele>
        <time>2026-08-07T15:20:53.970Z</time>
      </trkpt>
      <trkpt lat="44.432673" lon="20.881123">
        <ele>170.438032</ele>
        <time>2026-08-07T15:21:18.090Z</time>
      </trkpt>
      <trkpt lat="44.432547" lon="20.881329">
        <ele>170.566213</ele>
        <time>2026-08-07T15:21:23.669Z</time>
      </trkpt>
      <trkpt lat="44.432393" lon="20.881684">
        <ele>170.762507</ele>
        <time>2026-08-07T15:21:31.988Z</time>
      </trkpt>
      <trkpt lat="44.432016" lon="20.882977">
        <ele>171.422522</ele>
        <time>2026-08-07T15:21:56.921Z</time>
      </trkpt>
      <trkpt lat="44.431942" lon="20.883087">
        <ele>171.440762</ele>
        <time>2026-08-07T15:21:59.329Z</time>
      </trkpt>
      <trkpt lat="44.431640" lon="20.883415">
        <ele>171.164478</ele>
        <time>2026-08-07T15:22:07.651Z</time>
      </trkpt>
      <trkpt lat="44.431215" lon="20.883876">
        <ele>170.775854</ele>
        <time>2026-08-07T15:22:18.963Z</time>
      </trkpt>
      <trkpt lat="44.431056" lon="20.884013">
        <ele>170.640896</ele>
        <time>2026-08-07T15:22:22.761Z</time>
      </trkpt>
      <trkpt lat="44.430437" lon="20.884380">
        <ele>170.143710</ele>
        <time>2026-08-07T15:22:36.084Z</time>
      </trkpt>
      <trkpt lat="44.429794" lon="20.884829">
        <ele>169.185121</ele>
        <time>2026-08-07T15:22:50.153Z</time>
      </trkpt>
      <trkpt lat="44.428762" lon="20.885938">
        <ele>167.356141</ele>
        <time>2026-08-07T15:23:15.466Z</time>
      </trkpt>
      <trkpt lat="44.427846" lon="20.886562">
        <ele>165.598979</ele>
        <time>2026-08-07T15:23:34.736Z</time>
      </trkpt>
      <trkpt lat="44.427280" lon="20.886961">
        <ele>164.504865</ele>
        <time>2026-08-07T15:23:46.360Z</time>
      </trkpt>
      <trkpt lat="44.427181" lon="20.887003">
        <ele>164.325291</ele>
        <time>2026-08-07T15:23:48.235Z</time>
      </trkpt>
      <trkpt lat="44.427067" lon="20.887011">
        <ele>164.127143</ele>
        <time>2026-08-07T15:23:50.309Z</time>
      </trkpt>
      <trkpt lat="44.426979" lon="20.887141">
        <ele>163.905083</ele>
        <time>2026-08-07T15:23:52.500Z</time>
      </trkpt>
      <trkpt lat="44.425265" lon="20.888287">
        <ele>161.355269</ele>
        <time>2026-08-07T15:24:27.041Z</time>
      </trkpt>
      <trkpt lat="44.424605" lon="20.888732">
        <ele>161.099353</ele>
        <time>2026-08-07T15:24:43.565Z</time>
      </trkpt>
      <trkpt lat="44.424242" lon="20.888892">
        <ele>160.966400</ele>
        <time>2026-08-07T15:24:52.777Z</time>
      </trkpt>
      <trkpt lat="44.423880" lon="20.889004">
        <ele>160.832907</ele>
        <time>2026-08-07T15:25:01.759Z</time>
      </trkpt>
      <trkpt lat="44.423514" lon="20.889108">
        <ele>160.695814</ele>
        <time>2026-08-07T15:25:10.335Z</time>
      </trkpt>
      <trkpt lat="44.422529" lon="20.889337">
        <ele>160.329282</ele>
        <time>2026-08-07T15:25:30.676Z</time>
      </trkpt>
      <trkpt lat="44.420945" lon="20.889908">
        <ele>158.675666</ele>
        <time>2026-08-07T15:26:01.469Z</time>
      </trkpt>
      <trkpt lat="44.420764" lon="20.889972">
        <ele>158.469949</ele>
        <time>2026-08-07T15:26:05.000Z</time>
      </trkpt>
      <trkpt lat="44.418989" lon="20.890639">
        <ele>157.203551</ele>
        <time>2026-08-07T15:26:41.644Z</time>
      </trkpt>
      <trkpt lat="44.418456" lon="20.890844">
        <ele>157.117713</ele>
        <time>2026-08-07T15:26:53.723Z</time>
      </trkpt>
      <trkpt lat="44.418238" lon="20.890968">
        <ele>157.120082</ele>
        <time>2026-08-07T15:26:59.094Z</time>
      </trkpt>
      <trkpt lat="44.418040" lon="20.891122">
        <ele>157.122363</ele>
        <time>2026-08-07T15:27:04.357Z</time>
      </trkpt>
      <trkpt lat="44.417825" lon="20.891344">
        <ele>157.125053</ele>
        <time>2026-08-07T15:27:10.629Z</time>
      </trkpt>
      <trkpt lat="44.417535" lon="20.891669">
        <ele>157.128793</ele>
        <time>2026-08-07T15:27:19.192Z</time>
      </trkpt>
      <trkpt lat="44.417157" lon="20.892075">
        <ele>157.089942</ele>
        <time>2026-08-07T15:27:29.769Z</time>
      </trkpt>
      <trkpt lat="44.415432" lon="20.893937">
        <ele>156.360338</ele>
        <time>2026-08-07T15:28:15.923Z</time>
      </trkpt>
      <trkpt lat="44.415146" lon="20.894207">
        <ele>156.131267</ele>
        <time>2026-08-07T15:28:22.853Z</time>
      </trkpt>
      <trkpt lat="44.413386" lon="20.895823">
        <ele>154.711374</ele>
        <time>2026-08-07T15:29:04.029Z</time>
      </trkpt>
      <trkpt lat="44.412906" lon="20.896274">
        <ele>154.317232</ele>
        <time>2026-08-07T15:29:16.237Z</time>
      </trkpt>
      <trkpt lat="44.412676" lon="20.896544">
        <ele>154.165475</ele>
        <time>2026-08-07T15:29:22.579Z</time>
      </trkpt>
      <trkpt lat="44.412422" lon="20.896916">
        <ele>153.979626</ele>
        <time>2026-08-07T15:29:30.286Z</time>
      </trkpt>
      <trkpt lat="44.412148" lon="20.897383">
        <ele>153.761370</ele>
        <time>2026-08-07T15:29:39.050Z</time>
      </trkpt>
      <trkpt lat="44.411674" lon="20.898191">
        <ele>153.405587</ele>
        <time>2026-08-07T15:29:53.779Z</time>
      </trkpt>
      <trkpt lat="44.410188" lon="20.900558">
        <ele>153.494056</ele>
        <time>2026-08-07T15:30:44.052Z</time>
      </trkpt>
      <trkpt lat="44.408393" lon="20.903198">
        <ele>154.523611</ele>
        <time>2026-08-07T15:31:47.684Z</time>
      </trkpt>
      <trkpt lat="44.408002" lon="20.903768">
        <ele>154.680774</ele>
        <time>2026-08-07T15:32:00.826Z</time>
      </trkpt>
      <trkpt lat="44.407927" lon="20.903859">
        <ele>154.624353</ele>
        <time>2026-08-07T15:32:03.092Z</time>
      </trkpt>
      <trkpt lat="44.406997" lon="20.904809">
        <ele>153.969890</ele>
        <time>2026-08-07T15:32:26.785Z</time>
      </trkpt>
      <trkpt lat="44.406559" lon="20.905254">
        <ele>153.618014</ele>
        <time>2026-08-07T15:32:37.096Z</time>
      </trkpt>
      <trkpt lat="44.405590" lon="20.906241">
        <ele>152.126045</ele>
        <time>2026-08-07T15:32:59.455Z</time>
      </trkpt>
      <trkpt lat="44.404835" lon="20.907010">
        <ele>150.876092</ele>
        <time>2026-08-07T15:33:17.058Z</time>
      </trkpt>
      <trkpt lat="44.404434" lon="20.907427">
        <ele>150.144584</ele>
        <time>2026-08-07T15:33:26.387Z</time>
      </trkpt>
      <trkpt lat="44.404064" lon="20.907916">
        <ele>149.399434</ele>
        <time>2026-08-07T15:33:35.656Z</time>
      </trkpt>
      <trkpt lat="44.402633" lon="20.909876">
        <ele>146.304966</ele>
        <time>2026-08-07T15:34:11.678Z</time>
      </trkpt>
      <trkpt lat="44.401145" lon="20.911753">
        <ele>144.068633</ele>
        <time>2026-08-07T15:34:50.485Z</time>
      </trkpt>
      <trkpt lat="44.400588" lon="20.912415">
        <ele>143.026890</ele>
        <time>2026-08-07T15:35:04.355Z</time>
      </trkpt>
      <trkpt lat="44.400380" lon="20.912599">
        <ele>142.676096</ele>
        <time>2026-08-07T15:35:08.883Z</time>
      </trkpt>
      <trkpt lat="44.400066" lon="20.912816">
        <ele>142.176851</ele>
        <time>2026-08-07T15:35:15.241Z</time>
      </trkpt>
      <trkpt lat="44.398320" lon="20.913970">
        <ele>139.008245</ele>
        <time>2026-08-07T15:35:49.627Z</time>
      </trkpt>
      <trkpt lat="44.396931" lon="20.914872">
        <ele>137.064712</ele>
        <time>2026-08-07T15:36:18.386Z</time>
      </trkpt>
      <trkpt lat="44.396349" lon="20.915219">
        <ele>136.351719</ele>
        <time>2026-08-07T15:36:30.567Z</time>
      </trkpt>
      <trkpt lat="44.394624" lon="20.916036">
        <ele>134.933563</ele>
        <time>2026-08-07T15:37:06.918Z</time>
      </trkpt>
      <trkpt lat="44.394327" lon="20.916180">
        <ele>134.672819</ele>
        <time>2026-08-07T15:37:13.255Z</time>
      </trkpt>
      <trkpt lat="44.394092" lon="20.916332">
        <ele>134.458060</ele>
        <time>2026-08-07T15:37:18.499Z</time>
      </trkpt>
      <trkpt lat="44.393546" lon="20.916862">
        <ele>133.906836</ele>
        <time>2026-08-07T15:37:31.799Z</time>
      </trkpt>
      <trkpt lat="44.392846" lon="20.917608">
        <ele>133.006879</ele>
        <time>2026-08-07T15:37:48.405Z</time>
      </trkpt>
      <trkpt lat="44.392549" lon="20.918005">
        <ele>132.484145</ele>
        <time>2026-08-07T15:37:56.095Z</time>
      </trkpt>
      <trkpt lat="44.391620" lon="20.919425">
        <ele>130.697621</ele>
        <time>2026-08-07T15:38:21.823Z</time>
      </trkpt>
      <trkpt lat="44.391298" lon="20.919916">
        <ele>130.045928</ele>
        <time>2026-08-07T15:38:30.875Z</time>
      </trkpt>
      <trkpt lat="44.390971" lon="20.920313">
        <ele>129.453508</ele>
        <time>2026-08-07T15:38:39.026Z</time>
      </trkpt>
      <trkpt lat="44.388948" lon="20.922252">
        <ele>124.828715</ele>
        <time>2026-08-07T15:39:22.925Z</time>
      </trkpt>
      <trkpt lat="44.388721" lon="20.922412">
        <ele>124.040753</ele>
        <time>2026-08-07T15:39:27.018Z</time>
      </trkpt>
      <trkpt lat="44.388247" lon="20.922642">
        <ele>122.485448</ele>
        <time>2026-08-07T15:39:34.873Z</time>
      </trkpt>
      <trkpt lat="44.387349" lon="20.923080">
        <ele>119.671142</ele>
        <time>2026-08-07T15:39:49.973Z</time>
      </trkpt>
      <trkpt lat="44.386369" lon="20.923560">
        <ele>119.641564</ele>
        <time>2026-08-07T15:40:11.019Z</time>
      </trkpt>
      <trkpt lat="44.385883" lon="20.923831">
        <ele>119.626661</ele>
        <time>2026-08-07T15:40:27.357Z</time>
      </trkpt>
      <trkpt lat="44.385689" lon="20.924008">
        <ele>119.644504</ele>
        <time>2026-08-07T15:40:34.341Z</time>
      </trkpt>
      <trkpt lat="44.385424" lon="20.924325">
        <ele>119.858761</ele>
        <time>2026-08-07T15:40:44.654Z</time>
      </trkpt>
      <trkpt lat="44.383814" lon="20.926218">
        <ele>121.742810</ele>
        <time>2026-08-07T15:41:32.661Z</time>
      </trkpt>
      <trkpt lat="44.383191" lon="20.926944">
        <ele>122.935372</ele>
        <time>2026-08-07T15:41:57.680Z</time>
      </trkpt>
      <trkpt lat="44.382392" lon="20.927836">
        <ele>124.342330</ele>
        <time>2026-08-07T15:42:30.982Z</time>
      </trkpt>
      <trkpt lat="44.381380" lon="20.928735">
        <ele>125.764818</ele>
        <time>2026-08-07T15:43:00.742Z</time>
      </trkpt>
      <trkpt lat="44.380857" lon="20.929226">
        <ele>125.696735</ele>
        <time>2026-08-07T15:43:14.438Z</time>
      </trkpt>
      <trkpt lat="44.380204" lon="20.930004">
        <ele>125.604022</ele>
        <time>2026-08-07T15:43:32.888Z</time>
      </trkpt>
      <trkpt lat="44.379710" lon="20.930636">
        <ele>125.352470</ele>
        <time>2026-08-07T15:43:46.675Z</time>
      </trkpt>
      <trkpt lat="44.379435" lon="20.931047">
        <ele>125.159848</ele>
        <time>2026-08-07T15:43:54.930Z</time>
      </trkpt>
      <trkpt lat="44.379324" lon="20.931218">
        <ele>125.080815</ele>
        <time>2026-08-07T15:43:58.305Z</time>
      </trkpt>
      <trkpt lat="44.378397" lon="20.932657">
        <ele>124.375258</ele>
        <time>2026-08-07T15:44:26.757Z</time>
      </trkpt>
      <trkpt lat="44.377724" lon="20.933721">
        <ele>123.820984</ele>
        <time>2026-08-07T15:44:47.603Z</time>
      </trkpt>
      <trkpt lat="44.377115" lon="20.934649">
        <ele>123.096634</ele>
        <time>2026-08-07T15:45:05.456Z</time>
      </trkpt>
      <trkpt lat="44.376624" lon="20.935414">
        <ele>122.468650</ele>
        <time>2026-08-07T15:45:19.887Z</time>
      </trkpt>
      <trkpt lat="44.376471" lon="20.935650">
        <ele>122.274043</ele>
        <time>2026-08-07T15:45:24.167Z</time>
      </trkpt>
      <trkpt lat="44.376225" lon="20.936032">
        <ele>122.011297</ele>
        <time>2026-08-07T15:45:31.116Z</time>
      </trkpt>
      <trkpt lat="44.376055" lon="20.936287">
        <ele>121.843058</ele>
        <time>2026-08-07T15:45:35.862Z</time>
      </trkpt>
      <trkpt lat="44.375990" lon="20.936387">
        <ele>121.777844</ele>
        <time>2026-08-07T15:45:37.756Z</time>
      </trkpt>
      <trkpt lat="44.375801" lon="20.936623">
        <ele>121.606845</ele>
        <time>2026-08-07T15:45:42.676Z</time>
      </trkpt>
      <trkpt lat="44.375550" lon="20.936848">
        <ele>121.405623</ele>
        <time>2026-08-07T15:45:48.682Z</time>
      </trkpt>
      <trkpt lat="44.374194" lon="20.937846">
        <ele>120.790237</ele>
        <time>2026-08-07T15:46:21.570Z</time>
      </trkpt>
      <trkpt lat="44.373971" lon="20.938102">
        <ele>120.727336</ele>
        <time>2026-08-07T15:46:28.165Z</time>
      </trkpt>
      <trkpt lat="44.373531" lon="20.938777">
        <ele>120.470104</ele>
        <time>2026-08-07T15:46:42.475Z</time>
      </trkpt>
      <trkpt lat="44.373276" lon="20.939145">
        <ele>119.682280</ele>
        <time>2026-08-07T15:46:49.844Z</time>
      </trkpt>
      <trkpt lat="44.373076" lon="20.939368">
        <ele>119.132307</ele>
        <time>2026-08-07T15:46:54.590Z</time>
      </trkpt>
      <trkpt lat="44.372429" lon="20.940009">
        <ele>117.427429</ele>
        <time>2026-08-07T15:47:07.988Z</time>
      </trkpt>
      <trkpt lat="44.371813" lon="20.940699">
        <ele>115.240187</ele>
        <time>2026-08-07T15:47:20.417Z</time>
      </trkpt>
      <trkpt lat="44.371704" lon="20.940799">
        <ele>114.822399</ele>
        <time>2026-08-07T15:47:22.466Z</time>
      </trkpt>
      <trkpt lat="44.371610" lon="20.940839">
        <ele>114.507484</ele>
        <time>2026-08-07T15:47:24.025Z</time>
      </trkpt>
      <trkpt lat="44.371438" lon="20.941554">
        <ele>112.779059</ele>
        <time>2026-08-07T15:47:32.772Z</time>
      </trkpt>
      <trkpt lat="44.371189" lon="20.942159">
        <ele>111.179589</ele>
        <time>2026-08-07T15:47:41.114Z</time>
      </trkpt>
      <trkpt lat="44.370912" lon="20.942651">
        <ele>110.301363</ele>
        <time>2026-08-07T15:47:48.677Z</time>
      </trkpt>
      <trkpt lat="44.370798" lon="20.942829">
        <ele>110.003558</ele>
        <time>2026-08-07T15:47:51.704Z</time>
      </trkpt>
      <trkpt lat="44.370610" lon="20.943044">
        <ele>109.580266</ele>
        <time>2026-08-07T15:47:56.174Z</time>
      </trkpt>
      <trkpt lat="44.370395" lon="20.943232">
        <ele>109.138287</ele>
        <time>2026-08-07T15:48:00.922Z</time>
      </trkpt>
      <trkpt lat="44.369326" lon="20.944161">
        <ele>107.182179</ele>
        <time>2026-08-07T15:48:24.228Z</time>
      </trkpt>
      <trkpt lat="44.369214" lon="20.944293">
        <ele>106.995430</ele>
        <time>2026-08-07T15:48:26.971Z</time>
      </trkpt>
      <trkpt lat="44.369002" lon="20.944635">
        <ele>106.582792</ele>
        <time>2026-08-07T15:48:33.030Z</time>
      </trkpt>
      <trkpt lat="44.368888" lon="20.944838">
        <ele>106.347475</ele>
        <time>2026-08-07T15:48:36.478Z</time>
      </trkpt>
      <trkpt lat="44.368580" lon="20.945476">
        <ele>105.645703</ele>
        <time>2026-08-07T15:48:46.762Z</time>
      </trkpt>
      <trkpt lat="44.368448" lon="20.945757">
        <ele>105.468152</ele>
        <time>2026-08-07T15:48:51.341Z</time>
      </trkpt>
      <trkpt lat="44.368150" lon="20.946406">
        <ele>105.225388</ele>
        <time>2026-08-07T15:49:02.462Z</time>
      </trkpt>
      <trkpt lat="44.367829" lon="20.947133">
        <ele>104.956454</ele>
        <time>2026-08-07T15:49:15.317Z</time>
      </trkpt>
      <trkpt lat="44.367677" lon="20.947475">
        <ele>104.829709</ele>
        <time>2026-08-07T15:49:21.553Z</time>
      </trkpt>
      <trkpt lat="44.367482" lon="20.947959">
        <ele>104.836439</ele>
        <time>2026-08-07T15:49:30.543Z</time>
      </trkpt>
      <trkpt lat="44.367336" lon="20.948435">
        <ele>105.004462</ele>
        <time>2026-08-07T15:49:38.982Z</time>
      </trkpt>
      <trkpt lat="44.367171" lon="20.949073">
        <ele>105.224551</ele>
        <time>2026-08-07T15:49:50.130Z</time>
      </trkpt>
      <trkpt lat="44.367138" lon="20.949203">
        <ele>105.269302</ele>
        <time>2026-08-07T15:49:52.496Z</time>
      </trkpt>
      <trkpt lat="44.367084" lon="20.949429">
        <ele>105.346602</ele>
        <time>2026-08-07T15:49:56.636Z</time>
      </trkpt>
      <trkpt lat="44.367006" lon="20.949897">
        <ele>105.502489</ele>
        <time>2026-08-07T15:50:05.323Z</time>
      </trkpt>
      <trkpt lat="44.367005" lon="20.949962">
        <ele>105.523580</ele>
        <time>2026-08-07T15:50:06.556Z</time>
      </trkpt>
      <trkpt lat="44.367003" lon="20.950121">
        <ele>105.624292</ele>
        <time>2026-08-07T15:50:09.593Z</time>
      </trkpt>
      <trkpt lat="44.366997" lon="20.951209">
        <ele>107.155897</ele>
        <time>2026-08-07T15:50:31.885Z</time>
      </trkpt>
      <trkpt lat="44.366965" lon="20.951566">
        <ele>107.662375</ele>
        <time>2026-08-07T15:50:39.966Z</time>
      </trkpt>
      <trkpt lat="44.366914" lon="20.951841">
        <ele>108.062302</ele>
        <time>2026-08-07T15:50:46.529Z</time>
      </trkpt>
      <trkpt lat="44.366895" lon="20.951908">
        <ele>108.163767</ele>
        <time>2026-08-07T15:50:48.187Z</time>
      </trkpt>
      <trkpt lat="44.366676" lon="20.952587">
        <ele>109.207197</ele>
        <time>2026-08-07T15:51:05.525Z</time>
      </trkpt>
      <trkpt lat="44.366458" lon="20.953075">
        <ele>109.979238</ele>
        <time>2026-08-07T15:51:18.648Z</time>
      </trkpt>
      <trkpt lat="44.366146" lon="20.953661">
        <ele>110.959534</ele>
        <time>2026-08-07T15:51:34.342Z</time>
      </trkpt>
      <trkpt lat="44.365674" lon="20.954580">
        <ele>112.477732</ele>
        <time>2026-08-07T15:51:56.686Z</time>
      </trkpt>
      <trkpt lat="44.365575" lon="20.954821">
        <ele>112.874504</ele>
        <time>2026-08-07T15:52:02.285Z</time>
      </trkpt>
      <trkpt lat="44.365398" lon="20.955477">
        <ele>113.875417</ele>
        <time>2026-08-07T15:52:17.076Z</time>
      </trkpt>
      <trkpt lat="44.365173" lon="20.956243">
        <ele>115.057583</ele>
        <time>2026-08-07T15:52:35.912Z</time>
      </trkpt>
      <trkpt lat="44.364865" lon="20.957306">
        <ele>116.093001</ele>
        <time>2026-08-07T15:53:02.332Z</time>
      </trkpt>
      <trkpt lat="44.364499" lon="20.958467">
        <ele>116.161588</ele>
        <time>2026-08-07T15:53:24.876Z</time>
      </trkpt>
      <trkpt lat="44.364093" lon="20.959734">
        <ele>115.529097</ele>
        <time>2026-08-07T15:53:42.030Z</time>
      </trkpt>
      <trkpt lat="44.363910" lon="20.960303">
        <ele>114.801229</ele>
        <time>2026-08-07T15:53:49.542Z</time>
      </trkpt>
      <trkpt lat="44.363853" lon="20.960580">
        <ele>114.464963</ele>
        <time>2026-08-07T15:53:53.132Z</time>
      </trkpt>
      <trkpt lat="44.364334" lon="20.962274">
        <ele>113.138168</ele>
        <time>2026-08-07T15:54:19.014Z</time>
      </trkpt>
      <trkpt lat="44.364372" lon="20.962413">
        <ele>113.113549</ele>
        <time>2026-08-07T15:54:21.343Z</time>
      </trkpt>
      <trkpt lat="44.364455" lon="20.962799">
        <ele>113.046869</ele>
        <time>2026-08-07T15:54:27.663Z</time>
      </trkpt>
      <trkpt lat="44.364407" lon="20.963210">
        <ele>112.977977</ele>
        <time>2026-08-07T15:54:34.286Z</time>
      </trkpt>
      <trkpt lat="44.364393" lon="20.963297">
        <ele>112.963224</ele>
        <time>2026-08-07T15:54:35.729Z</time>
      </trkpt>
      <trkpt lat="44.364316" lon="20.963777">
        <ele>112.881845</ele>
        <time>2026-08-07T15:54:43.650Z</time>
      </trkpt>
      <trkpt lat="44.364114" lon="20.965244">
        <ele>112.996218</ele>
        <time>2026-08-07T15:55:07.983Z</time>
      </trkpt>
      <trkpt lat="44.364093" lon="20.965389">
        <ele>113.012074</ele>
        <time>2026-08-07T15:55:10.620Z</time>
      </trkpt>
      <trkpt lat="44.364061" lon="20.965631">
        <ele>113.038451</ele>
        <time>2026-08-07T15:55:14.916Z</time>
      </trkpt>
      <trkpt lat="44.363969" lon="20.966320">
        <ele>113.113572</ele>
        <time>2026-08-07T15:55:26.521Z</time>
      </trkpt>
      <trkpt lat="44.363903" lon="20.966801">
        <ele>113.041385</ele>
        <time>2026-08-07T15:55:34.257Z</time>
      </trkpt>
      <trkpt lat="44.363828" lon="20.967168">
        <ele>112.961813</ele>
        <time>2026-08-07T15:55:40.029Z</time>
      </trkpt>
      <trkpt lat="44.363746" lon="20.967433">
        <ele>112.901616</ele>
        <time>2026-08-07T15:55:44.335Z</time>
      </trkpt>
      <trkpt lat="44.363663" lon="20.967598">
        <ele>112.859558</ele>
        <time>2026-08-07T15:55:47.326Z</time>
      </trkpt>
      <trkpt lat="44.363551" lon="20.967716">
        <ele>112.818671</ele>
        <time>2026-08-07T15:55:50.223Z</time>
      </trkpt>
      <trkpt lat="44.363324" lon="20.967795">
        <ele>112.750460</ele>
        <time>2026-08-07T15:55:55.042Z</time>
      </trkpt>
      <trkpt lat="44.362606" lon="20.968026">
        <ele>112.506725</ele>
        <time>2026-08-07T15:56:10.303Z</time>
      </trkpt>
      <trkpt lat="44.362048" lon="20.968211">
        <ele>112.263545</ele>
        <time>2026-08-07T15:56:22.294Z</time>
      </trkpt>
      <trkpt lat="44.361651" lon="20.968344">
        <ele>112.090433</ele>
        <time>2026-08-07T15:56:30.918Z</time>
      </trkpt>
      <trkpt lat="44.360952" lon="20.968579">
        <ele>111.736033</ele>
        <time>2026-08-07T15:56:45.805Z</time>
      </trkpt>
      <trkpt lat="44.360397" lon="20.968744">
        <ele>111.261456</ele>
        <time>2026-08-07T15:56:57.188Z</time>
      </trkpt>
      <trkpt lat="44.360341" lon="20.968761">
        <ele>111.213527</ele>
        <time>2026-08-07T15:56:58.324Z</time>
      </trkpt>
      <trkpt lat="44.360132" lon="20.968820">
        <ele>111.035192</ele>
        <time>2026-08-07T15:57:02.477Z</time>
      </trkpt>
      <trkpt lat="44.360009" lon="20.968860">
        <ele>110.929570</ele>
        <time>2026-08-07T15:57:04.920Z</time>
      </trkpt>
      <trkpt lat="44.359994" lon="20.968865">
        <ele>110.916672</ele>
        <time>2026-08-07T15:57:05.205Z</time>
      </trkpt>
      <trkpt lat="44.358479" lon="20.969365">
        <ele>109.304502</ele>
        <time>2026-08-07T15:57:34.973Z</time>
      </trkpt>
      <trkpt lat="44.357055" lon="20.969863">
        <ele>107.403564</ele>
        <time>2026-08-07T15:58:02.471Z</time>
      </trkpt>
      <trkpt lat="44.356972" lon="20.969887">
        <ele>107.279124</ele>
        <time>2026-08-07T15:58:04.034Z</time>
      </trkpt>
      <trkpt lat="44.355801" lon="20.970256">
        <ele>105.518629</ele>
        <time>2026-08-07T15:58:25.983Z</time>
      </trkpt>
      <trkpt lat="44.355463" lon="20.970359">
        <ele>105.059853</ele>
        <time>2026-08-07T15:58:32.243Z</time>
      </trkpt>
      <trkpt lat="44.355311" lon="20.970408">
        <ele>104.852983</ele>
        <time>2026-08-07T15:58:35.076Z</time>
      </trkpt>
      <trkpt lat="44.354366" lon="20.970717">
        <ele>103.565917</ele>
        <time>2026-08-07T15:58:53.160Z</time>
      </trkpt>
      <trkpt lat="44.353699" lon="20.970935">
        <ele>102.951969</ele>
        <time>2026-08-07T15:59:06.388Z</time>
      </trkpt>
      <trkpt lat="44.353428" lon="20.971026">
        <ele>102.802897</ele>
        <time>2026-08-07T15:59:11.996Z</time>
      </trkpt>
      <trkpt lat="44.353380" lon="20.971040">
        <ele>102.776671</ele>
        <time>2026-08-07T15:59:12.998Z</time>
      </trkpt>
      <trkpt lat="44.353144" lon="20.971109">
        <ele>102.647710</ele>
        <time>2026-08-07T15:59:17.991Z</time>
      </trkpt>
      <trkpt lat="44.352827" lon="20.971181">
        <ele>102.475932</ele>
        <time>2026-08-07T15:59:24.687Z</time>
      </trkpt>
      <trkpt lat="44.351429" lon="20.971330">
        <ele>102.152308</ele>
        <time>2026-08-07T15:59:54.742Z</time>
      </trkpt>
      <trkpt lat="44.350973" lon="20.971380">
        <ele>102.132943</ele>
        <time>2026-08-07T16:00:05.183Z</time>
      </trkpt>
      <trkpt lat="44.350816" lon="20.971401">
        <ele>102.126266</ele>
        <time>2026-08-07T16:00:08.803Z</time>
      </trkpt>
      <trkpt lat="44.350211" lon="20.971504">
        <ele>102.102396</ele>
        <time>2026-08-07T16:00:22.540Z</time>
      </trkpt>
      <trkpt lat="44.349870" lon="20.971678">
        <ele>102.089435</ele>
        <time>2026-08-07T16:00:30.828Z</time>
      </trkpt>
      <trkpt lat="44.349487" lon="20.971920">
        <ele>102.074429</ele>
        <time>2026-08-07T16:00:40.213Z</time>
      </trkpt>
      <trkpt lat="44.349215" lon="20.972082">
        <ele>102.063873</ele>
        <time>2026-08-07T16:00:46.582Z</time>
      </trkpt>
      <trkpt lat="44.348976" lon="20.972191">
        <ele>102.054897</ele>
        <time>2026-08-07T16:00:51.908Z</time>
      </trkpt>
      <trkpt lat="44.348081" lon="20.972483">
        <ele>101.934135</ele>
        <time>2026-08-07T16:01:11.746Z</time>
      </trkpt>
      <trkpt lat="44.347266" lon="20.972753">
        <ele>101.804976</ele>
        <time>2026-08-07T16:01:30.140Z</time>
      </trkpt>
      <trkpt lat="44.345733" lon="20.973256">
        <ele>101.691653</ele>
        <time>2026-08-07T16:02:04.333Z</time>
      </trkpt>
      <trkpt lat="44.345245" lon="20.973367">
        <ele>101.721653</ele>
        <time>2026-08-07T16:02:15.094Z</time>
      </trkpt>
      <trkpt lat="44.345047" lon="20.973368">
        <ele>101.937033</ele>
        <time>2026-08-07T16:02:19.663Z</time>
      </trkpt>
      <trkpt lat="44.344581" lon="20.973267">
        <ele>102.449987</ele>
        <time>2026-08-07T16:02:31.073Z</time>
      </trkpt>
      <trkpt lat="44.343738" lon="20.972997">
        <ele>103.390724</ele>
        <time>2026-08-07T16:02:55.001Z</time>
      </trkpt>
      <trkpt lat="44.343354" lon="20.972908">
        <ele>103.923756</ele>
        <time>2026-08-07T16:03:07.226Z</time>
      </trkpt>
      <trkpt lat="44.343276" lon="20.972902">
        <ele>104.057260</ele>
        <time>2026-08-07T16:03:09.743Z</time>
      </trkpt>
      <trkpt lat="44.342998" lon="20.972921">
        <ele>104.532931</ele>
        <time>2026-08-07T16:03:18.565Z</time>
      </trkpt>
      <trkpt lat="44.342744" lon="20.972989">
        <ele>104.974904</ele>
        <time>2026-08-07T16:03:26.534Z</time>
      </trkpt>
      <trkpt lat="44.342360" lon="20.973217">
        <ele>105.687878</ele>
        <time>2026-08-07T16:03:38.910Z</time>
      </trkpt>
      <trkpt lat="44.342161" lon="20.973394">
        <ele>106.090947</ele>
        <time>2026-08-07T16:03:45.584Z</time>
      </trkpt>
      <trkpt lat="44.341790" lon="20.973858">
        <ele>106.753960</ele>
        <time>2026-08-07T16:03:58.892Z</time>
      </trkpt>
      <trkpt lat="44.341506" lon="20.974455">
        <ele>106.960596</ele>
        <time>2026-08-07T16:04:11.350Z</time>
      </trkpt>
      <trkpt lat="44.341281" lon="20.975025">
        <ele>107.148227</ele>
        <time>2026-08-07T16:04:22.014Z</time>
      </trkpt>
      <trkpt lat="44.339578" lon="20.979184">
        <ele>108.102033</ele>
        <time>2026-08-07T16:05:40.488Z</time>
      </trkpt>
      <trkpt lat="44.339424" lon="20.979564">
        <ele>108.222984</ele>
        <time>2026-08-07T16:05:48.124Z</time>
      </trkpt>
      <trkpt lat="44.339353" lon="20.979740">
        <ele>108.278941</ele>
        <time>2026-08-07T16:05:51.674Z</time>
      </trkpt>
      <trkpt lat="44.339068" lon="20.980439">
        <ele>108.531634</ele>
        <time>2026-08-07T16:06:05.992Z</time>
      </trkpt>
      <trkpt lat="44.338821" lon="20.981046">
        <ele>108.805234</ele>
        <time>2026-08-07T16:06:18.552Z</time>
      </trkpt>
      <trkpt lat="44.338566" lon="20.981671">
        <ele>109.087132</ele>
        <time>2026-08-07T16:06:31.131Z</time>
      </trkpt>
      <trkpt lat="44.338150" lon="20.982704">
        <ele>109.448583</ele>
        <time>2026-08-07T16:06:51.415Z</time>
      </trkpt>
      <trkpt lat="44.337802" lon="20.983549">
        <ele>109.542624</ele>
        <time>2026-08-07T16:07:07.862Z</time>
      </trkpt>
      <trkpt lat="44.337223" lon="20.984938">
        <ele>109.437818</ele>
        <time>2026-08-07T16:07:33.040Z</time>
      </trkpt>
      <trkpt lat="44.337089" lon="20.985261">
        <ele>109.240987</ele>
        <time>2026-08-07T16:07:38.517Z</time>
      </trkpt>
      <trkpt lat="44.336727" lon="20.986179">
        <ele>108.688409</ele>
        <time>2026-08-07T16:07:53.129Z</time>
      </trkpt>
      <trkpt lat="44.336176" lon="20.987705">
        <ele>107.840332</ele>
        <time>2026-08-07T16:08:16.429Z</time>
      </trkpt>
      <trkpt lat="44.336007" lon="20.988161">
        <ele>107.595962</ele>
        <time>2026-08-07T16:08:23.645Z</time>
      </trkpt>
      <trkpt lat="44.335907" lon="20.988427">
        <ele>107.452976</ele>
        <time>2026-08-07T16:08:27.992Z</time>
      </trkpt>
      <trkpt lat="44.335903" lon="20.988437">
        <ele>107.447524</ele>
        <time>2026-08-07T16:08:28.158Z</time>
      </trkpt>
      <trkpt lat="44.335662" lon="20.989116">
        <ele>107.231401</ele>
        <time>2026-08-07T16:08:39.847Z</time>
      </trkpt>
      <trkpt lat="44.335447" lon="20.989723">
        <ele>107.869501</ele>
        <time>2026-08-07T16:08:51.567Z</time>
      </trkpt>
      <trkpt lat="44.334893" lon="20.991208">
        <ele>109.447312</ele>
        <time>2026-08-07T16:09:26.482Z</time>
      </trkpt>
      <trkpt lat="44.334599" lon="20.992071">
        <ele>110.623371</ele>
        <time>2026-08-07T16:09:48.747Z</time>
      </trkpt>
      <trkpt lat="44.334522" lon="20.992479">
        <ele>111.150748</ele>
        <time>2026-08-07T16:09:58.243Z</time>
      </trkpt>
      <trkpt lat="44.334499" lon="20.992836">
        <ele>111.598741</ele>
        <time>2026-08-07T16:10:06.139Z</time>
      </trkpt>
      <trkpt lat="44.334538" lon="20.993272">
        <ele>112.147907</ele>
        <time>2026-08-07T16:10:15.284Z</time>
      </trkpt>
      <trkpt lat="44.334720" lon="20.994942">
        <ele>112.139139</ele>
        <time>2026-08-07T16:10:42.526Z</time>
      </trkpt>
      <trkpt lat="44.334745" lon="20.995168">
        <ele>112.049069</ele>
        <time>2026-08-07T16:10:45.641Z</time>
      </trkpt>
      <trkpt lat="44.334816" lon="20.995904">
        <ele>111.756564</ele>
        <time>2026-08-07T16:10:55.381Z</time>
      </trkpt>
      <trkpt lat="44.334834" lon="20.996399">
        <ele>111.510386</ele>
        <time>2026-08-07T16:11:01.911Z</time>
      </trkpt>
      <trkpt lat="44.334825" lon="20.996772">
        <ele>111.284850</ele>
        <time>2026-08-07T16:11:06.823Z</time>
      </trkpt>
      <trkpt lat="44.334776" lon="20.997196">
        <ele>111.025300</ele>
        <time>2026-08-07T16:11:12.586Z</time>
      </trkpt>
      <trkpt lat="44.334753" lon="20.997873">
        <ele>110.615720</ele>
        <time>2026-08-07T16:11:22.123Z</time>
      </trkpt>
      <trkpt lat="44.334701" lon="20.999728">
        <ele>110.211483</ele>
        <time>2026-08-07T16:11:51.062Z</time>
      </trkpt>
      <trkpt lat="44.334612" lon="21.000575">
        <ele>110.271298</ele>
        <time>2026-08-07T16:12:04.820Z</time>
      </trkpt>
      <trkpt lat="44.334333" lon="21.002104">
        <ele>110.938012</ele>
        <time>2026-08-07T16:12:31.821Z</time>
      </trkpt>
      <trkpt lat="44.334038" lon="21.003298">
        <ele>111.740743</ele>
        <time>2026-08-07T16:12:56.106Z</time>
      </trkpt>
      <trkpt lat="44.333952" lon="21.003623">
        <ele>111.987641</ele>
        <time>2026-08-07T16:13:02.914Z</time>
      </trkpt>
      <trkpt lat="44.333896" lon="21.003836">
        <ele>112.208533</ele>
        <time>2026-08-07T16:13:07.424Z</time>
      </trkpt>
      <trkpt lat="44.333293" lon="21.006131">
        <ele>114.560641</ele>
        <time>2026-08-07T16:13:56.137Z</time>
      </trkpt>
      <trkpt lat="44.332845" lon="21.008064">
        <ele>116.299734</ele>
        <time>2026-08-07T16:14:35.857Z</time>
      </trkpt>
      <trkpt lat="44.332433" lon="21.009997">
        <ele>116.790714</ele>
        <time>2026-08-07T16:15:11.554Z</time>
      </trkpt>
      <trkpt lat="44.332251" lon="21.010727">
        <ele>116.897536</ele>
        <time>2026-08-07T16:15:22.764Z</time>
      </trkpt>
      <trkpt lat="44.331803" lon="21.012462">
        <ele>116.209801</ele>
        <time>2026-08-07T16:15:48.190Z</time>
      </trkpt>
      <trkpt lat="44.331525" lon="21.013688">
        <ele>116.337258</ele>
        <time>2026-08-07T16:16:09.908Z</time>
      </trkpt>
      <trkpt lat="44.331405" lon="21.014437">
        <ele>116.773007</ele>
        <time>2026-08-07T16:16:25.049Z</time>
      </trkpt>
      <trkpt lat="44.331148" lon="21.016771">
        <ele>117.481018</ele>
        <time>2026-08-07T16:17:08.506Z</time>
      </trkpt>
      <trkpt lat="44.331142" lon="21.017146">
        <ele>117.505617</ele>
        <time>2026-08-07T16:17:14.719Z</time>
      </trkpt>
      <trkpt lat="44.331185" lon="21.017362">
        <ele>117.520321</ele>
        <time>2026-08-07T16:17:18.202Z</time>
      </trkpt>
      <trkpt lat="44.331330" lon="21.017777">
        <ele>117.550610</ele>
        <time>2026-08-07T16:17:24.860Z</time>
      </trkpt>
      <trkpt lat="44.331638" lon="21.018408">
        <ele>116.755952</ele>
        <time>2026-08-07T16:17:34.852Z</time>
      </trkpt>
      <trkpt lat="44.332324" lon="21.019616">
        <ele>114.573183</ele>
        <time>2026-08-07T16:17:53.253Z</time>
      </trkpt>
      <trkpt lat="44.332493" lon="21.020079">
        <ele>114.029733</ele>
        <time>2026-08-07T16:17:59.888Z</time>
      </trkpt>
      <trkpt lat="44.332557" lon="21.020477">
        <ele>114.115753</ele>
        <time>2026-08-07T16:18:05.769Z</time>
      </trkpt>
      <trkpt lat="44.332567" lon="21.021074">
        <ele>114.241676</ele>
        <time>2026-08-07T16:18:15.849Z</time>
      </trkpt>
      <trkpt lat="44.332509" lon="21.022181">
        <ele>114.475732</ele>
        <time>2026-08-07T16:18:37.474Z</time>
      </trkpt>
      <trkpt lat="44.332474" lon="21.022911">
        <ele>114.556178</ele>
        <time>2026-08-07T16:18:51.460Z</time>
      </trkpt>
      <trkpt lat="44.332463" lon="21.023112">
        <ele>114.565636</ele>
        <time>2026-08-07T16:18:54.988Z</time>
      </trkpt>
      <trkpt lat="44.332439" lon="21.023540">
        <ele>114.585777</ele>
        <time>2026-08-07T16:19:01.961Z</time>
      </trkpt>
      <trkpt lat="44.332371" lon="21.024915">
        <ele>114.650439</ele>
        <time>2026-08-07T16:19:22.266Z</time>
      </trkpt>
      <trkpt lat="44.332359" lon="21.025232">
        <ele>114.625208</ele>
        <time>2026-08-07T16:19:27.012Z</time>
      </trkpt>
      <trkpt lat="44.332346" lon="21.026384">
        <ele>114.503094</ele>
        <time>2026-08-07T16:19:44.593Z</time>
      </trkpt>
      <trkpt lat="44.332336" lon="21.027087">
        <ele>114.428569</ele>
        <time>2026-08-07T16:19:55.764Z</time>
      </trkpt>
      <trkpt lat="44.332317" lon="21.027845">
        <ele>114.384605</ele>
        <time>2026-08-07T16:20:08.202Z</time>
      </trkpt>
      <trkpt lat="44.332309" lon="21.028146">
        <ele>114.383019</ele>
        <time>2026-08-07T16:20:13.161Z</time>
      </trkpt>
      <trkpt lat="44.332303" lon="21.028428">
        <ele>114.381534</ele>
        <time>2026-08-07T16:20:17.816Z</time>
      </trkpt>
      <trkpt lat="44.332294" lon="21.028824">
        <ele>114.379449</ele>
        <time>2026-08-07T16:20:24.325Z</time>
      </trkpt>
      <trkpt lat="44.332265" lon="21.030070">
        <ele>114.274706</ele>
        <time>2026-08-07T16:20:43.943Z</time>
      </trkpt>
      <trkpt lat="44.332257" lon="21.030431">
        <ele>113.788935</ele>
        <time>2026-08-07T16:20:49.195Z</time>
      </trkpt>
      <trkpt lat="44.332253" lon="21.030628">
        <ele>113.523868</ele>
        <time>2026-08-07T16:20:51.974Z</time>
      </trkpt>
      <trkpt lat="44.332242" lon="21.031074">
        <ele>112.923651</ele>
        <time>2026-08-07T16:20:57.952Z</time>
      </trkpt>
      <trkpt lat="44.332238" lon="21.031297">
        <ele>112.623626</ele>
        <time>2026-08-07T16:21:00.821Z</time>
      </trkpt>
      <trkpt lat="44.332249" lon="21.032142">
        <ele>111.486931</ele>
        <time>2026-08-07T16:21:11.052Z</time>
      </trkpt>
      <trkpt lat="44.332436" lon="21.034097">
        <ele>107.773508</ele>
        <time>2026-08-07T16:21:33.674Z</time>
      </trkpt>
      <trkpt lat="44.332566" lon="21.035314">
        <ele>105.846489</ele>
        <time>2026-08-07T16:21:49.144Z</time>
      </trkpt>
      <trkpt lat="44.332647" lon="21.035605">
        <ele>105.748830</ele>
        <time>2026-08-07T16:21:53.529Z</time>
      </trkpt>
      <trkpt lat="44.332803" lon="21.035857">
        <ele>105.644599</ele>
        <time>2026-08-07T16:21:58.326Z</time>
      </trkpt>
      <trkpt lat="44.333490" lon="21.036626">
        <ele>105.259799</ele>
        <time>2026-08-07T16:22:17.167Z</time>
      </trkpt>
      <trkpt lat="44.333700" lon="21.036939">
        <ele>105.206531</ele>
        <time>2026-08-07T16:22:25.409Z</time>
      </trkpt>
      <trkpt lat="44.333769" lon="21.037114">
        <ele>105.290651</ele>
        <time>2026-08-07T16:22:29.317Z</time>
      </trkpt>
      <trkpt lat="44.333826" lon="21.037311">
        <ele>105.380109</ele>
        <time>2026-08-07T16:22:33.386Z</time>
      </trkpt>
      <trkpt lat="44.333911" lon="21.037601">
        <ele>105.512041</ele>
        <time>2026-08-07T16:22:39.217Z</time>
      </trkpt>
      <trkpt lat="44.334100" lon="21.038299">
        <ele>105.826223</ele>
        <time>2026-08-07T16:22:52.884Z</time>
      </trkpt>
      <trkpt lat="44.334280" lon="21.039021">
        <ele>106.148091</ele>
        <time>2026-08-07T16:23:06.358Z</time>
      </trkpt>
      <trkpt lat="44.334350" lon="21.039494">
        <ele>106.141871</ele>
        <time>2026-08-07T16:23:14.010Z</time>
      </trkpt>
      <trkpt lat="44.334276" lon="21.040518">
        <ele>105.891344</ele>
        <time>2026-08-07T16:23:28.739Z</time>
      </trkpt>
      <trkpt lat="44.334177" lon="21.041663">
        <ele>105.610603</ele>
        <time>2026-08-07T16:23:45.688Z</time>
      </trkpt>
      <trkpt lat="44.334158" lon="21.042154">
        <ele>105.690362</ele>
        <time>2026-08-07T16:23:53.412Z</time>
      </trkpt>
      <trkpt lat="44.334278" lon="21.042865">
        <ele>105.819249</ele>
        <time>2026-08-07T16:24:05.119Z</time>
      </trkpt>
      <trkpt lat="44.334573" lon="21.044507">
        <ele>106.422870</ele>
        <time>2026-08-07T16:24:34.371Z</time>
      </trkpt>
      <trkpt lat="44.334762" lon="21.045890">
        <ele>107.789443</ele>
        <time>2026-08-07T16:25:01.847Z</time>
      </trkpt>
      <trkpt lat="44.334840" lon="21.046488">
        <ele>108.379412</ele>
        <time>2026-08-07T16:25:14.706Z</time>
      </trkpt>
      <trkpt lat="44.334872" lon="21.047026">
        <ele>108.991394</ele>
        <time>2026-08-07T16:25:26.900Z</time>
      </trkpt>
      <trkpt lat="44.334890" lon="21.047665">
        <ele>109.744483</ele>
        <time>2026-08-07T16:25:41.392Z</time>
      </trkpt>
      <trkpt lat="44.334962" lon="21.048346">
        <ele>110.555162</ele>
        <time>2026-08-07T16:25:56.650Z</time>
      </trkpt>
      <trkpt lat="44.335109" lon="21.048993">
        <ele>111.354601</ele>
        <time>2026-08-07T16:26:09.871Z</time>
      </trkpt>
      <trkpt lat="44.335310" lon="21.049560">
        <ele>111.161366</ele>
        <time>2026-08-07T16:26:20.068Z</time>
      </trkpt>
      <trkpt lat="44.335492" lon="21.049944">
        <ele>110.917821</ele>
        <time>2026-08-07T16:26:26.359Z</time>
      </trkpt>
      <trkpt lat="44.335915" lon="21.050719">
        <ele>110.402415</ele>
        <time>2026-08-07T16:26:39.088Z</time>
      </trkpt>
      <trkpt lat="44.336226" lon="21.051290">
        <ele>110.060393</ele>
        <time>2026-08-07T16:26:49.038Z</time>
      </trkpt>
      <trkpt lat="44.336293" lon="21.051468">
        <ele>109.993974</ele>
        <time>2026-08-07T16:26:51.847Z</time>
      </trkpt>
      <trkpt lat="44.336518" lon="21.052430">
        <ele>109.659758</ele>
        <time>2026-08-07T16:27:06.302Z</time>
      </trkpt>
      <trkpt lat="44.336730" lon="21.053408">
        <ele>109.322307</ele>
        <time>2026-08-07T16:27:21.995Z</time>
      </trkpt>
      <trkpt lat="44.336698" lon="21.054531">
        <ele>110.292127</ele>
        <time>2026-08-07T16:27:41.603Z</time>
      </trkpt>
      <trkpt lat="44.336706" lon="21.054993">
        <ele>110.739470</ele>
        <time>2026-08-07T16:27:51.130Z</time>
      </trkpt>
      <trkpt lat="44.336719" lon="21.055639">
        <ele>111.365039</ele>
        <time>2026-08-07T16:28:04.512Z</time>
      </trkpt>
      <trkpt lat="44.336802" lon="21.056557">
        <ele>113.180213</ele>
        <time>2026-08-07T16:28:26.125Z</time>
      </trkpt>
      <trkpt lat="44.336824" lon="21.057118">
        <ele>114.660130</ele>
        <time>2026-08-07T16:28:40.274Z</time>
      </trkpt>
      <trkpt lat="44.336798" lon="21.057353">
        <ele>115.286492</ele>
        <time>2026-08-07T16:28:46.512Z</time>
      </trkpt>
      <trkpt lat="44.336679" lon="21.057925">
        <ele>116.855608</ele>
        <time>2026-08-07T16:29:02.874Z</time>
      </trkpt>
      <trkpt lat="44.336608" lon="21.058268">
        <ele>117.796163</ele>
        <time>2026-08-07T16:29:13.220Z</time>
      </trkpt>
      <trkpt lat="44.336466" lon="21.058977">
        <ele>119.871413</ele>
        <time>2026-08-07T16:29:36.701Z</time>
      </trkpt>
      <trkpt lat="44.336246" lon="21.060158">
        <ele>123.401339</ele>
        <time>2026-08-07T16:30:12.770Z</time>
      </trkpt>
      <trkpt lat="44.335999" lon="21.061654">
        <ele>125.757669</ele>
        <time>2026-08-07T16:30:47.518Z</time>
      </trkpt>
      <trkpt lat="44.335811" lon="21.063078">
        <ele>126.009999</ele>
        <time>2026-08-07T16:31:09.283Z</time>
      </trkpt>
      <trkpt lat="44.335807" lon="21.063394">
        <ele>126.033607</ele>
        <time>2026-08-07T16:31:13.386Z</time>
      </trkpt>
      <trkpt lat="44.335760" lon="21.063672">
        <ele>125.532169</ele>
        <time>2026-08-07T16:31:17.013Z</time>
      </trkpt>
      <trkpt lat="44.335616" lon="21.064586">
        <ele>123.889305</ele>
        <time>2026-08-07T16:31:28.528Z</time>
      </trkpt>
      <trkpt lat="44.335518" lon="21.065950">
        <ele>121.480115</ele>
        <time>2026-08-07T16:31:44.632Z</time>
      </trkpt>
      <trkpt lat="44.335376" lon="21.067014">
        <ele>119.547737</ele>
        <time>2026-08-07T16:31:57.473Z</time>
      </trkpt>
      <trkpt lat="44.335362" lon="21.067122">
        <ele>119.351779</ele>
        <time>2026-08-07T16:31:58.787Z</time>
      </trkpt>
      <trkpt lat="44.335308" lon="21.067451">
        <ele>118.749137</ele>
        <time>2026-08-07T16:32:03.071Z</time>
      </trkpt>
      <trkpt lat="44.335299" lon="21.067519">
        <ele>118.625673</ele>
        <time>2026-08-07T16:32:03.965Z</time>
      </trkpt>
      <trkpt lat="44.335246" lon="21.067918">
        <ele>117.901143</ele>
        <time>2026-08-07T16:32:09.302Z</time>
      </trkpt>
      <trkpt lat="44.335152" lon="21.068612">
        <ele>116.852343</ele>
        <time>2026-08-07T16:32:18.810Z</time>
      </trkpt>
      <trkpt lat="44.335072" lon="21.069272">
        <ele>116.146501</ele>
        <time>2026-08-07T16:32:27.806Z</time>
      </trkpt>
      <trkpt lat="44.334812" lon="21.070530">
        <ele>114.765766</ele>
        <time>2026-08-07T16:32:45.746Z</time>
      </trkpt>
      <trkpt lat="44.334640" lon="21.071362">
        <ele>114.576142</ele>
        <time>2026-08-07T16:32:58.642Z</time>
      </trkpt>
      <trkpt lat="44.334553" lon="21.071760">
        <ele>114.622491</ele>
        <time>2026-08-07T16:33:19.326Z</time>
      </trkpt>
      <trkpt lat="44.334553" lon="21.071760">
        <ele>114.622491</ele>
        <time>2026-08-07T16:33:19.333Z</time>
      </trkpt>
      <trkpt lat="44.334503" lon="21.071739">
        <ele>114.630620</ele>
        <time>2026-08-07T16:33:20.683Z</time>
      </trkpt>
      <trkpt lat="44.334366" lon="21.072352">
        <ele>114.702146</ele>
        <time>2026-08-07T16:33:32.562Z</time>
      </trkpt>
      <trkpt lat="44.334229" lon="21.072965">
        <ele>114.773673</ele>
        <time>2026-08-07T16:33:44.441Z</time>
      </trkpt>
      <trkpt lat="44.334140" lon="21.073588">
        <ele>115.021879</ele>
        <time>2026-08-07T16:33:56.193Z</time>
      </trkpt>
      <trkpt lat="44.334051" lon="21.074212">
        <ele>115.312006</ele>
        <time>2026-08-07T16:34:07.962Z</time>
      </trkpt>
      <trkpt lat="44.334077" lon="21.074217">
        <ele>115.328736</ele>
        <time>2026-08-07T16:34:08.644Z</time>
      </trkpt>
      <trkpt lat="44.334064" lon="21.074339">
        <ele>115.384978</ele>
        <time>2026-08-07T16:34:14.766Z</time>
      </trkpt>
      <trkpt lat="44.334092" lon="21.074348">
        <ele>115.403293</ele>
        <time>2026-08-07T16:34:15.655Z</time>
      </trkpt>
      <trkpt lat="44.334066" lon="21.075503">
        <ele>115.930200</ele>
        <time>2026-08-07T16:35:13.099Z</time>
      </trkpt>
      <trkpt lat="44.334059" lon="21.075810">
        <ele>115.931705</ele>
        <time>2026-08-07T16:35:28.393Z</time>
      </trkpt>
      <trkpt lat="44.334028" lon="21.075864">
        <ele>115.931252</ele>
        <time>2026-08-07T16:35:29.798Z</time>
      </trkpt>
      <trkpt lat="44.334034" lon="21.075275">
        <ele>115.927400</ele>
        <time>2026-08-07T16:35:38.945Z</time>
      </trkpt>
      <trkpt lat="44.334064" lon="21.074339">
        <ele>115.921273</ele>
        <time>2026-08-07T16:35:53.001Z</time>
      </trkpt>
      <trkpt lat="44.334138" lon="21.073631">
        <ele>115.998605</ele>
        <time>2026-08-07T16:36:04.246Z</time>
      </trkpt>
      <trkpt lat="44.333326" lon="21.073344">
        <ele>116.994312</ele>
        <time>2026-08-07T16:36:25.534Z</time>
      </trkpt>
      <trkpt lat="44.332590" lon="21.073116">
        <ele>117.890518</ele>
        <time>2026-08-07T16:36:47.513Z</time>
      </trkpt>
      <trkpt lat="44.332099" lon="21.072927">
        <ele>118.622642</ele>
        <time>2026-08-07T16:37:03.301Z</time>
      </trkpt>
      <trkpt lat="44.331599" lon="21.072819">
        <ele>119.397111</ele>
        <time>2026-08-07T16:37:18.460Z</time>
      </trkpt>
      <trkpt lat="44.331427" lon="21.072825">
        <ele>119.660486</ele>
        <time>2026-08-07T16:37:23.560Z</time>
      </trkpt>
      <trkpt lat="44.331300" lon="21.072885">
        <ele>119.865695</ele>
        <time>2026-08-07T16:37:27.503Z</time>
      </trkpt>
      <trkpt lat="44.331072" lon="21.073065">
        <ele>120.266519</ele>
        <time>2026-08-07T16:37:34.875Z</time>
      </trkpt>
      <trkpt lat="44.331033" lon="21.073092">
        <ele>120.333138</ele>
        <time>2026-08-07T16:37:35.988Z</time>
      </trkpt>
      <trkpt lat="44.330629" lon="21.072067">
        <ele>120.656765</ele>
        <time>2026-08-07T16:37:56.339Z</time>
      </trkpt>
      <trkpt lat="44.330598" lon="21.071981">
        <ele>120.636865</ele>
        <time>2026-08-07T16:37:57.727Z</time>
      </trkpt>
      <trkpt lat="44.329105" lon="21.073087">
        <ele>120.030352</ele>
        <time>2026-08-07T16:38:31.402Z</time>
      </trkpt>
      <trkpt lat="44.328319" lon="21.073660">
        <ele>119.558436</ele>
        <time>2026-08-07T16:38:49.779Z</time>
      </trkpt>
      <trkpt lat="44.327422" lon="21.074331">
        <ele>119.075201</ele>
        <time>2026-08-07T16:39:10.853Z</time>
      </trkpt>
      <trkpt lat="44.326788" lon="21.074781">
        <ele>118.766834</ele>
        <time>2026-08-07T16:39:25.315Z</time>
      </trkpt>
      <trkpt lat="44.326354" lon="21.075106">
        <ele>118.553310</ele>
        <time>2026-08-07T16:39:35.603Z</time>
      </trkpt>
      <trkpt lat="44.325048" lon="21.076079">
        <ele>118.090548</ele>
        <time>2026-08-07T16:40:07.337Z</time>
      </trkpt>
      <trkpt lat="44.324538" lon="21.076466">
        <ele>117.862335</ele>
        <time>2026-08-07T16:40:19.324Z</time>
      </trkpt>
      <trkpt lat="44.324555" lon="21.076556">
        <ele>117.829408</ele>
        <time>2026-08-07T16:40:20.727Z</time>
      </trkpt>
      <trkpt lat="44.324541" lon="21.077249">
        <ele>117.584176</ele>
        <time>2026-08-07T16:40:31.023Z</time>
      </trkpt>
      <trkpt lat="44.324535" lon="21.078975">
        <ele>117.179375</ele>
        <time>2026-08-07T16:40:57.693Z</time>
      </trkpt>
      <trkpt lat="44.323959" lon="21.079137">
        <ele>117.360165</ele>
        <time>2026-08-07T16:41:11.040Z</time>
      </trkpt>
      <trkpt lat="44.323395" lon="21.079281">
        <ele>117.536582</ele>
        <time>2026-08-07T16:41:25.171Z</time>
      </trkpt>
      <trkpt lat="44.323364" lon="21.079290">
        <ele>117.546325</ele>
        <time>2026-08-07T16:41:26.001Z</time>
      </trkpt>
      <trkpt lat="44.322545" lon="21.079518">
        <ele>117.935121</ele>
        <time>2026-08-07T16:41:47.027Z</time>
      </trkpt>
      <trkpt lat="44.322218" lon="21.079594">
        <ele>118.127144</ele>
        <time>2026-08-07T16:41:55.320Z</time>
      </trkpt>
      <trkpt lat="44.321122" lon="21.079846">
        <ele>118.711709</ele>
        <time>2026-08-07T16:42:22.444Z</time>
      </trkpt>
      <trkpt lat="44.320932" lon="21.079890">
        <ele>118.735438</ele>
        <time>2026-08-07T16:42:26.895Z</time>
      </trkpt>
      <trkpt lat="44.320402" lon="21.080026">
        <ele>118.801830</ele>
        <time>2026-08-07T16:42:39.223Z</time>
      </trkpt>
      <trkpt lat="44.319999" lon="21.080150">
        <ele>118.852673</ele>
        <time>2026-08-07T16:42:48.700Z</time>
      </trkpt>
      <trkpt lat="44.319595" lon="21.080249">
        <ele>118.903209</ele>
        <time>2026-08-07T16:42:57.848Z</time>
      </trkpt>
      <trkpt lat="44.318930" lon="21.080371">
        <ele>118.660613</ele>
        <time>2026-08-07T16:43:12.026Z</time>
      </trkpt>
      <trkpt lat="44.318795" lon="21.080392">
        <ele>118.597802</ele>
        <time>2026-08-07T16:43:14.852Z</time>
      </trkpt>
      <trkpt lat="44.318288" lon="21.080498">
        <ele>118.360749</ele>
        <time>2026-08-07T16:43:25.402Z</time>
      </trkpt>
      <trkpt lat="44.318067" lon="21.080549">
        <ele>118.257172</ele>
        <time>2026-08-07T16:43:29.932Z</time>
      </trkpt>
      <trkpt lat="44.316930" lon="21.080790">
        <ele>117.306822</ele>
        <time>2026-08-07T16:43:52.749Z</time>
      </trkpt>
      <trkpt lat="44.315414" lon="21.081103">
        <ele>115.626958</ele>
        <time>2026-08-07T16:44:21.815Z</time>
      </trkpt>
      <trkpt lat="44.314572" lon="21.081255">
        <ele>114.533339</ele>
        <time>2026-08-07T16:44:37.288Z</time>
      </trkpt>
      <trkpt lat="44.314386" lon="21.081309">
        <ele>114.288631</ele>
        <time>2026-08-07T16:44:40.734Z</time>
      </trkpt>
      <trkpt lat="44.312538" lon="21.081657">
        <ele>112.839166</ele>
        <time>2026-08-07T16:45:17.414Z</time>
      </trkpt>
      <trkpt lat="44.312188" lon="21.081722">
        <ele>112.609869</ele>
        <time>2026-08-07T16:45:25.595Z</time>
      </trkpt>
      <trkpt lat="44.311450" lon="21.081871">
        <ele>112.164678</ele>
        <time>2026-08-07T16:45:42.743Z</time>
      </trkpt>
      <trkpt lat="44.310441" lon="21.082086">
        <ele>111.413909</ele>
        <time>2026-08-07T16:46:02.204Z</time>
      </trkpt>
      <trkpt lat="44.310003" lon="21.082171">
        <ele>110.703704</ele>
        <time>2026-08-07T16:46:09.981Z</time>
      </trkpt>
      <trkpt lat="44.306791" lon="21.082805">
        <ele>105.989444</ele>
        <time>2026-08-07T16:47:08.869Z</time>
      </trkpt>
      <trkpt lat="44.305884" lon="21.082995">
        <ele>105.786877</ele>
        <time>2026-08-07T16:47:28.653Z</time>
      </trkpt>
      <trkpt lat="44.305413" lon="21.083161">
        <ele>105.679591</ele>
        <time>2026-08-07T16:47:40.238Z</time>
      </trkpt>
      <trkpt lat="44.304020" lon="21.083816">
        <ele>106.653883</ele>
        <time>2026-08-07T16:48:16.461Z</time>
      </trkpt>
      <trkpt lat="44.303855" lon="21.083897">
        <ele>106.789605</ele>
        <time>2026-08-07T16:48:21.083Z</time>
      </trkpt>
      <trkpt lat="44.303748" lon="21.083955">
        <ele>106.878672</ele>
        <time>2026-08-07T16:48:24.175Z</time>
      </trkpt>
      <trkpt lat="44.303676" lon="21.083988">
        <ele>106.937477</ele>
        <time>2026-08-07T16:48:26.219Z</time>
      </trkpt>
      <trkpt lat="44.303204" lon="21.084198">
        <ele>107.381522</ele>
        <time>2026-08-07T16:48:40.116Z</time>
      </trkpt>
      <trkpt lat="44.301731" lon="21.084837">
        <ele>108.626313</ele>
        <time>2026-08-07T16:49:21.340Z</time>
      </trkpt>
      <trkpt lat="44.300165" lon="21.085566">
        <ele>107.079718</ele>
        <time>2026-08-07T16:49:51.928Z</time>
      </trkpt>
      <trkpt lat="44.295224" lon="21.087951">
        <ele>102.338943</ele>
        <time>2026-08-07T16:51:32.927Z</time>
      </trkpt>
      <trkpt lat="44.294154" lon="21.088474">
        <ele>103.604449</ele>
        <time>2026-08-07T16:52:01.864Z</time>
      </trkpt>
      <trkpt lat="44.293308" lon="21.088867">
        <ele>104.971883</ele>
        <time>2026-08-07T16:52:30.246Z</time>
      </trkpt>
      <trkpt lat="44.292165" lon="21.089439">
        <ele>107.957708</ele>
        <time>2026-08-07T16:53:11.062Z</time>
      </trkpt>
      <trkpt lat="44.290718" lon="21.090106">
        <ele>110.046181</ele>
        <time>2026-08-07T16:53:56.396Z</time>
      </trkpt>
      <trkpt lat="44.290407" lon="21.090228">
        <ele>110.281306</ele>
        <time>2026-08-07T16:54:04.250Z</time>
      </trkpt>
      <trkpt lat="44.290098" lon="21.090276">
        <ele>110.507606</ele>
        <time>2026-08-07T16:54:10.967Z</time>
      </trkpt>
      <trkpt lat="44.289829" lon="21.090280">
        <ele>110.488304</ele>
        <time>2026-08-07T16:54:16.095Z</time>
      </trkpt>
      <trkpt lat="44.289629" lon="21.090283">
        <ele>109.944034</ele>
        <time>2026-08-07T16:54:19.630Z</time>
      </trkpt>
      <trkpt lat="44.289556" lon="21.090281">
        <ele>109.745349</ele>
        <time>2026-08-07T16:54:20.891Z</time>
      </trkpt>
      <trkpt lat="44.289130" lon="21.090273">
        <ele>108.586016</ele>
        <time>2026-08-07T16:54:27.922Z</time>
      </trkpt>
      <trkpt lat="44.287945" lon="21.090250">
        <ele>105.538285</ele>
        <time>2026-08-07T16:54:46.927Z</time>
      </trkpt>
      <trkpt lat="44.287600" lon="21.090247">
        <ele>105.012785</ele>
        <time>2026-08-07T16:54:52.798Z</time>
      </trkpt>
      <trkpt lat="44.286904" lon="21.090241">
        <ele>103.952646</ele>
        <time>2026-08-07T16:55:05.812Z</time>
      </trkpt>
      <trkpt lat="44.286701" lon="21.090248">
        <ele>103.643350</ele>
        <time>2026-08-07T16:55:10.073Z</time>
      </trkpt>
      <trkpt lat="44.285695" lon="21.090250">
        <ele>102.922470</ele>
        <time>2026-08-07T16:55:30.814Z</time>
      </trkpt>
      <trkpt lat="44.284638" lon="21.090232">
        <ele>102.743495</ele>
        <time>2026-08-07T16:55:53.595Z</time>
      </trkpt>
      <trkpt lat="44.284511" lon="21.090230">
        <ele>102.721992</ele>
        <time>2026-08-07T16:55:56.578Z</time>
      </trkpt>
      <trkpt lat="44.283943" lon="21.090217">
        <ele>103.106783</ele>
        <time>2026-08-07T16:56:10.679Z</time>
      </trkpt>
      <trkpt lat="44.282147" lon="21.090220">
        <ele>104.061951</ele>
        <time>2026-08-07T16:56:56.797Z</time>
      </trkpt>
      <trkpt lat="44.281634" lon="21.090221">
        <ele>104.138687</ele>
        <time>2026-08-07T16:57:08.210Z</time>
      </trkpt>
      <trkpt lat="44.280509" lon="21.090226">
        <ele>104.196710</ele>
        <time>2026-08-07T16:57:31.953Z</time>
      </trkpt>
      <trkpt lat="44.280338" lon="21.090200">
        <ele>104.173758</ele>
        <time>2026-08-07T16:57:35.581Z</time>
      </trkpt>
      <trkpt lat="44.280127" lon="21.090159">
        <ele>104.145333</ele>
        <time>2026-08-07T16:57:40.139Z</time>
      </trkpt>
      <trkpt lat="44.279263" lon="21.089801">
        <ele>104.025082</ele>
        <time>2026-08-07T16:57:59.929Z</time>
      </trkpt>
      <trkpt lat="44.276065" lon="21.088451">
        <ele>104.698806</ele>
        <time>2026-08-07T16:59:14.724Z</time>
      </trkpt>
      <trkpt lat="44.275644" lon="21.088274">
        <ele>104.986896</ele>
        <time>2026-08-07T16:59:26.974Z</time>
      </trkpt>
      <trkpt lat="44.275252" lon="21.088118">
        <ele>105.774278</ele>
        <time>2026-08-07T16:59:39.400Z</time>
      </trkpt>
      <trkpt lat="44.274852" lon="21.087959">
        <ele>106.577660</ele>
        <time>2026-08-07T16:59:52.928Z</time>
      </trkpt>
      <trkpt lat="44.274450" lon="21.087834">
        <ele>107.373233</ele>
        <time>2026-08-07T17:00:06.054Z</time>
      </trkpt>
      <trkpt lat="44.274031" lon="21.087809">
        <ele>108.183371</ele>
        <time>2026-08-07T17:00:18.537Z</time>
      </trkpt>
      <trkpt lat="44.273210" lon="21.087834">
        <ele>108.909268</ele>
        <time>2026-08-07T17:00:41.000Z</time>
      </trkpt>
      <trkpt lat="44.270899" lon="21.087906">
        <ele>109.501285</ele>
        <time>2026-08-07T17:01:35.124Z</time>
      </trkpt>
      <trkpt lat="44.270380" lon="21.087922">
        <ele>109.409968</ele>
        <time>2026-08-07T17:01:45.118Z</time>
      </trkpt>
      <trkpt lat="44.270273" lon="21.087924">
        <ele>109.319442</ele>
        <time>2026-08-07T17:01:47.113Z</time>
      </trkpt>
      <trkpt lat="44.270090" lon="21.087932">
        <ele>109.119215</ele>
        <time>2026-08-07T17:01:50.496Z</time>
      </trkpt>
      <trkpt lat="44.269448" lon="21.087970">
        <ele>108.416493</ele>
        <time>2026-08-07T17:02:02.223Z</time>
      </trkpt>
      <trkpt lat="44.268862" lon="21.088106">
        <ele>107.766854</ele>
        <time>2026-08-07T17:02:13.640Z</time>
      </trkpt>
      <trkpt lat="44.267962" lon="21.088342">
        <ele>106.948031</ele>
        <time>2026-08-07T17:02:32.176Z</time>
      </trkpt>
      <trkpt lat="44.267083" lon="21.088571">
        <ele>106.235719</ele>
        <time>2026-08-07T17:02:50.061Z</time>
      </trkpt>
      <trkpt lat="44.265669" lon="21.088941">
        <ele>104.860786</ele>
        <time>2026-08-07T17:03:17.406Z</time>
      </trkpt>
      <trkpt lat="44.265036" lon="21.089118">
        <ele>104.217911</ele>
        <time>2026-08-07T17:03:29.933Z</time>
      </trkpt>
      <trkpt lat="44.263436" lon="21.089534">
        <ele>103.526013</ele>
        <time>2026-08-07T17:04:03.554Z</time>
      </trkpt>
      <trkpt lat="44.262779" lon="21.089700">
        <ele>103.386288</ele>
        <time>2026-08-07T17:04:18.324Z</time>
      </trkpt>
      <trkpt lat="44.261960" lon="21.089981">
        <ele>103.274118</ele>
        <time>2026-08-07T17:04:36.599Z</time>
      </trkpt>
      <trkpt lat="44.261711" lon="21.090066">
        <ele>103.240024</ele>
        <time>2026-08-07T17:04:42.083Z</time>
      </trkpt>
      <trkpt lat="44.261600" lon="21.090120">
        <ele>103.224391</ele>
        <time>2026-08-07T17:04:44.647Z</time>
      </trkpt>
      <trkpt lat="44.260837" lon="21.090396">
        <ele>103.135187</ele>
        <time>2026-08-07T17:05:02.441Z</time>
      </trkpt>
      <trkpt lat="44.260140" lon="21.090648">
        <ele>103.055516</ele>
        <time>2026-08-07T17:05:18.544Z</time>
      </trkpt>
      <trkpt lat="44.259716" lon="21.090804">
        <ele>102.968607</ele>
        <time>2026-08-07T17:05:28.030Z</time>
      </trkpt>
      <trkpt lat="44.258282" lon="21.091277">
        <ele>101.848400</ele>
        <time>2026-08-07T17:05:56.790Z</time>
      </trkpt>
      <trkpt lat="44.258012" lon="21.091372">
        <ele>101.639213</ele>
        <time>2026-08-07T17:06:02.225Z</time>
      </trkpt>
      <trkpt lat="44.257797" lon="21.091448">
        <ele>101.515415</ele>
        <time>2026-08-07T17:06:06.618Z</time>
      </trkpt>
      <trkpt lat="44.255784" lon="21.092125">
        <ele>100.429753</ele>
        <time>2026-08-07T17:06:49.167Z</time>
      </trkpt>
      <trkpt lat="44.254884" lon="21.092464">
        <ele>100.038578</ele>
        <time>2026-08-07T17:07:08.318Z</time>
      </trkpt>
      <trkpt lat="44.254597" lon="21.092656">
        <ele>99.905031</ele>
        <time>2026-08-07T17:07:15.050Z</time>
      </trkpt>
      <trkpt lat="44.254292" lon="21.092880">
        <ele>99.958965</ele>
        <time>2026-08-07T17:07:22.580Z</time>
      </trkpt>
      <trkpt lat="44.253942" lon="21.093137">
        <ele>100.052594</ele>
        <time>2026-08-07T17:07:31.519Z</time>
      </trkpt>
      <trkpt lat="44.253751" lon="21.093277">
        <ele>100.103670</ele>
        <time>2026-08-07T17:07:36.568Z</time>
      </trkpt>
      <trkpt lat="44.252055" lon="21.094556">
        <ele>100.547690</ele>
        <time>2026-08-07T17:08:22.940Z</time>
      </trkpt>
      <trkpt lat="44.250372" lon="21.095827">
        <ele>100.399395</ele>
        <time>2026-08-07T17:09:04.846Z</time>
      </trkpt>
      <trkpt lat="44.249533" lon="21.096462">
        <ele>100.245418</ele>
        <time>2026-08-07T17:09:24.217Z</time>
      </trkpt>
      <trkpt lat="44.249290" lon="21.096596">
        <ele>100.264082</ele>
        <time>2026-08-07T17:09:29.613Z</time>
      </trkpt>
      <trkpt lat="44.249064" lon="21.096633">
        <ele>100.280337</ele>
        <time>2026-08-07T17:09:34.477Z</time>
      </trkpt>
      <trkpt lat="44.247697" lon="21.096445">
        <ele>100.574134</ele>
        <time>2026-08-07T17:10:07.642Z</time>
      </trkpt>
      <trkpt lat="44.247561" lon="21.096425">
        <ele>100.654890</ele>
        <time>2026-08-07T17:10:11.019Z</time>
      </trkpt>
      <trkpt lat="44.247385" lon="21.096400">
        <ele>100.759359</ele>
        <time>2026-08-07T17:10:15.401Z</time>
      </trkpt>
      <trkpt lat="44.246588" lon="21.096283">
        <ele>101.232605</ele>
        <time>2026-08-07T17:10:35.174Z</time>
      </trkpt>
      <trkpt lat="44.244976" lon="21.096066">
        <ele>102.225793</ele>
        <time>2026-08-07T17:11:15.394Z</time>
      </trkpt>
      <trkpt lat="44.244568" lon="21.096011">
        <ele>102.479352</ele>
        <time>2026-08-07T17:11:25.648Z</time>
      </trkpt>
      <trkpt lat="44.242915" lon="21.095788">
        <ele>103.268851</ele>
        <time>2026-08-07T17:12:05.702Z</time>
      </trkpt>
      <trkpt lat="44.242633" lon="21.095750">
        <ele>103.404456</ele>
        <time>2026-08-07T17:12:12.318Z</time>
      </trkpt>
      <trkpt lat="44.241910" lon="21.095649">
        <ele>103.774831</ele>
        <time>2026-08-07T17:12:29.495Z</time>
      </trkpt>
      <trkpt lat="44.241835" lon="21.095638">
        <ele>103.813271</ele>
        <time>2026-08-07T17:12:31.285Z</time>
      </trkpt>
      <trkpt lat="44.239788" lon="21.095351">
        <ele>104.979336</ele>
        <time>2026-08-07T17:13:22.373Z</time>
      </trkpt>
      <trkpt lat="44.239715" lon="21.095340">
        <ele>105.024390</ele>
        <time>2026-08-07T17:13:24.175Z</time>
      </trkpt>
      <trkpt lat="44.239596" lon="21.095324">
        <ele>105.097748</ele>
        <time>2026-08-07T17:13:27.122Z</time>
      </trkpt>
      <trkpt lat="44.239464" lon="21.095305">
        <ele>105.179174</ele>
        <time>2026-08-07T17:13:30.414Z</time>
      </trkpt>
      <trkpt lat="44.239324" lon="21.095283">
        <ele>105.265622</ele>
        <time>2026-08-07T17:13:33.888Z</time>
      </trkpt>
      <trkpt lat="44.238181" lon="21.095104">
        <ele>105.803269</ele>
        <time>2026-08-07T17:14:02.006Z</time>
      </trkpt>
      <trkpt lat="44.237649" lon="21.095066">
        <ele>106.035697</ele>
        <time>2026-08-07T17:14:14.686Z</time>
      </trkpt>
      <trkpt lat="44.236542" lon="21.094987">
        <ele>106.077189</ele>
        <time>2026-08-07T17:14:40.314Z</time>
      </trkpt>
      <trkpt lat="44.236148" lon="21.094959">
        <ele>106.028728</ele>
        <time>2026-08-07T17:14:48.672Z</time>
      </trkpt>
      <trkpt lat="44.236064" lon="21.094892">
        <ele>106.016844</ele>
        <time>2026-08-07T17:14:50.672Z</time>
      </trkpt>
      <trkpt lat="44.235993" lon="21.094946">
        <ele>106.006912</ele>
        <time>2026-08-07T17:14:52.389Z</time>
      </trkpt>
      <trkpt lat="44.235704" lon="21.094929">
        <ele>105.971380</ele>
        <time>2026-08-07T17:14:58.368Z</time>
      </trkpt>
      <trkpt lat="44.235489" lon="21.094916">
        <ele>105.906633</ele>
        <time>2026-08-07T17:15:02.775Z</time>
      </trkpt>
      <trkpt lat="44.234359" lon="21.094846">
        <ele>105.136581</ele>
        <time>2026-08-07T17:15:25.192Z</time>
      </trkpt>
      <trkpt lat="44.234021" lon="21.094826">
        <ele>104.906267</ele>
        <time>2026-08-07T17:15:32.007Z</time>
      </trkpt>
      <trkpt lat="44.233105" lon="21.094770">
        <ele>104.384586</ele>
        <time>2026-08-07T17:15:50.625Z</time>
      </trkpt>
      <trkpt lat="44.232577" lon="21.094738">
        <ele>104.107345</ele>
        <time>2026-08-07T17:16:01.263Z</time>
      </trkpt>
      <trkpt lat="44.231194" lon="21.094646">
        <ele>103.742431</ele>
        <time>2026-08-07T17:16:30.349Z</time>
      </trkpt>
      <trkpt lat="44.230505" lon="21.094601">
        <ele>103.704030</ele>
        <time>2026-08-07T17:16:45.954Z</time>
      </trkpt>
      <trkpt lat="44.229605" lon="21.094542">
        <ele>103.792892</ele>
        <time>2026-08-07T17:17:07.034Z</time>
      </trkpt>
      <trkpt lat="44.229000" lon="21.094492">
        <ele>103.908847</ele>
        <time>2026-08-07T17:17:21.094Z</time>
      </trkpt>
      <trkpt lat="44.228352" lon="21.094333">
        <ele>104.018126</ele>
        <time>2026-08-07T17:17:36.372Z</time>
      </trkpt>
      <trkpt lat="44.227621" lon="21.094128">
        <ele>103.721864</ele>
        <time>2026-08-07T17:17:52.451Z</time>
      </trkpt>
      <trkpt lat="44.226344" lon="21.093756">
        <ele>103.186646</ele>
        <time>2026-08-07T17:18:18.540Z</time>
      </trkpt>
      <trkpt lat="44.225333" lon="21.093501">
        <ele>102.716433</ele>
        <time>2026-08-07T17:18:39.646Z</time>
      </trkpt>
      <trkpt lat="44.224939" lon="21.093526">
        <ele>102.535920</ele>
        <time>2026-08-07T17:18:48.130Z</time>
      </trkpt>
      <trkpt lat="44.224567" lon="21.093636">
        <ele>102.444100</ele>
        <time>2026-08-07T17:18:56.225Z</time>
      </trkpt>
      <trkpt lat="44.223009" lon="21.094116">
        <ele>102.209233</ele>
        <time>2026-08-07T17:19:30.547Z</time>
      </trkpt>
      <trkpt lat="44.222875" lon="21.094158">
        <ele>102.241214</ele>
        <time>2026-08-07T17:19:33.692Z</time>
      </trkpt>
      <trkpt lat="44.222685" lon="21.094216">
        <ele>102.286505</ele>
        <time>2026-08-07T17:19:38.146Z</time>
      </trkpt>
      <trkpt lat="44.222651" lon="21.094227">
        <ele>102.294632</ele>
        <time>2026-08-07T17:19:38.939Z</time>
      </trkpt>
      <trkpt lat="44.222362" lon="21.094321">
        <ele>102.363734</ele>
        <time>2026-08-07T17:19:45.880Z</time>
      </trkpt>
      <trkpt lat="44.222307" lon="21.094341">
        <ele>102.376970</ele>
        <time>2026-08-07T17:19:47.223Z</time>
      </trkpt>
      <trkpt lat="44.221406" lon="21.094651">
        <ele>102.593065</ele>
        <time>2026-08-07T17:20:09.261Z</time>
      </trkpt>
      <trkpt lat="44.221204" lon="21.094697">
        <ele>102.649351</ele>
        <time>2026-08-07T17:20:14.103Z</time>
      </trkpt>
      <trkpt lat="44.221023" lon="21.094702">
        <ele>102.703135</ele>
        <time>2026-08-07T17:20:18.318Z</time>
      </trkpt>
      <trkpt lat="44.219388" lon="21.094390">
        <ele>103.282413</ele>
        <time>2026-08-07T17:20:56.684Z</time>
      </trkpt>
      <trkpt lat="44.217917" lon="21.094095">
        <ele>104.516446</ele>
        <time>2026-08-07T17:21:34.281Z</time>
      </trkpt>
      <trkpt lat="44.215849" lon="21.093679">
        <ele>107.408254</ele>
        <time>2026-08-07T17:22:33.610Z</time>
      </trkpt>
      <trkpt lat="44.215427" lon="21.093594">
        <ele>107.870957</ele>
        <time>2026-08-07T17:22:45.476Z</time>
      </trkpt>
      <trkpt lat="44.215088" lon="21.093512">
        <ele>108.244329</ele>
        <time>2026-08-07T17:22:54.855Z</time>
      </trkpt>
      <trkpt lat="44.214783" lon="21.093419">
        <ele>108.583127</ele>
        <time>2026-08-07T17:23:03.273Z</time>
      </trkpt>
      <trkpt lat="44.214596" lon="21.093339">
        <ele>108.795386</ele>
        <time>2026-08-07T17:23:08.500Z</time>
      </trkpt>
      <trkpt lat="44.213494" lon="21.092700">
        <ele>109.092737</ele>
        <time>2026-08-07T17:23:37.097Z</time>
      </trkpt>
      <trkpt lat="44.213273" lon="21.092571">
        <ele>109.060553</ele>
        <time>2026-08-07T17:23:42.246Z</time>
      </trkpt>
      <trkpt lat="44.213211" lon="21.092624">
        <ele>109.050784</ele>
        <time>2026-08-07T17:23:43.770Z</time>
      </trkpt>
      <trkpt lat="44.211596" lon="21.092654">
        <ele>108.095447</ele>
        <time>2026-08-07T17:24:17.077Z</time>
      </trkpt>
      <trkpt lat="44.210571" lon="21.092501">
        <ele>107.106304</ele>
        <time>2026-08-07T17:24:37.874Z</time>
      </trkpt>
      <trkpt lat="44.210347" lon="21.092517">
        <ele>106.842631</ele>
        <time>2026-08-07T17:24:42.227Z</time>
      </trkpt>
      <trkpt lat="44.210205" lon="21.092542">
        <ele>106.674376</ele>
        <time>2026-08-07T17:24:45.013Z</time>
      </trkpt>
      <trkpt lat="44.209446" lon="21.092857">
        <ele>105.743475</ele>
        <time>2026-08-07T17:25:00.352Z</time>
      </trkpt>
      <trkpt lat="44.208417" lon="21.092692">
        <ele>104.999119</ele>
        <time>2026-08-07T17:25:21.565Z</time>
      </trkpt>
      <trkpt lat="44.207703" lon="21.092725">
        <ele>104.746789</ele>
        <time>2026-08-07T17:25:37.465Z</time>
      </trkpt>
      <trkpt lat="44.206665" lon="21.092252">
        <ele>104.738020</ele>
        <time>2026-08-07T17:26:03.118Z</time>
      </trkpt>
      <trkpt lat="44.205857" lon="21.091931">
        <ele>104.984237</ele>
        <time>2026-08-07T17:26:24.339Z</time>
      </trkpt>
      <trkpt lat="44.205327" lon="21.091756">
        <ele>105.104120</ele>
        <time>2026-08-07T17:26:37.903Z</time>
      </trkpt>
      <trkpt lat="44.204967" lon="21.091676">
        <ele>105.125420</ele>
        <time>2026-08-07T17:26:46.448Z</time>
      </trkpt>
      <trkpt lat="44.203987" lon="21.091576">
        <ele>105.182835</ele>
        <time>2026-08-07T17:27:08.307Z</time>
      </trkpt>
      <trkpt lat="44.203558" lon="21.091579">
        <ele>105.256095</ele>
        <time>2026-08-07T17:27:18.629Z</time>
      </trkpt>
      <trkpt lat="44.203298" lon="21.091615">
        <ele>105.357097</ele>
        <time>2026-08-07T17:27:25.436Z</time>
      </trkpt>
      <trkpt lat="44.201981" lon="21.092137">
        <ele>105.886358</ele>
        <time>2026-08-07T17:28:00.657Z</time>
      </trkpt>
      <trkpt lat="44.201259" lon="21.092391">
        <ele>105.414513</ele>
        <time>2026-08-07T17:28:16.343Z</time>
      </trkpt>
      <trkpt lat="44.201057" lon="21.092489">
        <ele>105.272543</ele>
        <time>2026-08-07T17:28:20.536Z</time>
      </trkpt>
      <trkpt lat="44.200843" lon="21.092529">
        <ele>105.129216</ele>
        <time>2026-08-07T17:28:24.713Z</time>
      </trkpt>
      <trkpt lat="44.200312" lon="21.092658">
        <ele>104.771422</ele>
        <time>2026-08-07T17:28:35.360Z</time>
      </trkpt>
      <trkpt lat="44.200028" lon="21.092787">
        <ele>104.828842</ele>
        <time>2026-08-07T17:28:41.639Z</time>
      </trkpt>
      <trkpt lat="44.199023" lon="21.093575">
        <ele>105.598412</ele>
        <time>2026-08-07T17:29:11.795Z</time>
      </trkpt>
      <trkpt lat="44.198512" lon="21.093888">
        <ele>106.068423</ele>
        <time>2026-08-07T17:29:28.286Z</time>
      </trkpt>
      <trkpt lat="44.198425" lon="21.093801">
        <ele>106.239818</ele>
        <time>2026-08-07T17:29:31.508Z</time>
      </trkpt>
      <trkpt lat="44.198323" lon="21.093767">
        <ele>106.407728</ele>
        <time>2026-08-07T17:29:34.639Z</time>
      </trkpt>
      <trkpt lat="44.198008" lon="21.093856">
        <ele>106.922316</ele>
        <time>2026-08-07T17:29:44.326Z</time>
      </trkpt>
      <trkpt lat="44.197041" lon="21.094529">
        <ele>108.652607</ele>
        <time>2026-08-07T17:30:16.371Z</time>
      </trkpt>
      <trkpt lat="44.196834" lon="21.094621">
        <ele>108.873955</ele>
        <time>2026-08-07T17:30:22.911Z</time>
      </trkpt>
      <trkpt lat="44.196272" lon="21.094627">
        <ele>109.254981</ele>
        <time>2026-08-07T17:30:38.729Z</time>
      </trkpt>
      <trkpt lat="44.195866" lon="21.094497">
        <ele>109.537394</ele>
        <time>2026-08-07T17:30:50.014Z</time>
      </trkpt>
      <trkpt lat="44.195762" lon="21.094494">
        <ele>109.607917</ele>
        <time>2026-08-07T17:30:52.727Z</time>
      </trkpt>
      <trkpt lat="44.195668" lon="21.094536">
        <ele>109.674836</ele>
        <time>2026-08-07T17:30:55.235Z</time>
      </trkpt>
      <trkpt lat="44.195590" lon="21.094661">
        <ele>109.755385</ele>
        <time>2026-08-07T17:30:58.043Z</time>
      </trkpt>
      <trkpt lat="44.195462" lon="21.094563">
        <ele>109.854379</ele>
        <time>2026-08-07T17:31:01.502Z</time>
      </trkpt>
      <trkpt lat="44.195390" lon="21.094552">
        <ele>109.903484</ele>
        <time>2026-08-07T17:31:03.156Z</time>
      </trkpt>
      <trkpt lat="44.195214" lon="21.094732">
        <ele>109.905771</ele>
        <time>2026-08-07T17:31:07.902Z</time>
      </trkpt>
      <trkpt lat="44.193926" lon="21.095442">
        <ele>108.161649</ele>
        <time>2026-08-07T17:31:34.519Z</time>
      </trkpt>
      <trkpt lat="44.193587" lon="21.095705">
        <ele>107.680454</ele>
        <time>2026-08-07T17:31:41.948Z</time>
      </trkpt>
      <trkpt lat="44.193398" lon="21.095858">
        <ele>107.437642</ele>
        <time>2026-08-07T17:31:46.165Z</time>
      </trkpt>
      <trkpt lat="44.192382" lon="21.096841">
        <ele>106.063706</ele>
        <time>2026-08-07T17:32:10.810Z</time>
      </trkpt>
      <trkpt lat="44.192092" lon="21.097187">
        <ele>105.708883</ele>
        <time>2026-08-07T17:32:18.669Z</time>
      </trkpt>
      <trkpt lat="44.191867" lon="21.097525">
        <ele>105.603147</ele>
        <time>2026-08-07T17:32:25.614Z</time>
      </trkpt>
      <trkpt lat="44.191768" lon="21.097489">
        <ele>105.570434</ele>
        <time>2026-08-07T17:32:27.812Z</time>
      </trkpt>
      <trkpt lat="44.191576" lon="21.097587">
        <ele>105.505062</ele>
        <time>2026-08-07T17:32:32.237Z</time>
      </trkpt>
      <trkpt lat="44.191374" lon="21.097615">
        <ele>105.440156</ele>
        <time>2026-08-07T17:32:36.731Z</time>
      </trkpt>
      <trkpt lat="44.191282" lon="21.097589">
        <ele>105.410142</ele>
        <time>2026-08-07T17:32:38.831Z</time>
      </trkpt>
      <trkpt lat="44.191084" lon="21.097424">
        <ele>105.336393</ele>
        <time>2026-08-07T17:32:44.087Z</time>
      </trkpt>
      <trkpt lat="44.190955" lon="21.097410">
        <ele>105.295021</ele>
        <time>2026-08-07T17:32:47.009Z</time>
      </trkpt>
      <trkpt lat="44.190263" lon="21.097597">
        <ele>105.216151</ele>
        <time>2026-08-07T17:33:03.523Z</time>
      </trkpt>
      <trkpt lat="44.190158" lon="21.097598">
        <ele>105.235981</ele>
        <time>2026-08-07T17:33:06.101Z</time>
      </trkpt>
      <trkpt lat="44.189932" lon="21.097813">
        <ele>105.287647</ele>
        <time>2026-08-07T17:33:12.872Z</time>
      </trkpt>
      <trkpt lat="44.189739" lon="21.098042">
        <ele>105.335502</ele>
        <time>2026-08-07T17:33:19.118Z</time>
      </trkpt>
      <trkpt lat="44.189469" lon="21.098445">
        <ele>105.410189</ele>
        <time>2026-08-07T17:33:28.628Z</time>
      </trkpt>
      <trkpt lat="44.189243" lon="21.098641">
        <ele>105.460450</ele>
        <time>2026-08-07T17:33:34.884Z</time>
      </trkpt>
      <trkpt lat="44.189040" lon="21.098755">
        <ele>105.501949</ele>
        <time>2026-08-07T17:33:39.934Z</time>
      </trkpt>
      <trkpt lat="44.188988" lon="21.098984">
        <ele>105.550393</ele>
        <time>2026-08-07T17:33:43.866Z</time>
      </trkpt>
      <trkpt lat="44.187935" lon="21.099275">
        <ele>105.852318</ele>
        <time>2026-08-07T17:34:09.181Z</time>
      </trkpt>
      <trkpt lat="44.187075" lon="21.099031">
        <ele>106.181024</ele>
        <time>2026-08-07T17:34:31.911Z</time>
      </trkpt>
      <trkpt lat="44.186751" lon="21.098880">
        <ele>106.362756</ele>
        <time>2026-08-07T17:34:40.906Z</time>
      </trkpt>
      <trkpt lat="44.186506" lon="21.098813">
        <ele>106.495574</ele>
        <time>2026-08-07T17:34:47.380Z</time>
      </trkpt>
      <trkpt lat="44.186337" lon="21.098813">
        <ele>106.585479</ele>
        <time>2026-08-07T17:34:51.720Z</time>
      </trkpt>
      <trkpt lat="44.186343" lon="21.098929">
        <ele>106.629845</ele>
        <time>2026-08-07T17:34:53.833Z</time>
      </trkpt>
      <trkpt lat="44.185935" lon="21.099160">
        <ele>106.864100</ele>
        <time>2026-08-07T17:35:04.834Z</time>
      </trkpt>
      <trkpt lat="44.185743" lon="21.099199">
        <ele>106.966475</ele>
        <time>2026-08-07T17:35:09.538Z</time>
      </trkpt>
      <trkpt lat="44.185299" lon="21.099138">
        <ele>107.140438</ele>
        <time>2026-08-07T17:35:20.017Z</time>
      </trkpt>
      <trkpt lat="44.185297" lon="21.099046">
        <ele>107.166174</ele>
        <time>2026-08-07T17:35:21.557Z</time>
      </trkpt>
      <trkpt lat="44.184789" lon="21.099079">
        <ele>107.364469</ele>
        <time>2026-08-07T17:35:33.588Z</time>
      </trkpt>
      <trkpt lat="44.184319" lon="21.098994">
        <ele>107.549267</ele>
        <time>2026-08-07T17:35:45.179Z</time>
      </trkpt>
      <trkpt lat="44.183552" lon="21.098962">
        <ele>108.291861</ele>
        <time>2026-08-07T17:36:05.963Z</time>
      </trkpt>
      <trkpt lat="44.183455" lon="21.098984">
        <ele>108.423034</ele>
        <time>2026-08-07T17:36:08.774Z</time>
      </trkpt>
      <trkpt lat="44.183143" lon="21.098084">
        <ele>109.379875</ele>
        <time>2026-08-07T17:36:29.947Z</time>
      </trkpt>
      <trkpt lat="44.183077" lon="21.097950">
        <ele>109.535477</ele>
        <time>2026-08-07T17:36:33.432Z</time>
      </trkpt>
      <trkpt lat="44.182931" lon="21.097735">
        <ele>109.818899</ele>
        <time>2026-08-07T17:36:39.757Z</time>
      </trkpt>
      <trkpt lat="44.182597" lon="21.097331">
        <ele>110.307410</ele>
        <time>2026-08-07T17:36:52.595Z</time>
      </trkpt>
      <trkpt lat="44.182259" lon="21.096739">
        <ele>110.816948</ele>
        <time>2026-08-07T17:37:07.591Z</time>
      </trkpt>
      <trkpt lat="44.182151" lon="21.096633">
        <ele>110.940958</ele>
        <time>2026-08-07T17:37:11.100Z</time>
      </trkpt>
      <trkpt lat="44.182079" lon="21.096861">
        <ele>111.108711</ele>
        <time>2026-08-07T17:37:15.821Z</time>
      </trkpt>
      <trkpt lat="44.181998" lon="21.096947">
        <ele>111.204304</ele>
        <time>2026-08-07T17:37:18.501Z</time>
      </trkpt>
      <trkpt lat="44.181879" lon="21.096310">
        <ele>111.647552</ele>
        <time>2026-08-07T17:37:30.385Z</time>
      </trkpt>
      <trkpt lat="44.181793" lon="21.096040">
        <ele>111.758288</ele>
        <time>2026-08-07T17:37:35.503Z</time>
      </trkpt>
      <trkpt lat="44.181316" lon="21.095299">
        <ele>111.781437</ele>
        <time>2026-08-07T17:37:51.934Z</time>
      </trkpt>
      <trkpt lat="44.180720" lon="21.095987">
        <ele>111.806519</ele>
        <time>2026-08-07T17:38:09.358Z</time>
      </trkpt>
      <trkpt lat="44.180621" lon="21.096084">
        <ele>111.810441</ele>
        <time>2026-08-07T17:38:12.021Z</time>
      </trkpt>
      <trkpt lat="44.180508" lon="21.096124">
        <ele>111.808365</ele>
        <time>2026-08-07T17:38:14.551Z</time>
      </trkpt>
      <trkpt lat="44.179684" lon="21.096190">
        <ele>111.634020</ele>
        <time>2026-08-07T17:38:32.752Z</time>
      </trkpt>
      <trkpt lat="44.179085" lon="21.096335">
        <ele>111.505598</ele>
        <time>2026-08-07T17:38:46.594Z</time>
      </trkpt>
      <trkpt lat="44.178641" lon="21.096499">
        <ele>111.378298</ele>
        <time>2026-08-07T17:38:56.968Z</time>
      </trkpt>
      <trkpt lat="44.178534" lon="21.096565">
        <ele>111.323569</ele>
        <time>2026-08-07T17:38:59.601Z</time>
      </trkpt>
      <trkpt lat="44.178343" lon="21.096688">
        <ele>111.225158</ele>
        <time>2026-08-07T17:39:04.374Z</time>
      </trkpt>
      <trkpt lat="44.178114" lon="21.096776">
        <ele>111.114046</ele>
        <time>2026-08-07T17:39:09.674Z</time>
      </trkpt>
      <trkpt lat="44.177683" lon="21.096643">
        <ele>110.907561</ele>
        <time>2026-08-07T17:39:19.115Z</time>
      </trkpt>
      <trkpt lat="44.177317" lon="21.096624">
        <ele>110.736241</ele>
        <time>2026-08-07T17:39:26.537Z</time>
      </trkpt>
      <trkpt lat="44.177110" lon="21.096653">
        <ele>110.638926</ele>
        <time>2026-08-07T17:39:30.735Z</time>
      </trkpt>
      <trkpt lat="44.176735" lon="21.096829">
        <ele>110.631963</ele>
        <time>2026-08-07T17:39:39.210Z</time>
      </trkpt>
      <trkpt lat="44.176349" lon="21.097103">
        <ele>110.690260</ele>
        <time>2026-08-07T17:39:49.225Z</time>
      </trkpt>
      <trkpt lat="44.176248" lon="21.097136">
        <ele>110.704222</ele>
        <time>2026-08-07T17:39:51.729Z</time>
      </trkpt>
      <trkpt lat="44.176220" lon="21.097137">
        <ele>110.707991</ele>
        <time>2026-08-07T17:39:52.419Z</time>
      </trkpt>
      <trkpt lat="44.175240" lon="21.097028">
        <ele>110.794068</ele>
        <time>2026-08-07T17:40:17.438Z</time>
      </trkpt>
      <trkpt lat="44.175008" lon="21.097035">
        <ele>110.587179</ele>
        <time>2026-08-07T17:40:23.438Z</time>
      </trkpt>
      <trkpt lat="44.174622" lon="21.097023">
        <ele>110.242954</ele>
        <time>2026-08-07T17:40:32.528Z</time>
      </trkpt>
      <trkpt lat="44.173701" lon="21.096888">
        <ele>109.417307</ele>
        <time>2026-08-07T17:40:50.491Z</time>
      </trkpt>
      <trkpt lat="44.172798" lon="21.096811">
        <ele>107.780414</ele>
        <time>2026-08-07T17:41:06.908Z</time>
      </trkpt>
      <trkpt lat="44.171564" lon="21.096811">
        <ele>105.305235</ele>
        <time>2026-08-07T17:41:29.373Z</time>
      </trkpt>
      <trkpt lat="44.171365" lon="21.096855">
        <ele>105.036934</ele>
        <time>2026-08-07T17:41:33.112Z</time>
      </trkpt>
      <trkpt lat="44.170672" lon="21.097261">
        <ele>104.035970</ele>
        <time>2026-08-07T17:41:47.375Z</time>
      </trkpt>
      <trkpt lat="44.169895" lon="21.097639">
        <ele>103.101675</ele>
        <time>2026-08-07T17:42:04.298Z</time>
      </trkpt>
      <trkpt lat="44.169413" lon="21.097901">
        <ele>103.185325</ele>
        <time>2026-08-07T17:42:16.519Z</time>
      </trkpt>
      <trkpt lat="44.168807" lon="21.098293">
        <ele>103.293343</ele>
        <time>2026-08-07T17:42:32.974Z</time>
      </trkpt>
      <trkpt lat="44.168409" lon="21.098441">
        <ele>103.359946</ele>
        <time>2026-08-07T17:42:43.265Z</time>
      </trkpt>
      <trkpt lat="44.167708" lon="21.098492">
        <ele>103.997961</ele>
        <time>2026-08-07T17:43:01.059Z</time>
      </trkpt>
      <trkpt lat="44.167318" lon="21.098465">
        <ele>104.397521</ele>
        <time>2026-08-07T17:43:10.885Z</time>
      </trkpt>
      <trkpt lat="44.166082" lon="21.098188">
        <ele>106.509925</ele>
        <time>2026-08-07T17:43:47.684Z</time>
      </trkpt>
      <trkpt lat="44.165330" lon="21.098089">
        <ele>108.670701</ele>
        <time>2026-08-07T17:44:15.025Z</time>
      </trkpt>
      <trkpt lat="44.164087" lon="21.098215">
        <ele>112.011047</ele>
        <time>2026-08-07T17:45:01.452Z</time>
      </trkpt>
      <trkpt lat="44.163271" lon="21.098508">
        <ele>114.132514</ele>
        <time>2026-08-07T17:45:26.686Z</time>
      </trkpt>
      <trkpt lat="44.162736" lon="21.098578">
        <ele>115.379184</ele>
        <time>2026-08-07T17:45:43.734Z</time>
      </trkpt>
      <trkpt lat="44.161541" lon="21.098338">
        <ele>117.877471</ele>
        <time>2026-08-07T17:46:25.152Z</time>
      </trkpt>
      <trkpt lat="44.161367" lon="21.098326">
        <ele>118.237961</ele>
        <time>2026-08-07T17:46:30.610Z</time>
      </trkpt>
      <trkpt lat="44.160952" lon="21.098375">
        <ele>118.295617</ele>
        <time>2026-08-07T17:46:41.358Z</time>
      </trkpt>
      <trkpt lat="44.160869" lon="21.098308">
        <ele>118.167579</ele>
        <time>2026-08-07T17:46:43.497Z</time>
      </trkpt>
      <trkpt lat="44.160376" lon="21.098598">
        <ele>117.453252</ele>
        <time>2026-08-07T17:46:53.186Z</time>
      </trkpt>
      <trkpt lat="44.159916" lon="21.098875">
        <ele>116.784329</ele>
        <time>2026-08-07T17:47:01.548Z</time>
      </trkpt>
      <trkpt lat="44.159804" lon="21.098945">
        <ele>116.620474</ele>
        <time>2026-08-07T17:47:03.591Z</time>
      </trkpt>
      <trkpt lat="44.159121" lon="21.099377">
        <ele>116.071945</ele>
        <time>2026-08-07T17:47:16.944Z</time>
      </trkpt>
      <trkpt lat="44.158943" lon="21.099493">
        <ele>116.010688</ele>
        <time>2026-08-07T17:47:20.834Z</time>
      </trkpt>
      <trkpt lat="44.158845" lon="21.099557">
        <ele>115.976950</ele>
        <time>2026-08-07T17:47:23.067Z</time>
      </trkpt>
      <trkpt lat="44.158495" lon="21.099785">
        <ele>115.856509</ele>
        <time>2026-08-07T17:47:31.459Z</time>
      </trkpt>
      <trkpt lat="44.158446" lon="21.099827">
        <ele>115.838577</ele>
        <time>2026-08-07T17:47:32.765Z</time>
      </trkpt>
      <trkpt lat="44.156795" lon="21.101260">
        <ele>116.992586</ele>
        <time>2026-08-07T17:48:24.107Z</time>
      </trkpt>
      <trkpt lat="44.156123" lon="21.101842">
        <ele>117.388236</ele>
        <time>2026-08-07T17:48:45.190Z</time>
      </trkpt>
      <trkpt lat="44.155567" lon="21.102297">
        <ele>117.255696</ele>
        <time>2026-08-07T17:49:00.459Z</time>
      </trkpt>
      <trkpt lat="44.155208" lon="21.102477">
        <ele>117.177267</ele>
        <time>2026-08-07T17:49:08.100Z</time>
      </trkpt>
      <trkpt lat="44.154697" lon="21.102653">
        <ele>116.934538</ele>
        <time>2026-08-07T17:49:17.771Z</time>
      </trkpt>
      <trkpt lat="44.154482" lon="21.102705">
        <ele>116.539455</ele>
        <time>2026-08-07T17:49:21.727Z</time>
      </trkpt>
      <trkpt lat="44.154154" lon="21.102724">
        <ele>115.945086</ele>
        <time>2026-08-07T17:49:27.638Z</time>
      </trkpt>
      <trkpt lat="44.153435" lon="21.102625">
        <ele>114.636972</ele>
        <time>2026-08-07T17:49:40.472Z</time>
      </trkpt>
      <trkpt lat="44.153093" lon="21.102619">
        <ele>114.017719</ele>
        <time>2026-08-07T17:49:46.468Z</time>
      </trkpt>
      <trkpt lat="44.152817" lon="21.102684">
        <ele>113.418806</ele>
        <time>2026-08-07T17:49:51.337Z</time>
      </trkpt>
      <trkpt lat="44.152469" lon="21.102854">
        <ele>112.558267</ele>
        <time>2026-08-07T17:49:57.710Z</time>
      </trkpt>
      <trkpt lat="44.152187" lon="21.103051">
        <ele>111.822148</ele>
        <time>2026-08-07T17:50:03.121Z</time>
      </trkpt>
      <trkpt lat="44.151879" lon="21.103337">
        <ele>110.958478</ele>
        <time>2026-08-07T17:50:09.455Z</time>
      </trkpt>
      <trkpt lat="44.151011" lon="21.104400">
        <ele>108.663242</ele>
        <time>2026-08-07T17:50:29.144Z</time>
      </trkpt>
      <trkpt lat="44.150880" lon="21.104584">
        <ele>108.356293</ele>
        <time>2026-08-07T17:50:32.369Z</time>
      </trkpt>
      <trkpt lat="44.150547" lon="21.105128">
        <ele>107.509526</ele>
        <time>2026-08-07T17:50:41.609Z</time>
      </trkpt>
      <trkpt lat="44.150398" lon="21.105376">
        <ele>107.126491</ele>
        <time>2026-08-07T17:50:45.991Z</time>
      </trkpt>
      <trkpt lat="44.150153" lon="21.105768">
        <ele>106.729735</ele>
        <time>2026-08-07T17:50:53.453Z</time>
      </trkpt>
      <trkpt lat="44.149654" lon="21.106562">
        <ele>107.266764</ele>
        <time>2026-08-07T17:51:10.391Z</time>
      </trkpt>
      <trkpt lat="44.149487" lon="21.106741">
        <ele>107.416154</ele>
        <time>2026-08-07T17:51:15.855Z</time>
      </trkpt>
      <trkpt lat="44.149339" lon="21.106796">
        <ele>107.524767</ele>
        <time>2026-08-07T17:51:20.175Z</time>
      </trkpt>
      <trkpt lat="44.148658" lon="21.106882">
        <ele>107.992158</ele>
        <time>2026-08-07T17:51:40.897Z</time>
      </trkpt>
      <trkpt lat="44.148427" lon="21.106935">
        <ele>108.116867</ele>
        <time>2026-08-07T17:51:47.686Z</time>
      </trkpt>
      <trkpt lat="44.148334" lon="21.107005">
        <ele>108.173171</ele>
        <time>2026-08-07T17:51:50.681Z</time>
      </trkpt>
      <trkpt lat="44.148247" lon="21.107135">
        <ele>108.241118</ele>
        <time>2026-08-07T17:51:54.238Z</time>
      </trkpt>
      <trkpt lat="44.148212" lon="21.107248">
        <ele>108.288163</ele>
        <time>2026-08-07T17:51:56.676Z</time>
      </trkpt>
      <trkpt lat="44.148215" lon="21.107417">
        <ele>108.352779</ele>
        <time>2026-08-07T17:51:59.989Z</time>
      </trkpt>
      <trkpt lat="44.148277" lon="21.107814">
        <ele>108.508077</ele>
        <time>2026-08-07T17:52:07.705Z</time>
      </trkpt>
      <trkpt lat="44.148250" lon="21.108087">
        <ele>108.613412</ele>
        <time>2026-08-07T17:52:12.698Z</time>
      </trkpt>
      <trkpt lat="44.147997" lon="21.109268">
        <ele>108.229269</ele>
        <time>2026-08-07T17:52:29.561Z</time>
      </trkpt>
      <trkpt lat="44.147701" lon="21.109772">
        <ele>107.339765</ele>
        <time>2026-08-07T17:52:37.499Z</time>
      </trkpt>
      <trkpt lat="44.146976" lon="21.110740">
        <ele>105.454502</ele>
        <time>2026-08-07T17:52:54.723Z</time>
      </trkpt>
      <trkpt lat="44.146352" lon="21.111590">
        <ele>104.738386</ele>
        <time>2026-08-07T17:53:11.137Z</time>
      </trkpt>
      <trkpt lat="44.144458" lon="21.114175">
        <ele>103.799348</ele>
        <time>2026-08-07T17:54:08.853Z</time>
      </trkpt>
      <trkpt lat="44.141393" lon="21.118409">
        <ele>103.495082</ele>
        <time>2026-08-07T17:55:42.871Z</time>
      </trkpt>
      <trkpt lat="44.140911" lon="21.119018">
        <ele>103.603446</ele>
        <time>2026-08-07T17:55:58.275Z</time>
      </trkpt>
      <trkpt lat="44.139897" lon="21.120214">
        <ele>103.675374</ele>
        <time>2026-08-07T17:56:29.655Z</time>
      </trkpt>
      <trkpt lat="44.139074" lon="21.121156">
        <ele>103.653987</ele>
        <time>2026-08-07T17:56:52.088Z</time>
      </trkpt>
      <trkpt lat="44.138862" lon="21.121398">
        <ele>103.624252</ele>
        <time>2026-08-07T17:56:57.665Z</time>
      </trkpt>
      <trkpt lat="44.134026" lon="21.125689">
        <ele>103.219004</ele>
        <time>2026-08-07T17:59:03.834Z</time>
      </trkpt>
      <trkpt lat="44.133707" lon="21.125948">
        <ele>103.252259</ele>
        <time>2026-08-07T17:59:12.319Z</time>
      </trkpt>
      <trkpt lat="44.130652" lon="21.128636">
        <ele>103.728218</ele>
        <time>2026-08-07T18:00:35.084Z</time>
      </trkpt>
      <trkpt lat="44.130278" lon="21.128968">
        <ele>103.773232</ele>
        <time>2026-08-07T18:00:45.022Z</time>
      </trkpt>
      <trkpt lat="44.129902" lon="21.129302">
        <ele>103.798150</ele>
        <time>2026-08-07T18:00:54.956Z</time>
      </trkpt>
      <trkpt lat="44.129736" lon="21.129449">
        <ele>103.798379</ele>
        <time>2026-08-07T18:00:59.346Z</time>
      </trkpt>
      <trkpt lat="44.129222" lon="21.129906">
        <ele>103.799087</ele>
        <time>2026-08-07T18:01:12.813Z</time>
      </trkpt>
      <trkpt lat="44.128732" lon="21.130342">
        <ele>103.799762</ele>
        <time>2026-08-07T18:01:25.687Z</time>
      </trkpt>
      <trkpt lat="44.125873" lon="21.132875">
        <ele>103.903982</ele>
        <time>2026-08-07T18:02:41.147Z</time>
      </trkpt>
      <trkpt lat="44.124357" lon="21.134173">
        <ele>104.237244</ele>
        <time>2026-08-07T18:03:22.624Z</time>
      </trkpt>
      <trkpt lat="44.123943" lon="21.134528">
        <ele>104.333628</ele>
        <time>2026-08-07T18:03:33.799Z</time>
      </trkpt>
      <trkpt lat="44.122259" lon="21.136012">
        <ele>104.327328</ele>
        <time>2026-08-07T18:04:17.888Z</time>
      </trkpt>
      <trkpt lat="44.119963" lon="21.138030">
        <ele>104.420194</ele>
        <time>2026-08-07T18:05:18.574Z</time>
      </trkpt>
      <trkpt lat="44.119306" lon="21.138624">
        <ele>104.479772</ele>
        <time>2026-08-07T18:05:36.197Z</time>
      </trkpt>
      <trkpt lat="44.119195" lon="21.138770">
        <ele>104.506103</ele>
        <time>2026-08-07T18:05:39.646Z</time>
      </trkpt>
      <trkpt lat="44.117732" lon="21.141175">
        <ele>104.872707</ele>
        <time>2026-08-07T18:06:31.728Z</time>
      </trkpt>
      <trkpt lat="44.116046" lon="21.143947">
        <ele>105.225986</ele>
        <time>2026-08-07T18:07:30.834Z</time>
      </trkpt>
      <trkpt lat="44.115069" lon="21.145542">
        <ele>105.489062</ele>
        <time>2026-08-07T18:08:05.452Z</time>
      </trkpt>
      <trkpt lat="44.113473" lon="21.148107">
        <ele>105.829933</ele>
        <time>2026-08-07T18:09:01.415Z</time>
      </trkpt>
      <trkpt lat="44.113407" lon="21.148216">
        <ele>105.821804</ele>
        <time>2026-08-07T18:09:03.688Z</time>
      </trkpt>
      <trkpt lat="44.112795" lon="21.149221">
        <ele>105.746668</ele>
        <time>2026-08-07T18:09:24.222Z</time>
      </trkpt>
      <trkpt lat="44.112491" lon="21.149722">
        <ele>105.709268</ele>
        <time>2026-08-07T18:09:34.553Z</time>
      </trkpt>
      <trkpt lat="44.112330" lon="21.149985">
        <ele>105.692529</ele>
        <time>2026-08-07T18:09:39.953Z</time>
      </trkpt>
      <trkpt lat="44.112008" lon="21.150512">
        <ele>105.670119</ele>
        <time>2026-08-07T18:09:50.744Z</time>
      </trkpt>
      <trkpt lat="44.111190" lon="21.151849">
        <ele>105.674619</ele>
        <time>2026-08-07T18:10:18.330Z</time>
      </trkpt>
      <trkpt lat="44.110938" lon="21.152261">
        <ele>106.177266</ele>
        <time>2026-08-07T18:10:27.472Z</time>
      </trkpt>
      <trkpt lat="44.110544" lon="21.152912">
        <ele>106.968000</ele>
        <time>2026-08-07T18:10:43.540Z</time>
      </trkpt>
      <trkpt lat="44.108079" lon="21.156978">
        <ele>114.142038</ele>
        <time>2026-08-07T18:12:43.700Z</time>
      </trkpt>
      <trkpt lat="44.107768" lon="21.157399">
        <ele>114.847779</ele>
        <time>2026-08-07T18:12:53.898Z</time>
      </trkpt>
      <trkpt lat="44.106311" lon="21.159062">
        <ele>115.592909</ele>
        <time>2026-08-07T18:13:34.840Z</time>
      </trkpt>
      <trkpt lat="44.106229" lon="21.159159">
        <ele>115.790800</ele>
        <time>2026-08-07T18:13:38.408Z</time>
      </trkpt>
      <trkpt lat="44.105923" lon="21.159614">
        <ele>116.686237</ele>
        <time>2026-08-07T18:13:53.570Z</time>
      </trkpt>
      <trkpt lat="44.105636" lon="21.160099">
        <ele>117.588960</ele>
        <time>2026-08-07T18:14:08.759Z</time>
      </trkpt>
      <trkpt lat="44.105355" lon="21.160505">
        <ele>118.398929</ele>
        <time>2026-08-07T18:14:22.724Z</time>
      </trkpt>
      <trkpt lat="44.105002" lon="21.160908">
        <ele>119.158742</ele>
        <time>2026-08-07T18:14:36.185Z</time>
      </trkpt>
      <trkpt lat="44.104256" lon="21.161568">
        <ele>118.625063</ele>
        <time>2026-08-07T18:14:54.020Z</time>
      </trkpt>
      <trkpt lat="44.103181" lon="21.162295">
        <ele>117.191338</ele>
        <time>2026-08-07T18:15:16.552Z</time>
      </trkpt>
      <trkpt lat="44.102771" lon="21.162558">
        <ele>115.970746</ele>
        <time>2026-08-07T18:15:23.911Z</time>
      </trkpt>
      <trkpt lat="44.102537" lon="21.162668">
        <ele>115.302936</ele>
        <time>2026-08-07T18:15:27.855Z</time>
      </trkpt>
      <trkpt lat="44.102413" lon="21.162717">
        <ele>114.954405</ele>
        <time>2026-08-07T18:15:29.903Z</time>
      </trkpt>
      <trkpt lat="44.101860" lon="21.162896">
        <ele>113.419240</ele>
        <time>2026-08-07T18:15:39.113Z</time>
      </trkpt>
      <trkpt lat="44.101264" lon="21.163082">
        <ele>112.181240</ele>
        <time>2026-08-07T18:15:49.636Z</time>
      </trkpt>
      <trkpt lat="44.101120" lon="21.163120">
        <ele>111.895898</ele>
        <time>2026-08-07T18:15:52.216Z</time>
      </trkpt>
      <trkpt lat="44.100918" lon="21.163174">
        <ele>111.495445</ele>
        <time>2026-08-07T18:15:55.799Z</time>
      </trkpt>
      <trkpt lat="44.100800" lon="21.163206">
        <ele>111.261396</ele>
        <time>2026-08-07T18:15:57.943Z</time>
      </trkpt>
      <trkpt lat="44.100524" lon="21.163280">
        <ele>110.714185</ele>
        <time>2026-08-07T18:16:03.062Z</time>
      </trkpt>
      <trkpt lat="44.100362" lon="21.163322">
        <ele>110.393369</ele>
        <time>2026-08-07T18:16:06.162Z</time>
      </trkpt>
      <trkpt lat="44.099786" lon="21.163474">
        <ele>109.415352</ele>
        <time>2026-08-07T18:16:17.431Z</time>
      </trkpt>
      <trkpt lat="44.099095" lon="21.163658">
        <ele>108.501419</ele>
        <time>2026-08-07T18:16:29.586Z</time>
      </trkpt>
      <trkpt lat="44.098821" lon="21.163733">
        <ele>108.138658</ele>
        <time>2026-08-07T18:16:34.619Z</time>
      </trkpt>
      <trkpt lat="44.098664" lon="21.163776">
        <ele>107.930794</ele>
        <time>2026-08-07T18:16:37.685Z</time>
      </trkpt>
      <trkpt lat="44.097403" lon="21.164134">
        <ele>108.276311</ele>
        <time>2026-08-07T18:17:05.659Z</time>
      </trkpt>
      <trkpt lat="44.096798" lon="21.164306">
        <ele>108.884522</ele>
        <time>2026-08-07T18:17:22.323Z</time>
      </trkpt>
      <trkpt lat="44.096480" lon="21.164396">
        <ele>109.280486</ele>
        <time>2026-08-07T18:17:32.801Z</time>
      </trkpt>
      <trkpt lat="44.095578" lon="21.164652">
        <ele>112.831680</ele>
        <time>2026-08-07T18:18:08.508Z</time>
      </trkpt>
      <trkpt lat="44.094491" lon="21.165017">
        <ele>116.480914</ele>
        <time>2026-08-07T18:18:54.507Z</time>
      </trkpt>
      <trkpt lat="44.092891" lon="21.165631">
        <ele>118.515609</ele>
        <time>2026-08-07T18:19:35.792Z</time>
      </trkpt>
      <trkpt lat="44.092182" lon="21.165991">
        <ele>118.169863</ele>
        <time>2026-08-07T18:19:50.567Z</time>
      </trkpt>
      <trkpt lat="44.090686" lon="21.166952">
        <ele>117.690739</ele>
        <time>2026-08-07T18:20:23.894Z</time>
      </trkpt>
      <trkpt lat="44.090221" lon="21.167327">
        <ele>117.647143</ele>
        <time>2026-08-07T18:20:36.262Z</time>
      </trkpt>
      <trkpt lat="44.089254" lon="21.168434">
        <ele>117.128327</ele>
        <time>2026-08-07T18:21:06.135Z</time>
      </trkpt>
      <trkpt lat="44.088048" lon="21.170161">
        <ele>115.812119</ele>
        <time>2026-08-07T18:21:38.354Z</time>
      </trkpt>
      <trkpt lat="44.086264" lon="21.172478">
        <ele>114.595905</ele>
        <time>2026-08-07T18:22:27.416Z</time>
      </trkpt>
      <trkpt lat="44.085273" lon="21.174573">
        <ele>116.650409</ele>
        <time>2026-08-07T18:23:15.501Z</time>
      </trkpt>
      <trkpt lat="44.085061" lon="21.175064">
        <ele>117.320840</ele>
        <time>2026-08-07T18:23:29.412Z</time>
      </trkpt>
      <trkpt lat="44.084651" lon="21.176003">
        <ele>118.871002</ele>
        <time>2026-08-07T18:23:56.659Z</time>
      </trkpt>
      <trkpt lat="44.084046" lon="21.177163">
        <ele>120.937362</ele>
        <time>2026-08-07T18:24:28.838Z</time>
      </trkpt>
      <trkpt lat="44.083561" lon="21.177966">
        <ele>120.131372</ele>
        <time>2026-08-07T18:24:42.838Z</time>
      </trkpt>
      <trkpt lat="44.083450" lon="21.178141">
        <ele>119.899914</ele>
        <time>2026-08-07T18:24:45.944Z</time>
      </trkpt>
      <trkpt lat="44.083188" lon="21.178534">
        <ele>119.368335</ele>
        <time>2026-08-07T18:24:52.969Z</time>
      </trkpt>
      <trkpt lat="44.082530" lon="21.179358">
        <ele>117.771123</ele>
        <time>2026-08-07T18:25:08.024Z</time>
      </trkpt>
      <trkpt lat="44.082109" lon="21.179890">
        <ele>116.326589</ele>
        <time>2026-08-07T18:25:17.780Z</time>
      </trkpt>
      <trkpt lat="44.081761" lon="21.180327">
        <ele>115.135900</ele>
        <time>2026-08-07T18:25:25.603Z</time>
      </trkpt>
      <trkpt lat="44.081163" lon="21.181098">
        <ele>113.614220</ele>
        <time>2026-08-07T18:25:39.085Z</time>
      </trkpt>
      <trkpt lat="44.080871" lon="21.181389">
        <ele>113.224319</ele>
        <time>2026-08-07T18:25:45.790Z</time>
      </trkpt>
      <trkpt lat="44.080742" lon="21.181489">
        <ele>113.064007</ele>
        <time>2026-08-07T18:25:48.704Z</time>
      </trkpt>
      <trkpt lat="44.080518" lon="21.181588">
        <ele>112.808840</ele>
        <time>2026-08-07T18:25:53.416Z</time>
      </trkpt>
      <trkpt lat="44.080278" lon="21.181595">
        <ele>112.548207</ele>
        <time>2026-08-07T18:25:58.549Z</time>
      </trkpt>
      <trkpt lat="44.079816" lon="21.181531">
        <ele>112.085098</ele>
        <time>2026-08-07T18:26:08.608Z</time>
      </trkpt>
      <trkpt lat="44.079634" lon="21.181503">
        <ele>112.187613</ele>
        <time>2026-08-07T18:26:12.562Z</time>
      </trkpt>
      <trkpt lat="44.078764" lon="21.181353">
        <ele>112.678409</ele>
        <time>2026-08-07T18:26:35.131Z</time>
      </trkpt>
      <trkpt lat="44.078466" lon="21.181291">
        <ele>112.847099</ele>
        <time>2026-08-07T18:26:42.843Z</time>
      </trkpt>
      <trkpt lat="44.078367" lon="21.181265">
        <ele>112.903503</ele>
        <time>2026-08-07T18:26:45.510Z</time>
      </trkpt>
      <trkpt lat="44.078133" lon="21.181206">
        <ele>113.036641</ele>
        <time>2026-08-07T18:26:51.267Z</time>
      </trkpt>
      <trkpt lat="44.077365" lon="21.180781">
        <ele>113.081239</ele>
        <time>2026-08-07T18:27:10.606Z</time>
      </trkpt>
      <trkpt lat="44.077253" lon="21.180712">
        <ele>113.081744</ele>
        <time>2026-08-07T18:27:13.249Z</time>
      </trkpt>
      <trkpt lat="44.077106" lon="21.180623">
        <ele>113.082405</ele>
        <time>2026-08-07T18:27:16.728Z</time>
      </trkpt>
      <trkpt lat="44.076118" lon="21.180066">
        <ele>113.178259</ele>
        <time>2026-08-07T18:27:38.874Z</time>
      </trkpt>
      <trkpt lat="44.075800" lon="21.179946">
        <ele>113.279255</ele>
        <time>2026-08-07T18:27:46.518Z</time>
      </trkpt>
      <trkpt lat="44.075190" lon="21.179780">
        <ele>113.469779</ele>
        <time>2026-08-07T18:28:01.739Z</time>
      </trkpt>
      <trkpt lat="44.075137" lon="21.179768">
        <ele>113.486238</ele>
        <time>2026-08-07T18:28:03.015Z</time>
      </trkpt>
      <trkpt lat="44.074601" lon="21.179644">
        <ele>113.653256</ele>
        <time>2026-08-07T18:28:16.542Z</time>
      </trkpt>
      <trkpt lat="44.072911" lon="21.179247">
        <ele>114.193911</ele>
        <time>2026-08-07T18:28:58.130Z</time>
      </trkpt>
      <trkpt lat="44.071655" lon="21.179022">
        <ele>113.098484</ele>
        <time>2026-08-07T18:29:22.176Z</time>
      </trkpt>
      <trkpt lat="44.071606" lon="21.179123">
        <ele>113.019988</ele>
        <time>2026-08-07T18:29:23.767Z</time>
      </trkpt>
      <trkpt lat="44.071543" lon="21.179184">
        <ele>112.951188</ele>
        <time>2026-08-07T18:29:25.206Z</time>
      </trkpt>
      <trkpt lat="44.070991" lon="21.179418">
        <ele>112.618253</ele>
        <time>2026-08-07T18:29:36.345Z</time>
      </trkpt>
      <trkpt lat="44.070900" lon="21.179483">
        <ele>112.633588</ele>
        <time>2026-08-07T18:29:38.393Z</time>
      </trkpt>
      <trkpt lat="44.070866" lon="21.179554">
        <ele>112.642779</ele>
        <time>2026-08-07T18:29:39.685Z</time>
      </trkpt>
      <trkpt lat="44.070827" lon="21.179742">
        <ele>112.663858</ele>
        <time>2026-08-07T18:29:42.720Z</time>
      </trkpt>
      <trkpt lat="44.070797" lon="21.179846">
        <ele>112.675930</ele>
        <time>2026-08-07T18:29:44.485Z</time>
      </trkpt>
      <trkpt lat="44.069940" lon="21.179423">
        <ele>112.812257</ele>
        <time>2026-08-07T18:30:19.406Z</time>
      </trkpt>
      <trkpt lat="44.069550" lon="21.179272">
        <ele>113.005842</ele>
        <time>2026-08-07T18:30:36.102Z</time>
      </trkpt>
      <trkpt lat="44.069043" lon="21.179178">
        <ele>113.972819</ele>
        <time>2026-08-07T18:30:57.848Z</time>
      </trkpt>
      <trkpt lat="44.068847" lon="21.179170">
        <ele>114.343526</ele>
        <time>2026-08-07T18:31:06.338Z</time>
      </trkpt>
      <trkpt lat="44.068535" lon="21.179087">
        <ele>114.944057</ele>
        <time>2026-08-07T18:31:15.687Z</time>
      </trkpt>
      <trkpt lat="44.068067" lon="21.178714">
        <ele>115.963642</ele>
        <time>2026-08-07T18:31:32.700Z</time>
      </trkpt>
      <trkpt lat="44.067759" lon="21.178538">
        <ele>116.613043</ele>
        <time>2026-08-07T18:31:44.094Z</time>
      </trkpt>
      <trkpt lat="44.067461" lon="21.178464">
        <ele>117.219784</ele>
        <time>2026-08-07T18:31:54.684Z</time>
      </trkpt>
      <trkpt lat="44.067269" lon="21.178476">
        <ele>117.605015</ele>
        <time>2026-08-07T18:32:01.267Z</time>
      </trkpt>
      <trkpt lat="44.067109" lon="21.179028">
        <ele>118.462256</ele>
        <time>2026-08-07T18:32:14.945Z</time>
      </trkpt>
      <trkpt lat="44.066984" lon="21.179374">
        <ele>119.020010</ele>
        <time>2026-08-07T18:32:23.058Z</time>
      </trkpt>
      <trkpt lat="44.066831" lon="21.179598">
        <ele>119.465119</ele>
        <time>2026-08-07T18:32:29.041Z</time>
      </trkpt>
      <trkpt lat="44.066685" lon="21.179758">
        <ele>119.837596</ele>
        <time>2026-08-07T18:32:33.963Z</time>
      </trkpt>
      <trkpt lat="44.065928" lon="21.180357">
        <ele>120.111733</ele>
        <time>2026-08-07T18:32:52.855Z</time>
      </trkpt>
      <trkpt lat="44.065862" lon="21.180359">
        <ele>120.130597</ele>
        <time>2026-08-07T18:32:54.223Z</time>
      </trkpt>
      <trkpt lat="44.065709" lon="21.180439">
        <ele>120.177300</ele>
        <time>2026-08-07T18:32:57.588Z</time>
      </trkpt>
      <trkpt lat="44.065597" lon="21.180554">
        <ele>120.217072</ele>
        <time>2026-08-07T18:33:00.538Z</time>
      </trkpt>
      <trkpt lat="44.065576" lon="21.180630">
        <ele>120.233790</ele>
        <time>2026-08-07T18:33:01.838Z</time>
      </trkpt>
      <trkpt lat="44.065007" lon="21.181077">
        <ele>120.619253</ele>
        <time>2026-08-07T18:33:18.096Z</time>
      </trkpt>
      <trkpt lat="44.064654" lon="21.181270">
        <ele>121.273961</ele>
        <time>2026-08-07T18:33:28.309Z</time>
      </trkpt>
      <trkpt lat="44.064585" lon="21.181306">
        <ele>121.401168</ele>
        <time>2026-08-07T18:33:30.442Z</time>
      </trkpt>
      <trkpt lat="44.063894" lon="21.181669">
        <ele>122.676167</ele>
        <time>2026-08-07T18:33:52.172Z</time>
      </trkpt>
      <trkpt lat="44.063361" lon="21.181796">
        <ele>123.697076</ele>
        <time>2026-08-07T18:34:09.281Z</time>
      </trkpt>
      <trkpt lat="44.060662" lon="21.182161">
        <ele>129.978760</ele>
        <time>2026-08-07T18:35:42.762Z</time>
      </trkpt>
      <trkpt lat="44.059618" lon="21.182207">
        <ele>130.688374</ele>
        <time>2026-08-07T18:36:03.443Z</time>
      </trkpt>
      <trkpt lat="44.059355" lon="21.182114">
        <ele>130.363243</ele>
        <time>2026-08-07T18:36:08.093Z</time>
      </trkpt>
      <trkpt lat="44.058870" lon="21.181834">
        <ele>129.734109</ele>
        <time>2026-08-07T18:36:17.207Z</time>
      </trkpt>
      <trkpt lat="44.058818" lon="21.181807">
        <ele>129.667609</ele>
        <time>2026-08-07T18:36:18.240Z</time>
      </trkpt>
      <trkpt lat="44.058697" lon="21.181748">
        <ele>129.513988</ele>
        <time>2026-08-07T18:36:20.560Z</time>
      </trkpt>
      <trkpt lat="44.058426" lon="21.181621">
        <ele>129.171368</ele>
        <time>2026-08-07T18:36:25.900Z</time>
      </trkpt>
      <trkpt lat="44.058154" lon="21.181492">
        <ele>128.827060</ele>
        <time>2026-08-07T18:36:31.744Z</time>
      </trkpt>
      <trkpt lat="44.057245" lon="21.181145">
        <ele>129.980197</ele>
        <time>2026-08-07T18:36:56.287Z</time>
      </trkpt>
      <trkpt lat="44.056619" lon="21.181045">
        <ele>130.775036</ele>
        <time>2026-08-07T18:37:15.222Z</time>
      </trkpt>
      <trkpt lat="44.054661" lon="21.180786">
        <ele>134.881304</ele>
        <time>2026-08-07T18:38:16.793Z</time>
      </trkpt>
      <trkpt lat="44.053319" lon="21.180665">
        <ele>137.570542</ele>
        <time>2026-08-07T18:38:58.351Z</time>
      </trkpt>
      <trkpt lat="44.053110" lon="21.180701">
        <ele>137.989239</ele>
        <time>2026-08-07T18:39:04.549Z</time>
      </trkpt>
      <trkpt lat="44.052655" lon="21.180892">
        <ele>138.870916</ele>
        <time>2026-08-07T18:39:18.037Z</time>
      </trkpt>
      <trkpt lat="44.052347" lon="21.180932">
        <ele>139.363483</ele>
        <time>2026-08-07T18:39:26.460Z</time>
      </trkpt>
      <trkpt lat="44.052002" lon="21.180916">
        <ele>139.913139</ele>
        <time>2026-08-07T18:39:35.967Z</time>
      </trkpt>
      <trkpt lat="44.051711" lon="21.181041">
        <ele>140.398084</ele>
        <time>2026-08-07T18:39:44.394Z</time>
      </trkpt>
      <trkpt lat="44.051395" lon="21.181249">
        <ele>140.954722</ele>
        <time>2026-08-07T18:39:54.100Z</time>
      </trkpt>
      <trkpt lat="44.050427" lon="21.181885">
        <ele>143.500666</ele>
        <time>2026-08-07T18:40:27.264Z</time>
      </trkpt>
      <trkpt lat="44.049880" lon="21.182231">
        <ele>145.140454</ele>
        <time>2026-08-07T18:40:47.468Z</time>
      </trkpt>
      <trkpt lat="44.049424" lon="21.182430">
        <ele>146.446600</ele>
        <time>2026-08-07T18:41:04.670Z</time>
      </trkpt>
      <trkpt lat="44.049332" lon="21.182466">
        <ele>146.716545</ele>
        <time>2026-08-07T18:41:08.434Z</time>
      </trkpt>
      <trkpt lat="44.048954" lon="21.182585">
        <ele>147.811232</ele>
        <time>2026-08-07T18:41:22.980Z</time>
      </trkpt>
      <trkpt lat="44.048673" lon="21.182633">
        <ele>148.610903</ele>
        <time>2026-08-07T18:41:32.235Z</time>
      </trkpt>
      <trkpt lat="44.048223" lon="21.182959">
        <ele>150.043957</ele>
        <time>2026-08-07T18:41:49.566Z</time>
      </trkpt>
      <trkpt lat="44.048144" lon="21.183011">
        <ele>150.290813</ele>
        <time>2026-08-07T18:41:52.486Z</time>
      </trkpt>
      <trkpt lat="44.047716" lon="21.183147">
        <ele>151.494319</ele>
        <time>2026-08-07T18:42:06.545Z</time>
      </trkpt>
      <trkpt lat="44.047185" lon="21.183364">
        <ele>152.124937</ele>
        <time>2026-08-07T18:42:21.426Z</time>
      </trkpt>
      <trkpt lat="44.046447" lon="21.183630">
        <ele>152.993625</ele>
        <time>2026-08-07T18:42:41.259Z</time>
      </trkpt>
      <trkpt lat="44.046198" lon="21.183769">
        <ele>153.299340</ele>
        <time>2026-08-07T18:42:48.921Z</time>
      </trkpt>
      <trkpt lat="44.045741" lon="21.183915">
        <ele>153.651078</ele>
        <time>2026-08-07T18:43:00.122Z</time>
      </trkpt>
      <trkpt lat="44.045139" lon="21.184223">
        <ele>153.957758</ele>
        <time>2026-08-07T18:43:14.442Z</time>
      </trkpt>
      <trkpt lat="44.044899" lon="21.184385">
        <ele>154.085303</ele>
        <time>2026-08-07T18:43:20.737Z</time>
      </trkpt>
      <trkpt lat="44.044607" lon="21.184623">
        <ele>154.247113</ele>
        <time>2026-08-07T18:43:28.653Z</time>
      </trkpt>
      <trkpt lat="44.043909" lon="21.185248">
        <ele>155.284452</ele>
        <time>2026-08-07T18:43:50.121Z</time>
      </trkpt>
      <trkpt lat="44.043523" lon="21.185554">
        <ele>156.010411</ele>
        <time>2026-08-07T18:44:04.120Z</time>
      </trkpt>
      <trkpt lat="44.043226" lon="21.185775">
        <ele>156.560782</ele>
        <time>2026-08-07T18:44:14.663Z</time>
      </trkpt>
      <trkpt lat="44.042879" lon="21.185998">
        <ele>157.185372</ele>
        <time>2026-08-07T18:44:25.815Z</time>
      </trkpt>
      <trkpt lat="44.042515" lon="21.186146">
        <ele>157.785846</ele>
        <time>2026-08-07T18:44:36.905Z</time>
      </trkpt>
      <trkpt lat="44.042342" lon="21.186198">
        <ele>158.063653</ele>
        <time>2026-08-07T18:44:42.147Z</time>
      </trkpt>
      <trkpt lat="44.042003" lon="21.186225">
        <ele>158.596620</ele>
        <time>2026-08-07T18:44:51.242Z</time>
      </trkpt>
      <trkpt lat="44.041755" lon="21.186288">
        <ele>158.992319</ele>
        <time>2026-08-07T18:44:57.981Z</time>
      </trkpt>
      <trkpt lat="44.040948" lon="21.186810">
        <ele>160.514614</ele>
        <time>2026-08-07T18:45:23.034Z</time>
      </trkpt>
      <trkpt lat="44.040518" lon="21.187094">
        <ele>161.639636</ele>
        <time>2026-08-07T18:45:38.576Z</time>
      </trkpt>
      <trkpt lat="44.040323" lon="21.187286">
        <ele>162.204277</ele>
        <time>2026-08-07T18:45:46.373Z</time>
      </trkpt>
      <trkpt lat="44.040017" lon="21.187570">
        <ele>163.073687</ele>
        <time>2026-08-07T18:45:58.159Z</time>
      </trkpt>
      <trkpt lat="44.039725" lon="21.187792">
        <ele>163.860167</ele>
        <time>2026-08-07T18:46:08.769Z</time>
      </trkpt>
      <trkpt lat="44.038814" lon="21.188420">
        <ele>166.005969</ele>
        <time>2026-08-07T18:46:41.854Z</time>
      </trkpt>
      <trkpt lat="44.038681" lon="21.188489">
        <ele>166.295337</ele>
        <time>2026-08-07T18:46:46.299Z</time>
      </trkpt>
      <trkpt lat="44.038027" lon="21.188754">
        <ele>167.683954</ele>
        <time>2026-08-07T18:47:06.940Z</time>
      </trkpt>
      <trkpt lat="44.037890" lon="21.188836">
        <ele>167.987991</ele>
        <time>2026-08-07T18:47:10.817Z</time>
      </trkpt>
      <trkpt lat="44.037447" lon="21.189102">
        <ele>168.734115</ele>
        <time>2026-08-07T18:47:22.906Z</time>
      </trkpt>
      <trkpt lat="44.037158" lon="21.189228">
        <ele>169.190849</ele>
        <time>2026-08-07T18:47:30.824Z</time>
      </trkpt>
      <trkpt lat="44.036781" lon="21.189387">
        <ele>169.784944</ele>
        <time>2026-08-07T18:47:41.480Z</time>
      </trkpt>
      <trkpt lat="44.036321" lon="21.189579">
        <ele>170.509207</ele>
        <time>2026-08-07T18:47:55.319Z</time>
      </trkpt>
      <trkpt lat="44.036026" lon="21.189753">
        <ele>171.211338</ele>
        <time>2026-08-07T18:48:05.117Z</time>
      </trkpt>
      <trkpt lat="44.035254" lon="21.190161">
        <ele>173.690439</ele>
        <time>2026-08-07T18:48:35.025Z</time>
      </trkpt>
      <trkpt lat="44.035098" lon="21.190287">
        <ele>174.231958</ele>
        <time>2026-08-07T18:48:41.641Z</time>
      </trkpt>
      <trkpt lat="44.034868" lon="21.190532">
        <ele>175.101595</ele>
        <time>2026-08-07T18:48:51.983Z</time>
      </trkpt>
      <trkpt lat="44.034211" lon="21.191397">
        <ele>177.555665</ele>
        <time>2026-08-07T18:49:21.898Z</time>
      </trkpt>
      <trkpt lat="44.033463" lon="21.192455">
        <ele>180.249337</ele>
        <time>2026-08-07T18:49:55.461Z</time>
      </trkpt>
      <trkpt lat="44.032574" lon="21.193481">
        <ele>183.508261</ele>
        <time>2026-08-07T18:50:33.271Z</time>
      </trkpt>
      <trkpt lat="44.032178" lon="21.193872">
        <ele>184.905444</ele>
        <time>2026-08-07T18:50:49.927Z</time>
      </trkpt>
      <trkpt lat="44.031727" lon="21.194244">
        <ele>186.625968</ele>
        <time>2026-08-07T18:51:08.378Z</time>
      </trkpt>
      <trkpt lat="44.031042" lon="21.194684">
        <ele>189.670187</ele>
        <time>2026-08-07T18:51:36.350Z</time>
      </trkpt>
      <trkpt lat="44.030192" lon="21.195122">
        <ele>193.395921</ele>
        <time>2026-08-07T18:52:11.972Z</time>
      </trkpt>
      <trkpt lat="44.029321" lon="21.195475">
        <ele>198.423292</ele>
        <time>2026-08-07T18:52:53.159Z</time>
      </trkpt>
      <trkpt lat="44.028843" lon="21.195718">
        <ele>201.243518</ele>
        <time>2026-08-07T18:53:15.507Z</time>
      </trkpt>
      <trkpt lat="44.028644" lon="21.195930">
        <ele>202.632595</ele>
        <time>2026-08-07T18:53:26.822Z</time>
      </trkpt>
      <trkpt lat="44.028385" lon="21.196204">
        <ele>204.703063</ele>
        <time>2026-08-07T18:53:41.979Z</time>
      </trkpt>
      <trkpt lat="44.028079" lon="21.196436">
        <ele>207.023924</ele>
        <time>2026-08-07T18:53:58.796Z</time>
      </trkpt>
      <trkpt lat="44.027689" lon="21.196731">
        <ele>209.980317</ele>
        <time>2026-08-07T18:54:20.331Z</time>
      </trkpt>
      <trkpt lat="44.027293" lon="21.197158">
        <ele>213.317136</ele>
        <time>2026-08-07T18:54:44.744Z</time>
      </trkpt>
      <trkpt lat="44.026825" lon="21.197564">
        <ele>216.937839</ele>
        <time>2026-08-07T18:55:14.605Z</time>
      </trkpt>
      <trkpt lat="44.025873" lon="21.198033">
        <ele>223.477955</ele>
        <time>2026-08-07T18:56:06.243Z</time>
      </trkpt>
      <trkpt lat="44.025660" lon="21.198008">
        <ele>224.862163</ele>
        <time>2026-08-07T18:56:15.843Z</time>
      </trkpt>
      <trkpt lat="44.025489" lon="21.197889">
        <ele>226.100382</ele>
        <time>2026-08-07T18:56:24.111Z</time>
      </trkpt>
      <trkpt lat="44.025321" lon="21.197671">
        <ele>227.192493</ele>
        <time>2026-08-07T18:56:33.521Z</time>
      </trkpt>
      <trkpt lat="44.024578" lon="21.196272">
        <ele>231.528684</ele>
        <time>2026-08-07T18:57:17.054Z</time>
      </trkpt>
      <trkpt lat="44.024376" lon="21.195878">
        <ele>232.735123</ele>
        <time>2026-08-07T18:57:28.272Z</time>
      </trkpt>
      <trkpt lat="44.024018" lon="21.195499">
        <ele>234.511383</ele>
        <time>2026-08-07T18:57:43.945Z</time>
      </trkpt>
      <trkpt lat="44.023600" lon="21.195341">
        <ele>236.258902</ele>
        <time>2026-08-07T18:58:00.259Z</time>
      </trkpt>
      <trkpt lat="44.022503" lon="21.195049">
        <ele>240.755047</ele>
        <time>2026-08-07T18:58:45.466Z</time>
      </trkpt>
      <trkpt lat="44.022113" lon="21.195027">
        <ele>242.300836</ele>
        <time>2026-08-07T18:59:01.792Z</time>
      </trkpt>
      <trkpt lat="44.021958" lon="21.195056">
        <ele>242.920214</ele>
        <time>2026-08-07T18:59:08.213Z</time>
      </trkpt>
      <trkpt lat="44.021794" lon="21.195128">
        <ele>243.601300</ele>
        <time>2026-08-07T18:59:15.185Z</time>
      </trkpt>
      <trkpt lat="44.020725" lon="21.195840">
        <ele>247.834491</ele>
        <time>2026-08-07T18:59:58.443Z</time>
      </trkpt>
      <trkpt lat="44.019545" lon="21.196723">
        <ele>250.547891</ele>
        <time>2026-08-07T19:00:37.935Z</time>
      </trkpt>
      <trkpt lat="44.018496" lon="21.197379">
        <ele>251.608925</ele>
        <time>2026-08-07T19:01:08.107Z</time>
      </trkpt>
      <trkpt lat="44.018025" lon="21.197715">
        <ele>251.958828</ele>
        <time>2026-08-07T19:01:21.103Z</time>
      </trkpt>
      <trkpt lat="44.016914" lon="21.198568">
        <ele>251.684126</ele>
        <time>2026-08-07T19:01:48.655Z</time>
      </trkpt>
      <trkpt lat="44.015148" lon="21.199429">
        <ele>249.995365</ele>
        <time>2026-08-07T19:02:24.617Z</time>
      </trkpt>
      <trkpt lat="44.013737" lon="21.199904">
        <ele>247.532788</ele>
        <time>2026-08-07T19:02:51.346Z</time>
      </trkpt>
      <trkpt lat="44.012209" lon="21.200419">
        <ele>243.928806</ele>
        <time>2026-08-07T19:03:17.585Z</time>
      </trkpt>
      <trkpt lat="44.011498" lon="21.200689">
        <ele>242.207303</ele>
        <time>2026-08-07T19:03:30.296Z</time>
      </trkpt>
      <trkpt lat="44.010565" lon="21.201296">
        <ele>239.720508</ele>
        <time>2026-08-07T19:03:48.385Z</time>
      </trkpt>
      <trkpt lat="44.010325" lon="21.201461">
        <ele>239.040707</ele>
        <time>2026-08-07T19:03:52.978Z</time>
      </trkpt>
      <trkpt lat="44.009088" lon="21.202311">
        <ele>235.333136</ele>
        <time>2026-08-07T19:04:15.988Z</time>
      </trkpt>
      <trkpt lat="44.008809" lon="21.202503">
        <ele>234.284797</ele>
        <time>2026-08-07T19:04:21.191Z</time>
      </trkpt>
      <trkpt lat="44.008466" lon="21.202739">
        <ele>232.996025</ele>
        <time>2026-08-07T19:04:27.523Z</time>
      </trkpt>
      <trkpt lat="44.008058" lon="21.203076">
        <ele>231.397889</ele>
        <time>2026-08-07T19:04:35.142Z</time>
      </trkpt>
      <trkpt lat="44.007886" lon="21.203268">
        <ele>230.655082</ele>
        <time>2026-08-07T19:04:38.565Z</time>
      </trkpt>
      <trkpt lat="44.007428" lon="21.203883">
        <ele>228.312613</ele>
        <time>2026-08-07T19:04:48.371Z</time>
      </trkpt>
      <trkpt lat="44.007322" lon="21.204037">
        <ele>227.732150</ele>
        <time>2026-08-07T19:04:50.731Z</time>
      </trkpt>
      <trkpt lat="44.007229" lon="21.204301">
        <ele>226.931631</ele>
        <time>2026-08-07T19:04:53.986Z</time>
      </trkpt>
      <trkpt lat="44.007173" lon="21.204759">
        <ele>225.666517</ele>
        <time>2026-08-07T19:04:59.170Z</time>
      </trkpt>
      <trkpt lat="44.007181" lon="21.205233">
        <ele>224.375369</ele>
        <time>2026-08-07T19:05:04.679Z</time>
      </trkpt>
      <trkpt lat="44.007129" lon="21.205614">
        <ele>223.319318</ele>
        <time>2026-08-07T19:05:09.284Z</time>
      </trkpt>
      <trkpt lat="44.006997" lon="21.205965">
        <ele>222.762628</ele>
        <time>2026-08-07T19:05:14.200Z</time>
      </trkpt>
      <trkpt lat="44.006683" lon="21.206303">
        <ele>222.002841</ele>
        <time>2026-08-07T19:05:21.334Z</time>
      </trkpt>
      <trkpt lat="44.006174" lon="21.206909">
        <ele>220.720705</ele>
        <time>2026-08-07T19:05:33.670Z</time>
      </trkpt>
      <trkpt lat="44.005342" lon="21.207894">
        <ele>218.812717</ele>
        <time>2026-08-07T19:05:53.111Z</time>
      </trkpt>
      <trkpt lat="44.004991" lon="21.208311">
        <ele>218.061229</ele>
        <time>2026-08-07T19:06:01.455Z</time>
      </trkpt>
      <trkpt lat="44.001574" lon="21.212370">
        <ele>211.722174</ele>
        <time>2026-08-07T19:07:24.635Z</time>
      </trkpt>
      <trkpt lat="44.000385" lon="21.214202">
        <ele>209.702647</ele>
        <time>2026-08-07T19:07:59.003Z</time>
      </trkpt>
      <trkpt lat="43.996801" lon="21.219753">
        <ele>200.926592</ele>
        <time>2026-08-07T19:09:36.459Z</time>
      </trkpt>
      <trkpt lat="43.995787" lon="21.221334">
        <ele>196.704575</ele>
        <time>2026-08-07T19:10:01.739Z</time>
      </trkpt>
      <trkpt lat="43.995580" lon="21.221656">
        <ele>195.726505</ele>
        <time>2026-08-07T19:10:06.767Z</time>
      </trkpt>
      <trkpt lat="43.993291" lon="21.225223">
        <ele>183.903781</ele>
        <time>2026-08-07T19:11:02.015Z</time>
      </trkpt>
      <trkpt lat="43.992589" lon="21.226318">
        <ele>179.952999</ele>
        <time>2026-08-07T19:11:19.075Z</time>
      </trkpt>
      <trkpt lat="43.992485" lon="21.226480">
        <ele>179.368143</ele>
        <time>2026-08-07T19:11:21.591Z</time>
      </trkpt>
      <trkpt lat="43.991974" lon="21.227346">
        <ele>175.969697</ele>
        <time>2026-08-07T19:11:34.115Z</time>
      </trkpt>
      <trkpt lat="43.991855" lon="21.227687">
        <ele>174.518911</ele>
        <time>2026-08-07T19:11:38.227Z</time>
      </trkpt>
      <trkpt lat="43.991515" lon="21.229195">
        <ele>168.469525</ele>
        <time>2026-08-07T19:11:55.024Z</time>
      </trkpt>
      <trkpt lat="43.991495" lon="21.229387">
        <ele>167.726892</ele>
        <time>2026-08-07T19:11:57.075Z</time>
      </trkpt>
      <trkpt lat="43.991503" lon="21.230251">
        <ele>164.555026</ele>
        <time>2026-08-07T19:12:06.295Z</time>
      </trkpt>
      <trkpt lat="43.991356" lon="21.230624">
        <ele>162.994646</ele>
        <time>2026-08-07T19:12:10.895Z</time>
      </trkpt>
      <trkpt lat="43.990412" lon="21.231878">
        <ele>156.589203</ele>
        <time>2026-08-07T19:12:30.844Z</time>
      </trkpt>
      <trkpt lat="43.990076" lon="21.232309">
        <ele>154.528963</ele>
        <time>2026-08-07T19:12:37.914Z</time>
      </trkpt>
      <trkpt lat="43.989818" lon="21.232711">
        <ele>152.782543</ele>
        <time>2026-08-07T19:12:43.944Z</time>
      </trkpt>
      <trkpt lat="43.988832" lon="21.235035">
        <ele>143.103949</ele>
        <time>2026-08-07T19:13:13.600Z</time>
      </trkpt>
      <trkpt lat="43.987553" lon="21.236767">
        <ele>132.164094</ele>
        <time>2026-08-07T19:13:39.375Z</time>
      </trkpt>
      <trkpt lat="43.987533" lon="21.236736">
        <ele>131.972666</ele>
        <time>2026-08-07T19:13:39.826Z</time>
      </trkpt>
      <trkpt lat="43.987385" lon="21.236877">
        <ele>130.826114</ele>
        <time>2026-08-07T19:13:43.417Z</time>
      </trkpt>
      <trkpt lat="43.987252" lon="21.237064">
        <ele>129.619412</ele>
        <time>2026-08-07T19:13:47.217Z</time>
      </trkpt>
      <trkpt lat="43.987176" lon="21.237229">
        <ele>128.922316</ele>
        <time>2026-08-07T19:13:50.047Z</time>
      </trkpt>
      <trkpt lat="43.987118" lon="21.237708">
        <ele>127.193990</ele>
        <time>2026-08-07T19:13:57.092Z</time>
      </trkpt>
      <trkpt lat="43.987016" lon="21.239053">
        <ele>122.381748</ele>
        <time>2026-08-07T19:14:17.299Z</time>
      </trkpt>
      <trkpt lat="43.986997" lon="21.239300">
        <ele>121.497872</ele>
        <time>2026-08-07T19:14:21.068Z</time>
      </trkpt>
      <trkpt lat="43.986806" lon="21.241826">
        <ele>116.882851</ele>
        <time>2026-08-07T19:15:03.873Z</time>
      </trkpt>
      <trkpt lat="43.986781" lon="21.242160">
        <ele>116.541837</ele>
        <time>2026-08-07T19:15:10.533Z</time>
      </trkpt>
      <trkpt lat="43.986655" lon="21.242457">
        <ele>116.432528</ele>
        <time>2026-08-07T19:15:17.476Z</time>
      </trkpt>
      <trkpt lat="43.986333" lon="21.242331">
        <ele>116.285128</ele>
        <time>2026-08-07T19:15:24.713Z</time>
      </trkpt>
      <trkpt lat="43.986332" lon="21.242475">
        <ele>116.239472</ele>
        <time>2026-08-07T19:15:27.129Z</time>
      </trkpt>
      <trkpt lat="43.986330" lon="21.242762">
        <ele>116.148478</ele>
        <time>2026-08-07T19:15:31.805Z</time>
      </trkpt>
      <trkpt lat="43.986327" lon="21.243091">
        <ele>116.044164</ele>
        <time>2026-08-07T19:15:37.270Z</time>
      </trkpt>
      <trkpt lat="43.986325" lon="21.243314">
        <ele>115.973458</ele>
        <time>2026-08-07T19:15:40.916Z</time>
      </trkpt>
      <trkpt lat="43.986322" lon="21.243614">
        <ele>115.878338</ele>
        <time>2026-08-07T19:15:45.805Z</time>
      </trkpt>
      <trkpt lat="43.986320" lon="21.243866">
        <ele>115.798485</ele>
        <time>2026-08-07T19:15:49.873Z</time>
      </trkpt>
      <trkpt lat="43.986317" lon="21.244165">
        <ele>115.706155</ele>
        <time>2026-08-07T19:15:54.461Z</time>
      </trkpt>
      <trkpt lat="43.986316" lon="21.244358">
        <ele>115.646562</ele>
        <time>2026-08-07T19:15:57.354Z</time>
      </trkpt>
      <trkpt lat="43.986314" lon="21.244553">
        <ele>115.586346</ele>
        <time>2026-08-07T19:16:00.225Z</time>
      </trkpt>
      <trkpt lat="43.986312" lon="21.244707">
        <ele>115.538788</ele>
        <time>2026-08-07T19:16:02.439Z</time>
      </trkpt>
      <trkpt lat="43.986310" lon="21.244972">
        <ele>115.456960</ele>
        <time>2026-08-07T19:16:06.413Z</time>
      </trkpt>
      <trkpt lat="43.986309" lon="21.245075">
        <ele>115.425154</ele>
        <time>2026-08-07T19:16:07.950Z</time>
      </trkpt>
      <trkpt lat="43.986305" lon="21.245230">
        <ele>115.377265</ele>
        <time>2026-08-07T19:16:10.337Z</time>
      </trkpt>
      <trkpt lat="43.986281" lon="21.245317">
        <ele>115.348495</ele>
        <time>2026-08-07T19:16:11.769Z</time>
      </trkpt>
      <trkpt lat="43.986239" lon="21.245370">
        <ele>115.324151</ele>
        <time>2026-08-07T19:16:13.017Z</time>
      </trkpt>
      <trkpt lat="43.986603" lon="21.245764">
        <ele>115.126161</ele>
        <time>2026-08-07T19:16:23.201Z</time>
      </trkpt>
      <trkpt lat="43.986627" lon="21.245790">
        <ele>115.113102</ele>
        <time>2026-08-07T19:16:23.878Z</time>
      </trkpt>
      <trkpt lat="43.986779" lon="21.245957">
        <ele>115.029954</ele>
        <time>2026-08-07T19:16:28.362Z</time>
      </trkpt>
      <trkpt lat="43.986888" lon="21.246076">
        <ele>115.059771</ele>
        <time>2026-08-07T19:16:31.490Z</time>
      </trkpt>
      <trkpt lat="43.986846" lon="21.246373">
        <ele>115.110521</ele>
        <time>2026-08-07T19:16:36.101Z</time>
      </trkpt>
      <trkpt lat="43.986734" lon="21.247187">
        <ele>115.249477</ele>
        <time>2026-08-07T19:16:49.791Z</time>
      </trkpt>
      <trkpt lat="43.986726" lon="21.247242">
        <ele>115.258885</ele>
        <time>2026-08-07T19:16:50.836Z</time>
      </trkpt>
      <trkpt lat="43.986604" lon="21.248122">
        <ele>115.409148</ele>
        <time>2026-08-07T19:17:06.866Z</time>
      </trkpt>
      <trkpt lat="43.986591" lon="21.248218">
        <ele>115.425527</ele>
        <time>2026-08-07T19:17:08.495Z</time>
      </trkpt>
      <trkpt lat="43.986543" lon="21.248612">
        <ele>115.509952</ele>
        <time>2026-08-07T19:17:14.940Z</time>
      </trkpt>
      <trkpt lat="43.986530" lon="21.248688">
        <ele>115.528118</ele>
        <time>2026-08-07T19:17:16.201Z</time>
      </trkpt>
      <trkpt lat="43.986403" lon="21.249137">
        <ele>115.640304</ele>
        <time>2026-08-07T19:17:24.194Z</time>
      </trkpt>
      <trkpt lat="43.986321" lon="21.249343">
        <ele>115.695049</ele>
        <time>2026-08-07T19:17:28.293Z</time>
      </trkpt>
      <trkpt lat="43.986207" lon="21.249597">
        <ele>115.764662</ele>
        <time>2026-08-07T19:17:33.954Z</time>
      </trkpt>
      <trkpt lat="43.986114" lon="21.249772">
        <ele>115.815253</ele>
        <time>2026-08-07T19:17:37.958Z</time>
      </trkpt>
      <trkpt lat="43.986035" lon="21.249843">
        <ele>115.845658</ele>
        <time>2026-08-07T19:17:40.166Z</time>
      </trkpt>
      <trkpt lat="43.985995" lon="21.249963">
        <ele>115.876411</ele>
        <time>2026-08-07T19:17:42.337Z</time>
      </trkpt>
      <trkpt lat="43.985869" lon="21.250047">
        <ele>115.921576</ele>
        <time>2026-08-07T19:17:45.324Z</time>
      </trkpt>
      <trkpt lat="43.985693" lon="21.250246">
        <ele>115.994903</ele>
        <time>2026-08-07T19:17:50.125Z</time>
      </trkpt>
      <trkpt lat="43.985595" lon="21.250410">
        <ele>116.034916</ele>
        <time>2026-08-07T19:17:53.434Z</time>
      </trkpt>
      <trkpt lat="43.985429" lon="21.250603">
        <ele>116.062220</ele>
        <time>2026-08-07T19:17:58.330Z</time>
      </trkpt>
      <trkpt lat="43.984975" lon="21.251119">
        <ele>116.136210</ele>
        <time>2026-08-07T19:18:12.338Z</time>
      </trkpt>
      <trkpt lat="43.984907" lon="21.251197">
        <ele>116.147334</ele>
        <time>2026-08-07T19:18:14.407Z</time>
      </trkpt>
      <trkpt lat="43.984342" lon="21.251854">
        <ele>116.240273</ele>
        <time>2026-08-07T19:18:30.839Z</time>
      </trkpt>
      <trkpt lat="43.983566" lon="21.252820">
        <ele>116.683359</ele>
        <time>2026-08-07T19:18:54.815Z</time>
      </trkpt>
      <trkpt lat="43.982715" lon="21.254002">
        <ele>117.414550</ele>
        <time>2026-08-07T19:19:24.860Z</time>
      </trkpt>
      <trkpt lat="43.982578" lon="21.254197">
        <ele>117.609637</ele>
        <time>2026-08-07T19:19:30.223Z</time>
      </trkpt>
      <trkpt lat="43.982304" lon="21.254597">
        <ele>118.004963</ele>
        <time>2026-08-07T19:19:41.142Z</time>
      </trkpt>
      <trkpt lat="43.982022" lon="21.255051">
        <ele>118.434284</ele>
        <time>2026-08-07T19:19:53.015Z</time>
      </trkpt>
      <trkpt lat="43.981374" lon="21.256244">
        <ele>118.881633</ele>
        <time>2026-08-07T19:20:20.219Z</time>
      </trkpt>
      <trkpt lat="43.981302" lon="21.256466">
        <ele>118.881633</ele>
        <time>2026-08-07T19:20:23.979Z</time>
      </trkpt>
      <trkpt lat="43.981049" lon="21.257075">
        <ele>118.881633</ele>
        <time>2026-08-07T19:20:34.420Z</time>
      </trkpt>
      <trkpt lat="43.980948" lon="21.257344">
        <ele>118.881633</ele>
        <time>2026-08-07T19:20:38.825Z</time>
      </trkpt>
      <trkpt lat="43.980088" lon="21.257461">
        <ele>118.881633</ele>
        <time>2026-08-07T19:20:56.290Z</time>
      </trkpt>
    </trkseg>
  </trk>
</gpx>