<?xml version='1.0' encoding='UTF-8'?>
<gpx version="1.1" creator="https://www.komoot.de" xmlns="http://www.topografix.com/GPX/1/1" xmlns:xsi="http://www.w3.org/2001/XMLSchema-instance" xsi:schemaLocation="http://www.topografix.com/GPX/1/1 http://www.topografix.com/GPX/1/1/gpx.xsd">
  <metadata>
    <name>Von Dolna Banja nach Plowdiw</name>
    <author>
      <link href="https://www.komoot.de">
        <text>komoot</text>
        <type>text/html</type>
      </link>
    </author>
  </metadata>
  <trk>
    <name>Von Dolna Banja nach Plowdiw</name>
    <trkseg>
      <trkpt lat="42.311243" lon="23.764762">
        <ele>633.177477</ele>
        <time>2026-05-11T17:52:22.062Z</time>
      </trkpt>
      <trkpt lat="42.311112" lon="23.764791">
        <ele>633.177477</ele>
        <time>2026-05-11T17:52:25.435Z</time>
      </trkpt>
      <trkpt lat="42.311110" lon="23.764845">
        <ele>633.177477</ele>
        <time>2026-05-11T17:52:26.366Z</time>
      </trkpt>
      <trkpt lat="42.311119" lon="23.765175">
        <ele>633.177477</ele>
        <time>2026-05-11T17:52:32.030Z</time>
      </trkpt>
      <trkpt lat="42.310648" lon="23.764801">
        <ele>633.331180</ele>
        <time>2026-05-11T17:52:47.191Z</time>
      </trkpt>
      <trkpt lat="42.310638" lon="23.764791">
        <ele>633.361140</ele>
        <time>2026-05-11T17:52:47.570Z</time>
      </trkpt>
      <trkpt lat="42.309954" lon="23.764137">
        <ele>635.379109</ele>
        <time>2026-05-11T17:53:13.416Z</time>
      </trkpt>
      <trkpt lat="42.309717" lon="23.764094">
        <ele>635.955135</ele>
        <time>2026-05-11T17:53:20.940Z</time>
      </trkpt>
      <trkpt lat="42.309499" lon="23.764154">
        <ele>636.491043</ele>
        <time>2026-05-11T17:53:27.912Z</time>
      </trkpt>
      <trkpt lat="42.308604" lon="23.764530">
        <ele>638.776016</ele>
        <time>2026-05-11T17:53:57.786Z</time>
      </trkpt>
      <trkpt lat="42.308284" lon="23.764559">
        <ele>639.565656</ele>
        <time>2026-05-11T17:54:07.382Z</time>
      </trkpt>
      <trkpt lat="42.306987" lon="23.764725">
        <ele>643.093696</ele>
        <time>2026-05-11T17:54:46.950Z</time>
      </trkpt>
      <trkpt lat="42.305714" lon="23.764917">
        <ele>647.458157</ele>
        <time>2026-05-11T17:55:33.491Z</time>
      </trkpt>
      <trkpt lat="42.304750" lon="23.765051">
        <ele>650.520836</ele>
        <time>2026-05-11T17:56:10.064Z</time>
      </trkpt>
      <trkpt lat="42.304650" lon="23.765059">
        <ele>650.831832</ele>
        <time>2026-05-11T17:56:13.584Z</time>
      </trkpt>
      <trkpt lat="42.304556" lon="23.764979">
        <ele>651.176654</ele>
        <time>2026-05-11T17:56:17.296Z</time>
      </trkpt>
      <trkpt lat="42.304503" lon="23.765055">
        <ele>651.416494</ele>
        <time>2026-05-11T17:56:19.764Z</time>
      </trkpt>
      <trkpt lat="42.304291" lon="23.765061">
        <ele>652.074800</ele>
        <time>2026-05-11T17:56:26.448Z</time>
      </trkpt>
      <trkpt lat="42.304176" lon="23.765016">
        <ele>652.446471</ele>
        <time>2026-05-11T17:56:30.066Z</time>
      </trkpt>
      <trkpt lat="42.304132" lon="23.765026">
        <ele>652.584987</ele>
        <time>2026-05-11T17:56:31.428Z</time>
      </trkpt>
      <trkpt lat="42.303999" lon="23.765235">
        <ele>653.218051</ele>
        <time>2026-05-11T17:56:37.370Z</time>
      </trkpt>
      <trkpt lat="42.303934" lon="23.765211">
        <ele>653.427235</ele>
        <time>2026-05-11T17:56:39.286Z</time>
      </trkpt>
      <trkpt lat="42.303893" lon="23.765148">
        <ele>653.619916</ele>
        <time>2026-05-11T17:56:41.131Z</time>
      </trkpt>
      <trkpt lat="42.303702" lon="23.765650">
        <ele>654.699878</ele>
        <time>2026-05-11T17:56:52.981Z</time>
      </trkpt>
      <trkpt lat="42.303573" lon="23.766082">
        <ele>655.586702</ele>
        <time>2026-05-11T17:57:03.076Z</time>
      </trkpt>
      <trkpt lat="42.303479" lon="23.766148">
        <ele>655.859312</ele>
        <time>2026-05-11T17:57:06.182Z</time>
      </trkpt>
      <trkpt lat="42.303114" lon="23.766082">
        <ele>656.807104</ele>
        <time>2026-05-11T17:57:17.186Z</time>
      </trkpt>
      <trkpt lat="42.303019" lon="23.766119">
        <ele>657.061555</ele>
        <time>2026-05-11T17:57:20.265Z</time>
      </trkpt>
      <trkpt lat="42.302641" lon="23.766178">
        <ele>658.040903</ele>
        <time>2026-05-11T17:57:37.714Z</time>
      </trkpt>
      <trkpt lat="42.302525" lon="23.766221">
        <ele>658.404175</ele>
        <time>2026-05-11T17:57:43.530Z</time>
      </trkpt>
      <trkpt lat="42.302359" lon="23.766408">
        <ele>659.387265</ele>
        <time>2026-05-11T17:57:54.329Z</time>
      </trkpt>
      <trkpt lat="42.302285" lon="23.766542">
        <ele>659.950030</ele>
        <time>2026-05-11T17:58:00.678Z</time>
      </trkpt>
      <trkpt lat="42.302196" lon="23.766583">
        <ele>660.377836</ele>
        <time>2026-05-11T17:58:05.600Z</time>
      </trkpt>
      <trkpt lat="42.301845" lon="23.766515">
        <ele>661.991181</ele>
        <time>2026-05-11T17:58:24.362Z</time>
      </trkpt>
      <trkpt lat="42.301607" lon="23.766394">
        <ele>663.148096</ele>
        <time>2026-05-11T17:58:37.796Z</time>
      </trkpt>
      <trkpt lat="42.301155" lon="23.766081">
        <ele>665.458721</ele>
        <time>2026-05-11T17:59:05.300Z</time>
      </trkpt>
      <trkpt lat="42.300933" lon="23.766000">
        <ele>666.502546</ele>
        <time>2026-05-11T17:59:17.967Z</time>
      </trkpt>
      <trkpt lat="42.300615" lon="23.765922">
        <ele>667.886273</ele>
        <time>2026-05-11T17:59:35.774Z</time>
      </trkpt>
      <trkpt lat="42.300248" lon="23.765922">
        <ele>669.457568</ele>
        <time>2026-05-11T17:59:55.845Z</time>
      </trkpt>
      <trkpt lat="42.299506" lon="23.765743">
        <ele>672.684584</ele>
        <time>2026-05-11T18:00:34.582Z</time>
      </trkpt>
      <trkpt lat="42.299164" lon="23.765778">
        <ele>674.153032</ele>
        <time>2026-05-11T18:00:50.752Z</time>
      </trkpt>
      <trkpt lat="42.299056" lon="23.765874">
        <ele>674.363202</ele>
        <time>2026-05-11T18:00:56.587Z</time>
      </trkpt>
      <trkpt lat="42.298974" lon="23.765989">
        <ele>674.548320</ele>
        <time>2026-05-11T18:01:01.801Z</time>
      </trkpt>
      <trkpt lat="42.298655" lon="23.767019">
        <ele>675.842406</ele>
        <time>2026-05-11T18:01:34.928Z</time>
      </trkpt>
      <trkpt lat="42.298633" lon="23.767162">
        <ele>676.011676</ele>
        <time>2026-05-11T18:01:38.777Z</time>
      </trkpt>
      <trkpt lat="42.298501" lon="23.767425">
        <ele>676.380015</ele>
        <time>2026-05-11T18:01:46.914Z</time>
      </trkpt>
      <trkpt lat="42.298417" lon="23.767671">
        <ele>676.694020</ele>
        <time>2026-05-11T18:01:53.623Z</time>
      </trkpt>
      <trkpt lat="42.298290" lon="23.767878">
        <ele>676.993375</ele>
        <time>2026-05-11T18:02:00.091Z</time>
      </trkpt>
      <trkpt lat="42.297723" lon="23.769415">
        <ele>677.889773</ele>
        <time>2026-05-11T18:02:40.681Z</time>
      </trkpt>
      <trkpt lat="42.297582" lon="23.769895">
        <ele>678.159321</ele>
        <time>2026-05-11T18:02:54.842Z</time>
      </trkpt>
      <trkpt lat="42.297493" lon="23.769935">
        <ele>678.225499</ele>
        <time>2026-05-11T18:02:58.590Z</time>
      </trkpt>
      <trkpt lat="42.297326" lon="23.769865">
        <ele>678.827924</ele>
        <time>2026-05-11T18:03:05.875Z</time>
      </trkpt>
      <trkpt lat="42.296751" lon="23.769892">
        <ele>681.250029</ele>
        <time>2026-05-11T18:03:32.807Z</time>
      </trkpt>
      <trkpt lat="42.296624" lon="23.769983">
        <ele>681.855126</ele>
        <time>2026-05-11T18:03:40.177Z</time>
      </trkpt>
      <trkpt lat="42.296469" lon="23.770042">
        <ele>682.533018</ele>
        <time>2026-05-11T18:03:48.701Z</time>
      </trkpt>
      <trkpt lat="42.295521" lon="23.770080">
        <ele>686.734707</ele>
        <time>2026-05-11T18:04:42.802Z</time>
      </trkpt>
      <trkpt lat="42.295286" lon="23.770048">
        <ele>688.025377</ele>
        <time>2026-05-11T18:04:56.567Z</time>
      </trkpt>
      <trkpt lat="42.294921" lon="23.770128">
        <ele>690.045985</ele>
        <time>2026-05-11T18:05:18.044Z</time>
      </trkpt>
      <trkpt lat="42.294592" lon="23.770241">
        <ele>691.900941</ele>
        <time>2026-05-11T18:05:37.444Z</time>
      </trkpt>
      <trkpt lat="42.293953" lon="23.770557">
        <ele>695.619083</ele>
        <time>2026-05-11T18:06:15.133Z</time>
      </trkpt>
      <trkpt lat="42.292267" lon="23.770890">
        <ele>703.509881</ele>
        <time>2026-05-11T18:07:44.339Z</time>
      </trkpt>
      <trkpt lat="42.291223" lon="23.771185">
        <ele>708.263102</ele>
        <time>2026-05-11T18:08:40.213Z</time>
      </trkpt>
      <trkpt lat="42.291068" lon="23.771179">
        <ele>708.951375</ele>
        <time>2026-05-11T18:08:48.357Z</time>
      </trkpt>
      <trkpt lat="42.290805" lon="23.771241">
        <ele>710.136359</ele>
        <time>2026-05-11T18:09:02.273Z</time>
      </trkpt>
      <trkpt lat="42.290329" lon="23.771193">
        <ele>712.201080</ele>
        <time>2026-05-11T18:09:26.483Z</time>
      </trkpt>
      <trkpt lat="42.290144" lon="23.771051">
        <ele>712.972238</ele>
        <time>2026-05-11T18:09:37.074Z</time>
      </trkpt>
      <trkpt lat="42.290052" lon="23.771035">
        <ele>713.308472</ele>
        <time>2026-05-11T18:09:41.636Z</time>
      </trkpt>
      <trkpt lat="42.289890" lon="23.771104">
        <ele>713.924156</ele>
        <time>2026-05-11T18:09:50.025Z</time>
      </trkpt>
      <trkpt lat="42.289783" lon="23.771383">
        <ele>714.766854</ele>
        <time>2026-05-11T18:10:01.324Z</time>
      </trkpt>
      <trkpt lat="42.289599" lon="23.771633">
        <ele>715.712502</ele>
        <time>2026-05-11T18:10:13.806Z</time>
      </trkpt>
      <trkpt lat="42.288759" lon="23.772215">
        <ele>719.010139</ele>
        <time>2026-05-11T18:10:57.904Z</time>
      </trkpt>
      <trkpt lat="42.288243" lon="23.772735">
        <ele>720.900803</ele>
        <time>2026-05-11T18:11:27.067Z</time>
      </trkpt>
      <trkpt lat="42.288183" lon="23.772944">
        <ele>721.387991</ele>
        <time>2026-05-11T18:11:34.455Z</time>
      </trkpt>
      <trkpt lat="42.288096" lon="23.773068">
        <ele>721.759381</ele>
        <time>2026-05-11T18:11:40.058Z</time>
      </trkpt>
      <trkpt lat="42.288029" lon="23.773336">
        <ele>722.374142</ele>
        <time>2026-05-11T18:11:49.364Z</time>
      </trkpt>
      <trkpt lat="42.288064" lon="23.773636">
        <ele>723.034144</ele>
        <time>2026-05-11T18:11:59.379Z</time>
      </trkpt>
      <trkpt lat="42.287909" lon="23.773953">
        <ele>723.852522</ele>
        <time>2026-05-11T18:12:11.781Z</time>
      </trkpt>
      <trkpt lat="42.287525" lon="23.774098">
        <ele>724.933271</ele>
        <time>2026-05-11T18:12:29.211Z</time>
      </trkpt>
      <trkpt lat="42.287390" lon="23.774430">
        <ele>725.692973</ele>
        <time>2026-05-11T18:12:41.547Z</time>
      </trkpt>
      <trkpt lat="42.287233" lon="23.774653">
        <ele>726.310296</ele>
        <time>2026-05-11T18:12:51.634Z</time>
      </trkpt>
      <trkpt lat="42.287072" lon="23.775063">
        <ele>727.241121</ele>
        <time>2026-05-11T18:13:06.968Z</time>
      </trkpt>
      <trkpt lat="42.286943" lon="23.775543">
        <ele>728.265219</ele>
        <time>2026-05-11T18:13:23.767Z</time>
      </trkpt>
      <trkpt lat="42.286689" lon="23.776174">
        <ele>729.466639</ele>
        <time>2026-05-11T18:13:46.575Z</time>
      </trkpt>
      <trkpt lat="42.286356" lon="23.776627">
        <ele>730.459980</ele>
        <time>2026-05-11T18:14:06.178Z</time>
      </trkpt>
      <trkpt lat="42.286281" lon="23.776826">
        <ele>730.807374</ele>
        <time>2026-05-11T18:14:12.925Z</time>
      </trkpt>
      <trkpt lat="42.286223" lon="23.777445">
        <ele>731.777907</ele>
        <time>2026-05-11T18:14:31.555Z</time>
      </trkpt>
      <trkpt lat="42.286132" lon="23.777625">
        <ele>732.117026</ele>
        <time>2026-05-11T18:14:37.995Z</time>
      </trkpt>
      <trkpt lat="42.285553" lon="23.778304">
        <ele>733.187732</ele>
        <time>2026-05-11T18:15:08.145Z</time>
      </trkpt>
      <trkpt lat="42.285424" lon="23.778661">
        <ele>733.549960</ele>
        <time>2026-05-11T18:15:19.286Z</time>
      </trkpt>
      <trkpt lat="42.285318" lon="23.778856">
        <ele>733.770575</ele>
        <time>2026-05-11T18:15:25.869Z</time>
      </trkpt>
      <trkpt lat="42.285142" lon="23.778961">
        <ele>734.007657</ele>
        <time>2026-05-11T18:15:32.814Z</time>
      </trkpt>
      <trkpt lat="42.285024" lon="23.779092">
        <ele>734.195835</ele>
        <time>2026-05-11T18:15:38.265Z</time>
      </trkpt>
      <trkpt lat="42.284961" lon="23.779226">
        <ele>734.340587</ele>
        <time>2026-05-11T18:15:42.435Z</time>
      </trkpt>
      <trkpt lat="42.284788" lon="23.779416">
        <ele>734.615288</ele>
        <time>2026-05-11T18:15:50.278Z</time>
      </trkpt>
      <trkpt lat="42.284758" lon="23.779734">
        <ele>734.833069</ele>
        <time>2026-05-11T18:15:58.496Z</time>
      </trkpt>
      <trkpt lat="42.284710" lon="23.779944">
        <ele>734.978044</ele>
        <time>2026-05-11T18:16:04.066Z</time>
      </trkpt>
      <trkpt lat="42.284606" lon="23.780092">
        <ele>735.112681</ele>
        <time>2026-05-11T18:16:09.246Z</time>
      </trkpt>
      <trkpt lat="42.283910" lon="23.780880">
        <ele>735.922131</ele>
        <time>2026-05-11T18:16:40.754Z</time>
      </trkpt>
      <trkpt lat="42.283067" lon="23.781681">
        <ele>737.714716</ele>
        <time>2026-05-11T18:17:20.706Z</time>
      </trkpt>
      <trkpt lat="42.282787" lon="23.782089">
        <ele>738.617278</ele>
        <time>2026-05-11T18:17:38.191Z</time>
      </trkpt>
      <trkpt lat="42.282693" lon="23.782175">
        <ele>738.866108</ele>
        <time>2026-05-11T18:17:43.116Z</time>
      </trkpt>
      <trkpt lat="42.282600" lon="23.782209">
        <ele>739.077306</ele>
        <time>2026-05-11T18:17:47.300Z</time>
      </trkpt>
      <trkpt lat="42.282237" lon="23.782163">
        <ele>739.876552</ele>
        <time>2026-05-11T18:18:03.451Z</time>
      </trkpt>
      <trkpt lat="42.282165" lon="23.782184">
        <ele>740.038021</ele>
        <time>2026-05-11T18:18:06.714Z</time>
      </trkpt>
      <trkpt lat="42.282071" lon="23.782334">
        <ele>740.370180</ele>
        <time>2026-05-11T18:18:13.219Z</time>
      </trkpt>
      <trkpt lat="42.281850" lon="23.782821">
        <ele>741.368576</ele>
        <time>2026-05-11T18:18:32.356Z</time>
      </trkpt>
      <trkpt lat="42.281656" lon="23.783177">
        <ele>742.141252</ele>
        <time>2026-05-11T18:18:47.034Z</time>
      </trkpt>
      <trkpt lat="42.281536" lon="23.783366">
        <ele>742.576491</ele>
        <time>2026-05-11T18:18:55.067Z</time>
      </trkpt>
      <trkpt lat="42.281364" lon="23.783463">
        <ele>743.016710</ele>
        <time>2026-05-11T18:19:03.010Z</time>
      </trkpt>
      <trkpt lat="42.281229" lon="23.783872">
        <ele>743.799370</ele>
        <time>2026-05-11T18:19:16.525Z</time>
      </trkpt>
      <trkpt lat="42.280996" lon="23.784340">
        <ele>744.525867</ele>
        <time>2026-05-11T18:19:32.560Z</time>
      </trkpt>
      <trkpt lat="42.280718" lon="23.785072">
        <ele>744.904383</ele>
        <time>2026-05-11T18:19:54.416Z</time>
      </trkpt>
      <trkpt lat="42.280402" lon="23.785495">
        <ele>745.180919</ele>
        <time>2026-05-11T18:20:09.272Z</time>
      </trkpt>
      <trkpt lat="42.280120" lon="23.785982">
        <ele>745.465415</ele>
        <time>2026-05-11T18:20:24.002Z</time>
      </trkpt>
      <trkpt lat="42.280045" lon="23.786153">
        <ele>745.552501</ele>
        <time>2026-05-11T18:20:28.676Z</time>
      </trkpt>
      <trkpt lat="42.279871" lon="23.786397">
        <ele>745.579478</ele>
        <time>2026-05-11T18:20:36.633Z</time>
      </trkpt>
      <trkpt lat="42.279421" lon="23.787406">
        <ele>745.673264</ele>
        <time>2026-05-11T18:21:04.271Z</time>
      </trkpt>
      <trkpt lat="42.279170" lon="23.787739">
        <ele>745.711107</ele>
        <time>2026-05-11T18:21:15.691Z</time>
      </trkpt>
      <trkpt lat="42.278860" lon="23.788027">
        <ele>745.771502</ele>
        <time>2026-05-11T18:21:28.196Z</time>
      </trkpt>
      <trkpt lat="42.278759" lon="23.788150">
        <ele>745.831173</ele>
        <time>2026-05-11T18:21:32.755Z</time>
      </trkpt>
      <trkpt lat="42.278632" lon="23.788376">
        <ele>745.923332</ele>
        <time>2026-05-11T18:21:39.885Z</time>
      </trkpt>
      <trkpt lat="42.277220" lon="23.790001">
        <ele>746.429642</ele>
        <time>2026-05-11T18:22:42.905Z</time>
      </trkpt>
      <trkpt lat="42.276823" lon="23.790762">
        <ele>746.273187</ele>
        <time>2026-05-11T18:23:04.232Z</time>
      </trkpt>
      <trkpt lat="42.276646" lon="23.791224">
        <ele>746.185770</ele>
        <time>2026-05-11T18:23:15.720Z</time>
      </trkpt>
      <trkpt lat="42.276554" lon="23.791567">
        <ele>746.122979</ele>
        <time>2026-05-11T18:23:23.698Z</time>
      </trkpt>
      <trkpt lat="42.276114" lon="23.792456">
        <ele>745.778656</ele>
        <time>2026-05-11T18:23:47.558Z</time>
      </trkpt>
      <trkpt lat="42.275967" lon="23.792872">
        <ele>745.630243</ele>
        <time>2026-05-11T18:23:58.201Z</time>
      </trkpt>
      <trkpt lat="42.275748" lon="23.793268">
        <ele>745.471083</ele>
        <time>2026-05-11T18:24:09.690Z</time>
      </trkpt>
      <trkpt lat="42.275359" lon="23.793852">
        <ele>745.085645</ele>
        <time>2026-05-11T18:24:27.686Z</time>
      </trkpt>
      <trkpt lat="42.275157" lon="23.794250">
        <ele>744.766128</ele>
        <time>2026-05-11T18:24:38.455Z</time>
      </trkpt>
      <trkpt lat="42.274989" lon="23.794771">
        <ele>744.389880</ele>
        <time>2026-05-11T18:24:50.870Z</time>
      </trkpt>
      <trkpt lat="42.274969" lon="23.795343">
        <ele>744.010775</ele>
        <time>2026-05-11T18:25:03.147Z</time>
      </trkpt>
      <trkpt lat="42.274912" lon="23.795640">
        <ele>743.807645</ele>
        <time>2026-05-11T18:25:09.606Z</time>
      </trkpt>
      <trkpt lat="42.274653" lon="23.796379">
        <ele>742.433611</ele>
        <time>2026-05-11T18:25:26.518Z</time>
      </trkpt>
      <trkpt lat="42.274594" lon="23.796485">
        <ele>742.189527</ele>
        <time>2026-05-11T18:25:29.208Z</time>
      </trkpt>
      <trkpt lat="42.274438" lon="23.796670">
        <ele>741.673379</ele>
        <time>2026-05-11T18:25:34.829Z</time>
      </trkpt>
      <trkpt lat="42.274155" lon="23.797197">
        <ele>740.475132</ele>
        <time>2026-05-11T18:25:47.665Z</time>
      </trkpt>
      <trkpt lat="42.273860" lon="23.798075">
        <ele>738.216186</ele>
        <time>2026-05-11T18:26:05.939Z</time>
      </trkpt>
      <trkpt lat="42.273515" lon="23.798611">
        <ele>735.778651</ele>
        <time>2026-05-11T18:26:18.806Z</time>
      </trkpt>
      <trkpt lat="42.273267" lon="23.798934">
        <ele>734.181551</ele>
        <time>2026-05-11T18:26:27.071Z</time>
      </trkpt>
      <trkpt lat="42.273221" lon="23.799156">
        <ele>733.390529</ele>
        <time>2026-05-11T18:26:31.151Z</time>
      </trkpt>
      <trkpt lat="42.273182" lon="23.800382">
        <ele>729.598021</ele>
        <time>2026-05-11T18:26:52.893Z</time>
      </trkpt>
      <trkpt lat="42.273193" lon="23.800584">
        <ele>729.069938</ele>
        <time>2026-05-11T18:26:56.565Z</time>
      </trkpt>
      <trkpt lat="42.273274" lon="23.800808">
        <ele>728.419913</ele>
        <time>2026-05-11T18:27:01.134Z</time>
      </trkpt>
      <trkpt lat="42.273275" lon="23.800891">
        <ele>728.203485</ele>
        <time>2026-05-11T18:27:02.676Z</time>
      </trkpt>
      <trkpt lat="42.273243" lon="23.800942">
        <ele>728.029147</ele>
        <time>2026-05-11T18:27:03.926Z</time>
      </trkpt>
      <trkpt lat="42.273127" lon="23.801003">
        <ele>727.590565</ele>
        <time>2026-05-11T18:27:07.125Z</time>
      </trkpt>
      <trkpt lat="42.273021" lon="23.801175">
        <ele>727.006957</ele>
        <time>2026-05-11T18:27:11.408Z</time>
      </trkpt>
      <trkpt lat="42.272954" lon="23.801413">
        <ele>726.343046</ele>
        <time>2026-05-11T18:27:16.395Z</time>
      </trkpt>
      <trkpt lat="42.272897" lon="23.801811">
        <ele>725.286109</ele>
        <time>2026-05-11T18:27:24.466Z</time>
      </trkpt>
      <trkpt lat="42.272768" lon="23.802363">
        <ele>724.354450</ele>
        <time>2026-05-11T18:27:36.134Z</time>
      </trkpt>
      <trkpt lat="42.272643" lon="23.802773">
        <ele>724.026571</ele>
        <time>2026-05-11T18:27:45.174Z</time>
      </trkpt>
      <trkpt lat="42.272548" lon="23.803596">
        <ele>723.410682</ele>
        <time>2026-05-11T18:28:02.740Z</time>
      </trkpt>
      <trkpt lat="42.272475" lon="23.803872">
        <ele>723.193961</ele>
        <time>2026-05-11T18:28:09.255Z</time>
      </trkpt>
      <trkpt lat="42.272376" lon="23.804058">
        <ele>723.024548</ele>
        <time>2026-05-11T18:28:14.530Z</time>
      </trkpt>
      <trkpt lat="42.272271" lon="23.804171">
        <ele>722.890422</ele>
        <time>2026-05-11T18:28:18.832Z</time>
      </trkpt>
      <trkpt lat="42.271944" lon="23.804267">
        <ele>723.166316</ele>
        <time>2026-05-11T18:28:30.459Z</time>
      </trkpt>
      <trkpt lat="42.271828" lon="23.804348">
        <ele>723.382411</ele>
        <time>2026-05-11T18:28:35.365Z</time>
      </trkpt>
      <trkpt lat="42.271724" lon="23.804549">
        <ele>723.682774</ele>
        <time>2026-05-11T18:28:42.530Z</time>
      </trkpt>
      <trkpt lat="42.271666" lon="23.804784">
        <ele>723.986154</ele>
        <time>2026-05-11T18:28:50.219Z</time>
      </trkpt>
      <trkpt lat="42.271649" lon="23.805502">
        <ele>724.865905</ele>
        <time>2026-05-11T18:29:13.271Z</time>
      </trkpt>
      <trkpt lat="42.271580" lon="23.805820">
        <ele>725.271743</ele>
        <time>2026-05-11T18:29:23.702Z</time>
      </trkpt>
      <trkpt lat="42.271398" lon="23.806214">
        <ele>725.773189</ele>
        <time>2026-05-11T18:29:37.507Z</time>
      </trkpt>
      <trkpt lat="42.271170" lon="23.806800">
        <ele>725.883505</ele>
        <time>2026-05-11T18:29:55.172Z</time>
      </trkpt>
      <trkpt lat="42.271155" lon="23.806948">
        <ele>725.908395</ele>
        <time>2026-05-11T18:29:58.919Z</time>
      </trkpt>
      <trkpt lat="42.271195" lon="23.807345">
        <ele>725.975155</ele>
        <time>2026-05-11T18:30:08.643Z</time>
      </trkpt>
      <trkpt lat="42.271190" lon="23.807532">
        <ele>726.006334</ele>
        <time>2026-05-11T18:30:13.020Z</time>
      </trkpt>
      <trkpt lat="42.271040" lon="23.808080">
        <ele>726.103691</ele>
        <time>2026-05-11T18:30:26.221Z</time>
      </trkpt>
      <trkpt lat="42.270749" lon="23.809007">
        <ele>725.463562</ele>
        <time>2026-05-11T18:30:48.167Z</time>
      </trkpt>
      <trkpt lat="42.270682" lon="23.809158">
        <ele>725.264745</ele>
        <time>2026-05-11T18:30:51.965Z</time>
      </trkpt>
      <trkpt lat="42.270339" lon="23.810299">
        <ele>723.874042</ele>
        <time>2026-05-11T18:31:17.699Z</time>
      </trkpt>
      <trkpt lat="42.270241" lon="23.810893">
        <ele>722.935472</ele>
        <time>2026-05-11T18:31:29.823Z</time>
      </trkpt>
      <trkpt lat="42.270118" lon="23.811378">
        <ele>721.739969</ele>
        <time>2026-05-11T18:31:39.784Z</time>
      </trkpt>
      <trkpt lat="42.269092" lon="23.813348">
        <ele>716.514621</ele>
        <time>2026-05-11T18:32:25.155Z</time>
      </trkpt>
      <trkpt lat="42.268845" lon="23.813729">
        <ele>715.617134</ele>
        <time>2026-05-11T18:32:34.976Z</time>
      </trkpt>
      <trkpt lat="42.268561" lon="23.813972">
        <ele>714.812284</ele>
        <time>2026-05-11T18:32:44.063Z</time>
      </trkpt>
      <trkpt lat="42.268007" lon="23.814312">
        <ele>713.381444</ele>
        <time>2026-05-11T18:33:01.317Z</time>
      </trkpt>
      <trkpt lat="42.267899" lon="23.814407">
        <ele>713.159318</ele>
        <time>2026-05-11T18:33:05.169Z</time>
      </trkpt>
      <trkpt lat="42.267812" lon="23.814670">
        <ele>712.791852</ele>
        <time>2026-05-11T18:33:11.614Z</time>
      </trkpt>
      <trkpt lat="42.267704" lon="23.815223">
        <ele>712.062314</ele>
        <time>2026-05-11T18:33:24.445Z</time>
      </trkpt>
      <trkpt lat="42.267598" lon="23.815390">
        <ele>711.781669</ele>
        <time>2026-05-11T18:33:29.225Z</time>
      </trkpt>
      <trkpt lat="42.267461" lon="23.815579">
        <ele>711.444197</ele>
        <time>2026-05-11T18:33:32.547Z</time>
      </trkpt>
      <trkpt lat="42.267206" lon="23.815814">
        <ele>710.912166</ele>
        <time>2026-05-11T18:33:37.547Z</time>
      </trkpt>
      <trkpt lat="42.267014" lon="23.816111">
        <ele>710.409121</ele>
        <time>2026-05-11T18:33:42.049Z</time>
      </trkpt>
      <trkpt lat="42.265719" lon="23.818471">
        <ele>702.015450</ele>
        <time>2026-05-11T18:34:13.020Z</time>
      </trkpt>
      <trkpt lat="42.265608" lon="23.818625">
        <ele>701.480852</ele>
        <time>2026-05-11T18:34:15.400Z</time>
      </trkpt>
      <trkpt lat="42.265512" lon="23.818694">
        <ele>701.115459</ele>
        <time>2026-05-11T18:34:17.050Z</time>
      </trkpt>
      <trkpt lat="42.265078" lon="23.818841">
        <ele>699.611932</ele>
        <time>2026-05-11T18:34:23.972Z</time>
      </trkpt>
      <trkpt lat="42.264417" lon="23.819204">
        <ele>697.214284</ele>
        <time>2026-05-11T18:34:34.905Z</time>
      </trkpt>
      <trkpt lat="42.264319" lon="23.819304">
        <ele>696.594525</ele>
        <time>2026-05-11T18:34:36.717Z</time>
      </trkpt>
      <trkpt lat="42.264238" lon="23.819463">
        <ele>695.796449</ele>
        <time>2026-05-11T18:34:38.794Z</time>
      </trkpt>
      <trkpt lat="42.264182" lon="23.819643">
        <ele>694.989158</ele>
        <time>2026-05-11T18:34:40.850Z</time>
      </trkpt>
      <trkpt lat="42.264160" lon="23.819827">
        <ele>694.218552</ele>
        <time>2026-05-11T18:34:42.789Z</time>
      </trkpt>
      <trkpt lat="42.264482" lon="23.821058">
        <ele>688.820468</ele>
        <time>2026-05-11T18:34:55.715Z</time>
      </trkpt>
      <trkpt lat="42.264584" lon="23.821429">
        <ele>687.184159</ele>
        <time>2026-05-11T18:34:59.513Z</time>
      </trkpt>
      <trkpt lat="42.264921" lon="23.822802">
        <ele>681.447567</ele>
        <time>2026-05-11T18:35:13.918Z</time>
      </trkpt>
      <trkpt lat="42.264760" lon="23.822854">
        <ele>680.561269</ele>
        <time>2026-05-11T18:35:15.839Z</time>
      </trkpt>
      <trkpt lat="42.264669" lon="23.822997">
        <ele>679.813983</ele>
        <time>2026-05-11T18:35:17.472Z</time>
      </trkpt>
      <trkpt lat="42.264646" lon="23.823033">
        <ele>679.625537</ele>
        <time>2026-05-11T18:35:17.895Z</time>
      </trkpt>
      <trkpt lat="42.264786" lon="23.823789">
        <ele>677.009239</ele>
        <time>2026-05-11T18:35:26.226Z</time>
      </trkpt>
      <trkpt lat="42.264883" lon="23.824468">
        <ele>675.708371</ele>
        <time>2026-05-11T18:35:33.938Z</time>
      </trkpt>
      <trkpt lat="42.264965" lon="23.825377">
        <ele>673.985769</ele>
        <time>2026-05-11T18:35:44.335Z</time>
      </trkpt>
      <trkpt lat="42.264914" lon="23.825678">
        <ele>673.404899</ele>
        <time>2026-05-11T18:35:48.184Z</time>
      </trkpt>
      <trkpt lat="42.264845" lon="23.825916">
        <ele>672.924061</ele>
        <time>2026-05-11T18:35:51.537Z</time>
      </trkpt>
      <trkpt lat="42.264910" lon="23.826135">
        <ele>672.703538</ele>
        <time>2026-05-11T18:35:54.740Z</time>
      </trkpt>
      <trkpt lat="42.264587" lon="23.827233">
        <ele>671.776028</ele>
        <time>2026-05-11T18:36:11.420Z</time>
      </trkpt>
      <trkpt lat="42.264443" lon="23.827852">
        <ele>671.266679</ele>
        <time>2026-05-11T18:36:19.943Z</time>
      </trkpt>
      <trkpt lat="42.264413" lon="23.828874">
        <ele>669.597669</ele>
        <time>2026-05-11T18:36:31.867Z</time>
      </trkpt>
      <trkpt lat="42.264916" lon="23.829301">
        <ele>667.857952</ele>
        <time>2026-05-11T18:36:39.310Z</time>
      </trkpt>
      <trkpt lat="42.264673" lon="23.829451">
        <ele>667.075537</ele>
        <time>2026-05-11T18:36:43.262Z</time>
      </trkpt>
      <trkpt lat="42.264430" lon="23.829428">
        <ele>666.362120</ele>
        <time>2026-05-11T18:36:46.840Z</time>
      </trkpt>
      <trkpt lat="42.264378" lon="23.829796">
        <ele>665.613217</ele>
        <time>2026-05-11T18:36:50.900Z</time>
      </trkpt>
      <trkpt lat="42.264306" lon="23.830060">
        <ele>665.282614</ele>
        <time>2026-05-11T18:36:54.048Z</time>
      </trkpt>
      <trkpt lat="42.264238" lon="23.830245">
        <ele>665.039896</ele>
        <time>2026-05-11T18:36:56.455Z</time>
      </trkpt>
      <trkpt lat="42.264149" lon="23.830385">
        <ele>664.823030</ele>
        <time>2026-05-11T18:36:58.664Z</time>
      </trkpt>
      <trkpt lat="42.264359" lon="23.831145">
        <ele>663.869788</ele>
        <time>2026-05-11T18:37:08.485Z</time>
      </trkpt>
      <trkpt lat="42.263977" lon="23.831349">
        <ele>663.217608</ele>
        <time>2026-05-11T18:37:15.886Z</time>
      </trkpt>
      <trkpt lat="42.262853" lon="23.832102">
        <ele>661.542034</ele>
        <time>2026-05-11T18:37:41.416Z</time>
      </trkpt>
      <trkpt lat="42.262240" lon="23.832548">
        <ele>660.654311</ele>
        <time>2026-05-11T18:37:52.466Z</time>
      </trkpt>
      <trkpt lat="42.262602" lon="23.833136">
        <ele>658.695072</ele>
        <time>2026-05-11T18:38:00.624Z</time>
      </trkpt>
      <trkpt lat="42.262651" lon="23.833313">
        <ele>658.152674</ele>
        <time>2026-05-11T18:38:02.598Z</time>
      </trkpt>
      <trkpt lat="42.262685" lon="23.833632">
        <ele>657.227648</ele>
        <time>2026-05-11T18:38:05.961Z</time>
      </trkpt>
      <trkpt lat="42.262724" lon="23.834643">
        <ele>654.321982</ele>
        <time>2026-05-11T18:38:16.637Z</time>
      </trkpt>
      <trkpt lat="42.262741" lon="23.836313">
        <ele>650.415857</ele>
        <time>2026-05-11T18:38:35.304Z</time>
      </trkpt>
      <trkpt lat="42.262723" lon="23.836681">
        <ele>649.590167</ele>
        <time>2026-05-11T18:38:39.533Z</time>
      </trkpt>
      <trkpt lat="42.262670" lon="23.837087">
        <ele>648.667166</ele>
        <time>2026-05-11T18:38:44.250Z</time>
      </trkpt>
      <trkpt lat="42.262354" lon="23.839432">
        <ele>643.152029</ele>
        <time>2026-05-11T18:39:11.022Z</time>
      </trkpt>
      <trkpt lat="42.262275" lon="23.839868">
        <ele>641.962367</ele>
        <time>2026-05-11T18:39:15.887Z</time>
      </trkpt>
      <trkpt lat="42.261688" lon="23.842264">
        <ele>633.644414</ele>
        <time>2026-05-11T18:39:42.257Z</time>
      </trkpt>
      <trkpt lat="42.261668" lon="23.842616">
        <ele>632.338227</ele>
        <time>2026-05-11T18:39:45.888Z</time>
      </trkpt>
      <trkpt lat="42.261743" lon="23.843470">
        <ele>629.156372</ele>
        <time>2026-05-11T18:39:54.677Z</time>
      </trkpt>
      <trkpt lat="42.262108" lon="23.846824">
        <ele>616.827394</ele>
        <time>2026-05-11T18:40:29.495Z</time>
      </trkpt>
      <trkpt lat="42.262093" lon="23.847120">
        <ele>616.038790</ele>
        <time>2026-05-11T18:40:32.682Z</time>
      </trkpt>
      <trkpt lat="42.261929" lon="23.847916">
        <ele>613.857515</ele>
        <time>2026-05-11T18:40:41.694Z</time>
      </trkpt>
      <trkpt lat="42.261912" lon="23.848158">
        <ele>613.215785</ele>
        <time>2026-05-11T18:40:44.381Z</time>
      </trkpt>
      <trkpt lat="42.262713" lon="23.851031">
        <ele>605.978652</ele>
        <time>2026-05-11T18:41:18.419Z</time>
      </trkpt>
      <trkpt lat="42.263463" lon="23.853663">
        <ele>601.143838</ele>
        <time>2026-05-11T18:41:51.291Z</time>
      </trkpt>
      <trkpt lat="42.263509" lon="23.853936">
        <ele>601.027284</ele>
        <time>2026-05-11T18:41:54.852Z</time>
      </trkpt>
      <trkpt lat="42.263527" lon="23.854328">
        <ele>600.943187</ele>
        <time>2026-05-11T18:42:00.007Z</time>
      </trkpt>
      <trkpt lat="42.263508" lon="23.854519">
        <ele>600.901923</ele>
        <time>2026-05-11T18:42:02.632Z</time>
      </trkpt>
      <trkpt lat="42.263050" lon="23.856700">
        <ele>600.655505</ele>
        <time>2026-05-11T18:42:38.377Z</time>
      </trkpt>
      <trkpt lat="42.262974" lon="23.857385">
        <ele>600.757251</ele>
        <time>2026-05-11T18:42:49.261Z</time>
      </trkpt>
      <trkpt lat="42.262959" lon="23.857805">
        <ele>600.819018</ele>
        <time>2026-05-11T18:42:55.839Z</time>
      </trkpt>
      <trkpt lat="42.262916" lon="23.858021">
        <ele>600.851874</ele>
        <time>2026-05-11T18:42:59.334Z</time>
      </trkpt>
      <trkpt lat="42.262782" lon="23.858311">
        <ele>600.902095</ele>
        <time>2026-05-11T18:43:04.663Z</time>
      </trkpt>
      <trkpt lat="42.261993" lon="23.859528">
        <ele>599.605156</ele>
        <time>2026-05-11T18:43:26.947Z</time>
      </trkpt>
      <trkpt lat="42.261906" lon="23.860313">
        <ele>598.924729</ele>
        <time>2026-05-11T18:43:43.098Z</time>
      </trkpt>
      <trkpt lat="42.261747" lon="23.860952">
        <ele>597.298549</ele>
        <time>2026-05-11T18:43:56.027Z</time>
      </trkpt>
      <trkpt lat="42.261759" lon="23.861933">
        <ele>594.639904</ele>
        <time>2026-05-11T18:44:14.269Z</time>
      </trkpt>
      <trkpt lat="42.261683" lon="23.862293">
        <ele>593.625474</ele>
        <time>2026-05-11T18:44:21.155Z</time>
      </trkpt>
      <trkpt lat="42.261731" lon="23.862856">
        <ele>592.056573</ele>
        <time>2026-05-11T18:44:31.536Z</time>
      </trkpt>
      <trkpt lat="42.261795" lon="23.863065">
        <ele>591.313578</ele>
        <time>2026-05-11T18:44:35.661Z</time>
      </trkpt>
      <trkpt lat="42.261818" lon="23.863500">
        <ele>589.881000</ele>
        <time>2026-05-11T18:44:43.576Z</time>
      </trkpt>
      <trkpt lat="42.261914" lon="23.864240">
        <ele>587.413105</ele>
        <time>2026-05-11T18:44:57.152Z</time>
      </trkpt>
      <trkpt lat="42.261887" lon="23.864989">
        <ele>584.949794</ele>
        <time>2026-05-11T18:45:10.658Z</time>
      </trkpt>
      <trkpt lat="42.262010" lon="23.866019">
        <ele>582.374648</ele>
        <time>2026-05-11T18:45:29.828Z</time>
      </trkpt>
      <trkpt lat="42.262069" lon="23.866260">
        <ele>581.800081</ele>
        <time>2026-05-11T18:45:34.643Z</time>
      </trkpt>
      <trkpt lat="42.262037" lon="23.866598">
        <ele>581.028793</ele>
        <time>2026-05-11T18:45:41.199Z</time>
      </trkpt>
      <trkpt lat="42.261803" lon="23.867011">
        <ele>579.851481</ele>
        <time>2026-05-11T18:45:51.499Z</time>
      </trkpt>
      <trkpt lat="42.261644" lon="23.867162">
        <ele>579.257094</ele>
        <time>2026-05-11T18:45:56.814Z</time>
      </trkpt>
      <trkpt lat="42.261553" lon="23.867194">
        <ele>578.969507</ele>
        <time>2026-05-11T18:45:59.432Z</time>
      </trkpt>
      <trkpt lat="42.261168" lon="23.868116">
        <ele>577.605129</ele>
        <time>2026-05-11T18:46:21.630Z</time>
      </trkpt>
      <trkpt lat="42.260934" lon="23.868331">
        <ele>577.147715</ele>
        <time>2026-05-11T18:46:29.700Z</time>
      </trkpt>
      <trkpt lat="42.260711" lon="23.868792">
        <ele>576.488859</ele>
        <time>2026-05-11T18:46:41.216Z</time>
      </trkpt>
      <trkpt lat="42.260342" lon="23.869205">
        <ele>575.626599</ele>
        <time>2026-05-11T18:46:54.592Z</time>
      </trkpt>
      <trkpt lat="42.259981" lon="23.869436">
        <ele>574.576476</ele>
        <time>2026-05-11T18:47:05.538Z</time>
      </trkpt>
      <trkpt lat="42.259898" lon="23.869586">
        <ele>574.212063</ele>
        <time>2026-05-11T18:47:09.301Z</time>
      </trkpt>
      <trkpt lat="42.259723" lon="23.870010">
        <ele>573.267454</ele>
        <time>2026-05-11T18:47:18.906Z</time>
      </trkpt>
      <trkpt lat="42.259612" lon="23.870187">
        <ele>572.816048</ele>
        <time>2026-05-11T18:47:23.436Z</time>
      </trkpt>
      <trkpt lat="42.259493" lon="23.870273">
        <ele>572.461256</ele>
        <time>2026-05-11T18:47:26.970Z</time>
      </trkpt>
      <trkpt lat="42.259092" lon="23.870380">
        <ele>571.386661</ele>
        <time>2026-05-11T18:47:37.532Z</time>
      </trkpt>
      <trkpt lat="42.258885" lon="23.870391">
        <ele>570.709593</ele>
        <time>2026-05-11T18:47:42.798Z</time>
      </trkpt>
      <trkpt lat="42.258841" lon="23.870445">
        <ele>570.480368</ele>
        <time>2026-05-11T18:47:44.290Z</time>
      </trkpt>
      <trkpt lat="42.258822" lon="23.870536">
        <ele>570.210507</ele>
        <time>2026-05-11T18:47:46.068Z</time>
      </trkpt>
      <trkpt lat="42.258992" lon="23.870933">
        <ele>568.901442</ele>
        <time>2026-05-11T18:47:54.577Z</time>
      </trkpt>
      <trkpt lat="42.259024" lon="23.871180">
        <ele>568.185759</ele>
        <time>2026-05-11T18:47:59.179Z</time>
      </trkpt>
      <trkpt lat="42.259020" lon="23.871340">
        <ele>567.728841</ele>
        <time>2026-05-11T18:48:02.127Z</time>
      </trkpt>
      <trkpt lat="42.258941" lon="23.871587">
        <ele>566.960866</ele>
        <time>2026-05-11T18:48:07.035Z</time>
      </trkpt>
      <trkpt lat="42.258964" lon="23.871770">
        <ele>566.431087</ele>
        <time>2026-05-11T18:48:10.411Z</time>
      </trkpt>
      <trkpt lat="42.259191" lon="23.872306">
        <ele>564.668537</ele>
        <time>2026-05-11T18:48:21.705Z</time>
      </trkpt>
      <trkpt lat="42.259330" lon="23.872403">
        <ele>564.145105</ele>
        <time>2026-05-11T18:48:25.620Z</time>
      </trkpt>
      <trkpt lat="42.259433" lon="23.872403">
        <ele>564.002979</ele>
        <time>2026-05-11T18:48:28.230Z</time>
      </trkpt>
      <trkpt lat="42.259532" lon="23.872456">
        <ele>563.856040</ele>
        <time>2026-05-11T18:48:30.956Z</time>
      </trkpt>
      <trkpt lat="42.259592" lon="23.872585">
        <ele>563.700444</ele>
        <time>2026-05-11T18:48:33.854Z</time>
      </trkpt>
      <trkpt lat="42.259616" lon="23.872832">
        <ele>563.446032</ele>
        <time>2026-05-11T18:48:38.712Z</time>
      </trkpt>
      <trkpt lat="42.259608" lon="23.873374">
        <ele>562.892407</ele>
        <time>2026-05-11T18:48:49.836Z</time>
      </trkpt>
      <trkpt lat="42.259485" lon="23.873926">
        <ele>562.303683</ele>
        <time>2026-05-11T18:49:02.842Z</time>
      </trkpt>
      <trkpt lat="42.259385" lon="23.874082">
        <ele>562.092920</ele>
        <time>2026-05-11T18:49:07.842Z</time>
      </trkpt>
      <trkpt lat="42.259135" lon="23.874318">
        <ele>561.730212</ele>
        <time>2026-05-11T18:49:18.523Z</time>
      </trkpt>
      <trkpt lat="42.259028" lon="23.874725">
        <ele>562.008688</ele>
        <time>2026-05-11T18:49:30.485Z</time>
      </trkpt>
      <trkpt lat="42.258964" lon="23.874838">
        <ele>562.100430</ele>
        <time>2026-05-11T18:49:34.512Z</time>
      </trkpt>
      <trkpt lat="42.257646" lon="23.875653">
        <ele>563.369256</ele>
        <time>2026-05-11T18:50:26.576Z</time>
      </trkpt>
      <trkpt lat="42.257464" lon="23.876147">
        <ele>563.749627</ele>
        <time>2026-05-11T18:50:40.609Z</time>
      </trkpt>
      <trkpt lat="42.257333" lon="23.876367">
        <ele>563.944260</ele>
        <time>2026-05-11T18:50:47.889Z</time>
      </trkpt>
      <trkpt lat="42.256082" lon="23.878266">
        <ele>566.158110</ele>
        <time>2026-05-11T18:51:56.684Z</time>
      </trkpt>
      <trkpt lat="42.255538" lon="23.879033">
        <ele>567.342768</ele>
        <time>2026-05-11T18:52:28.175Z</time>
      </trkpt>
      <trkpt lat="42.255415" lon="23.879140">
        <ele>567.563183</ele>
        <time>2026-05-11T18:52:34.160Z</time>
      </trkpt>
      <trkpt lat="42.255276" lon="23.879178">
        <ele>567.748407</ele>
        <time>2026-05-11T18:52:39.938Z</time>
      </trkpt>
      <trkpt lat="42.254732" lon="23.879108">
        <ele>568.371743</ele>
        <time>2026-05-11T18:53:01.601Z</time>
      </trkpt>
      <trkpt lat="42.254669" lon="23.879226">
        <ele>568.494582</ele>
        <time>2026-05-11T18:53:05.777Z</time>
      </trkpt>
      <trkpt lat="42.254530" lon="23.879725">
        <ele>568.944730</ele>
        <time>2026-05-11T18:53:20.692Z</time>
      </trkpt>
      <trkpt lat="42.254017" lon="23.881238">
        <ele>570.389115</ele>
        <time>2026-05-11T18:54:01.559Z</time>
      </trkpt>
      <trkpt lat="42.253958" lon="23.881518">
        <ele>570.650050</ele>
        <time>2026-05-11T18:54:09.025Z</time>
      </trkpt>
      <trkpt lat="42.254180" lon="23.881801">
        <ele>571.019655</ele>
        <time>2026-05-11T18:54:20.098Z</time>
      </trkpt>
      <trkpt lat="42.254716" lon="23.882262">
        <ele>571.789074</ele>
        <time>2026-05-11T18:54:44.988Z</time>
      </trkpt>
      <trkpt lat="42.255256" lon="23.882826">
        <ele>573.936301</ele>
        <time>2026-05-11T18:55:16.110Z</time>
      </trkpt>
      <trkpt lat="42.255411" lon="23.883088">
        <ele>574.783692</ele>
        <time>2026-05-11T18:55:27.928Z</time>
      </trkpt>
      <trkpt lat="42.255971" lon="23.884692">
        <ele>578.864772</ele>
        <time>2026-05-11T18:56:32.816Z</time>
      </trkpt>
      <trkpt lat="42.256118" lon="23.885358">
        <ele>580.052761</ele>
        <time>2026-05-11T18:56:57.398Z</time>
      </trkpt>
      <trkpt lat="42.256074" lon="23.886500">
        <ele>582.007512</ele>
        <time>2026-05-11T18:57:31.300Z</time>
      </trkpt>
      <trkpt lat="42.256094" lon="23.886881">
        <ele>581.533364</ele>
        <time>2026-05-11T18:57:39.822Z</time>
      </trkpt>
      <trkpt lat="42.256149" lon="23.887246">
        <ele>580.667242</ele>
        <time>2026-05-11T18:57:47.610Z</time>
      </trkpt>
      <trkpt lat="42.256169" lon="23.887922">
        <ele>579.094127</ele>
        <time>2026-05-11T18:58:00.725Z</time>
      </trkpt>
      <trkpt lat="42.256269" lon="23.888131">
        <ele>578.515450</ele>
        <time>2026-05-11T18:58:05.279Z</time>
      </trkpt>
      <trkpt lat="42.256483" lon="23.888426">
        <ele>577.554979</ele>
        <time>2026-05-11T18:58:12.679Z</time>
      </trkpt>
      <trkpt lat="42.256662" lon="23.889129">
        <ele>575.172740</ele>
        <time>2026-05-11T18:58:25.599Z</time>
      </trkpt>
      <trkpt lat="42.256872" lon="23.889386">
        <ele>573.458526</ele>
        <time>2026-05-11T18:58:32.187Z</time>
      </trkpt>
      <trkpt lat="42.257221" lon="23.889676">
        <ele>570.979714</ele>
        <time>2026-05-11T18:58:41.657Z</time>
      </trkpt>
      <trkpt lat="42.257503" lon="23.890229">
        <ele>567.972644</ele>
        <time>2026-05-11T18:58:53.124Z</time>
      </trkpt>
      <trkpt lat="42.257575" lon="23.890733">
        <ele>565.674184</ele>
        <time>2026-05-11T18:59:02.012Z</time>
      </trkpt>
      <trkpt lat="42.257464" lon="23.891258">
        <ele>563.369182</ele>
        <time>2026-05-11T18:59:11.592Z</time>
      </trkpt>
      <trkpt lat="42.257484" lon="23.891586">
        <ele>561.980627</ele>
        <time>2026-05-11T18:59:17.422Z</time>
      </trkpt>
      <trkpt lat="42.257372" lon="23.892997">
        <ele>555.993327</ele>
        <time>2026-05-11T18:59:42.446Z</time>
      </trkpt>
      <trkpt lat="42.257360" lon="23.893592">
        <ele>553.182400</ele>
        <time>2026-05-11T18:59:52.565Z</time>
      </trkpt>
      <trkpt lat="42.257380" lon="23.894134">
        <ele>550.534631</ele>
        <time>2026-05-11T19:00:01.580Z</time>
      </trkpt>
      <trkpt lat="42.257249" lon="23.895733">
        <ele>542.971013</ele>
        <time>2026-05-11T19:00:28.681Z</time>
      </trkpt>
      <trkpt lat="42.257031" lon="23.897009">
        <ele>538.716930</ele>
        <time>2026-05-11T19:00:53.193Z</time>
      </trkpt>
      <trkpt lat="42.257027" lon="23.897610">
        <ele>536.764501</ele>
        <time>2026-05-11T19:01:04.647Z</time>
      </trkpt>
      <trkpt lat="42.257249" lon="23.898286">
        <ele>533.854322</ele>
        <time>2026-05-11T19:01:18.068Z</time>
      </trkpt>
      <trkpt lat="42.257317" lon="23.898710">
        <ele>531.887649</ele>
        <time>2026-05-11T19:01:25.655Z</time>
      </trkpt>
      <trkpt lat="42.257313" lon="23.899150">
        <ele>529.892903</ele>
        <time>2026-05-11T19:01:33.117Z</time>
      </trkpt>
      <trkpt lat="42.257472" lon="23.899472">
        <ele>528.138183</ele>
        <time>2026-05-11T19:01:39.625Z</time>
      </trkpt>
      <trkpt lat="42.257678" lon="23.899772">
        <ele>526.283089</ele>
        <time>2026-05-11T19:01:46.548Z</time>
      </trkpt>
      <trkpt lat="42.257738" lon="23.899949">
        <ele>525.400570</ele>
        <time>2026-05-11T19:01:49.843Z</time>
      </trkpt>
      <trkpt lat="42.257698" lon="23.900110">
        <ele>524.630711</ele>
        <time>2026-05-11T19:01:52.724Z</time>
      </trkpt>
      <trkpt lat="42.257396" lon="23.900437">
        <ele>520.927057</ele>
        <time>2026-05-11T19:02:01.576Z</time>
      </trkpt>
      <trkpt lat="42.257221" lon="23.900766">
        <ele>518.056891</ele>
        <time>2026-05-11T19:02:05.455Z</time>
      </trkpt>
      <trkpt lat="42.257167" lon="23.900835">
        <ele>517.345497</ele>
        <time>2026-05-11T19:02:06.408Z</time>
      </trkpt>
      <trkpt lat="42.257094" lon="23.900843">
        <ele>516.644481</ele>
        <time>2026-05-11T19:02:07.332Z</time>
      </trkpt>
      <trkpt lat="42.256970" lon="23.900780">
        <ele>515.376471</ele>
        <time>2026-05-11T19:02:08.999Z</time>
      </trkpt>
      <trkpt lat="42.256753" lon="23.900582">
        <ele>512.870173</ele>
        <time>2026-05-11T19:02:12.259Z</time>
      </trkpt>
      <trkpt lat="42.256483" lon="23.900285">
        <ele>509.537665</ele>
        <time>2026-05-11T19:02:16.519Z</time>
      </trkpt>
      <trkpt lat="42.256331" lon="23.900302">
        <ele>508.077817</ele>
        <time>2026-05-11T19:02:18.361Z</time>
      </trkpt>
      <trkpt lat="42.255843" lon="23.900090">
        <ele>501.330967</ele>
        <time>2026-05-11T19:02:24.494Z</time>
      </trkpt>
      <trkpt lat="42.255645" lon="23.900100">
        <ele>498.611754</ele>
        <time>2026-05-11T19:02:26.846Z</time>
      </trkpt>
      <trkpt lat="42.255454" lon="23.900215">
        <ele>495.742000</ele>
        <time>2026-05-11T19:02:29.328Z</time>
      </trkpt>
      <trkpt lat="42.255381" lon="23.900219">
        <ele>494.739338</ele>
        <time>2026-05-11T19:02:30.186Z</time>
      </trkpt>
      <trkpt lat="42.255345" lon="23.900192">
        <ele>494.174262</ele>
        <time>2026-05-11T19:02:30.673Z</time>
      </trkpt>
      <trkpt lat="42.255292" lon="23.899950">
        <ele>491.610731</ele>
        <time>2026-05-11T19:02:32.888Z</time>
      </trkpt>
      <trkpt lat="42.255135" lon="23.899527">
        <ele>486.804024</ele>
        <time>2026-05-11T19:02:37.047Z</time>
      </trkpt>
      <trkpt lat="42.255067" lon="23.899472">
        <ele>485.716357</ele>
        <time>2026-05-11T19:02:37.988Z</time>
      </trkpt>
      <trkpt lat="42.254967" lon="23.899456">
        <ele>484.334385</ele>
        <time>2026-05-11T19:02:39.182Z</time>
      </trkpt>
      <trkpt lat="42.254502" lon="23.899751">
        <ele>479.682950</ele>
        <time>2026-05-11T19:02:45.372Z</time>
      </trkpt>
      <trkpt lat="42.254482" lon="23.899920">
        <ele>478.710273</ele>
        <time>2026-05-11T19:02:46.935Z</time>
      </trkpt>
      <trkpt lat="42.254397" lon="23.900232">
        <ele>476.820782</ele>
        <time>2026-05-11T19:02:50.022Z</time>
      </trkpt>
      <trkpt lat="42.254260" lon="23.900535">
        <ele>474.802858</ele>
        <time>2026-05-11T19:02:53.392Z</time>
      </trkpt>
      <trkpt lat="42.254414" lon="23.901366">
        <ele>469.934244</ele>
        <time>2026-05-11T19:03:02.147Z</time>
      </trkpt>
      <trkpt lat="42.254615" lon="23.901986">
        <ele>469.135943</ele>
        <time>2026-05-11T19:03:11.172Z</time>
      </trkpt>
      <trkpt lat="42.254797" lon="23.902278">
        <ele>469.302311</ele>
        <time>2026-05-11T19:03:19.961Z</time>
      </trkpt>
      <trkpt lat="42.255092" lon="23.902681">
        <ele>469.549327</ele>
        <time>2026-05-11T19:03:31.887Z</time>
      </trkpt>
      <trkpt lat="42.255455" lon="23.903117">
        <ele>469.835312</ele>
        <time>2026-05-11T19:03:44.237Z</time>
      </trkpt>
      <trkpt lat="42.255649" lon="23.903314">
        <ele>469.976642</ele>
        <time>2026-05-11T19:03:50.360Z</time>
      </trkpt>
      <trkpt lat="42.256093" lon="23.903664">
        <ele>468.866142</ele>
        <time>2026-05-11T19:04:03.334Z</time>
      </trkpt>
      <trkpt lat="42.256382" lon="23.904165">
        <ele>467.850515</ele>
        <time>2026-05-11T19:04:11.463Z</time>
      </trkpt>
      <trkpt lat="42.256904" lon="23.904489">
        <ele>466.609530</ele>
        <time>2026-05-11T19:04:19.872Z</time>
      </trkpt>
      <trkpt lat="42.257102" lon="23.904655">
        <ele>466.106131</ele>
        <time>2026-05-11T19:04:23.137Z</time>
      </trkpt>
      <trkpt lat="42.257974" lon="23.905675">
        <ele>458.327546</ele>
        <time>2026-05-11T19:04:38.095Z</time>
      </trkpt>
      <trkpt lat="42.258750" lon="23.906392">
        <ele>452.511467</ele>
        <time>2026-05-11T19:04:50.470Z</time>
      </trkpt>
      <trkpt lat="42.258867" lon="23.906433">
        <ele>451.922931</ele>
        <time>2026-05-11T19:04:52.166Z</time>
      </trkpt>
      <trkpt lat="42.258966" lon="23.906407">
        <ele>451.431866</ele>
        <time>2026-05-11T19:04:53.596Z</time>
      </trkpt>
      <trkpt lat="42.259178" lon="23.906040">
        <ele>449.754159</ele>
        <time>2026-05-11T19:04:58.532Z</time>
      </trkpt>
      <trkpt lat="42.259266" lon="23.905207">
        <ele>446.721862</ele>
        <time>2026-05-11T19:05:07.506Z</time>
      </trkpt>
      <trkpt lat="42.259514" lon="23.904235">
        <ele>443.484893</ele>
        <time>2026-05-11T19:05:18.269Z</time>
      </trkpt>
      <trkpt lat="42.259563" lon="23.904180">
        <ele>443.242529</ele>
        <time>2026-05-11T19:05:19.160Z</time>
      </trkpt>
      <trkpt lat="42.259639" lon="23.904188">
        <ele>442.952500</ele>
        <time>2026-05-11T19:05:20.208Z</time>
      </trkpt>
      <trkpt lat="42.259700" lon="23.904304">
        <ele>442.551808</ele>
        <time>2026-05-11T19:05:21.678Z</time>
      </trkpt>
      <trkpt lat="42.259893" lon="23.905462">
        <ele>439.209423</ele>
        <time>2026-05-11T19:05:34.173Z</time>
      </trkpt>
      <trkpt lat="42.259868" lon="23.906507">
        <ele>438.040791</ele>
        <time>2026-05-11T19:05:47.526Z</time>
      </trkpt>
      <trkpt lat="42.259839" lon="23.906756">
        <ele>437.945897</ele>
        <time>2026-05-11T19:05:51.052Z</time>
      </trkpt>
      <trkpt lat="42.259587" lon="23.907178">
        <ele>437.741763</ele>
        <time>2026-05-11T19:05:59.054Z</time>
      </trkpt>
      <trkpt lat="42.259491" lon="23.907457">
        <ele>437.625932</ele>
        <time>2026-05-11T19:06:04.065Z</time>
      </trkpt>
      <trkpt lat="42.259449" lon="23.907637">
        <ele>437.554880</ele>
        <time>2026-05-11T19:06:06.741Z</time>
      </trkpt>
      <trkpt lat="42.259446" lon="23.907758">
        <ele>437.509301</ele>
        <time>2026-05-11T19:06:08.686Z</time>
      </trkpt>
      <trkpt lat="42.259544" lon="23.908230">
        <ele>437.182977</ele>
        <time>2026-05-11T19:06:16.819Z</time>
      </trkpt>
      <trkpt lat="42.259550" lon="23.908469">
        <ele>436.923075</ele>
        <time>2026-05-11T19:06:20.482Z</time>
      </trkpt>
      <trkpt lat="42.259500" lon="23.908820">
        <ele>436.534596</ele>
        <time>2026-05-11T19:06:25.482Z</time>
      </trkpt>
      <trkpt lat="42.259289" lon="23.909581">
        <ele>435.651382</ele>
        <time>2026-05-11T19:06:35.846Z</time>
      </trkpt>
      <trkpt lat="42.259092" lon="23.910028">
        <ele>435.085956</ele>
        <time>2026-05-11T19:06:41.906Z</time>
      </trkpt>
      <trkpt lat="42.258908" lon="23.910350">
        <ele>434.507943</ele>
        <time>2026-05-11T19:06:46.346Z</time>
      </trkpt>
      <trkpt lat="42.258710" lon="23.910548">
        <ele>433.718017</ele>
        <time>2026-05-11T19:06:49.859Z</time>
      </trkpt>
      <trkpt lat="42.258522" lon="23.910663">
        <ele>433.056238</ele>
        <time>2026-05-11T19:06:52.726Z</time>
      </trkpt>
      <trkpt lat="42.258311" lon="23.910714">
        <ele>432.368867</ele>
        <time>2026-05-11T19:06:55.698Z</time>
      </trkpt>
      <trkpt lat="42.257528" lon="23.910805">
        <ele>429.848694</ele>
        <time>2026-05-11T19:07:07.413Z</time>
      </trkpt>
      <trkpt lat="42.257425" lon="23.910856">
        <ele>429.496915</ele>
        <time>2026-05-11T19:07:09.245Z</time>
      </trkpt>
      <trkpt lat="42.257351" lon="23.910956">
        <ele>429.161291</ele>
        <time>2026-05-11T19:07:10.988Z</time>
      </trkpt>
      <trkpt lat="42.257272" lon="23.911233">
        <ele>428.793508</ele>
        <time>2026-05-11T19:07:14.699Z</time>
      </trkpt>
      <trkpt lat="42.257206" lon="23.911616">
        <ele>428.448749</ele>
        <time>2026-05-11T19:07:18.973Z</time>
      </trkpt>
      <trkpt lat="42.257203" lon="23.911819">
        <ele>428.270742</ele>
        <time>2026-05-11T19:07:21.281Z</time>
      </trkpt>
      <trkpt lat="42.256308" lon="23.911703">
        <ele>427.205727</ele>
        <time>2026-05-11T19:07:36.048Z</time>
      </trkpt>
      <trkpt lat="42.255811" lon="23.911672">
        <ele>426.488595</ele>
        <time>2026-05-11T19:07:42.614Z</time>
      </trkpt>
      <trkpt lat="42.255547" lon="23.911692">
        <ele>426.011244</ele>
        <time>2026-05-11T19:07:46.002Z</time>
      </trkpt>
      <trkpt lat="42.255336" lon="23.911749">
        <ele>425.622783</ele>
        <time>2026-05-11T19:07:48.864Z</time>
      </trkpt>
      <trkpt lat="42.254929" lon="23.911966">
        <ele>424.832877</ele>
        <time>2026-05-11T19:07:54.838Z</time>
      </trkpt>
      <trkpt lat="42.254707" lon="23.912164">
        <ele>424.352645</ele>
        <time>2026-05-11T19:07:58.540Z</time>
      </trkpt>
      <trkpt lat="42.254461" lon="23.912472">
        <ele>423.747161</ele>
        <time>2026-05-11T19:08:03.319Z</time>
      </trkpt>
      <trkpt lat="42.252939" lon="23.914763">
        <ele>420.967341</ele>
        <time>2026-05-11T19:08:37.050Z</time>
      </trkpt>
      <trkpt lat="42.252428" lon="23.915730">
        <ele>419.649229</ele>
        <time>2026-05-11T19:08:49.228Z</time>
      </trkpt>
      <trkpt lat="42.251927" lon="23.916905">
        <ele>418.610162</ele>
        <time>2026-05-11T19:09:03.394Z</time>
      </trkpt>
      <trkpt lat="42.251742" lon="23.917365">
        <ele>418.397158</ele>
        <time>2026-05-11T19:09:09.256Z</time>
      </trkpt>
      <trkpt lat="42.251529" lon="23.918086">
        <ele>418.081299</ele>
        <time>2026-05-11T19:09:18.877Z</time>
      </trkpt>
      <trkpt lat="42.251360" lon="23.918507">
        <ele>417.890823</ele>
        <time>2026-05-11T19:09:25.638Z</time>
      </trkpt>
      <trkpt lat="42.251227" lon="23.918737">
        <ele>417.887588</ele>
        <time>2026-05-11T19:09:29.830Z</time>
      </trkpt>
      <trkpt lat="42.250957" lon="23.919086">
        <ele>417.881991</ele>
        <time>2026-05-11T19:09:37.045Z</time>
      </trkpt>
      <trkpt lat="42.250195" lon="23.919936">
        <ele>417.867192</ele>
        <time>2026-05-11T19:09:54.072Z</time>
      </trkpt>
      <trkpt lat="42.249735" lon="23.920293">
        <ele>417.398922</ele>
        <time>2026-05-11T19:10:02.244Z</time>
      </trkpt>
      <trkpt lat="42.249274" lon="23.920530">
        <ele>416.677448</ele>
        <time>2026-05-11T19:10:09.335Z</time>
      </trkpt>
      <trkpt lat="42.248668" lon="23.920729">
        <ele>415.765249</ele>
        <time>2026-05-11T19:10:17.843Z</time>
      </trkpt>
      <trkpt lat="42.248237" lon="23.920909">
        <ele>415.166547</ele>
        <time>2026-05-11T19:10:23.993Z</time>
      </trkpt>
      <trkpt lat="42.247896" lon="23.921176">
        <ele>414.865981</ele>
        <time>2026-05-11T19:10:29.460Z</time>
      </trkpt>
      <trkpt lat="42.247656" lon="23.921440">
        <ele>414.629958</ele>
        <time>2026-05-11T19:10:33.839Z</time>
      </trkpt>
      <trkpt lat="42.247383" lon="23.921837">
        <ele>414.324071</ele>
        <time>2026-05-11T19:10:39.807Z</time>
      </trkpt>
      <trkpt lat="42.247026" lon="23.922541">
        <ele>413.899842</ele>
        <time>2026-05-11T19:10:50.727Z</time>
      </trkpt>
      <trkpt lat="42.246876" lon="23.922971">
        <ele>414.435915</ele>
        <time>2026-05-11T19:10:58.894Z</time>
      </trkpt>
      <trkpt lat="42.246738" lon="23.923513">
        <ele>415.082296</ele>
        <time>2026-05-11T19:11:09.965Z</time>
      </trkpt>
      <trkpt lat="42.246536" lon="23.924480">
        <ele>416.215412</ele>
        <time>2026-05-11T19:11:29.890Z</time>
      </trkpt>
      <trkpt lat="42.246495" lon="23.924789">
        <ele>416.569439</ele>
        <time>2026-05-11T19:11:35.726Z</time>
      </trkpt>
      <trkpt lat="42.246489" lon="23.925013">
        <ele>416.741761</ele>
        <time>2026-05-11T19:11:39.797Z</time>
      </trkpt>
      <trkpt lat="42.246632" lon="23.927120">
        <ele>418.257429</ele>
        <time>2026-05-11T19:12:09.882Z</time>
      </trkpt>
      <trkpt lat="42.246613" lon="23.927423">
        <ele>418.637144</ele>
        <time>2026-05-11T19:12:15.555Z</time>
      </trkpt>
      <trkpt lat="42.246559" lon="23.927720">
        <ele>419.122770</ele>
        <time>2026-05-11T19:12:21.510Z</time>
      </trkpt>
      <trkpt lat="42.246494" lon="23.927939">
        <ele>419.497432</ele>
        <time>2026-05-11T19:12:26.299Z</time>
      </trkpt>
      <trkpt lat="42.246386" lon="23.928146">
        <ele>419.899567</ele>
        <time>2026-05-11T19:12:31.607Z</time>
      </trkpt>
      <trkpt lat="42.246094" lon="23.928576">
        <ele>420.826146</ele>
        <time>2026-05-11T19:12:44.470Z</time>
      </trkpt>
      <trkpt lat="42.244625" lon="23.930494">
        <ele>424.068117</ele>
        <time>2026-05-11T19:13:39.874Z</time>
      </trkpt>
      <trkpt lat="42.244483" lon="23.930729">
        <ele>424.367197</ele>
        <time>2026-05-11T19:13:44.069Z</time>
      </trkpt>
      <trkpt lat="42.244355" lon="23.931085">
        <ele>424.125788</ele>
        <time>2026-05-11T19:13:48.449Z</time>
      </trkpt>
      <trkpt lat="42.244277" lon="23.931484">
        <ele>422.941260</ele>
        <time>2026-05-11T19:13:52.484Z</time>
      </trkpt>
      <trkpt lat="42.244245" lon="23.931920">
        <ele>421.683652</ele>
        <time>2026-05-11T19:13:56.515Z</time>
      </trkpt>
      <trkpt lat="42.244293" lon="23.932274">
        <ele>420.650644</ele>
        <time>2026-05-11T19:13:59.668Z</time>
      </trkpt>
      <trkpt lat="42.244458" lon="23.932849">
        <ele>418.880538</ele>
        <time>2026-05-11T19:14:04.870Z</time>
      </trkpt>
      <trkpt lat="42.244979" lon="23.933990">
        <ele>414.944335</ele>
        <time>2026-05-11T19:14:16.236Z</time>
      </trkpt>
      <trkpt lat="42.245170" lon="23.934351">
        <ele>413.627299</ele>
        <time>2026-05-11T19:14:20.274Z</time>
      </trkpt>
      <trkpt lat="42.245429" lon="23.934736">
        <ele>412.083203</ele>
        <time>2026-05-11T19:14:25.089Z</time>
      </trkpt>
      <trkpt lat="42.245805" lon="23.935198">
        <ele>410.354266</ele>
        <time>2026-05-11T19:14:31.700Z</time>
      </trkpt>
      <trkpt lat="42.245928" lon="23.935348">
        <ele>410.252325</ele>
        <time>2026-05-11T19:14:33.852Z</time>
      </trkpt>
      <trkpt lat="42.246025" lon="23.935506">
        <ele>410.158847</ele>
        <time>2026-05-11T19:14:35.841Z</time>
      </trkpt>
      <trkpt lat="42.246132" lon="23.935826">
        <ele>409.998941</ele>
        <time>2026-05-11T19:14:39.467Z</time>
      </trkpt>
      <trkpt lat="42.246160" lon="23.936278">
        <ele>409.792381</ele>
        <time>2026-05-11T19:14:44.671Z</time>
      </trkpt>
      <trkpt lat="42.246124" lon="23.936563">
        <ele>409.660716</ele>
        <time>2026-05-11T19:14:48.314Z</time>
      </trkpt>
      <trkpt lat="42.246061" lon="23.936847">
        <ele>409.525700</ele>
        <time>2026-05-11T19:14:52.414Z</time>
      </trkpt>
      <trkpt lat="42.245997" lon="23.937213">
        <ele>409.354436</ele>
        <time>2026-05-11T19:14:58.698Z</time>
      </trkpt>
      <trkpt lat="42.245896" lon="23.937667">
        <ele>409.671985</ele>
        <time>2026-05-11T19:15:07.310Z</time>
      </trkpt>
      <trkpt lat="42.245748" lon="23.938047">
        <ele>410.107793</ele>
        <time>2026-05-11T19:15:15.676Z</time>
      </trkpt>
      <trkpt lat="42.245612" lon="23.938299">
        <ele>410.424318</ele>
        <time>2026-05-11T19:15:22.617Z</time>
      </trkpt>
      <trkpt lat="42.244545" lon="23.939722">
        <ele>411.529691</ele>
        <time>2026-05-11T19:15:55.259Z</time>
      </trkpt>
      <trkpt lat="42.243945" lon="23.940490">
        <ele>411.146511</ele>
        <time>2026-05-11T19:16:07.725Z</time>
      </trkpt>
      <trkpt lat="42.243294" lon="23.941484">
        <ele>409.577114</ele>
        <time>2026-05-11T19:16:21.645Z</time>
      </trkpt>
      <trkpt lat="42.242841" lon="23.942293">
        <ele>407.646094</ele>
        <time>2026-05-11T19:16:31.521Z</time>
      </trkpt>
      <trkpt lat="42.241974" lon="23.943835">
        <ele>402.790307</ele>
        <time>2026-05-11T19:16:49.001Z</time>
      </trkpt>
      <trkpt lat="42.241463" lon="23.944533">
        <ele>399.991744</ele>
        <time>2026-05-11T19:16:57.818Z</time>
      </trkpt>
      <trkpt lat="42.240866" lon="23.945107">
        <ele>397.604058</ele>
        <time>2026-05-11T19:17:06.833Z</time>
      </trkpt>
      <trkpt lat="42.239653" lon="23.945792">
        <ele>393.670300</ele>
        <time>2026-05-11T19:17:23.464Z</time>
      </trkpt>
      <trkpt lat="42.237903" lon="23.946681">
        <ele>390.489041</ele>
        <time>2026-05-11T19:17:50.894Z</time>
      </trkpt>
      <trkpt lat="42.236859" lon="23.947112">
        <ele>387.456401</ele>
        <time>2026-05-11T19:18:04.857Z</time>
      </trkpt>
      <trkpt lat="42.235654" lon="23.947448">
        <ele>384.422365</ele>
        <time>2026-05-11T19:18:20.079Z</time>
      </trkpt>
      <trkpt lat="42.235302" lon="23.947525">
        <ele>383.631483</ele>
        <time>2026-05-11T19:18:24.818Z</time>
      </trkpt>
      <trkpt lat="42.235197" lon="23.947555">
        <ele>383.393448</ele>
        <time>2026-05-11T19:18:26.281Z</time>
      </trkpt>
      <trkpt lat="42.233987" lon="23.947930">
        <ele>381.586898</ele>
        <time>2026-05-11T19:18:45.129Z</time>
      </trkpt>
      <trkpt lat="42.233619" lon="23.948111">
        <ele>381.344282</ele>
        <time>2026-05-11T19:18:51.311Z</time>
      </trkpt>
      <trkpt lat="42.233001" lon="23.948624">
        <ele>380.894911</ele>
        <time>2026-05-11T19:19:02.650Z</time>
      </trkpt>
      <trkpt lat="42.232656" lon="23.949004">
        <ele>381.053897</ele>
        <time>2026-05-11T19:19:09.795Z</time>
      </trkpt>
      <trkpt lat="42.232381" lon="23.949393">
        <ele>381.293601</ele>
        <time>2026-05-11T19:19:16.866Z</time>
      </trkpt>
      <trkpt lat="42.232100" lon="23.949872">
        <ele>381.565968</ele>
        <time>2026-05-11T19:19:26.395Z</time>
      </trkpt>
      <trkpt lat="42.231817" lon="23.950529">
        <ele>381.904729</ele>
        <time>2026-05-11T19:19:39.539Z</time>
      </trkpt>
      <trkpt lat="42.231603" lon="23.951242">
        <ele>382.232976</ele>
        <time>2026-05-11T19:19:53.258Z</time>
      </trkpt>
      <trkpt lat="42.231399" lon="23.952822">
        <ele>382.915616</ele>
        <time>2026-05-11T19:20:16.408Z</time>
      </trkpt>
      <trkpt lat="42.230291" lon="23.963380">
        <ele>373.496135</ele>
        <time>2026-05-11T19:22:10.698Z</time>
      </trkpt>
      <trkpt lat="42.230070" lon="23.965055">
        <ele>372.088421</ele>
        <time>2026-05-11T19:22:29.592Z</time>
      </trkpt>
      <trkpt lat="42.229905" lon="23.965791">
        <ele>371.499928</ele>
        <time>2026-05-11T19:22:37.573Z</time>
      </trkpt>
      <trkpt lat="42.229328" lon="23.967897">
        <ele>370.620977</ele>
        <time>2026-05-11T19:23:02.536Z</time>
      </trkpt>
      <trkpt lat="42.229111" lon="23.968683">
        <ele>370.971967</ele>
        <time>2026-05-11T19:23:18.812Z</time>
      </trkpt>
      <trkpt lat="42.228968" lon="23.969320">
        <ele>371.250477</ele>
        <time>2026-05-11T19:23:32.443Z</time>
      </trkpt>
      <trkpt lat="42.228755" lon="23.970889">
        <ele>368.552436</ele>
        <time>2026-05-11T19:23:49.366Z</time>
      </trkpt>
      <trkpt lat="42.228694" lon="23.971858">
        <ele>366.587308</ele>
        <time>2026-05-11T19:23:57.685Z</time>
      </trkpt>
      <trkpt lat="42.228670" lon="23.972241">
        <ele>365.635686</ele>
        <time>2026-05-11T19:24:00.927Z</time>
      </trkpt>
      <trkpt lat="42.228583" lon="23.973562">
        <ele>362.201584</ele>
        <time>2026-05-11T19:24:12.703Z</time>
      </trkpt>
      <trkpt lat="42.228193" lon="23.974960">
        <ele>359.407917</ele>
        <time>2026-05-11T19:24:31.434Z</time>
      </trkpt>
      <trkpt lat="42.228003" lon="23.975640">
        <ele>358.643910</ele>
        <time>2026-05-11T19:24:40.825Z</time>
      </trkpt>
      <trkpt lat="42.227978" lon="23.975741">
        <ele>358.531965</ele>
        <time>2026-05-11T19:24:42.158Z</time>
      </trkpt>
      <trkpt lat="42.227726" lon="23.976751">
        <ele>357.482158</ele>
        <time>2026-05-11T19:24:55.320Z</time>
      </trkpt>
      <trkpt lat="42.227689" lon="23.976896">
        <ele>357.385069</ele>
        <time>2026-05-11T19:24:57.178Z</time>
      </trkpt>
      <trkpt lat="42.227408" lon="23.978022">
        <ele>356.632865</ele>
        <time>2026-05-11T19:25:11.979Z</time>
      </trkpt>
      <trkpt lat="42.227354" lon="23.978240">
        <ele>356.487344</ele>
        <time>2026-05-11T19:25:15.003Z</time>
      </trkpt>
      <trkpt lat="42.227274" lon="23.978651">
        <ele>356.218321</ele>
        <time>2026-05-11T19:25:20.714Z</time>
      </trkpt>
      <trkpt lat="42.226986" lon="23.980126">
        <ele>357.393531</ele>
        <time>2026-05-11T19:25:48.773Z</time>
      </trkpt>
      <trkpt lat="42.227071" lon="23.981405">
        <ele>358.754102</ele>
        <time>2026-05-11T19:26:16.845Z</time>
      </trkpt>
      <trkpt lat="42.227111" lon="23.982012">
        <ele>359.372662</ele>
        <time>2026-05-11T19:26:30.220Z</time>
      </trkpt>
      <trkpt lat="42.226664" lon="23.984261">
        <ele>361.088866</ele>
        <time>2026-05-11T19:27:07.801Z</time>
      </trkpt>
      <trkpt lat="42.226506" lon="23.984734">
        <ele>361.078661</ele>
        <time>2026-05-11T19:27:15.559Z</time>
      </trkpt>
      <trkpt lat="42.225692" lon="23.986768">
        <ele>359.294548</ele>
        <time>2026-05-11T19:27:41.385Z</time>
      </trkpt>
      <trkpt lat="42.224219" lon="23.990602">
        <ele>349.803206</ele>
        <time>2026-05-11T19:28:21.330Z</time>
      </trkpt>
      <trkpt lat="42.224075" lon="23.991018">
        <ele>348.831154</ele>
        <time>2026-05-11T19:28:25.602Z</time>
      </trkpt>
      <trkpt lat="42.223455" lon="23.992776">
        <ele>345.752476</ele>
        <time>2026-05-11T19:28:44.120Z</time>
      </trkpt>
      <trkpt lat="42.222744" lon="23.994968">
        <ele>347.214770</ele>
        <time>2026-05-11T19:29:21.094Z</time>
      </trkpt>
      <trkpt lat="42.222603" lon="23.994931">
        <ele>347.768188</ele>
        <time>2026-05-11T19:29:27.715Z</time>
      </trkpt>
      <trkpt lat="42.222444" lon="23.994945">
        <ele>348.382096</ele>
        <time>2026-05-11T19:29:35.132Z</time>
      </trkpt>
      <trkpt lat="42.222310" lon="23.995106">
        <ele>349.073160</ele>
        <time>2026-05-11T19:29:43.725Z</time>
      </trkpt>
      <trkpt lat="42.221924" lon="23.996224">
        <ele>352.592723</ele>
        <time>2026-05-11T19:30:30.396Z</time>
      </trkpt>
      <trkpt lat="42.221656" lon="23.996706">
        <ele>353.426913</ele>
        <time>2026-05-11T19:30:48.857Z</time>
      </trkpt>
      <trkpt lat="42.221294" lon="23.997242">
        <ele>354.184631</ele>
        <time>2026-05-11T19:31:08.888Z</time>
      </trkpt>
      <trkpt lat="42.221071" lon="23.997657">
        <ele>354.720196</ele>
        <time>2026-05-11T19:31:21.721Z</time>
      </trkpt>
      <trkpt lat="42.220610" lon="23.999397">
        <ele>351.818430</ele>
        <time>2026-05-11T19:31:52.816Z</time>
      </trkpt>
      <trkpt lat="42.220357" lon="23.999906">
        <ele>349.876207</ele>
        <time>2026-05-11T19:32:01.302Z</time>
      </trkpt>
      <trkpt lat="42.220199" lon="24.000007">
        <ele>349.128332</ele>
        <time>2026-05-11T19:32:04.532Z</time>
      </trkpt>
      <trkpt lat="42.220297" lon="24.000054">
        <ele>348.683408</ele>
        <time>2026-05-11T19:32:06.434Z</time>
      </trkpt>
      <trkpt lat="42.220372" lon="24.000128">
        <ele>348.286013</ele>
        <time>2026-05-11T19:32:08.132Z</time>
      </trkpt>
      <trkpt lat="42.220453" lon="24.000528">
        <ele>346.785534</ele>
        <time>2026-05-11T19:32:13.812Z</time>
      </trkpt>
      <trkpt lat="42.220271" lon="24.001160">
        <ele>344.126491</ele>
        <time>2026-05-11T19:32:23.097Z</time>
      </trkpt>
      <trkpt lat="42.220062" lon="24.001537">
        <ele>342.279824</ele>
        <time>2026-05-11T19:32:29.497Z</time>
      </trkpt>
      <trkpt lat="42.219972" lon="24.001600">
        <ele>341.743045</ele>
        <time>2026-05-11T19:32:30.916Z</time>
      </trkpt>
      <trkpt lat="42.219736" lon="24.001937">
        <ele>339.924282</ele>
        <time>2026-05-11T19:32:35.844Z</time>
      </trkpt>
      <trkpt lat="42.219484" lon="24.002477">
        <ele>338.007895</ele>
        <time>2026-05-11T19:32:43.230Z</time>
      </trkpt>
      <trkpt lat="42.219383" lon="24.002843">
        <ele>337.582269</ele>
        <time>2026-05-11T19:32:48.087Z</time>
      </trkpt>
      <trkpt lat="42.219137" lon="24.003412">
        <ele>336.864294</ele>
        <time>2026-05-11T19:32:56.400Z</time>
      </trkpt>
      <trkpt lat="42.218757" lon="24.003801">
        <ele>336.162625</ele>
        <time>2026-05-11T19:33:05.923Z</time>
      </trkpt>
      <trkpt lat="42.218536" lon="24.004257">
        <ele>335.538855</ele>
        <time>2026-05-11T19:33:13.039Z</time>
      </trkpt>
      <trkpt lat="42.218329" lon="24.004760">
        <ele>333.883445</ele>
        <time>2026-05-11T19:33:19.631Z</time>
      </trkpt>
      <trkpt lat="42.218197" lon="24.004816">
        <ele>333.345989</ele>
        <time>2026-05-11T19:33:21.723Z</time>
      </trkpt>
      <trkpt lat="42.217630" lon="24.005717">
        <ele>329.944627</ele>
        <time>2026-05-11T19:33:34.018Z</time>
      </trkpt>
      <trkpt lat="42.217520" lon="24.005837">
        <ele>329.395310</ele>
        <time>2026-05-11T19:33:35.927Z</time>
      </trkpt>
      <trkpt lat="42.217475" lon="24.005958">
        <ele>329.005793</ele>
        <time>2026-05-11T19:33:37.260Z</time>
      </trkpt>
      <trkpt lat="42.217468" lon="24.006068">
        <ele>328.688178</ele>
        <time>2026-05-11T19:33:38.329Z</time>
      </trkpt>
      <trkpt lat="42.217532" lon="24.006659">
        <ele>329.080196</ele>
        <time>2026-05-11T19:33:44.488Z</time>
      </trkpt>
      <trkpt lat="42.217583" lon="24.006873">
        <ele>329.270557</ele>
        <time>2026-05-11T19:33:47.085Z</time>
      </trkpt>
      <trkpt lat="42.217670" lon="24.007040">
        <ele>329.443450</ele>
        <time>2026-05-11T19:33:49.797Z</time>
      </trkpt>
      <trkpt lat="42.217836" lon="24.007202">
        <ele>329.677632</ele>
        <time>2026-05-11T19:33:55.625Z</time>
      </trkpt>
      <trkpt lat="42.217733" lon="24.007404">
        <ele>329.885302</ele>
        <time>2026-05-11T19:34:01.747Z</time>
      </trkpt>
      <trkpt lat="42.217415" lon="24.007173">
        <ele>330.298169</ele>
        <time>2026-05-11T19:34:16.420Z</time>
      </trkpt>
      <trkpt lat="42.217144" lon="24.007145">
        <ele>330.608927</ele>
        <time>2026-05-11T19:34:28.585Z</time>
      </trkpt>
      <trkpt lat="42.216958" lon="24.007193">
        <ele>331.393462</ele>
        <time>2026-05-11T19:34:38.135Z</time>
      </trkpt>
      <trkpt lat="42.216802" lon="24.007284">
        <ele>332.242217</ele>
        <time>2026-05-11T19:34:47.398Z</time>
      </trkpt>
      <trkpt lat="42.216618" lon="24.007561">
        <ele>333.618599</ele>
        <time>2026-05-11T19:35:03.399Z</time>
      </trkpt>
      <trkpt lat="42.216441" lon="24.008003">
        <ele>335.477269</ele>
        <time>2026-05-11T19:35:24.316Z</time>
      </trkpt>
      <trkpt lat="42.216265" lon="24.008419">
        <ele>337.249451</ele>
        <time>2026-05-11T19:35:40.849Z</time>
      </trkpt>
      <trkpt lat="42.216158" lon="24.008694">
        <ele>338.398528</ele>
        <time>2026-05-11T19:35:47.512Z</time>
      </trkpt>
      <trkpt lat="42.215943" lon="24.009551">
        <ele>338.498559</ele>
        <time>2026-05-11T19:36:00.996Z</time>
      </trkpt>
      <trkpt lat="42.215405" lon="24.011925">
        <ele>333.351347</ele>
        <time>2026-05-11T19:36:27.405Z</time>
      </trkpt>
      <trkpt lat="42.215286" lon="24.012721">
        <ele>331.504706</ele>
        <time>2026-05-11T19:36:36.574Z</time>
      </trkpt>
      <trkpt lat="42.215028" lon="24.014738">
        <ele>326.268296</ele>
        <time>2026-05-11T19:37:00.308Z</time>
      </trkpt>
      <trkpt lat="42.214799" lon="24.016173">
        <ele>322.280506</ele>
        <time>2026-05-11T19:37:15.249Z</time>
      </trkpt>
      <trkpt lat="42.215191" lon="24.016388">
        <ele>321.654430</ele>
        <time>2026-05-11T19:37:21.420Z</time>
      </trkpt>
      <trkpt lat="42.214731" lon="24.017605">
        <ele>320.157053</ele>
        <time>2026-05-11T19:37:37.368Z</time>
      </trkpt>
      <trkpt lat="42.214686" lon="24.017785">
        <ele>319.948852</ele>
        <time>2026-05-11T19:37:40.425Z</time>
      </trkpt>
      <trkpt lat="42.214666" lon="24.018065">
        <ele>319.705441</ele>
        <time>2026-05-11T19:37:44.894Z</time>
      </trkpt>
      <trkpt lat="42.214740" lon="24.019392">
        <ele>319.424002</ele>
        <time>2026-05-11T19:38:02.967Z</time>
      </trkpt>
      <trkpt lat="42.214759" lon="24.020508">
        <ele>319.084403</ele>
        <time>2026-05-11T19:38:15.521Z</time>
      </trkpt>
      <trkpt lat="42.214720" lon="24.020998">
        <ele>318.424902</ele>
        <time>2026-05-11T19:38:20.704Z</time>
      </trkpt>
      <trkpt lat="42.214632" lon="24.021383">
        <ele>317.885711</ele>
        <time>2026-05-11T19:38:24.747Z</time>
      </trkpt>
      <trkpt lat="42.214378" lon="24.021881">
        <ele>317.076538</ele>
        <time>2026-05-11T19:38:30.591Z</time>
      </trkpt>
      <trkpt lat="42.213841" lon="24.022652">
        <ele>315.863328</ele>
        <time>2026-05-11T19:38:41.052Z</time>
      </trkpt>
      <trkpt lat="42.212875" lon="24.023728">
        <ele>315.146790</ele>
        <time>2026-05-11T19:39:01.610Z</time>
      </trkpt>
      <trkpt lat="42.212643" lon="24.023962">
        <ele>314.981094</ele>
        <time>2026-05-11T19:39:06.538Z</time>
      </trkpt>
      <trkpt lat="42.212589" lon="24.024015">
        <ele>314.942896</ele>
        <time>2026-05-11T19:39:07.624Z</time>
      </trkpt>
      <trkpt lat="42.212278" lon="24.024316">
        <ele>314.712422</ele>
        <time>2026-05-11T19:39:13.925Z</time>
      </trkpt>
      <trkpt lat="42.211892" lon="24.024669">
        <ele>314.430617</ele>
        <time>2026-05-11T19:39:21.506Z</time>
      </trkpt>
      <trkpt lat="42.211363" lon="24.025270">
        <ele>314.012715</ele>
        <time>2026-05-11T19:39:31.558Z</time>
      </trkpt>
      <trkpt lat="42.211059" lon="24.025718">
        <ele>313.904359</ele>
        <time>2026-05-11T19:39:38.655Z</time>
      </trkpt>
      <trkpt lat="42.210824" lon="24.026211">
        <ele>314.069646</ele>
        <time>2026-05-11T19:39:45.818Z</time>
      </trkpt>
      <trkpt lat="42.210528" lon="24.026970">
        <ele>314.311480</ele>
        <time>2026-05-11T19:39:57.634Z</time>
      </trkpt>
      <trkpt lat="42.209992" lon="24.028536">
        <ele>314.842888</ele>
        <time>2026-05-11T19:40:27.321Z</time>
      </trkpt>
      <trkpt lat="42.209866" lon="24.029055">
        <ele>315.022362</ele>
        <time>2026-05-11T19:40:36.509Z</time>
      </trkpt>
      <trkpt lat="42.209799" lon="24.029517">
        <ele>315.177060</ele>
        <time>2026-05-11T19:40:42.896Z</time>
      </trkpt>
      <trkpt lat="42.209746" lon="24.030206">
        <ele>314.817767</ele>
        <time>2026-05-11T19:40:50.595Z</time>
      </trkpt>
      <trkpt lat="42.209555" lon="24.033250">
        <ele>309.136080</ele>
        <time>2026-05-11T19:41:18.989Z</time>
      </trkpt>
      <trkpt lat="42.209549" lon="24.033867">
        <ele>308.286709</ele>
        <time>2026-05-11T19:41:25.219Z</time>
      </trkpt>
      <trkpt lat="42.209673" lon="24.037648">
        <ele>305.815718</ele>
        <time>2026-05-11T19:42:09.732Z</time>
      </trkpt>
      <trkpt lat="42.209616" lon="24.038570">
        <ele>305.178246</ele>
        <time>2026-05-11T19:42:20.072Z</time>
      </trkpt>
      <trkpt lat="42.209443" lon="24.039641">
        <ele>304.427933</ele>
        <time>2026-05-11T19:42:31.671Z</time>
      </trkpt>
      <trkpt lat="42.209732" lon="24.039730">
        <ele>304.330326</ele>
        <time>2026-05-11T19:42:37.036Z</time>
      </trkpt>
      <trkpt lat="42.209958" lon="24.039957">
        <ele>304.237572</ele>
        <time>2026-05-11T19:42:42.347Z</time>
      </trkpt>
      <trkpt lat="42.209625" lon="24.042176">
        <ele>303.016941</ele>
        <time>2026-05-11T19:43:15.776Z</time>
      </trkpt>
      <trkpt lat="42.210132" lon="24.044518">
        <ele>299.443161</ele>
        <time>2026-05-11T19:43:44.007Z</time>
      </trkpt>
      <trkpt lat="42.210125" lon="24.044587">
        <ele>299.310660</ele>
        <time>2026-05-11T19:43:44.796Z</time>
      </trkpt>
      <trkpt lat="42.209942" lon="24.046029">
        <ele>296.527226</ele>
        <time>2026-05-11T19:44:01.552Z</time>
      </trkpt>
      <trkpt lat="42.209757" lon="24.047470">
        <ele>294.071577</ele>
        <time>2026-05-11T19:44:18.413Z</time>
      </trkpt>
      <trkpt lat="42.209669" lon="24.048401">
        <ele>292.540299</ele>
        <time>2026-05-11T19:44:29.519Z</time>
      </trkpt>
      <trkpt lat="42.209387" lon="24.048426">
        <ele>292.009718</ele>
        <time>2026-05-11T19:44:35.973Z</time>
      </trkpt>
      <trkpt lat="42.209233" lon="24.049058">
        <ele>291.550922</ele>
        <time>2026-05-11T19:44:50.007Z</time>
      </trkpt>
      <trkpt lat="42.208791" lon="24.049359">
        <ele>291.090034</ele>
        <time>2026-05-11T19:45:05.127Z</time>
      </trkpt>
      <trkpt lat="42.208668" lon="24.049643">
        <ele>290.863168</ele>
        <time>2026-05-11T19:45:12.530Z</time>
      </trkpt>
      <trkpt lat="42.208566" lon="24.049802">
        <ele>290.718117</ele>
        <time>2026-05-11T19:45:17.220Z</time>
      </trkpt>
      <trkpt lat="42.208442" lon="24.050028">
        <ele>290.524168</ele>
        <time>2026-05-11T19:45:23.477Z</time>
      </trkpt>
      <trkpt lat="42.208091" lon="24.050435">
        <ele>290.015939</ele>
        <time>2026-05-11T19:45:37.200Z</time>
      </trkpt>
      <trkpt lat="42.208179" lon="24.050576">
        <ele>289.856924</ele>
        <time>2026-05-11T19:45:41.194Z</time>
      </trkpt>
      <trkpt lat="42.208271" lon="24.050838">
        <ele>289.606861</ele>
        <time>2026-05-11T19:45:47.478Z</time>
      </trkpt>
      <trkpt lat="42.208246" lon="24.051012">
        <ele>289.454001</ele>
        <time>2026-05-11T19:45:51.340Z</time>
      </trkpt>
      <trkpt lat="42.207989" lon="24.051439">
        <ele>288.979495</ele>
        <time>2026-05-11T19:46:03.048Z</time>
      </trkpt>
      <trkpt lat="42.207945" lon="24.051472">
        <ele>288.920889</ele>
        <time>2026-05-11T19:46:04.487Z</time>
      </trkpt>
      <trkpt lat="42.207863" lon="24.051589">
        <ele>288.781974</ele>
        <time>2026-05-11T19:46:07.776Z</time>
      </trkpt>
      <trkpt lat="42.207789" lon="24.051981">
        <ele>288.433091</ele>
        <time>2026-05-11T19:46:16.072Z</time>
      </trkpt>
      <trkpt lat="42.207671" lon="24.052422">
        <ele>288.186196</ele>
        <time>2026-05-11T19:46:25.997Z</time>
      </trkpt>
      <trkpt lat="42.207647" lon="24.052615">
        <ele>288.112504</ele>
        <time>2026-05-11T19:46:30.216Z</time>
      </trkpt>
      <trkpt lat="42.207741" lon="24.052701">
        <ele>288.054778</ele>
        <time>2026-05-11T19:46:33.523Z</time>
      </trkpt>
      <trkpt lat="42.207624" lon="24.053224">
        <ele>287.849053</ele>
        <time>2026-05-11T19:46:45.607Z</time>
      </trkpt>
      <trkpt lat="42.207458" lon="24.053682">
        <ele>287.657050</ele>
        <time>2026-05-11T19:46:57.227Z</time>
      </trkpt>
      <trkpt lat="42.207234" lon="24.054735">
        <ele>287.487454</ele>
        <time>2026-05-11T19:47:24.056Z</time>
      </trkpt>
      <trkpt lat="42.206648" lon="24.056075">
        <ele>287.854532</ele>
        <time>2026-05-11T19:48:04.019Z</time>
      </trkpt>
      <trkpt lat="42.206446" lon="24.056699">
        <ele>287.870815</ele>
        <time>2026-05-11T19:48:19.855Z</time>
      </trkpt>
      <trkpt lat="42.206382" lon="24.057252">
        <ele>287.609755</ele>
        <time>2026-05-11T19:48:32.175Z</time>
      </trkpt>
      <trkpt lat="42.206595" lon="24.058032">
        <ele>287.222012</ele>
        <time>2026-05-11T19:48:50.205Z</time>
      </trkpt>
      <trkpt lat="42.206631" lon="24.058315">
        <ele>287.088083</ele>
        <time>2026-05-11T19:48:56.361Z</time>
      </trkpt>
      <trkpt lat="42.206416" lon="24.061222">
        <ele>286.038541</ele>
        <time>2026-05-11T19:50:03.068Z</time>
      </trkpt>
      <trkpt lat="42.206410" lon="24.061579">
        <ele>285.719939</ele>
        <time>2026-05-11T19:50:11.005Z</time>
      </trkpt>
      <trkpt lat="42.206490" lon="24.062023">
        <ele>285.269561</ele>
        <time>2026-05-11T19:50:20.818Z</time>
      </trkpt>
      <trkpt lat="42.206595" lon="24.062288">
        <ele>284.973350</ele>
        <time>2026-05-11T19:50:27.110Z</time>
      </trkpt>
      <trkpt lat="42.206694" lon="24.062453">
        <ele>284.764064</ele>
        <time>2026-05-11T19:50:31.508Z</time>
      </trkpt>
      <trkpt lat="42.207075" lon="24.062866">
        <ele>284.113901</ele>
        <time>2026-05-11T19:50:45.156Z</time>
      </trkpt>
      <trkpt lat="42.207211" lon="24.063146">
        <ele>283.783888</ele>
        <time>2026-05-11T19:50:52.070Z</time>
      </trkpt>
      <trkpt lat="42.207388" lon="24.063358">
        <ele>283.468840</ele>
        <time>2026-05-11T19:50:58.673Z</time>
      </trkpt>
      <trkpt lat="42.207598" lon="24.063547">
        <ele>283.132589</ele>
        <time>2026-05-11T19:51:05.782Z</time>
      </trkpt>
      <trkpt lat="42.207668" lon="24.063610">
        <ele>283.020505</ele>
        <time>2026-05-11T19:51:08.159Z</time>
      </trkpt>
      <trkpt lat="42.207709" lon="24.063735">
        <ele>282.885597</ele>
        <time>2026-05-11T19:51:11.059Z</time>
      </trkpt>
      <trkpt lat="42.207722" lon="24.064543">
        <ele>282.088038</ele>
        <time>2026-05-11T19:51:28.541Z</time>
      </trkpt>
      <trkpt lat="42.207856" lon="24.065274">
        <ele>281.344893</ele>
        <time>2026-05-11T19:51:44.932Z</time>
      </trkpt>
      <trkpt lat="42.207853" lon="24.065422">
        <ele>281.169081</ele>
        <time>2026-05-11T19:51:48.028Z</time>
      </trkpt>
      <trkpt lat="42.207711" lon="24.066097">
        <ele>279.853083</ele>
        <time>2026-05-11T19:52:02.251Z</time>
      </trkpt>
      <trkpt lat="42.207668" lon="24.066513">
        <ele>279.065332</ele>
        <time>2026-05-11T19:52:10.479Z</time>
      </trkpt>
      <trkpt lat="42.207704" lon="24.066803">
        <ele>278.513864</ele>
        <time>2026-05-11T19:52:16.178Z</time>
      </trkpt>
      <trkpt lat="42.207779" lon="24.067104">
        <ele>277.918268</ele>
        <time>2026-05-11T19:52:22.271Z</time>
      </trkpt>
      <trkpt lat="42.207885" lon="24.067359">
        <ele>277.369865</ele>
        <time>2026-05-11T19:52:27.855Z</time>
      </trkpt>
      <trkpt lat="42.207968" lon="24.067822">
        <ele>276.483783</ele>
        <time>2026-05-11T19:52:36.962Z</time>
      </trkpt>
      <trkpt lat="42.208165" lon="24.068123">
        <ele>275.757880</ele>
        <time>2026-05-11T19:52:44.656Z</time>
      </trkpt>
      <trkpt lat="42.208271" lon="24.068114">
        <ele>275.498744</ele>
        <time>2026-05-11T19:52:46.266Z</time>
      </trkpt>
      <trkpt lat="42.210096" lon="24.068574">
        <ele>271.396857</ele>
        <time>2026-05-11T19:53:15.856Z</time>
      </trkpt>
      <trkpt lat="42.210221" lon="24.068637">
        <ele>271.176804</ele>
        <time>2026-05-11T19:53:18.066Z</time>
      </trkpt>
      <trkpt lat="42.210215" lon="24.069089">
        <ele>270.624563</ele>
        <time>2026-05-11T19:53:27.492Z</time>
      </trkpt>
      <trkpt lat="42.210103" lon="24.069972">
        <ele>269.530208</ele>
        <time>2026-05-11T19:53:46.417Z</time>
      </trkpt>
      <trkpt lat="42.210029" lon="24.070930">
        <ele>268.639122</ele>
        <time>2026-05-11T19:54:06.996Z</time>
      </trkpt>
      <trkpt lat="42.209689" lon="24.074361">
        <ele>265.684720</ele>
        <time>2026-05-11T19:55:21.231Z</time>
      </trkpt>
      <trkpt lat="42.209356" lon="24.077673">
        <ele>262.812256</ele>
        <time>2026-05-11T19:56:32.807Z</time>
      </trkpt>
      <trkpt lat="42.209190" lon="24.079100">
        <ele>261.587150</ele>
        <time>2026-05-11T19:57:03.846Z</time>
      </trkpt>
      <trkpt lat="42.209149" lon="24.079280">
        <ele>261.427433</ele>
        <time>2026-05-11T19:57:07.886Z</time>
      </trkpt>
      <trkpt lat="42.209193" lon="24.079504">
        <ele>261.230886</ele>
        <time>2026-05-11T19:57:12.856Z</time>
      </trkpt>
      <trkpt lat="42.209176" lon="24.079768">
        <ele>261.006533</ele>
        <time>2026-05-11T19:57:18.555Z</time>
      </trkpt>
      <trkpt lat="42.208845" lon="24.082762">
        <ele>258.656830</ele>
        <time>2026-05-11T19:58:23.579Z</time>
      </trkpt>
      <trkpt lat="42.208587" lon="24.085440">
        <ele>256.971573</ele>
        <time>2026-05-11T19:59:23.277Z</time>
      </trkpt>
      <trkpt lat="42.208475" lon="24.086269">
        <ele>256.416540</ele>
        <time>2026-05-11T19:59:41.603Z</time>
      </trkpt>
      <trkpt lat="42.208396" lon="24.087392">
        <ele>255.671164</ele>
        <time>2026-05-11T20:00:05.993Z</time>
      </trkpt>
      <trkpt lat="42.208211" lon="24.089064">
        <ele>254.548262</ele>
        <time>2026-05-11T20:00:42.998Z</time>
      </trkpt>
      <trkpt lat="42.207863" lon="24.092794">
        <ele>252.358376</ele>
        <time>2026-05-11T20:02:05.808Z</time>
      </trkpt>
      <trkpt lat="42.207814" lon="24.093259">
        <ele>252.077158</ele>
        <time>2026-05-11T20:02:16.095Z</time>
      </trkpt>
      <trkpt lat="42.207763" lon="24.093357">
        <ele>252.005447</ele>
        <time>2026-05-11T20:02:18.724Z</time>
      </trkpt>
      <trkpt lat="42.207732" lon="24.094465">
        <ele>251.368078</ele>
        <time>2026-05-11T20:02:43.084Z</time>
      </trkpt>
      <trkpt lat="42.207574" lon="24.096160">
        <ele>250.501042</ele>
        <time>2026-05-11T20:03:21.074Z</time>
      </trkpt>
      <trkpt lat="42.207155" lon="24.100147">
        <ele>248.331459</ele>
        <time>2026-05-11T20:04:50.468Z</time>
      </trkpt>
      <trkpt lat="42.207035" lon="24.100944">
        <ele>247.810399</ele>
        <time>2026-05-11T20:05:08.134Z</time>
      </trkpt>
      <trkpt lat="42.206797" lon="24.103117">
        <ele>246.315056</ele>
        <time>2026-05-11T20:05:55.452Z</time>
      </trkpt>
      <trkpt lat="42.206448" lon="24.107244">
        <ele>244.436557</ele>
        <time>2026-05-11T20:07:28.408Z</time>
      </trkpt>
      <trkpt lat="42.206293" lon="24.108949">
        <ele>243.804082</ele>
        <time>2026-05-11T20:08:07.149Z</time>
      </trkpt>
      <trkpt lat="42.205906" lon="24.112443">
        <ele>242.619936</ele>
        <time>2026-05-11T20:09:27.160Z</time>
      </trkpt>
      <trkpt lat="42.205835" lon="24.113342">
        <ele>242.325349</ele>
        <time>2026-05-11T20:09:47.664Z</time>
      </trkpt>
      <trkpt lat="42.206164" lon="24.113402">
        <ele>242.167267</ele>
        <time>2026-05-11T20:09:52.969Z</time>
      </trkpt>
      <trkpt lat="42.206160" lon="24.113565">
        <ele>242.108772</ele>
        <time>2026-05-11T20:09:54.892Z</time>
      </trkpt>
      <trkpt lat="42.206055" lon="24.113955">
        <ele>241.959936</ele>
        <time>2026-05-11T20:09:59.801Z</time>
      </trkpt>
      <trkpt lat="42.205484" lon="24.119595">
        <ele>239.840867</ele>
        <time>2026-05-11T20:11:06.514Z</time>
      </trkpt>
      <trkpt lat="42.205270" lon="24.121650">
        <ele>239.058926</ele>
        <time>2026-05-11T20:11:30.427Z</time>
      </trkpt>
      <trkpt lat="42.205250" lon="24.121955">
        <ele>238.947063</ele>
        <time>2026-05-11T20:11:34.051Z</time>
      </trkpt>
      <trkpt lat="42.205270" lon="24.122043">
        <ele>238.913435</ele>
        <time>2026-05-11T20:11:35.142Z</time>
      </trkpt>
      <trkpt lat="42.205319" lon="24.122102">
        <ele>238.881052</ele>
        <time>2026-05-11T20:11:36.218Z</time>
      </trkpt>
      <trkpt lat="42.206009" lon="24.122405">
        <ele>238.577372</ele>
        <time>2026-05-11T20:11:48.075Z</time>
      </trkpt>
      <trkpt lat="42.205888" lon="24.123344">
        <ele>238.339930</ele>
        <time>2026-05-11T20:11:59.641Z</time>
      </trkpt>
      <trkpt lat="42.205708" lon="24.124696">
        <ele>237.938634</ele>
        <time>2026-05-11T20:12:15.970Z</time>
      </trkpt>
      <trkpt lat="42.205663" lon="24.125022">
        <ele>237.802317</ele>
        <time>2026-05-11T20:12:19.860Z</time>
      </trkpt>
      <trkpt lat="42.205658" lon="24.125062">
        <ele>237.785642</ele>
        <time>2026-05-11T20:12:20.344Z</time>
      </trkpt>
      <trkpt lat="42.205643" lon="24.125170">
        <ele>237.740473</ele>
        <time>2026-05-11T20:12:21.635Z</time>
      </trkpt>
      <trkpt lat="42.205619" lon="24.125342">
        <ele>237.668525</ele>
        <time>2026-05-11T20:12:23.678Z</time>
      </trkpt>
      <trkpt lat="42.205593" lon="24.125532">
        <ele>237.589100</ele>
        <time>2026-05-11T20:12:25.930Z</time>
      </trkpt>
      <trkpt lat="42.205476" lon="24.126389">
        <ele>237.230878</ele>
        <time>2026-05-11T20:12:35.949Z</time>
      </trkpt>
      <trkpt lat="42.205268" lon="24.128368">
        <ele>236.698096</ele>
        <time>2026-05-11T20:12:59.230Z</time>
      </trkpt>
      <trkpt lat="42.205238" lon="24.129318">
        <ele>236.642003</ele>
        <time>2026-05-11T20:13:11.251Z</time>
      </trkpt>
      <trkpt lat="42.205186" lon="24.130034">
        <ele>237.147623</ele>
        <time>2026-05-11T20:13:21.853Z</time>
      </trkpt>
      <trkpt lat="42.205163" lon="24.130287">
        <ele>237.326767</ele>
        <time>2026-05-11T20:13:25.955Z</time>
      </trkpt>
      <trkpt lat="42.205083" lon="24.130609">
        <ele>237.565460</ele>
        <time>2026-05-11T20:13:31.608Z</time>
      </trkpt>
      <trkpt lat="42.205069" lon="24.130750">
        <ele>237.665441</ele>
        <time>2026-05-11T20:13:34.031Z</time>
      </trkpt>
      <trkpt lat="42.205099" lon="24.131210">
        <ele>237.989982</ele>
        <time>2026-05-11T20:13:42.047Z</time>
      </trkpt>
      <trkpt lat="42.205012" lon="24.131871">
        <ele>238.354689</ele>
        <time>2026-05-11T20:13:53.806Z</time>
      </trkpt>
      <trkpt lat="42.204952" lon="24.132446">
        <ele>238.580429</ele>
        <time>2026-05-11T20:14:03.739Z</time>
      </trkpt>
      <trkpt lat="42.204928" lon="24.132677">
        <ele>238.671110</ele>
        <time>2026-05-11T20:14:07.544Z</time>
      </trkpt>
      <trkpt lat="42.204825" lon="24.133836">
        <ele>239.124907</ele>
        <time>2026-05-11T20:14:22.406Z</time>
      </trkpt>
      <trkpt lat="42.204784" lon="24.134112">
        <ele>239.046243</ele>
        <time>2026-05-11T20:14:25.724Z</time>
      </trkpt>
      <trkpt lat="42.204613" lon="24.134776">
        <ele>238.566934</ele>
        <time>2026-05-11T20:14:33.651Z</time>
      </trkpt>
      <trkpt lat="42.205195" lon="24.135050">
        <ele>237.999593</ele>
        <time>2026-05-11T20:14:44.126Z</time>
      </trkpt>
      <trkpt lat="42.205954" lon="24.135451">
        <ele>237.354823</ele>
        <time>2026-05-11T20:14:58.424Z</time>
      </trkpt>
      <trkpt lat="42.205734" lon="24.136064">
        <ele>237.077952</ele>
        <time>2026-05-11T20:15:07.446Z</time>
      </trkpt>
      <trkpt lat="42.205550" lon="24.136577">
        <ele>236.846274</ele>
        <time>2026-05-11T20:15:15.213Z</time>
      </trkpt>
      <trkpt lat="42.205506" lon="24.136699">
        <ele>236.791119</ele>
        <time>2026-05-11T20:15:17.114Z</time>
      </trkpt>
      <trkpt lat="42.206411" lon="24.137149">
        <ele>236.510710</ele>
        <time>2026-05-11T20:15:36.256Z</time>
      </trkpt>
      <trkpt lat="42.205802" lon="24.138429">
        <ele>236.480478</ele>
        <time>2026-05-11T20:15:55.973Z</time>
      </trkpt>
      <trkpt lat="42.205475" lon="24.138255">
        <ele>236.393223</ele>
        <time>2026-05-11T20:16:01.812Z</time>
      </trkpt>
      <trkpt lat="42.205802" lon="24.138429">
        <ele>236.208948</ele>
        <time>2026-05-11T20:16:07.455Z</time>
      </trkpt>
      <trkpt lat="42.206798" lon="24.139177">
        <ele>235.611409</ele>
        <time>2026-05-11T20:16:25.016Z</time>
      </trkpt>
      <trkpt lat="42.207701" lon="24.139872">
        <ele>235.105235</ele>
        <time>2026-05-11T20:16:41.388Z</time>
      </trkpt>
      <trkpt lat="42.207820" lon="24.139971">
        <ele>235.038053</ele>
        <time>2026-05-11T20:16:43.668Z</time>
      </trkpt>
      <trkpt lat="42.209438" lon="24.141227">
        <ele>234.133796</ele>
        <time>2026-05-11T20:17:13.463Z</time>
      </trkpt>
      <trkpt lat="42.209488" lon="24.141269">
        <ele>234.105106</ele>
        <time>2026-05-11T20:17:14.364Z</time>
      </trkpt>
      <trkpt lat="42.209591" lon="24.141385">
        <ele>234.039755</ele>
        <time>2026-05-11T20:17:16.447Z</time>
      </trkpt>
      <trkpt lat="42.209723" lon="24.141632">
        <ele>233.929841</ele>
        <time>2026-05-11T20:17:20.014Z</time>
      </trkpt>
      <trkpt lat="42.209875" lon="24.142129">
        <ele>233.757182</ele>
        <time>2026-05-11T20:17:26.324Z</time>
      </trkpt>
      <trkpt lat="42.210122" lon="24.143195">
        <ele>233.508948</ele>
        <time>2026-05-11T20:17:39.657Z</time>
      </trkpt>
      <trkpt lat="42.210225" lon="24.143625">
        <ele>233.408510</ele>
        <time>2026-05-11T20:17:45.250Z</time>
      </trkpt>
      <trkpt lat="42.210262" lon="24.143785">
        <ele>233.371258</ele>
        <time>2026-05-11T20:17:47.356Z</time>
      </trkpt>
      <trkpt lat="42.210371" lon="24.143805">
        <ele>233.338252</ele>
        <time>2026-05-11T20:17:50.851Z</time>
      </trkpt>
      <trkpt lat="42.210472" lon="24.143974">
        <ele>233.289991</ele>
        <time>2026-05-11T20:17:55.891Z</time>
      </trkpt>
      <trkpt lat="42.210506" lon="24.144332">
        <ele>233.203991</ele>
        <time>2026-05-11T20:18:04.176Z</time>
      </trkpt>
      <trkpt lat="42.210846" lon="24.145617">
        <ele>232.858957</ele>
        <time>2026-05-11T20:18:35.084Z</time>
      </trkpt>
      <trkpt lat="42.210704" lon="24.145676">
        <ele>232.808237</ele>
        <time>2026-05-11T20:18:39.637Z</time>
      </trkpt>
      <trkpt lat="42.211085" lon="24.147298">
        <ele>232.499127</ele>
        <time>2026-05-11T20:19:00.294Z</time>
      </trkpt>
      <trkpt lat="42.211171" lon="24.147665">
        <ele>232.447191</ele>
        <time>2026-05-11T20:19:05.051Z</time>
      </trkpt>
      <trkpt lat="42.212186" lon="24.152012">
        <ele>232.033813</ele>
        <time>2026-05-11T20:20:01.635Z</time>
      </trkpt>
      <trkpt lat="42.212896" lon="24.155013">
        <ele>231.796308</ele>
        <time>2026-05-11T20:20:41.230Z</time>
      </trkpt>
      <trkpt lat="42.212946" lon="24.155170">
        <ele>231.781230</ele>
        <time>2026-05-11T20:20:43.339Z</time>
      </trkpt>
      <trkpt lat="42.212998" lon="24.155331">
        <ele>231.765734</ele>
        <time>2026-05-11T20:20:45.509Z</time>
      </trkpt>
      <trkpt lat="42.213032" lon="24.155424">
        <ele>231.756583</ele>
        <time>2026-05-11T20:20:46.780Z</time>
      </trkpt>
      <trkpt lat="42.214041" lon="24.157872">
        <ele>231.061906</ele>
        <time>2026-05-11T20:21:20.413Z</time>
      </trkpt>
      <trkpt lat="42.214050" lon="24.157895">
        <ele>231.053289</ele>
        <time>2026-05-11T20:21:20.719Z</time>
      </trkpt>
      <trkpt lat="42.214906" lon="24.160066">
        <ele>230.268413</ele>
        <time>2026-05-11T20:21:49.471Z</time>
      </trkpt>
      <trkpt lat="42.215792" lon="24.162206">
        <ele>229.743528</ele>
        <time>2026-05-11T20:22:19.249Z</time>
      </trkpt>
      <trkpt lat="42.216543" lon="24.164024">
        <ele>229.489423</ele>
        <time>2026-05-11T20:22:44.997Z</time>
      </trkpt>
      <trkpt lat="42.216568" lon="24.164081">
        <ele>229.480067</ele>
        <time>2026-05-11T20:22:45.823Z</time>
      </trkpt>
      <trkpt lat="42.217052" lon="24.165275">
        <ele>229.255596</ele>
        <time>2026-05-11T20:23:02.675Z</time>
      </trkpt>
      <trkpt lat="42.217125" lon="24.165456">
        <ele>229.221608</ele>
        <time>2026-05-11T20:23:05.223Z</time>
      </trkpt>
      <trkpt lat="42.217040" lon="24.165516">
        <ele>229.200251</ele>
        <time>2026-05-11T20:23:07.075Z</time>
      </trkpt>
      <trkpt lat="42.216969" lon="24.165608">
        <ele>229.178339</ele>
        <time>2026-05-11T20:23:08.970Z</time>
      </trkpt>
      <trkpt lat="42.216486" lon="24.166450">
        <ele>228.774259</ele>
        <time>2026-05-11T20:23:23.972Z</time>
      </trkpt>
      <trkpt lat="42.215936" lon="24.167395">
        <ele>228.022138</ele>
        <time>2026-05-11T20:23:39.882Z</time>
      </trkpt>
      <trkpt lat="42.215673" lon="24.167818">
        <ele>227.676517</ele>
        <time>2026-05-11T20:23:46.857Z</time>
      </trkpt>
      <trkpt lat="42.215415" lon="24.168266">
        <ele>227.334920</ele>
        <time>2026-05-11T20:23:53.950Z</time>
      </trkpt>
      <trkpt lat="42.215292" lon="24.168575">
        <ele>227.127606</ele>
        <time>2026-05-11T20:23:58.362Z</time>
      </trkpt>
      <trkpt lat="42.215265" lon="24.168794">
        <ele>226.996403</ele>
        <time>2026-05-11T20:24:01.165Z</time>
      </trkpt>
      <trkpt lat="42.215338" lon="24.169554">
        <ele>226.543505</ele>
        <time>2026-05-11T20:24:11.154Z</time>
      </trkpt>
      <trkpt lat="42.215327" lon="24.169856">
        <ele>226.364817</ele>
        <time>2026-05-11T20:24:15.280Z</time>
      </trkpt>
      <trkpt lat="42.215255" lon="24.170028">
        <ele>226.248057</ele>
        <time>2026-05-11T20:24:18.044Z</time>
      </trkpt>
      <trkpt lat="42.214372" lon="24.170904">
        <ele>226.540050</ele>
        <time>2026-05-11T20:24:42.091Z</time>
      </trkpt>
      <trkpt lat="42.214267" lon="24.171050">
        <ele>226.605389</ele>
        <time>2026-05-11T20:24:45.625Z</time>
      </trkpt>
      <trkpt lat="42.214194" lon="24.171201">
        <ele>226.663284</ele>
        <time>2026-05-11T20:24:48.749Z</time>
      </trkpt>
      <trkpt lat="42.213960" lon="24.172580">
        <ele>226.986671</ele>
        <time>2026-05-11T20:25:12.372Z</time>
      </trkpt>
      <trkpt lat="42.213885" lon="24.172821">
        <ele>227.017889</ele>
        <time>2026-05-11T20:25:16.273Z</time>
      </trkpt>
      <trkpt lat="42.212647" lon="24.175328">
        <ele>227.247331</ele>
        <time>2026-05-11T20:26:00.066Z</time>
      </trkpt>
      <trkpt lat="42.212016" lon="24.176676">
        <ele>227.300154</ele>
        <time>2026-05-11T20:26:24.847Z</time>
      </trkpt>
      <trkpt lat="42.211748" lon="24.177231">
        <ele>227.322969</ele>
        <time>2026-05-11T20:26:35.075Z</time>
      </trkpt>
      <trkpt lat="42.211535" lon="24.177754">
        <ele>227.343522</ele>
        <time>2026-05-11T20:26:43.937Z</time>
      </trkpt>
      <trkpt lat="42.211139" lon="24.178971">
        <ele>227.185158</ele>
        <time>2026-05-11T20:27:02.781Z</time>
      </trkpt>
      <trkpt lat="42.210671" lon="24.180440">
        <ele>226.842769</ele>
        <time>2026-05-11T20:27:25.054Z</time>
      </trkpt>
      <trkpt lat="42.210327" lon="24.181092">
        <ele>226.788413</ele>
        <time>2026-05-11T20:27:36.589Z</time>
      </trkpt>
      <trkpt lat="42.209656" lon="24.182315">
        <ele>226.687293</ele>
        <time>2026-05-11T20:27:59.098Z</time>
      </trkpt>
      <trkpt lat="42.208852" lon="24.183743">
        <ele>226.538734</ele>
        <time>2026-05-11T20:28:25.016Z</time>
      </trkpt>
      <trkpt lat="42.208543" lon="24.184515">
        <ele>226.472153</ele>
        <time>2026-05-11T20:28:37.544Z</time>
      </trkpt>
      <trkpt lat="42.208486" lon="24.184812">
        <ele>226.463202</ele>
        <time>2026-05-11T20:28:41.959Z</time>
      </trkpt>
      <trkpt lat="42.208476" lon="24.184847">
        <ele>226.462108</ele>
        <time>2026-05-11T20:28:42.498Z</time>
      </trkpt>
      <trkpt lat="42.208428" lon="24.185005">
        <ele>226.457126</ele>
        <time>2026-05-11T20:28:44.954Z</time>
      </trkpt>
      <trkpt lat="42.206939" lon="24.191089">
        <ele>226.388228</ele>
        <time>2026-05-11T20:30:18.956Z</time>
      </trkpt>
      <trkpt lat="42.206684" lon="24.192076">
        <ele>226.641917</ele>
        <time>2026-05-11T20:30:35.330Z</time>
      </trkpt>
      <trkpt lat="42.206313" lon="24.193573">
        <ele>227.123805</ele>
        <time>2026-05-11T20:31:01.648Z</time>
      </trkpt>
      <trkpt lat="42.206111" lon="24.194539">
        <ele>227.148876</ele>
        <time>2026-05-11T20:31:17.505Z</time>
      </trkpt>
      <trkpt lat="42.206068" lon="24.194732">
        <ele>227.151724</ele>
        <time>2026-05-11T20:31:20.494Z</time>
      </trkpt>
      <trkpt lat="42.205780" lon="24.196012">
        <ele>227.150413</ele>
        <time>2026-05-11T20:31:39.359Z</time>
      </trkpt>
      <trkpt lat="42.205268" lon="24.197484">
        <ele>226.748968</ele>
        <time>2026-05-11T20:32:02.027Z</time>
      </trkpt>
      <trkpt lat="42.205122" lon="24.197876">
        <ele>226.640655</ele>
        <time>2026-05-11T20:32:08.236Z</time>
      </trkpt>
      <trkpt lat="42.205008" lon="24.198026">
        <ele>226.587602</ele>
        <time>2026-05-11T20:32:11.303Z</time>
      </trkpt>
      <trkpt lat="42.204440" lon="24.198604">
        <ele>226.416375</ele>
        <time>2026-05-11T20:32:24.885Z</time>
      </trkpt>
      <trkpt lat="42.204278" lon="24.198776">
        <ele>226.368281</ele>
        <time>2026-05-11T20:32:28.769Z</time>
      </trkpt>
      <trkpt lat="42.204217" lon="24.198898">
        <ele>226.342837</ele>
        <time>2026-05-11T20:32:30.790Z</time>
      </trkpt>
      <trkpt lat="42.203803" lon="24.200212">
        <ele>226.136520</ele>
        <time>2026-05-11T20:32:51.521Z</time>
      </trkpt>
      <trkpt lat="42.203461" lon="24.201187">
        <ele>226.088958</ele>
        <time>2026-05-11T20:33:07.634Z</time>
      </trkpt>
      <trkpt lat="42.202914" lon="24.202719">
        <ele>225.731924</ele>
        <time>2026-05-11T20:33:32.003Z</time>
      </trkpt>
      <trkpt lat="42.202536" lon="24.203818">
        <ele>225.165336</ele>
        <time>2026-05-11T20:33:48.048Z</time>
      </trkpt>
      <trkpt lat="42.202311" lon="24.204473">
        <ele>224.860415</ele>
        <time>2026-05-11T20:33:57.578Z</time>
      </trkpt>
      <trkpt lat="42.202161" lon="24.204909">
        <ele>224.727197</ele>
        <time>2026-05-11T20:34:04.049Z</time>
      </trkpt>
      <trkpt lat="42.202090" lon="24.205115">
        <ele>224.664234</ele>
        <time>2026-05-11T20:34:07.152Z</time>
      </trkpt>
      <trkpt lat="42.201861" lon="24.205783">
        <ele>224.460257</ele>
        <time>2026-05-11T20:34:17.510Z</time>
      </trkpt>
      <trkpt lat="42.201639" lon="24.206398">
        <ele>224.270671</ele>
        <time>2026-05-11T20:34:27.468Z</time>
      </trkpt>
      <trkpt lat="42.201354" lon="24.207243">
        <ele>224.072046</ele>
        <time>2026-05-11T20:34:41.034Z</time>
      </trkpt>
      <trkpt lat="42.201190" lon="24.207653">
        <ele>223.977086</ele>
        <time>2026-05-11T20:34:47.717Z</time>
      </trkpt>
      <trkpt lat="42.200095" lon="24.210870">
        <ele>222.751907</ele>
        <time>2026-05-11T20:35:36.286Z</time>
      </trkpt>
      <trkpt lat="42.199401" lon="24.212864">
        <ele>221.782387</ele>
        <time>2026-05-11T20:36:05.830Z</time>
      </trkpt>
      <trkpt lat="42.199333" lon="24.213059">
        <ele>221.687420</ele>
        <time>2026-05-11T20:36:08.794Z</time>
      </trkpt>
      <trkpt lat="42.195962" lon="24.222711">
        <ele>220.380220</ele>
        <time>2026-05-11T20:38:42.365Z</time>
      </trkpt>
      <trkpt lat="42.195900" lon="24.222873">
        <ele>220.355354</ele>
        <time>2026-05-11T20:38:44.988Z</time>
      </trkpt>
      <trkpt lat="42.192720" lon="24.231784">
        <ele>218.898902</ele>
        <time>2026-05-11T20:41:06.607Z</time>
      </trkpt>
      <trkpt lat="42.192690" lon="24.231863">
        <ele>218.879230</ele>
        <time>2026-05-11T20:41:07.849Z</time>
      </trkpt>
      <trkpt lat="42.191423" lon="24.235377">
        <ele>217.754468</ele>
        <time>2026-05-11T20:42:02.057Z</time>
      </trkpt>
      <trkpt lat="42.190883" lon="24.236895">
        <ele>217.367864</ele>
        <time>2026-05-11T20:42:25.642Z</time>
      </trkpt>
      <trkpt lat="42.190203" lon="24.238777">
        <ele>217.159908</ele>
        <time>2026-05-11T20:42:55.798Z</time>
      </trkpt>
      <trkpt lat="42.190106" lon="24.238940">
        <ele>217.144416</ele>
        <time>2026-05-11T20:42:58.834Z</time>
      </trkpt>
      <trkpt lat="42.189985" lon="24.239017">
        <ele>217.131038</ele>
        <time>2026-05-11T20:43:01.492Z</time>
      </trkpt>
      <trkpt lat="42.189992" lon="24.239317">
        <ele>217.115239</ele>
        <time>2026-05-11T20:43:05.311Z</time>
      </trkpt>
      <trkpt lat="42.189526" lon="24.239577">
        <ele>217.331683</ele>
        <time>2026-05-11T20:43:15.735Z</time>
      </trkpt>
      <trkpt lat="42.189020" lon="24.239869">
        <ele>217.567901</ele>
        <time>2026-05-11T20:43:27.654Z</time>
      </trkpt>
      <trkpt lat="42.187801" lon="24.240595">
        <ele>218.005161</ele>
        <time>2026-05-11T20:43:58.279Z</time>
      </trkpt>
      <trkpt lat="42.187666" lon="24.240716">
        <ele>218.038380</ele>
        <time>2026-05-11T20:44:01.747Z</time>
      </trkpt>
      <trkpt lat="42.187565" lon="24.240866">
        <ele>218.069164</ele>
        <time>2026-05-11T20:44:04.905Z</time>
      </trkpt>
      <trkpt lat="42.187465" lon="24.241164">
        <ele>218.118850</ele>
        <time>2026-05-11T20:44:09.854Z</time>
      </trkpt>
      <trkpt lat="42.187044" lon="24.242902">
        <ele>218.055622</ele>
        <time>2026-05-11T20:44:35.784Z</time>
      </trkpt>
      <trkpt lat="42.187623" lon="24.243157">
        <ele>217.888544</ele>
        <time>2026-05-11T20:44:47.105Z</time>
      </trkpt>
      <trkpt lat="42.188178" lon="24.243963">
        <ele>217.839919</ele>
        <time>2026-05-11T20:45:02.760Z</time>
      </trkpt>
      <trkpt lat="42.187318" lon="24.245257">
        <ele>218.155486</ele>
        <time>2026-05-11T20:45:30.928Z</time>
      </trkpt>
      <trkpt lat="42.186960" lon="24.245788">
        <ele>218.145283</ele>
        <time>2026-05-11T20:45:42.627Z</time>
      </trkpt>
      <trkpt lat="42.185917" lon="24.247655">
        <ele>217.830883</ele>
        <time>2026-05-11T20:46:15.527Z</time>
      </trkpt>
      <trkpt lat="42.185912" lon="24.247665">
        <ele>217.827752</ele>
        <time>2026-05-11T20:46:15.690Z</time>
      </trkpt>
      <trkpt lat="42.185802" lon="24.247907">
        <ele>217.754060</ele>
        <time>2026-05-11T20:46:19.505Z</time>
      </trkpt>
      <trkpt lat="42.185746" lon="24.248076">
        <ele>217.706007</ele>
        <time>2026-05-11T20:46:22.004Z</time>
      </trkpt>
      <trkpt lat="42.185714" lon="24.248363">
        <ele>217.630673</ele>
        <time>2026-05-11T20:46:25.952Z</time>
      </trkpt>
      <trkpt lat="42.185661" lon="24.249248">
        <ele>217.400210</ele>
        <time>2026-05-11T20:46:38.375Z</time>
      </trkpt>
      <trkpt lat="42.185725" lon="24.249655">
        <ele>217.307126</ele>
        <time>2026-05-11T20:46:44.401Z</time>
      </trkpt>
      <trkpt lat="42.185676" lon="24.249846">
        <ele>217.326155</ele>
        <time>2026-05-11T20:46:47.374Z</time>
      </trkpt>
      <trkpt lat="42.185711" lon="24.249950">
        <ele>217.336909</ele>
        <time>2026-05-11T20:46:49.092Z</time>
      </trkpt>
      <trkpt lat="42.186634" lon="24.251773">
        <ele>217.501191</ele>
        <time>2026-05-11T20:47:23.416Z</time>
      </trkpt>
      <trkpt lat="42.187139" lon="24.252761">
        <ele>217.237878</ele>
        <time>2026-05-11T20:47:40.816Z</time>
      </trkpt>
      <trkpt lat="42.187562" lon="24.253244">
        <ele>217.073829</ele>
        <time>2026-05-11T20:47:51.109Z</time>
      </trkpt>
      <trkpt lat="42.187243" lon="24.254397">
        <ele>216.470235</ele>
        <time>2026-05-11T20:48:07.113Z</time>
      </trkpt>
      <trkpt lat="42.187058" lon="24.256011">
        <ele>215.564528</ele>
        <time>2026-05-11T20:48:28.578Z</time>
      </trkpt>
      <trkpt lat="42.188010" lon="24.256403">
        <ele>215.667657</ele>
        <time>2026-05-11T20:48:48.762Z</time>
      </trkpt>
      <trkpt lat="42.188140" lon="24.256460">
        <ele>215.681820</ele>
        <time>2026-05-11T20:48:51.913Z</time>
      </trkpt>
      <trkpt lat="42.188204" lon="24.256488">
        <ele>215.688791</ele>
        <time>2026-05-11T20:48:53.517Z</time>
      </trkpt>
      <trkpt lat="42.188412" lon="24.256579">
        <ele>215.711446</ele>
        <time>2026-05-11T20:48:58.646Z</time>
      </trkpt>
      <trkpt lat="42.188257" lon="24.257983">
        <ele>215.611219</ele>
        <time>2026-05-11T20:49:27.716Z</time>
      </trkpt>
      <trkpt lat="42.187960" lon="24.259124">
        <ele>215.451519</ele>
        <time>2026-05-11T20:49:50.375Z</time>
      </trkpt>
      <trkpt lat="42.187896" lon="24.259544">
        <ele>215.330572</ele>
        <time>2026-05-11T20:49:58.146Z</time>
      </trkpt>
      <trkpt lat="42.188366" lon="24.259634">
        <ele>215.051999</ele>
        <time>2026-05-11T20:50:09.794Z</time>
      </trkpt>
      <trkpt lat="42.188557" lon="24.259670">
        <ele>214.938826</ele>
        <time>2026-05-11T20:50:14.595Z</time>
      </trkpt>
      <trkpt lat="42.189224" lon="24.259801">
        <ele>214.543287</ele>
        <time>2026-05-11T20:50:31.600Z</time>
      </trkpt>
      <trkpt lat="42.189137" lon="24.260386">
        <ele>214.293678</ele>
        <time>2026-05-11T20:50:38.615Z</time>
      </trkpt>
      <trkpt lat="42.188636" lon="24.263679">
        <ele>213.163786</ele>
        <time>2026-05-11T20:51:17.888Z</time>
      </trkpt>
      <trkpt lat="42.188523" lon="24.264436">
        <ele>212.977185</ele>
        <time>2026-05-11T20:51:27.392Z</time>
      </trkpt>
      <trkpt lat="42.188500" lon="24.264597">
        <ele>212.937564</ele>
        <time>2026-05-11T20:51:29.424Z</time>
      </trkpt>
      <trkpt lat="42.188447" lon="24.264951">
        <ele>212.850292</ele>
        <time>2026-05-11T20:51:33.911Z</time>
      </trkpt>
      <trkpt lat="42.188375" lon="24.265437">
        <ele>212.754349</ele>
        <time>2026-05-11T20:51:40.084Z</time>
      </trkpt>
      <trkpt lat="42.188105" lon="24.267255">
        <ele>212.396094</ele>
        <time>2026-05-11T20:52:02.382Z</time>
      </trkpt>
      <trkpt lat="42.186728" lon="24.276545">
        <ele>210.282925</ele>
        <time>2026-05-11T20:53:56.780Z</time>
      </trkpt>
      <trkpt lat="42.186395" lon="24.278788">
        <ele>209.711970</ele>
        <time>2026-05-11T20:54:24.267Z</time>
      </trkpt>
      <trkpt lat="42.185151" lon="24.287173">
        <ele>207.680004</ele>
        <time>2026-05-11T20:56:07.259Z</time>
      </trkpt>
      <trkpt lat="42.185090" lon="24.287584">
        <ele>207.571740</ele>
        <time>2026-05-11T20:56:12.332Z</time>
      </trkpt>
      <trkpt lat="42.184729" lon="24.290019">
        <ele>206.985092</ele>
        <time>2026-05-11T20:56:41.773Z</time>
      </trkpt>
      <trkpt lat="42.184651" lon="24.290544">
        <ele>206.869567</ele>
        <time>2026-05-11T20:56:48.283Z</time>
      </trkpt>
      <trkpt lat="42.184256" lon="24.293206">
        <ele>206.519852</ele>
        <time>2026-05-11T20:57:22.088Z</time>
      </trkpt>
      <trkpt lat="42.184161" lon="24.293850">
        <ele>206.490682</ele>
        <time>2026-05-11T20:57:30.197Z</time>
      </trkpt>
      <trkpt lat="42.184129" lon="24.294067">
        <ele>206.493164</ele>
        <time>2026-05-11T20:57:32.937Z</time>
      </trkpt>
      <trkpt lat="42.184115" lon="24.294161">
        <ele>206.494240</ele>
        <time>2026-05-11T20:57:34.137Z</time>
      </trkpt>
      <trkpt lat="42.184080" lon="24.294399">
        <ele>206.496962</ele>
        <time>2026-05-11T20:57:37.159Z</time>
      </trkpt>
      <trkpt lat="42.184063" lon="24.294497">
        <ele>206.498091</ele>
        <time>2026-05-11T20:57:38.412Z</time>
      </trkpt>
      <trkpt lat="42.184051" lon="24.294564">
        <ele>206.498864</ele>
        <time>2026-05-11T20:57:39.270Z</time>
      </trkpt>
      <trkpt lat="42.184104" lon="24.294597">
        <ele>206.499748</ele>
        <time>2026-05-11T20:57:41.101Z</time>
      </trkpt>
      <trkpt lat="42.183786" lon="24.296741">
        <ele>206.385910</ele>
        <time>2026-05-11T20:58:33.341Z</time>
      </trkpt>
      <trkpt lat="42.183729" lon="24.296655">
        <ele>206.369594</ele>
        <time>2026-05-11T20:58:35.003Z</time>
      </trkpt>
      <trkpt lat="42.183724" lon="24.296691">
        <ele>206.364414</ele>
        <time>2026-05-11T20:58:35.446Z</time>
      </trkpt>
      <trkpt lat="42.183670" lon="24.297108">
        <ele>206.304552</ele>
        <time>2026-05-11T20:58:40.619Z</time>
      </trkpt>
      <trkpt lat="42.183490" lon="24.298480">
        <ele>206.043666</ele>
        <time>2026-05-11T20:58:57.115Z</time>
      </trkpt>
      <trkpt lat="42.183273" lon="24.301159">
        <ele>205.383733</ele>
        <time>2026-05-11T20:59:29.216Z</time>
      </trkpt>
      <trkpt lat="42.183260" lon="24.301336">
        <ele>205.359416</ele>
        <time>2026-05-11T20:59:31.388Z</time>
      </trkpt>
      <trkpt lat="42.183033" lon="24.304372">
        <ele>205.303669</ele>
        <time>2026-05-11T21:00:09.781Z</time>
      </trkpt>
      <trkpt lat="42.182819" lon="24.306871">
        <ele>205.647518</ele>
        <time>2026-05-11T21:00:45.075Z</time>
      </trkpt>
      <trkpt lat="42.182758" lon="24.307635">
        <ele>205.767886</ele>
        <time>2026-05-11T21:00:54.776Z</time>
      </trkpt>
      <trkpt lat="42.182649" lon="24.309081">
        <ele>205.339039</ele>
        <time>2026-05-11T21:01:11.946Z</time>
      </trkpt>
      <trkpt lat="42.182631" lon="24.309699">
        <ele>205.145970</ele>
        <time>2026-05-11T21:01:19.098Z</time>
      </trkpt>
      <trkpt lat="42.182600" lon="24.310261">
        <ele>204.985421</ele>
        <time>2026-05-11T21:01:25.747Z</time>
      </trkpt>
      <trkpt lat="42.182604" lon="24.310855">
        <ele>204.858857</ele>
        <time>2026-05-11T21:01:32.908Z</time>
      </trkpt>
      <trkpt lat="42.182605" lon="24.311014">
        <ele>204.824979</ele>
        <time>2026-05-11T21:01:34.840Z</time>
      </trkpt>
      <trkpt lat="42.182685" lon="24.312674">
        <ele>204.463924</ele>
        <time>2026-05-11T21:01:55.090Z</time>
      </trkpt>
      <trkpt lat="42.182780" lon="24.313718">
        <ele>204.191546</ele>
        <time>2026-05-11T21:02:07.799Z</time>
      </trkpt>
      <trkpt lat="42.182873" lon="24.314637">
        <ele>203.951360</ele>
        <time>2026-05-11T21:02:18.795Z</time>
      </trkpt>
      <trkpt lat="42.182920" lon="24.315194">
        <ele>203.881931</ele>
        <time>2026-05-11T21:02:25.562Z</time>
      </trkpt>
      <trkpt lat="42.182953" lon="24.315578">
        <ele>203.895729</ele>
        <time>2026-05-11T21:02:30.253Z</time>
      </trkpt>
      <trkpt lat="42.183009" lon="24.316221">
        <ele>203.918837</ele>
        <time>2026-05-11T21:02:38.320Z</time>
      </trkpt>
      <trkpt lat="42.183032" lon="24.316461">
        <ele>203.927474</ele>
        <time>2026-05-11T21:02:41.462Z</time>
      </trkpt>
      <trkpt lat="42.183078" lon="24.316966">
        <ele>203.945635</ele>
        <time>2026-05-11T21:02:48.453Z</time>
      </trkpt>
      <trkpt lat="42.183090" lon="24.317100">
        <ele>203.950452</ele>
        <time>2026-05-11T21:02:50.410Z</time>
      </trkpt>
      <trkpt lat="42.183098" lon="24.317172">
        <ele>203.953051</ele>
        <time>2026-05-11T21:02:51.473Z</time>
      </trkpt>
      <trkpt lat="42.183211" lon="24.318490">
        <ele>204.105714</ele>
        <time>2026-05-11T21:03:09.991Z</time>
      </trkpt>
      <trkpt lat="42.183207" lon="24.318797">
        <ele>204.144811</ele>
        <time>2026-05-11T21:03:14.010Z</time>
      </trkpt>
      <trkpt lat="42.183153" lon="24.319509">
        <ele>204.235946</ele>
        <time>2026-05-11T21:03:23.117Z</time>
      </trkpt>
      <trkpt lat="42.183061" lon="24.319748">
        <ele>204.263309</ele>
        <time>2026-05-11T21:03:26.590Z</time>
      </trkpt>
      <trkpt lat="42.182997" lon="24.319803">
        <ele>204.225294</ele>
        <time>2026-05-11T21:03:27.918Z</time>
      </trkpt>
      <trkpt lat="42.182922" lon="24.319953">
        <ele>204.158114</ele>
        <time>2026-05-11T21:03:30.200Z</time>
      </trkpt>
      <trkpt lat="42.182913" lon="24.320043">
        <ele>204.124398</ele>
        <time>2026-05-11T21:03:31.343Z</time>
      </trkpt>
      <trkpt lat="42.182945" lon="24.320199">
        <ele>204.064304</ele>
        <time>2026-05-11T21:03:33.344Z</time>
      </trkpt>
      <trkpt lat="42.182983" lon="24.320262">
        <ele>204.034145</ele>
        <time>2026-05-11T21:03:34.309Z</time>
      </trkpt>
      <trkpt lat="42.183097" lon="24.320340">
        <ele>203.970108</ele>
        <time>2026-05-11T21:03:36.347Z</time>
      </trkpt>
      <trkpt lat="42.183219" lon="24.320326">
        <ele>203.908763</ele>
        <time>2026-05-11T21:03:38.265Z</time>
      </trkpt>
      <trkpt lat="42.183273" lon="24.320286">
        <ele>203.877900</ele>
        <time>2026-05-11T21:03:39.205Z</time>
      </trkpt>
      <trkpt lat="42.183562" lon="24.320375">
        <ele>203.729384</ele>
        <time>2026-05-11T21:03:43.800Z</time>
      </trkpt>
      <trkpt lat="42.183898" lon="24.320689">
        <ele>203.524620</ele>
        <time>2026-05-11T21:03:50.082Z</time>
      </trkpt>
      <trkpt lat="42.184066" lon="24.320852">
        <ele>203.420953</ele>
        <time>2026-05-11T21:03:53.187Z</time>
      </trkpt>
      <trkpt lat="42.185518" lon="24.322130">
        <ele>202.942766</ele>
        <time>2026-05-11T21:04:20.144Z</time>
      </trkpt>
      <trkpt lat="42.185640" lon="24.322231">
        <ele>202.905406</ele>
        <time>2026-05-11T21:04:23.314Z</time>
      </trkpt>
      <trkpt lat="42.185758" lon="24.322500">
        <ele>203.182167</ele>
        <time>2026-05-11T21:04:28.806Z</time>
      </trkpt>
      <trkpt lat="42.185789" lon="24.322672">
        <ele>203.366280</ele>
        <time>2026-05-11T21:04:32.088Z</time>
      </trkpt>
      <trkpt lat="42.185804" lon="24.322788">
        <ele>203.488754</ele>
        <time>2026-05-11T21:04:34.275Z</time>
      </trkpt>
      <trkpt lat="42.185909" lon="24.322953">
        <ele>203.714973</ele>
        <time>2026-05-11T21:04:38.393Z</time>
      </trkpt>
      <trkpt lat="42.186013" lon="24.322993">
        <ele>203.866769</ele>
        <time>2026-05-11T21:04:41.238Z</time>
      </trkpt>
      <trkpt lat="42.186060" lon="24.322990">
        <ele>203.932817</ele>
        <time>2026-05-11T21:04:42.420Z</time>
      </trkpt>
      <trkpt lat="42.186129" lon="24.322977">
        <ele>204.030611</ele>
        <time>2026-05-11T21:04:44.440Z</time>
      </trkpt>
      <trkpt lat="42.186243" lon="24.323074">
        <ele>204.219780</ele>
        <time>2026-05-11T21:04:48.364Z</time>
      </trkpt>
      <trkpt lat="42.186522" lon="24.323548">
        <ele>204.849402</ele>
        <time>2026-05-11T21:05:01.006Z</time>
      </trkpt>
      <trkpt lat="42.186742" lon="24.324172">
        <ele>205.491915</ele>
        <time>2026-05-11T21:05:13.802Z</time>
      </trkpt>
      <trkpt lat="42.186945" lon="24.324773">
        <ele>205.819197</ele>
        <time>2026-05-11T21:05:25.072Z</time>
      </trkpt>
      <trkpt lat="42.186961" lon="24.324816">
        <ele>205.843039</ele>
        <time>2026-05-11T21:05:25.883Z</time>
      </trkpt>
      <trkpt lat="42.187013" lon="24.324952">
        <ele>205.918871</ele>
        <time>2026-05-11T21:05:28.374Z</time>
      </trkpt>
      <trkpt lat="42.187034" lon="24.325008">
        <ele>205.949971</ele>
        <time>2026-05-11T21:05:29.407Z</time>
      </trkpt>
      <trkpt lat="42.187179" lon="24.325601">
        <ele>206.259392</ele>
        <time>2026-05-11T21:05:39.746Z</time>
      </trkpt>
      <trkpt lat="42.187295" lon="24.326396">
        <ele>206.636241</ele>
        <time>2026-05-11T21:05:53.265Z</time>
      </trkpt>
      <trkpt lat="42.187303" lon="24.326868">
        <ele>206.707810</ele>
        <time>2026-05-11T21:06:00.827Z</time>
      </trkpt>
      <trkpt lat="42.187322" lon="24.327146">
        <ele>206.750130</ele>
        <time>2026-05-11T21:06:05.167Z</time>
      </trkpt>
      <trkpt lat="42.187468" lon="24.328319">
        <ele>206.930435</ele>
        <time>2026-05-11T21:06:22.480Z</time>
      </trkpt>
      <trkpt lat="42.187641" lon="24.328802">
        <ele>206.989201</ele>
        <time>2026-05-11T21:06:30.986Z</time>
      </trkpt>
      <trkpt lat="42.187794" lon="24.329235">
        <ele>206.972774</ele>
        <time>2026-05-11T21:06:38.838Z</time>
      </trkpt>
      <trkpt lat="42.187843" lon="24.329376">
        <ele>206.967441</ele>
        <time>2026-05-11T21:06:41.344Z</time>
      </trkpt>
      <trkpt lat="42.188121" lon="24.330185">
        <ele>206.936905</ele>
        <time>2026-05-11T21:06:54.325Z</time>
      </trkpt>
      <trkpt lat="42.188188" lon="24.330380">
        <ele>206.929544</ele>
        <time>2026-05-11T21:06:57.503Z</time>
      </trkpt>
      <trkpt lat="42.188474" lon="24.331190">
        <ele>206.862418</ele>
        <time>2026-05-11T21:07:10.126Z</time>
      </trkpt>
      <trkpt lat="42.188674" lon="24.331725">
        <ele>206.776459</ele>
        <time>2026-05-11T21:07:17.795Z</time>
      </trkpt>
      <trkpt lat="42.188849" lon="24.332228">
        <ele>206.696746</ele>
        <time>2026-05-11T21:07:25.405Z</time>
      </trkpt>
      <trkpt lat="42.189016" lon="24.332713">
        <ele>206.620028</ele>
        <time>2026-05-11T21:07:33.759Z</time>
      </trkpt>
      <trkpt lat="42.189047" lon="24.332809">
        <ele>206.605006</ele>
        <time>2026-05-11T21:07:35.463Z</time>
      </trkpt>
      <trkpt lat="42.189236" lon="24.333320">
        <ele>206.731252</ele>
        <time>2026-05-11T21:07:44.796Z</time>
      </trkpt>
      <trkpt lat="42.189383" lon="24.333558">
        <ele>206.924472</ele>
        <time>2026-05-11T21:07:50.195Z</time>
      </trkpt>
      <trkpt lat="42.189522" lon="24.333790">
        <ele>207.110527</ele>
        <time>2026-05-11T21:07:55.625Z</time>
      </trkpt>
      <trkpt lat="42.189555" lon="24.333863">
        <ele>207.163853</ele>
        <time>2026-05-11T21:07:57.263Z</time>
      </trkpt>
      <trkpt lat="42.189656" lon="24.333788">
        <ele>207.260875</ele>
        <time>2026-05-11T21:08:00.272Z</time>
      </trkpt>
      <trkpt lat="42.189904" lon="24.333612">
        <ele>207.496697</ele>
        <time>2026-05-11T21:08:07.618Z</time>
      </trkpt>
      <trkpt lat="42.189956" lon="24.333755">
        <ele>207.596031</ele>
        <time>2026-05-11T21:08:15.845Z</time>
      </trkpt>
      <trkpt lat="42.190001" lon="24.333889">
        <ele>207.687774</ele>
        <time>2026-05-11T21:08:23.405Z</time>
      </trkpt>
      <trkpt lat="42.190199" lon="24.333954">
        <ele>207.859277</ele>
        <time>2026-05-11T21:08:37.567Z</time>
      </trkpt>
      <trkpt lat="42.190376" lon="24.334008">
        <ele>208.012005</ele>
        <time>2026-05-11T21:08:50.175Z</time>
      </trkpt>
      <trkpt lat="42.190696" lon="24.334094">
        <ele>208.077535</ele>
        <time>2026-05-11T21:09:12.868Z</time>
      </trkpt>
      <trkpt lat="42.191069" lon="24.334193">
        <ele>208.080146</ele>
        <time>2026-05-11T21:09:39.245Z</time>
      </trkpt>
      <trkpt lat="42.191282" lon="24.334277">
        <ele>208.081671</ele>
        <time>2026-05-11T21:09:54.708Z</time>
      </trkpt>
      <trkpt lat="42.191921" lon="24.334503">
        <ele>208.086208</ele>
        <time>2026-05-11T21:10:40.567Z</time>
      </trkpt>
      <trkpt lat="42.191974" lon="24.334732">
        <ele>208.087429</ele>
        <time>2026-05-11T21:10:52.942Z</time>
      </trkpt>
      <trkpt lat="42.192091" lon="24.335110">
        <ele>208.047273</ele>
        <time>2026-05-11T21:11:14.037Z</time>
      </trkpt>
      <trkpt lat="42.192389" lon="24.334958">
        <ele>207.980704</ele>
        <time>2026-05-11T21:11:19.866Z</time>
      </trkpt>
      <trkpt lat="42.192741" lon="24.335120">
        <ele>207.902992</ele>
        <time>2026-05-11T21:11:26.809Z</time>
      </trkpt>
      <trkpt lat="42.192840" lon="24.334780">
        <ele>207.846435</ele>
        <time>2026-05-11T21:11:31.982Z</time>
      </trkpt>
      <trkpt lat="42.192741" lon="24.335120">
        <ele>207.789879</ele>
        <time>2026-05-11T21:11:37.211Z</time>
      </trkpt>
      <trkpt lat="42.192915" lon="24.335210">
        <ele>207.750941</ele>
        <time>2026-05-11T21:11:41.024Z</time>
      </trkpt>
      <trkpt lat="42.193073" lon="24.335293">
        <ele>207.715513</ele>
        <time>2026-05-11T21:11:44.546Z</time>
      </trkpt>
      <trkpt lat="42.193280" lon="24.335400">
        <ele>207.776116</ele>
        <time>2026-05-11T21:11:49.316Z</time>
      </trkpt>
      <trkpt lat="42.193649" lon="24.335651">
        <ele>207.903825</ele>
        <time>2026-05-11T21:11:58.484Z</time>
      </trkpt>
      <trkpt lat="42.193728" lon="24.335745">
        <ele>207.936374</ele>
        <time>2026-05-11T21:12:00.959Z</time>
      </trkpt>
      <trkpt lat="42.193907" lon="24.335308">
        <ele>208.050712</ele>
        <time>2026-05-11T21:12:26.633Z</time>
      </trkpt>
      <trkpt lat="42.193728" lon="24.335745">
        <ele>208.165051</ele>
        <time>2026-05-11T21:12:52.306Z</time>
      </trkpt>
      <trkpt lat="42.194044" lon="24.336135">
        <ele>208.199892</ele>
        <time>2026-05-11T21:13:00.823Z</time>
      </trkpt>
      <trkpt lat="42.194112" lon="24.336224">
        <ele>208.131310</ele>
        <time>2026-05-11T21:13:02.596Z</time>
      </trkpt>
      <trkpt lat="42.194174" lon="24.336316">
        <ele>208.064596</ele>
        <time>2026-05-11T21:13:04.294Z</time>
      </trkpt>
      <trkpt lat="42.193752" lon="24.336938">
        <ele>207.612168</ele>
        <time>2026-05-11T21:13:13.735Z</time>
      </trkpt>
      <trkpt lat="42.193509" lon="24.337212">
        <ele>207.382906</ele>
        <time>2026-05-11T21:13:18.323Z</time>
      </trkpt>
      <trkpt lat="42.193175" lon="24.337386">
        <ele>207.123685</ele>
        <time>2026-05-11T21:13:23.508Z</time>
      </trkpt>
      <trkpt lat="42.192774" lon="24.337317">
        <ele>206.943928</ele>
        <time>2026-05-11T21:13:29.846Z</time>
      </trkpt>
      <trkpt lat="42.192431" lon="24.337218">
        <ele>206.902554</ele>
        <time>2026-05-11T21:13:35.550Z</time>
      </trkpt>
      <trkpt lat="42.192326" lon="24.337174">
        <ele>206.889586</ele>
        <time>2026-05-11T21:13:37.368Z</time>
      </trkpt>
      <trkpt lat="42.192183" lon="24.337125">
        <ele>206.872183</ele>
        <time>2026-05-11T21:13:39.845Z</time>
      </trkpt>
      <trkpt lat="42.192136" lon="24.337069">
        <ele>206.864788</ele>
        <time>2026-05-11T21:13:40.897Z</time>
      </trkpt>
      <trkpt lat="42.192059" lon="24.337063">
        <ele>206.855690</ele>
        <time>2026-05-11T21:13:42.253Z</time>
      </trkpt>
      <trkpt lat="42.192015" lon="24.337101">
        <ele>206.849528</ele>
        <time>2026-05-11T21:13:43.160Z</time>
      </trkpt>
      <trkpt lat="42.191670" lon="24.337090">
        <ele>206.808822</ele>
        <time>2026-05-11T21:13:50.067Z</time>
      </trkpt>
      <trkpt lat="42.191581" lon="24.337094">
        <ele>206.798318</ele>
        <time>2026-05-11T21:13:51.856Z</time>
      </trkpt>
      <trkpt lat="42.191095" lon="24.337112">
        <ele>206.757363</ele>
        <time>2026-05-11T21:14:02.457Z</time>
      </trkpt>
      <trkpt lat="42.190913" lon="24.337055">
        <ele>206.763601</ele>
        <time>2026-05-11T21:14:06.461Z</time>
      </trkpt>
      <trkpt lat="42.190646" lon="24.336897">
        <ele>206.773336</ele>
        <time>2026-05-11T21:14:12.508Z</time>
      </trkpt>
      <trkpt lat="42.190585" lon="24.336778">
        <ele>206.776916</ele>
        <time>2026-05-11T21:14:14.606Z</time>
      </trkpt>
      <trkpt lat="42.190497" lon="24.336744">
        <ele>206.779973</ele>
        <time>2026-05-11T21:14:16.429Z</time>
      </trkpt>
      <trkpt lat="42.190412" lon="24.336786">
        <ele>206.782995</ele>
        <time>2026-05-11T21:14:18.244Z</time>
      </trkpt>
      <trkpt lat="42.190355" lon="24.336936">
        <ele>206.787166</ele>
        <time>2026-05-11T21:14:20.694Z</time>
      </trkpt>
      <trkpt lat="42.190239" lon="24.337198">
        <ele>206.794717</ele>
        <time>2026-05-11T21:14:25.269Z</time>
      </trkpt>
      <trkpt lat="42.190073" lon="24.337582">
        <ele>206.805716</ele>
        <time>2026-05-11T21:14:31.042Z</time>
      </trkpt>
      <trkpt lat="42.189670" lon="24.338488">
        <ele>206.438760</ele>
        <time>2026-05-11T21:14:43.685Z</time>
      </trkpt>
      <trkpt lat="42.189100" lon="24.339863">
        <ele>205.629035</ele>
        <time>2026-05-11T21:15:01.103Z</time>
      </trkpt>
      <trkpt lat="42.188779" lon="24.340589">
        <ele>205.261600</ele>
        <time>2026-05-11T21:15:10.705Z</time>
      </trkpt>
      <trkpt lat="42.188662" lon="24.340864">
        <ele>205.128029</ele>
        <time>2026-05-11T21:15:14.428Z</time>
      </trkpt>
      <trkpt lat="42.188584" lon="24.341019">
        <ele>205.049108</ele>
        <time>2026-05-11T21:15:16.644Z</time>
      </trkpt>
      <trkpt lat="42.188492" lon="24.341109">
        <ele>204.984514</ele>
        <time>2026-05-11T21:15:18.471Z</time>
      </trkpt>
      <trkpt lat="42.188419" lon="24.341212">
        <ele>204.924477</ele>
        <time>2026-05-11T21:15:20.192Z</time>
      </trkpt>
      <trkpt lat="42.187642" lon="24.342488">
        <ele>204.539130</ele>
        <time>2026-05-11T21:15:39.818Z</time>
      </trkpt>
      <trkpt lat="42.187457" lon="24.342889">
        <ele>204.536217</ele>
        <time>2026-05-11T21:15:45.762Z</time>
      </trkpt>
      <trkpt lat="42.187385" lon="24.343092">
        <ele>204.534830</ele>
        <time>2026-05-11T21:15:48.773Z</time>
      </trkpt>
      <trkpt lat="42.187331" lon="24.343484">
        <ele>204.532372</ele>
        <time>2026-05-11T21:15:54.430Z</time>
      </trkpt>
      <trkpt lat="42.187308" lon="24.343634">
        <ele>204.531427</ele>
        <time>2026-05-11T21:15:56.567Z</time>
      </trkpt>
      <trkpt lat="42.187236" lon="24.343770">
        <ele>204.530397</ele>
        <time>2026-05-11T21:15:58.864Z</time>
      </trkpt>
      <trkpt lat="42.187007" lon="24.344065">
        <ele>204.516977</ele>
        <time>2026-05-11T21:16:04.570Z</time>
      </trkpt>
      <trkpt lat="42.186872" lon="24.344192">
        <ele>204.500998</ele>
        <time>2026-05-11T21:16:07.397Z</time>
      </trkpt>
      <trkpt lat="42.186578" lon="24.344422">
        <ele>204.468001</ele>
        <time>2026-05-11T21:16:13.240Z</time>
      </trkpt>
      <trkpt lat="42.185914" lon="24.344943">
        <ele>204.393422</ele>
        <time>2026-05-11T21:16:26.275Z</time>
      </trkpt>
      <trkpt lat="42.185870" lon="24.344978">
        <ele>204.388463</ele>
        <time>2026-05-11T21:16:27.077Z</time>
      </trkpt>
      <trkpt lat="42.185772" lon="24.345054">
        <ele>204.377488</ele>
        <time>2026-05-11T21:16:28.876Z</time>
      </trkpt>
      <trkpt lat="42.184552" lon="24.346008">
        <ele>203.700269</ele>
        <time>2026-05-11T21:16:51.145Z</time>
      </trkpt>
      <trkpt lat="42.184118" lon="24.346349">
        <ele>203.419471</ele>
        <time>2026-05-11T21:16:59.072Z</time>
      </trkpt>
      <trkpt lat="42.183309" lon="24.346993">
        <ele>202.865904</ele>
        <time>2026-05-11T21:17:13.299Z</time>
      </trkpt>
      <trkpt lat="42.182909" lon="24.347311">
        <ele>202.590095</ele>
        <time>2026-05-11T21:17:20.624Z</time>
      </trkpt>
      <trkpt lat="42.182755" lon="24.347439">
        <ele>202.482644</ele>
        <time>2026-05-11T21:17:23.478Z</time>
      </trkpt>
      <trkpt lat="42.182569" lon="24.347518">
        <ele>202.366798</ele>
        <time>2026-05-11T21:17:26.563Z</time>
      </trkpt>
      <trkpt lat="42.182394" lon="24.347630">
        <ele>202.269937</ele>
        <time>2026-05-11T21:17:29.635Z</time>
      </trkpt>
      <trkpt lat="42.182061" lon="24.347960">
        <ele>202.183317</ele>
        <time>2026-05-11T21:17:37.423Z</time>
      </trkpt>
      <trkpt lat="42.180797" lon="24.348964">
        <ele>201.905086</ele>
        <time>2026-05-11T21:18:23.327Z</time>
      </trkpt>
      <trkpt lat="42.180569" lon="24.349145">
        <ele>201.909871</ele>
        <time>2026-05-11T21:18:31.977Z</time>
      </trkpt>
      <trkpt lat="42.180479" lon="24.349216">
        <ele>201.911756</ele>
        <time>2026-05-11T21:18:35.398Z</time>
      </trkpt>
      <trkpt lat="42.179942" lon="24.349642">
        <ele>201.923024</ele>
        <time>2026-05-11T21:18:55.700Z</time>
      </trkpt>
      <trkpt lat="42.179677" lon="24.349852">
        <ele>201.928583</ele>
        <time>2026-05-11T21:19:05.665Z</time>
      </trkpt>
      <trkpt lat="42.178535" lon="24.351026">
        <ele>201.637951</ele>
        <time>2026-05-11T21:19:50.596Z</time>
      </trkpt>
      <trkpt lat="42.177827" lon="24.351856">
        <ele>201.360014</ele>
        <time>2026-05-11T21:20:19.008Z</time>
      </trkpt>
      <trkpt lat="42.177392" lon="24.352426">
        <ele>201.143107</ele>
        <time>2026-05-11T21:20:37.603Z</time>
      </trkpt>
      <trkpt lat="42.177023" lon="24.353005">
        <ele>200.940658</ele>
        <time>2026-05-11T21:20:54.975Z</time>
      </trkpt>
      <trkpt lat="42.176637" lon="24.353628">
        <ele>200.753275</ele>
        <time>2026-05-11T21:21:13.710Z</time>
      </trkpt>
      <trkpt lat="42.176050" lon="24.355483">
        <ele>200.451256</ele>
        <time>2026-05-11T21:22:00.513Z</time>
      </trkpt>
      <trkpt lat="42.175840" lon="24.355864">
        <ele>200.350396</ele>
        <time>2026-05-11T21:22:11.380Z</time>
      </trkpt>
      <trkpt lat="42.175614" lon="24.356089">
        <ele>200.256862</ele>
        <time>2026-05-11T21:22:19.991Z</time>
      </trkpt>
      <trkpt lat="42.175506" lon="24.356199">
        <ele>200.211799</ele>
        <time>2026-05-11T21:22:24.150Z</time>
      </trkpt>
      <trkpt lat="42.175488" lon="24.356208">
        <ele>200.205406</ele>
        <time>2026-05-11T21:22:24.757Z</time>
      </trkpt>
      <trkpt lat="42.175387" lon="24.356311">
        <ele>200.163244</ele>
        <time>2026-05-11T21:22:28.628Z</time>
      </trkpt>
      <trkpt lat="42.175213" lon="24.356494">
        <ele>200.089774</ele>
        <time>2026-05-11T21:22:35.385Z</time>
      </trkpt>
      <trkpt lat="42.175025" lon="24.356773">
        <ele>199.996707</ele>
        <time>2026-05-11T21:22:43.955Z</time>
      </trkpt>
      <trkpt lat="42.174542" lon="24.357661">
        <ele>199.812514</ele>
        <time>2026-05-11T21:23:09.072Z</time>
      </trkpt>
      <trkpt lat="42.174365" lon="24.357987">
        <ele>199.798316</ele>
        <time>2026-05-11T21:23:18.500Z</time>
      </trkpt>
      <trkpt lat="42.173915" lon="24.358815">
        <ele>199.762243</ele>
        <time>2026-05-11T21:23:42.827Z</time>
      </trkpt>
      <trkpt lat="42.173401" lon="24.359760">
        <ele>199.674815</ele>
        <time>2026-05-11T21:24:11.156Z</time>
      </trkpt>
      <trkpt lat="42.173192" lon="24.360260">
        <ele>199.609672</ele>
        <time>2026-05-11T21:24:24.714Z</time>
      </trkpt>
      <trkpt lat="42.173134" lon="24.360423">
        <ele>199.589154</ele>
        <time>2026-05-11T21:24:28.959Z</time>
      </trkpt>
      <trkpt lat="42.169673" lon="24.370091">
        <ele>196.584823</ele>
        <time>2026-05-11T21:28:32.553Z</time>
      </trkpt>
      <trkpt lat="42.169670" lon="24.370101">
        <ele>196.581893</ele>
        <time>2026-05-11T21:28:32.808Z</time>
      </trkpt>
      <trkpt lat="42.169522" lon="24.370576">
        <ele>196.506926</ele>
        <time>2026-05-11T21:28:44.734Z</time>
      </trkpt>
      <trkpt lat="42.168209" lon="24.374806">
        <ele>195.907608</ele>
        <time>2026-05-11T21:30:31.201Z</time>
      </trkpt>
      <trkpt lat="42.168035" lon="24.375189">
        <ele>195.844507</ele>
        <time>2026-05-11T21:30:41.609Z</time>
      </trkpt>
      <trkpt lat="42.167850" lon="24.375404">
        <ele>195.798233</ele>
        <time>2026-05-11T21:30:49.232Z</time>
      </trkpt>
      <trkpt lat="42.164581" lon="24.377631">
        <ele>195.149693</ele>
        <time>2026-05-11T21:32:43.468Z</time>
      </trkpt>
      <trkpt lat="42.163837" lon="24.378379">
        <ele>195.030091</ele>
        <time>2026-05-11T21:33:12.650Z</time>
      </trkpt>
      <trkpt lat="42.163700" lon="24.378522">
        <ele>195.012177</ele>
        <time>2026-05-11T21:33:18.163Z</time>
      </trkpt>
      <trkpt lat="42.162980" lon="24.379276">
        <ele>194.936129</ele>
        <time>2026-05-11T21:33:47.291Z</time>
      </trkpt>
      <trkpt lat="42.162638" lon="24.379733">
        <ele>194.895966</ele>
        <time>2026-05-11T21:34:02.494Z</time>
      </trkpt>
      <trkpt lat="42.162315" lon="24.380278">
        <ele>194.777251</ele>
        <time>2026-05-11T21:34:18.616Z</time>
      </trkpt>
      <trkpt lat="42.162032" lon="24.380865">
        <ele>194.545845</ele>
        <time>2026-05-11T21:34:34.199Z</time>
      </trkpt>
      <trkpt lat="42.161769" lon="24.381419">
        <ele>194.328436</ele>
        <time>2026-05-11T21:34:48.868Z</time>
      </trkpt>
      <trkpt lat="42.161553" lon="24.381432">
        <ele>194.232042</ele>
        <time>2026-05-11T21:34:55.415Z</time>
      </trkpt>
      <trkpt lat="42.161535" lon="24.381521">
        <ele>194.201554</ele>
        <time>2026-05-11T21:34:57.512Z</time>
      </trkpt>
      <trkpt lat="42.161410" lon="24.381707">
        <ele>194.118585</ele>
        <time>2026-05-11T21:35:03.209Z</time>
      </trkpt>
      <trkpt lat="42.161121" lon="24.382474">
        <ele>194.034318</ele>
        <time>2026-05-11T21:35:23.093Z</time>
      </trkpt>
      <trkpt lat="42.160626" lon="24.383561">
        <ele>193.973068</ele>
        <time>2026-05-11T21:35:53.781Z</time>
      </trkpt>
      <trkpt lat="42.160628" lon="24.383602">
        <ele>193.971096</ele>
        <time>2026-05-11T21:35:54.757Z</time>
      </trkpt>
      <trkpt lat="42.158431" lon="24.388322">
        <ele>193.623845</ele>
        <time>2026-05-11T21:38:04.626Z</time>
      </trkpt>
      <trkpt lat="42.157913" lon="24.389318">
        <ele>193.582450</ele>
        <time>2026-05-11T21:38:33.302Z</time>
      </trkpt>
      <trkpt lat="42.157916" lon="24.389416">
        <ele>193.579113</ele>
        <time>2026-05-11T21:38:35.607Z</time>
      </trkpt>
      <trkpt lat="42.158010" lon="24.389453">
        <ele>193.574618</ele>
        <time>2026-05-11T21:38:38.712Z</time>
      </trkpt>
      <trkpt lat="42.157879" lon="24.389731">
        <ele>193.563411</ele>
        <time>2026-05-11T21:38:46.498Z</time>
      </trkpt>
      <trkpt lat="42.154977" lon="24.395763">
        <ele>192.909073</ele>
        <time>2026-05-11T21:41:33.785Z</time>
      </trkpt>
      <trkpt lat="42.154916" lon="24.395889">
        <ele>192.895105</ele>
        <time>2026-05-11T21:41:37.297Z</time>
      </trkpt>
      <trkpt lat="42.154525" lon="24.396586">
        <ele>192.866297</ele>
        <time>2026-05-11T21:41:57.744Z</time>
      </trkpt>
      <trkpt lat="42.154339" lon="24.396840">
        <ele>192.863993</ele>
        <time>2026-05-11T21:42:06.130Z</time>
      </trkpt>
      <trkpt lat="42.153198" lon="24.398264">
        <ele>192.757726</ele>
        <time>2026-05-11T21:42:55.760Z</time>
      </trkpt>
      <trkpt lat="42.152914" lon="24.398701">
        <ele>192.668897</ele>
        <time>2026-05-11T21:43:09.259Z</time>
      </trkpt>
      <trkpt lat="42.151863" lon="24.401418">
        <ele>192.120279</ele>
        <time>2026-05-11T21:44:19.279Z</time>
      </trkpt>
      <trkpt lat="42.150183" lon="24.405483">
        <ele>191.972413</ele>
        <time>2026-05-11T21:46:08.437Z</time>
      </trkpt>
      <trkpt lat="42.150086" lon="24.405729">
        <ele>191.978623</ele>
        <time>2026-05-11T21:46:15.110Z</time>
      </trkpt>
      <trkpt lat="42.149592" lon="24.406891">
        <ele>192.136459</ele>
        <time>2026-05-11T21:46:47.614Z</time>
      </trkpt>
      <trkpt lat="42.149285" lon="24.407601">
        <ele>192.278998</ele>
        <time>2026-05-11T21:47:07.374Z</time>
      </trkpt>
      <trkpt lat="42.149141" lon="24.407799">
        <ele>192.327098</ele>
        <time>2026-05-11T21:47:14.145Z</time>
      </trkpt>
      <trkpt lat="42.148404" lon="24.408541">
        <ele>192.472331</ele>
        <time>2026-05-11T21:47:44.844Z</time>
      </trkpt>
      <trkpt lat="42.148080" lon="24.408906">
        <ele>192.518754</ele>
        <time>2026-05-11T21:47:58.642Z</time>
      </trkpt>
      <trkpt lat="42.148057" lon="24.409052">
        <ele>192.530924</ele>
        <time>2026-05-11T21:48:02.209Z</time>
      </trkpt>
      <trkpt lat="42.148063" lon="24.409329">
        <ele>192.553518</ele>
        <time>2026-05-11T21:48:08.769Z</time>
      </trkpt>
      <trkpt lat="42.147982" lon="24.410874">
        <ele>192.580237</ele>
        <time>2026-05-11T21:48:44.852Z</time>
      </trkpt>
      <trkpt lat="42.147898" lon="24.411714">
        <ele>192.553358</ele>
        <time>2026-05-11T21:49:04.626Z</time>
      </trkpt>
      <trkpt lat="42.147741" lon="24.412767">
        <ele>192.583920</ele>
        <time>2026-05-11T21:49:30.168Z</time>
      </trkpt>
      <trkpt lat="42.147604" lon="24.413676">
        <ele>192.714389</ele>
        <time>2026-05-11T21:49:52.786Z</time>
      </trkpt>
      <trkpt lat="42.147616" lon="24.413774">
        <ele>192.728360</ele>
        <time>2026-05-11T21:49:55.232Z</time>
      </trkpt>
      <trkpt lat="42.147652" lon="24.413908">
        <ele>192.748407</ele>
        <time>2026-05-11T21:49:58.720Z</time>
      </trkpt>
      <trkpt lat="42.147615" lon="24.414056">
        <ele>192.770375</ele>
        <time>2026-05-11T21:50:02.552Z</time>
      </trkpt>
      <trkpt lat="42.146962" lon="24.415640">
        <ele>192.788325</ele>
        <time>2026-05-11T21:50:46.082Z</time>
      </trkpt>
      <trkpt lat="42.146893" lon="24.415824">
        <ele>192.772375</ele>
        <time>2026-05-11T21:50:50.833Z</time>
      </trkpt>
      <trkpt lat="42.146553" lon="24.417227">
        <ele>192.624392</ele>
        <time>2026-05-11T21:51:24.670Z</time>
      </trkpt>
      <trkpt lat="42.146317" lon="24.418084">
        <ele>192.463647</ele>
        <time>2026-05-11T21:51:45.992Z</time>
      </trkpt>
      <trkpt lat="42.146292" lon="24.418281">
        <ele>192.428505</ele>
        <time>2026-05-11T21:51:50.645Z</time>
      </trkpt>
      <trkpt lat="42.146270" lon="24.419087">
        <ele>192.286688</ele>
        <time>2026-05-11T21:52:09.265Z</time>
      </trkpt>
      <trkpt lat="42.146319" lon="24.419374">
        <ele>192.206828</ele>
        <time>2026-05-11T21:52:15.936Z</time>
      </trkpt>
      <trkpt lat="42.146772" lon="24.420435">
        <ele>191.732171</ele>
        <time>2026-05-11T21:52:43.221Z</time>
      </trkpt>
      <trkpt lat="42.146925" lon="24.420712">
        <ele>191.598259</ele>
        <time>2026-05-11T21:52:50.808Z</time>
      </trkpt>
      <trkpt lat="42.147853" lon="24.421374">
        <ele>191.121966</ele>
        <time>2026-05-11T21:53:23.071Z</time>
      </trkpt>
      <trkpt lat="42.147976" lon="24.421521">
        <ele>191.059291</ele>
        <time>2026-05-11T21:53:28.165Z</time>
      </trkpt>
      <trkpt lat="42.148044" lon="24.421717">
        <ele>190.998103</ele>
        <time>2026-05-11T21:53:33.136Z</time>
      </trkpt>
      <trkpt lat="42.148066" lon="24.422030">
        <ele>190.909203</ele>
        <time>2026-05-11T21:53:40.326Z</time>
      </trkpt>
      <trkpt lat="42.148042" lon="24.422200">
        <ele>190.860270</ele>
        <time>2026-05-11T21:53:44.271Z</time>
      </trkpt>
      <trkpt lat="42.147703" lon="24.424550">
        <ele>190.161880</ele>
        <time>2026-05-11T21:54:38.374Z</time>
      </trkpt>
      <trkpt lat="42.147559" lon="24.425540">
        <ele>189.863922</ele>
        <time>2026-05-11T21:55:01.567Z</time>
      </trkpt>
      <trkpt lat="42.146890" lon="24.430016">
        <ele>188.531035</ele>
        <time>2026-05-11T21:56:45.402Z</time>
      </trkpt>
      <trkpt lat="42.146112" lon="24.434973">
        <ele>187.464270</ele>
        <time>2026-05-11T21:58:41.616Z</time>
      </trkpt>
      <trkpt lat="42.145195" lon="24.441128">
        <ele>187.238401</ele>
        <time>2026-05-11T22:01:08.644Z</time>
      </trkpt>
      <trkpt lat="42.144773" lon="24.443970">
        <ele>187.304532</ele>
        <time>2026-05-11T22:02:17.395Z</time>
      </trkpt>
      <trkpt lat="42.144442" lon="24.446201">
        <ele>187.426592</ele>
        <time>2026-05-11T22:03:11.635Z</time>
      </trkpt>
      <trkpt lat="42.144148" lon="24.448242">
        <ele>187.497966</ele>
        <time>2026-05-11T22:04:01.727Z</time>
      </trkpt>
      <trkpt lat="42.144070" lon="24.448788">
        <ele>187.512027</ele>
        <time>2026-05-11T22:04:14.555Z</time>
      </trkpt>
      <trkpt lat="42.143988" lon="24.449278">
        <ele>187.541698</ele>
        <time>2026-05-11T22:04:26.095Z</time>
      </trkpt>
      <trkpt lat="42.143847" lon="24.450353">
        <ele>187.709475</ele>
        <time>2026-05-11T22:04:51.543Z</time>
      </trkpt>
      <trkpt lat="42.143634" lon="24.451976">
        <ele>188.014001</ele>
        <time>2026-05-11T22:05:33.470Z</time>
      </trkpt>
      <trkpt lat="42.143337" lon="24.453650">
        <ele>188.476079</ele>
        <time>2026-05-11T22:06:16.281Z</time>
      </trkpt>
      <trkpt lat="42.143276" lon="24.453843">
        <ele>188.532401</ele>
        <time>2026-05-11T22:06:21.245Z</time>
      </trkpt>
      <trkpt lat="42.142870" lon="24.455005">
        <ele>188.485816</ele>
        <time>2026-05-11T22:06:51.621Z</time>
      </trkpt>
      <trkpt lat="42.141594" lon="24.455047">
        <ele>188.163557</ele>
        <time>2026-05-11T22:07:16.331Z</time>
      </trkpt>
      <trkpt lat="42.141412" lon="24.455060">
        <ele>188.041101</ele>
        <time>2026-05-11T22:07:19.739Z</time>
      </trkpt>
      <trkpt lat="42.141006" lon="24.455086">
        <ele>187.768005</ele>
        <time>2026-05-11T22:07:27.021Z</time>
      </trkpt>
      <trkpt lat="42.140271" lon="24.454851">
        <ele>187.260475</ele>
        <time>2026-05-11T22:07:40.127Z</time>
      </trkpt>
      <trkpt lat="42.140115" lon="24.454850">
        <ele>187.185193</ele>
        <time>2026-05-11T22:07:42.908Z</time>
      </trkpt>
      <trkpt lat="42.140020" lon="24.454860">
        <ele>187.150574</ele>
        <time>2026-05-11T22:07:44.617Z</time>
      </trkpt>
      <trkpt lat="42.139960" lon="24.454871">
        <ele>187.128576</ele>
        <time>2026-05-11T22:07:45.707Z</time>
      </trkpt>
      <trkpt lat="42.138319" lon="24.455061">
        <ele>186.522741</ele>
        <time>2026-05-11T22:08:17.545Z</time>
      </trkpt>
      <trkpt lat="42.137266" lon="24.455187">
        <ele>186.059691</ele>
        <time>2026-05-11T22:08:37.246Z</time>
      </trkpt>
      <trkpt lat="42.136908" lon="24.455348">
        <ele>185.894389</ele>
        <time>2026-05-11T22:08:44.104Z</time>
      </trkpt>
      <trkpt lat="42.136838" lon="24.455397">
        <ele>185.859843</ele>
        <time>2026-05-11T22:08:45.535Z</time>
      </trkpt>
      <trkpt lat="42.136721" lon="24.455488">
        <ele>185.800681</ele>
        <time>2026-05-11T22:08:48.013Z</time>
      </trkpt>
      <trkpt lat="42.136593" lon="24.455647">
        <ele>185.766373</ele>
        <time>2026-05-11T22:08:51.223Z</time>
      </trkpt>
      <trkpt lat="42.135184" lon="24.458476">
        <ele>185.599976</ele>
        <time>2026-05-11T22:09:41.358Z</time>
      </trkpt>
      <trkpt lat="42.134989" lon="24.458899">
        <ele>185.599976</ele>
        <time>2026-05-11T22:09:48.892Z</time>
      </trkpt>
      <trkpt lat="42.134130" lon="24.460557">
        <ele>185.646563</ele>
        <time>2026-05-11T22:10:18.597Z</time>
      </trkpt>
      <trkpt lat="42.134046" lon="24.460770">
        <ele>185.655595</ele>
        <time>2026-05-11T22:10:22.124Z</time>
      </trkpt>
      <trkpt lat="42.134017" lon="24.461115">
        <ele>185.668593</ele>
        <time>2026-05-11T22:10:27.271Z</time>
      </trkpt>
      <trkpt lat="42.134209" lon="24.462183">
        <ele>185.861397</ele>
        <time>2026-05-11T22:10:44.080Z</time>
      </trkpt>
      <trkpt lat="42.134379" lon="24.463212">
        <ele>186.216610</ele>
        <time>2026-05-11T22:11:01.389Z</time>
      </trkpt>
      <trkpt lat="42.134730" lon="24.465290">
        <ele>186.810478</ele>
        <time>2026-05-11T22:11:36.999Z</time>
      </trkpt>
      <trkpt lat="42.134502" lon="24.467219">
        <ele>187.023581</ele>
        <time>2026-05-11T22:12:05.763Z</time>
      </trkpt>
      <trkpt lat="42.134494" lon="24.467482">
        <ele>187.002460</ele>
        <time>2026-05-11T22:12:09.574Z</time>
      </trkpt>
      <trkpt lat="42.134493" lon="24.468373">
        <ele>186.930966</ele>
        <time>2026-05-11T22:12:22.436Z</time>
      </trkpt>
      <trkpt lat="42.134495" lon="24.469032">
        <ele>186.852907</ele>
        <time>2026-05-11T22:12:32.131Z</time>
      </trkpt>
      <trkpt lat="42.134492" lon="24.469485">
        <ele>186.753901</ele>
        <time>2026-05-11T22:12:38.766Z</time>
      </trkpt>
      <trkpt lat="42.134473" lon="24.470874">
        <ele>186.450287</ele>
        <time>2026-05-11T22:12:58.022Z</time>
      </trkpt>
      <trkpt lat="42.134918" lon="24.470869">
        <ele>186.308818</ele>
        <time>2026-05-11T22:13:11.598Z</time>
      </trkpt>
      <trkpt lat="42.135836" lon="24.470745">
        <ele>185.972394</ele>
        <time>2026-05-11T22:13:39.716Z</time>
      </trkpt>
      <trkpt lat="42.136399" lon="24.470669">
        <ele>185.766070</ele>
        <time>2026-05-11T22:13:57.362Z</time>
      </trkpt>
      <trkpt lat="42.137679" lon="24.470189">
        <ele>185.472701</ele>
        <time>2026-05-11T22:14:38.906Z</time>
      </trkpt>
      <trkpt lat="42.138819" lon="24.469787">
        <ele>185.349758</ele>
        <time>2026-05-11T22:15:15.473Z</time>
      </trkpt>
      <trkpt lat="42.138926" lon="24.470462">
        <ele>185.353587</ele>
        <time>2026-05-11T22:15:25.774Z</time>
      </trkpt>
      <trkpt lat="42.138685" lon="24.471993">
        <ele>185.300601</ele>
        <time>2026-05-11T22:15:49.863Z</time>
      </trkpt>
      <trkpt lat="42.138916" lon="24.473921">
        <ele>185.090967</ele>
        <time>2026-05-11T22:16:17.572Z</time>
      </trkpt>
      <trkpt lat="42.138956" lon="24.475134">
        <ele>184.867360</ele>
        <time>2026-05-11T22:16:34.728Z</time>
      </trkpt>
      <trkpt lat="42.138980" lon="24.475711">
        <ele>184.760932</ele>
        <time>2026-05-11T22:16:42.998Z</time>
      </trkpt>
      <trkpt lat="42.138941" lon="24.476555">
        <ele>184.664783</ele>
        <time>2026-05-11T22:16:55.178Z</time>
      </trkpt>
      <trkpt lat="42.138833" lon="24.477674">
        <ele>184.677404</ele>
        <time>2026-05-11T22:17:11.610Z</time>
      </trkpt>
      <trkpt lat="42.138798" lon="24.477906">
        <ele>184.680052</ele>
        <time>2026-05-11T22:17:15.089Z</time>
      </trkpt>
      <trkpt lat="42.137395" lon="24.483930">
        <ele>185.307936</ele>
        <time>2026-05-11T22:18:51.504Z</time>
      </trkpt>
      <trkpt lat="42.136536" lon="24.487737">
        <ele>185.732968</ele>
        <time>2026-05-11T22:19:52.285Z</time>
      </trkpt>
      <trkpt lat="42.136164" lon="24.489379">
        <ele>185.694487</ele>
        <time>2026-05-11T22:20:17.136Z</time>
      </trkpt>
      <trkpt lat="42.135168" lon="24.493986">
        <ele>185.350294</ele>
        <time>2026-05-11T22:21:27.313Z</time>
      </trkpt>
      <trkpt lat="42.134791" lon="24.495608">
        <ele>184.891945</ele>
        <time>2026-05-11T22:21:50.940Z</time>
      </trkpt>
      <trkpt lat="42.134702" lon="24.495844">
        <ele>184.780029</ele>
        <time>2026-05-11T22:21:54.570Z</time>
      </trkpt>
      <trkpt lat="42.133810" lon="24.497640">
        <ele>183.871583</ele>
        <time>2026-05-11T22:22:23.713Z</time>
      </trkpt>
      <trkpt lat="42.133677" lon="24.497978">
        <ele>183.712438</ele>
        <time>2026-05-11T22:22:28.871Z</time>
      </trkpt>
      <trkpt lat="42.133578" lon="24.498375">
        <ele>183.538233</ele>
        <time>2026-05-11T22:22:34.547Z</time>
      </trkpt>
      <trkpt lat="42.133509" lon="24.498821">
        <ele>183.348739</ele>
        <time>2026-05-11T22:22:40.774Z</time>
      </trkpt>
      <trkpt lat="42.133470" lon="24.499162">
        <ele>183.205234</ele>
        <time>2026-05-11T22:22:44.809Z</time>
      </trkpt>
      <trkpt lat="42.133457" lon="24.499251">
        <ele>183.186158</ele>
        <time>2026-05-11T22:22:45.897Z</time>
      </trkpt>
      <trkpt lat="42.133236" lon="24.500847">
        <ele>183.212461</ele>
        <time>2026-05-11T22:23:06.415Z</time>
      </trkpt>
      <trkpt lat="42.132181" lon="24.508652">
        <ele>185.151222</ele>
        <time>2026-05-11T22:24:56.821Z</time>
      </trkpt>
      <trkpt lat="42.132176" lon="24.509020">
        <ele>185.181596</ele>
        <time>2026-05-11T22:25:01.699Z</time>
      </trkpt>
      <trkpt lat="42.132856" lon="24.524043">
        <ele>185.395347</ele>
        <time>2026-05-11T22:28:13.185Z</time>
      </trkpt>
      <trkpt lat="42.132996" lon="24.526681">
        <ele>185.372240</ele>
        <time>2026-05-11T22:28:46.633Z</time>
      </trkpt>
      <trkpt lat="42.133033" lon="24.527029">
        <ele>185.363426</ele>
        <time>2026-05-11T22:28:51.650Z</time>
      </trkpt>
      <trkpt lat="42.133200" lon="24.527899">
        <ele>185.340896</ele>
        <time>2026-05-11T22:29:04.685Z</time>
      </trkpt>
      <trkpt lat="42.133294" lon="24.528389">
        <ele>185.449279</ele>
        <time>2026-05-11T22:29:12.311Z</time>
      </trkpt>
      <trkpt lat="42.133346" lon="24.529165">
        <ele>185.728325</ele>
        <time>2026-05-11T22:29:25.080Z</time>
      </trkpt>
      <trkpt lat="42.133415" lon="24.530703">
        <ele>186.180031</ele>
        <time>2026-05-11T22:29:51.633Z</time>
      </trkpt>
      <trkpt lat="42.133453" lon="24.531531">
        <ele>186.082610</ele>
        <time>2026-05-11T22:30:04.124Z</time>
      </trkpt>
      <trkpt lat="42.133497" lon="24.532694">
        <ele>185.945858</ele>
        <time>2026-05-11T22:30:20.029Z</time>
      </trkpt>
      <trkpt lat="42.133545" lon="24.533932">
        <ele>185.810912</ele>
        <time>2026-05-11T22:30:37.030Z</time>
      </trkpt>
      <trkpt lat="42.133597" lon="24.535216">
        <ele>185.673325</ele>
        <time>2026-05-11T22:30:56.176Z</time>
      </trkpt>
      <trkpt lat="42.133640" lon="24.536143">
        <ele>185.763000</ele>
        <time>2026-05-11T22:31:10.907Z</time>
      </trkpt>
      <trkpt lat="42.133695" lon="24.537419">
        <ele>185.925223</ele>
        <time>2026-05-11T22:31:31.068Z</time>
      </trkpt>
      <trkpt lat="42.133768" lon="24.538987">
        <ele>185.381459</ele>
        <time>2026-05-11T22:31:53.370Z</time>
      </trkpt>
      <trkpt lat="42.133817" lon="24.540179">
        <ele>184.812905</ele>
        <time>2026-05-11T22:32:08.773Z</time>
      </trkpt>
      <trkpt lat="42.133754" lon="24.540518">
        <ele>184.681410</ele>
        <time>2026-05-11T22:32:13.193Z</time>
      </trkpt>
      <trkpt lat="42.133714" lon="24.541160">
        <ele>184.439003</ele>
        <time>2026-05-11T22:32:21.594Z</time>
      </trkpt>
      <trkpt lat="42.133719" lon="24.541169">
        <ele>184.434772</ele>
        <time>2026-05-11T22:32:21.741Z</time>
      </trkpt>
      <trkpt lat="42.133765" lon="24.541260">
        <ele>184.393334</ele>
        <time>2026-05-11T22:32:23.246Z</time>
      </trkpt>
      <trkpt lat="42.133884" lon="24.541272">
        <ele>184.332789</ele>
        <time>2026-05-11T22:32:25.453Z</time>
      </trkpt>
      <trkpt lat="42.134786" lon="24.541172">
        <ele>183.894177</ele>
        <time>2026-05-11T22:32:43.631Z</time>
      </trkpt>
      <trkpt lat="42.135548" lon="24.541104">
        <ele>183.803142</ele>
        <time>2026-05-11T22:32:58.730Z</time>
      </trkpt>
      <trkpt lat="42.135872" lon="24.541073">
        <ele>183.764421</ele>
        <time>2026-05-11T22:33:05.062Z</time>
      </trkpt>
      <trkpt lat="42.136387" lon="24.541025">
        <ele>183.702883</ele>
        <time>2026-05-11T22:33:14.973Z</time>
      </trkpt>
      <trkpt lat="42.136422" lon="24.542111">
        <ele>183.582393</ele>
        <time>2026-05-11T22:33:30.103Z</time>
      </trkpt>
      <trkpt lat="42.136452" lon="24.543030">
        <ele>183.476054</ele>
        <time>2026-05-11T22:33:43.537Z</time>
      </trkpt>
      <trkpt lat="42.135511" lon="24.543046">
        <ele>183.456824</ele>
        <time>2026-05-11T22:33:59.694Z</time>
      </trkpt>
      <trkpt lat="42.131436" lon="24.543116">
        <ele>183.927663</ele>
        <time>2026-05-11T22:35:11.777Z</time>
      </trkpt>
      <trkpt lat="42.129818" lon="24.543196">
        <ele>184.038924</ele>
        <time>2026-05-11T22:35:40.636Z</time>
      </trkpt>
      <trkpt lat="42.129084" lon="24.543235">
        <ele>184.025460</ele>
        <time>2026-05-11T22:35:53.057Z</time>
      </trkpt>
      <trkpt lat="42.128984" lon="24.543222">
        <ele>184.023619</ele>
        <time>2026-05-11T22:35:54.696Z</time>
      </trkpt>
      <trkpt lat="42.128754" lon="24.543195">
        <ele>184.002079</ele>
        <time>2026-05-11T22:35:58.388Z</time>
      </trkpt>
      <trkpt lat="42.128745" lon="24.543093">
        <ele>183.976921</ele>
        <time>2026-05-11T22:35:59.616Z</time>
      </trkpt>
      <trkpt lat="42.128662" lon="24.543008">
        <ele>183.942502</ele>
        <time>2026-05-11T22:36:01.285Z</time>
      </trkpt>
      <trkpt lat="42.128642" lon="24.543006">
        <ele>183.935879</ele>
        <time>2026-05-11T22:36:01.615Z</time>
      </trkpt>
      <trkpt lat="42.128622" lon="24.543008">
        <ele>183.929256</ele>
        <time>2026-05-11T22:36:01.941Z</time>
      </trkpt>
      <trkpt lat="42.128540" lon="24.543093">
        <ele>183.895099</ele>
        <time>2026-05-11T22:36:03.589Z</time>
      </trkpt>
      <trkpt lat="42.128533" lon="24.543118">
        <ele>183.888554</ele>
        <time>2026-05-11T22:36:03.919Z</time>
      </trkpt>
      <trkpt lat="42.128319" lon="24.543385">
        <ele>183.792270</ele>
        <time>2026-05-11T22:36:08.646Z</time>
      </trkpt>
      <trkpt lat="42.128111" lon="24.543651">
        <ele>183.697599</ele>
        <time>2026-05-11T22:36:13.306Z</time>
      </trkpt>
      <trkpt lat="42.127584" lon="24.544296">
        <ele>183.462558</ele>
        <time>2026-05-11T22:36:24.691Z</time>
      </trkpt>
      <trkpt lat="42.126252" lon="24.545975">
        <ele>183.127084</ele>
        <time>2026-05-11T22:36:55.020Z</time>
      </trkpt>
      <trkpt lat="42.125144" lon="24.547324">
        <ele>182.781409</ele>
        <time>2026-05-11T22:37:20.270Z</time>
      </trkpt>
      <trkpt lat="42.121706" lon="24.551636">
        <ele>180.100466</ele>
        <time>2026-05-11T22:38:32.773Z</time>
      </trkpt>
      <trkpt lat="42.121258" lon="24.552152">
        <ele>179.947571</ele>
        <time>2026-05-11T22:38:42.274Z</time>
      </trkpt>
      <trkpt lat="42.121091" lon="24.552307">
        <ele>179.894962</ele>
        <time>2026-05-11T22:38:45.965Z</time>
      </trkpt>
      <trkpt lat="42.120717" lon="24.552355">
        <ele>179.862428</ele>
        <time>2026-05-11T22:38:53.122Z</time>
      </trkpt>
      <trkpt lat="42.120133" lon="24.552346">
        <ele>180.204110</ele>
        <time>2026-05-11T22:39:05.186Z</time>
      </trkpt>
      <trkpt lat="42.119984" lon="24.552422">
        <ele>180.297310</ele>
        <time>2026-05-11T22:39:08.673Z</time>
      </trkpt>
      <trkpt lat="42.120133" lon="24.553304">
        <ele>180.689849</ele>
        <time>2026-05-11T22:39:24.958Z</time>
      </trkpt>
      <trkpt lat="42.120112" lon="24.553760">
        <ele>180.854675</ele>
        <time>2026-05-11T22:39:31.981Z</time>
      </trkpt>
      <trkpt lat="42.119950" lon="24.554625">
        <ele>180.538713</ele>
        <time>2026-05-11T22:39:44.315Z</time>
      </trkpt>
      <trkpt lat="42.119854" lon="24.555174">
        <ele>180.338949</ele>
        <time>2026-05-11T22:39:51.728Z</time>
      </trkpt>
      <trkpt lat="42.119580" lon="24.556471">
        <ele>180.000604</ele>
        <time>2026-05-11T22:40:10.059Z</time>
      </trkpt>
      <trkpt lat="42.119464" lon="24.557060">
        <ele>179.985744</ele>
        <time>2026-05-11T22:40:18.598Z</time>
      </trkpt>
      <trkpt lat="42.119245" lon="24.558024">
        <ele>179.961160</ele>
        <time>2026-05-11T22:40:34.043Z</time>
      </trkpt>
      <trkpt lat="42.119161" lon="24.558419">
        <ele>179.962290</ele>
        <time>2026-05-11T22:40:40.697Z</time>
      </trkpt>
      <trkpt lat="42.119086" lon="24.558940">
        <ele>180.177272</ele>
        <time>2026-05-11T22:40:49.341Z</time>
      </trkpt>
      <trkpt lat="42.119025" lon="24.559506">
        <ele>180.408953</ele>
        <time>2026-05-11T22:40:59.074Z</time>
      </trkpt>
      <trkpt lat="42.118968" lon="24.560563">
        <ele>180.838250</ele>
        <time>2026-05-11T22:41:17.159Z</time>
      </trkpt>
      <trkpt lat="42.118942" lon="24.561049">
        <ele>180.989041</ele>
        <time>2026-05-11T22:41:25.273Z</time>
      </trkpt>
      <trkpt lat="42.118841" lon="24.563139">
        <ele>181.448424</ele>
        <time>2026-05-11T22:41:57.457Z</time>
      </trkpt>
      <trkpt lat="42.118722" lon="24.565122">
        <ele>181.862302</ele>
        <time>2026-05-11T22:42:29.064Z</time>
      </trkpt>
      <trkpt lat="42.118655" lon="24.566046">
        <ele>181.939457</ele>
        <time>2026-05-11T22:42:43.137Z</time>
      </trkpt>
      <trkpt lat="42.118632" lon="24.566719">
        <ele>181.891010</ele>
        <time>2026-05-11T22:42:52.830Z</time>
      </trkpt>
      <trkpt lat="42.118564" lon="24.567921">
        <ele>181.804322</ele>
        <time>2026-05-11T22:43:10.036Z</time>
      </trkpt>
      <trkpt lat="42.118540" lon="24.568423">
        <ele>181.757066</ele>
        <time>2026-05-11T22:43:17.268Z</time>
      </trkpt>
      <trkpt lat="42.118560" lon="24.569137">
        <ele>181.684333</ele>
        <time>2026-05-11T22:43:27.722Z</time>
      </trkpt>
      <trkpt lat="42.118582" lon="24.569322">
        <ele>181.665261</ele>
        <time>2026-05-11T22:43:30.501Z</time>
      </trkpt>
      <trkpt lat="42.119331" lon="24.571367">
        <ele>181.252337</ele>
        <time>2026-05-11T22:44:03.308Z</time>
      </trkpt>
      <trkpt lat="42.119568" lon="24.572109">
        <ele>181.040710</ele>
        <time>2026-05-11T22:44:14.468Z</time>
      </trkpt>
      <trkpt lat="42.121905" lon="24.578454">
        <ele>178.306364</ele>
        <time>2026-05-11T22:45:51.675Z</time>
      </trkpt>
      <trkpt lat="42.122585" lon="24.580402">
        <ele>177.437672</ele>
        <time>2026-05-11T22:46:20.535Z</time>
      </trkpt>
      <trkpt lat="42.123710" lon="24.583492">
        <ele>176.683215</ele>
        <time>2026-05-11T22:47:09.671Z</time>
      </trkpt>
      <trkpt lat="42.123781" lon="24.583687">
        <ele>176.659842</ele>
        <time>2026-05-11T22:47:12.809Z</time>
      </trkpt>
      <trkpt lat="42.123798" lon="24.583734">
        <ele>176.654216</ele>
        <time>2026-05-11T22:47:13.558Z</time>
      </trkpt>
      <trkpt lat="42.127078" lon="24.592728">
        <ele>175.892647</ele>
        <time>2026-05-11T22:49:38.184Z</time>
      </trkpt>
      <trkpt lat="42.128348" lon="24.594991">
        <ele>176.604765</ele>
        <time>2026-05-11T22:50:25.775Z</time>
      </trkpt>
      <trkpt lat="42.129657" lon="24.597378">
        <ele>176.745613</ele>
        <time>2026-05-11T22:51:09.301Z</time>
      </trkpt>
      <trkpt lat="42.130027" lon="24.598007">
        <ele>176.691528</ele>
        <time>2026-05-11T22:51:20.908Z</time>
      </trkpt>
      <trkpt lat="42.130536" lon="24.598891">
        <ele>176.105597</ele>
        <time>2026-05-11T22:51:36.514Z</time>
      </trkpt>
      <trkpt lat="42.130629" lon="24.599057">
        <ele>175.995954</ele>
        <time>2026-05-11T22:51:39.286Z</time>
      </trkpt>
      <trkpt lat="42.131396" lon="24.598810">
        <ele>175.435562</ele>
        <time>2026-05-11T22:51:52.992Z</time>
      </trkpt>
      <trkpt lat="42.132110" lon="24.598559">
        <ele>174.922764</ele>
        <time>2026-05-11T22:52:05.880Z</time>
      </trkpt>
      <trkpt lat="42.132463" lon="24.597014">
        <ele>174.155367</ele>
        <time>2026-05-11T22:52:28.048Z</time>
      </trkpt>
      <trkpt lat="42.132660" lon="24.596183">
        <ele>174.102508</ele>
        <time>2026-05-11T22:52:40.776Z</time>
      </trkpt>
      <trkpt lat="42.132776" lon="24.595513">
        <ele>174.060821</ele>
        <time>2026-05-11T22:52:50.844Z</time>
      </trkpt>
      <trkpt lat="42.132794" lon="24.595401">
        <ele>174.053878</ele>
        <time>2026-05-11T22:52:52.534Z</time>
      </trkpt>
      <trkpt lat="42.132902" lon="24.595319">
        <ele>174.043751</ele>
        <time>2026-05-11T22:52:54.995Z</time>
      </trkpt>
      <trkpt lat="42.133149" lon="24.595483">
        <ele>174.021257</ele>
        <time>2026-05-11T22:53:00.585Z</time>
      </trkpt>
      <trkpt lat="42.133190" lon="24.595537">
        <ele>174.017801</ele>
        <time>2026-05-11T22:53:01.757Z</time>
      </trkpt>
      <trkpt lat="42.133209" lon="24.595612">
        <ele>174.024641</ele>
        <time>2026-05-11T22:53:02.963Z</time>
      </trkpt>
      <trkpt lat="42.132855" lon="24.597061">
        <ele>174.156305</ele>
        <time>2026-05-11T22:53:25.943Z</time>
      </trkpt>
      <trkpt lat="42.132518" lon="24.598451">
        <ele>174.434429</ele>
        <time>2026-05-11T22:53:48.422Z</time>
      </trkpt>
      <trkpt lat="42.132439" lon="24.598766">
        <ele>174.540817</ele>
        <time>2026-05-11T22:53:53.752Z</time>
      </trkpt>
      <trkpt lat="42.132343" lon="24.599537">
        <ele>174.790944</ele>
        <time>2026-05-11T22:54:06.647Z</time>
      </trkpt>
      <trkpt lat="42.132108" lon="24.601985">
        <ele>175.382909</ele>
        <time>2026-05-11T22:54:46.931Z</time>
      </trkpt>
      <trkpt lat="42.132179" lon="24.602259">
        <ele>175.444012</ele>
        <time>2026-05-11T22:54:51.326Z</time>
      </trkpt>
      <trkpt lat="42.132623" lon="24.603606">
        <ele>175.125961</ele>
        <time>2026-05-11T22:55:12.126Z</time>
      </trkpt>
      <trkpt lat="42.132808" lon="24.604252">
        <ele>174.892217</ele>
        <time>2026-05-11T22:55:21.476Z</time>
      </trkpt>
      <trkpt lat="42.133003" lon="24.604945">
        <ele>174.627336</ele>
        <time>2026-05-11T22:55:31.468Z</time>
      </trkpt>
      <trkpt lat="42.133490" lon="24.606573">
        <ele>173.868237</ele>
        <time>2026-05-11T22:55:55.245Z</time>
      </trkpt>
      <trkpt lat="42.133677" lon="24.607353">
        <ele>173.577992</ele>
        <time>2026-05-11T22:56:06.573Z</time>
      </trkpt>
      <trkpt lat="42.133784" lon="24.608717">
        <ele>173.274037</ele>
        <time>2026-05-11T22:56:25.817Z</time>
      </trkpt>
      <trkpt lat="42.133959" lon="24.611047">
        <ele>172.931757</ele>
        <time>2026-05-11T22:56:59.475Z</time>
      </trkpt>
      <trkpt lat="42.133981" lon="24.611667">
        <ele>172.863065</ele>
        <time>2026-05-11T22:57:08.539Z</time>
      </trkpt>
      <trkpt lat="42.133801" lon="24.611832">
        <ele>172.839007</ele>
        <time>2026-05-11T22:57:12.829Z</time>
      </trkpt>
      <trkpt lat="42.134009" lon="24.612697">
        <ele>172.832277</ele>
        <time>2026-05-11T22:57:24.400Z</time>
      </trkpt>
      <trkpt lat="42.134028" lon="24.612780">
        <ele>172.831634</ele>
        <time>2026-05-11T22:57:25.562Z</time>
      </trkpt>
      <trkpt lat="42.134090" lon="24.613197">
        <ele>172.828487</ele>
        <time>2026-05-11T22:57:31.092Z</time>
      </trkpt>
      <trkpt lat="42.134190" lon="24.614279">
        <ele>172.772655</ele>
        <time>2026-05-11T22:57:45.032Z</time>
      </trkpt>
      <trkpt lat="42.134475" lon="24.619724">
        <ele>171.090784</ele>
        <time>2026-05-11T22:58:49.395Z</time>
      </trkpt>
      <trkpt lat="42.134543" lon="24.621016">
        <ele>170.783915</ele>
        <time>2026-05-11T22:59:04.892Z</time>
      </trkpt>
      <trkpt lat="42.134792" lon="24.625316">
        <ele>170.346773</ele>
        <time>2026-05-11T22:59:58.911Z</time>
      </trkpt>
      <trkpt lat="42.134833" lon="24.626008">
        <ele>170.274396</ele>
        <time>2026-05-11T23:00:07.467Z</time>
      </trkpt>
      <trkpt lat="42.135007" lon="24.629819">
        <ele>169.623422</ele>
        <time>2026-05-11T23:00:53.818Z</time>
      </trkpt>
      <trkpt lat="42.135333" lon="24.634886">
        <ele>168.855906</ele>
        <time>2026-05-11T23:01:56.222Z</time>
      </trkpt>
      <trkpt lat="42.135723" lon="24.641221">
        <ele>168.416057</ele>
        <time>2026-05-11T23:03:15.619Z</time>
      </trkpt>
      <trkpt lat="42.135902" lon="24.644586">
        <ele>168.252811</ele>
        <time>2026-05-11T23:03:58.068Z</time>
      </trkpt>
      <trkpt lat="42.135889" lon="24.645727">
        <ele>168.162554</ele>
        <time>2026-05-11T23:04:12.255Z</time>
      </trkpt>
      <trkpt lat="42.135787" lon="24.646800">
        <ele>167.974020</ele>
        <time>2026-05-11T23:04:25.519Z</time>
      </trkpt>
      <trkpt lat="42.135641" lon="24.647796">
        <ele>167.797077</ele>
        <time>2026-05-11T23:04:37.839Z</time>
      </trkpt>
      <trkpt lat="42.135261" lon="24.649778">
        <ele>167.432187</ele>
        <time>2026-05-11T23:05:02.627Z</time>
      </trkpt>
      <trkpt lat="42.134610" lon="24.652731">
        <ele>167.052772</ele>
        <time>2026-05-11T23:05:40.643Z</time>
      </trkpt>
      <trkpt lat="42.134387" lon="24.653950">
        <ele>167.104963</ele>
        <time>2026-05-11T23:05:56.798Z</time>
      </trkpt>
      <trkpt lat="42.134325" lon="24.654479">
        <ele>167.127226</ele>
        <time>2026-05-11T23:06:03.870Z</time>
      </trkpt>
      <trkpt lat="42.133846" lon="24.658117">
        <ele>167.442612</ele>
        <time>2026-05-11T23:06:52.530Z</time>
      </trkpt>
      <trkpt lat="42.133769" lon="24.658705">
        <ele>167.465681</ele>
        <time>2026-05-11T23:07:00.106Z</time>
      </trkpt>
      <trkpt lat="42.133674" lon="24.659829">
        <ele>167.508563</ele>
        <time>2026-05-11T23:07:14.359Z</time>
      </trkpt>
      <trkpt lat="42.132819" lon="24.671373">
        <ele>167.704985</ele>
        <time>2026-05-11T23:09:42.838Z</time>
      </trkpt>
      <trkpt lat="42.132765" lon="24.672101">
        <ele>167.674308</ele>
        <time>2026-05-11T23:09:51.843Z</time>
      </trkpt>
      <trkpt lat="42.132750" lon="24.672307">
        <ele>167.658647</ele>
        <time>2026-05-11T23:09:54.360Z</time>
      </trkpt>
      <trkpt lat="42.132689" lon="24.673126">
        <ele>167.596367</ele>
        <time>2026-05-11T23:10:04.518Z</time>
      </trkpt>
      <trkpt lat="42.132641" lon="24.673774">
        <ele>167.547094</ele>
        <time>2026-05-11T23:10:12.665Z</time>
      </trkpt>
      <trkpt lat="42.132569" lon="24.674741">
        <ele>167.553615</ele>
        <time>2026-05-11T23:10:24.937Z</time>
      </trkpt>
      <trkpt lat="42.132496" lon="24.675720">
        <ele>167.638509</ele>
        <time>2026-05-11T23:10:38.192Z</time>
      </trkpt>
      <trkpt lat="42.132463" lon="24.676163">
        <ele>167.676924</ele>
        <time>2026-05-11T23:10:44.010Z</time>
      </trkpt>
      <trkpt lat="42.132451" lon="24.676331">
        <ele>167.691486</ele>
        <time>2026-05-11T23:10:46.183Z</time>
      </trkpt>
      <trkpt lat="42.132373" lon="24.677387">
        <ele>167.724497</ele>
        <time>2026-05-11T23:11:00.100Z</time>
      </trkpt>
      <trkpt lat="42.132293" lon="24.678556">
        <ele>167.731386</ele>
        <time>2026-05-11T23:11:14.997Z</time>
      </trkpt>
      <trkpt lat="42.132146" lon="24.680442">
        <ele>167.564840</ele>
        <time>2026-05-11T23:11:38.420Z</time>
      </trkpt>
      <trkpt lat="42.132125" lon="24.680682">
        <ele>167.534988</ele>
        <time>2026-05-11T23:11:41.378Z</time>
      </trkpt>
      <trkpt lat="42.132082" lon="24.681325">
        <ele>167.455238</ele>
        <time>2026-05-11T23:11:49.367Z</time>
      </trkpt>
      <trkpt lat="42.132079" lon="24.681389">
        <ele>167.447317</ele>
        <time>2026-05-11T23:11:50.156Z</time>
      </trkpt>
      <trkpt lat="42.132055" lon="24.681673">
        <ele>167.360389</ele>
        <time>2026-05-11T23:11:53.717Z</time>
      </trkpt>
      <trkpt lat="42.132016" lon="24.682155">
        <ele>167.165218</ele>
        <time>2026-05-11T23:11:59.737Z</time>
      </trkpt>
      <trkpt lat="42.131986" lon="24.682444">
        <ele>167.047752</ele>
        <time>2026-05-11T23:12:03.300Z</time>
      </trkpt>
      <trkpt lat="42.131856" lon="24.683385">
        <ele>166.662453</ele>
        <time>2026-05-11T23:12:14.430Z</time>
      </trkpt>
      <trkpt lat="42.131961" lon="24.683498">
        <ele>166.589535</ele>
        <time>2026-05-11T23:12:16.808Z</time>
      </trkpt>
      <trkpt lat="42.132964" lon="24.683862">
        <ele>165.732536</ele>
        <time>2026-05-11T23:12:34.827Z</time>
      </trkpt>
      <trkpt lat="42.133547" lon="24.684190">
        <ele>165.157378</ele>
        <time>2026-05-11T23:12:45.882Z</time>
      </trkpt>
      <trkpt lat="42.133873" lon="24.684479">
        <ele>164.813061</ele>
        <time>2026-05-11T23:12:52.964Z</time>
      </trkpt>
      <trkpt lat="42.134125" lon="24.684764">
        <ele>164.687279</ele>
        <time>2026-05-11T23:12:59.100Z</time>
      </trkpt>
      <trkpt lat="42.134832" lon="24.685677">
        <ele>164.312912</ele>
        <time>2026-05-11T23:13:17.575Z</time>
      </trkpt>
      <trkpt lat="42.135751" lon="24.686631">
        <ele>164.126983</ele>
        <time>2026-05-11T23:13:39.924Z</time>
      </trkpt>
      <trkpt lat="42.136119" lon="24.687076">
        <ele>164.122607</ele>
        <time>2026-05-11T23:13:49.706Z</time>
      </trkpt>
      <trkpt lat="42.136345" lon="24.687472">
        <ele>164.119326</ele>
        <time>2026-05-11T23:13:57.216Z</time>
      </trkpt>
      <trkpt lat="42.136615" lon="24.687903">
        <ele>164.153590</ele>
        <time>2026-05-11T23:14:06.081Z</time>
      </trkpt>
      <trkpt lat="42.136661" lon="24.688091">
        <ele>164.184298</ele>
        <time>2026-05-11T23:14:09.267Z</time>
      </trkpt>
      <trkpt lat="42.136777" lon="24.688346">
        <ele>164.230701</ele>
        <time>2026-05-11T23:14:14.067Z</time>
      </trkpt>
      <trkpt lat="42.136829" lon="24.688621">
        <ele>164.274723</ele>
        <time>2026-05-11T23:14:18.558Z</time>
      </trkpt>
      <trkpt lat="42.136936" lon="24.688844">
        <ele>164.315923</ele>
        <time>2026-05-11T23:14:22.652Z</time>
      </trkpt>
      <trkpt lat="42.137057" lon="24.689009">
        <ele>164.351918</ele>
        <time>2026-05-11T23:14:26.288Z</time>
      </trkpt>
      <trkpt lat="42.137103" lon="24.689042">
        <ele>164.362817</ele>
        <time>2026-05-11T23:14:27.418Z</time>
      </trkpt>
      <trkpt lat="42.137162" lon="24.689297">
        <ele>164.404252</ele>
        <time>2026-05-11T23:14:33.948Z</time>
      </trkpt>
      <trkpt lat="42.137133" lon="24.689719">
        <ele>164.469990</ele>
        <time>2026-05-11T23:14:44.218Z</time>
      </trkpt>
      <trkpt lat="42.137237" lon="24.689893">
        <ele>164.466968</ele>
        <time>2026-05-11T23:14:49.567Z</time>
      </trkpt>
      <trkpt lat="42.137310" lon="24.690048">
        <ele>164.400090</ele>
        <time>2026-05-11T23:14:53.884Z</time>
      </trkpt>
      <trkpt lat="42.137375" lon="24.690452">
        <ele>164.249522</ele>
        <time>2026-05-11T23:15:03.479Z</time>
      </trkpt>
      <trkpt lat="42.137401" lon="24.690795">
        <ele>164.123945</ele>
        <time>2026-05-11T23:15:11.214Z</time>
      </trkpt>
      <trkpt lat="42.137518" lon="24.691151">
        <ele>163.982119</ele>
        <time>2026-05-11T23:15:19.851Z</time>
      </trkpt>
      <trkpt lat="42.137698" lon="24.691392">
        <ele>163.857536</ele>
        <time>2026-05-11T23:15:27.391Z</time>
      </trkpt>
      <trkpt lat="42.137837" lon="24.691527">
        <ele>163.773401</ele>
        <time>2026-05-11T23:15:32.441Z</time>
      </trkpt>
      <trkpt lat="42.137924" lon="24.691574">
        <ele>163.727369</ele>
        <time>2026-05-11T23:15:35.232Z</time>
      </trkpt>
      <trkpt lat="42.137952" lon="24.691676">
        <ele>163.687755</ele>
        <time>2026-05-11T23:15:37.615Z</time>
      </trkpt>
      <trkpt lat="42.137956" lon="24.691842">
        <ele>163.627263</ele>
        <time>2026-05-11T23:15:41.261Z</time>
      </trkpt>
      <trkpt lat="42.138016" lon="24.691960">
        <ele>163.603766</ele>
        <time>2026-05-11T23:15:44.398Z</time>
      </trkpt>
      <trkpt lat="42.138270" lon="24.692193">
        <ele>163.576889</ele>
        <time>2026-05-11T23:15:53.541Z</time>
      </trkpt>
      <trkpt lat="42.138590" lon="24.692378">
        <ele>163.546428</ele>
        <time>2026-05-11T23:16:04.090Z</time>
      </trkpt>
      <trkpt lat="42.139427" lon="24.692767">
        <ele>163.468971</ele>
        <time>2026-05-11T23:16:33.095Z</time>
      </trkpt>
      <trkpt lat="42.139519" lon="24.693446">
        <ele>163.543273</ele>
        <time>2026-05-11T23:16:44.659Z</time>
      </trkpt>
      <trkpt lat="42.139532" lon="24.693544">
        <ele>163.563885</ele>
        <time>2026-05-11T23:16:49.825Z</time>
      </trkpt>
      <trkpt lat="42.139537" lon="24.693580">
        <ele>163.571468</ele>
        <time>2026-05-11T23:16:53.158Z</time>
      </trkpt>
      <trkpt lat="42.139539" lon="24.693595">
        <ele>163.574623</ele>
        <time>2026-05-11T23:16:53.954Z</time>
      </trkpt>
      <trkpt lat="42.139580" lon="24.693863">
        <ele>163.631280</ele>
        <time>2026-05-11T23:17:00.915Z</time>
      </trkpt>
      <trkpt lat="42.139586" lon="24.693903">
        <ele>163.639729</ele>
        <time>2026-05-11T23:17:03.013Z</time>
      </trkpt>
      <trkpt lat="42.139589" lon="24.693921">
        <ele>163.643549</ele>
        <time>2026-05-11T23:17:03.949Z</time>
      </trkpt>
      <trkpt lat="42.139594" lon="24.693957">
        <ele>163.651132</ele>
        <time>2026-05-11T23:17:07.278Z</time>
      </trkpt>
      <trkpt lat="42.139604" lon="24.694043">
        <ele>163.669155</ele>
        <time>2026-05-11T23:17:11.781Z</time>
      </trkpt>
      <trkpt lat="42.139612" lon="24.694099">
        <ele>163.680963</ele>
        <time>2026-05-11T23:17:12.725Z</time>
      </trkpt>
      <trkpt lat="42.139898" lon="24.695942">
        <ele>163.912500</ele>
        <time>2026-05-11T23:17:41.141Z</time>
      </trkpt>
      <trkpt lat="42.140228" lon="24.699179">
        <ele>163.118758</ele>
        <time>2026-05-11T23:18:28.032Z</time>
      </trkpt>
      <trkpt lat="42.140233" lon="24.699191">
        <ele>163.112348</ele>
        <time>2026-05-11T23:18:28.213Z</time>
      </trkpt>
      <trkpt lat="42.140325" lon="24.699369">
        <ele>163.011315</ele>
        <time>2026-05-11T23:18:31.040Z</time>
      </trkpt>
      <trkpt lat="42.140378" lon="24.699410">
        <ele>162.972946</ele>
        <time>2026-05-11T23:18:32.096Z</time>
      </trkpt>
      <trkpt lat="42.140489" lon="24.699789">
        <ele>162.783200</ele>
        <time>2026-05-11T23:18:40.740Z</time>
      </trkpt>
      <trkpt lat="42.140554" lon="24.700097">
        <ele>162.636224</ele>
        <time>2026-05-11T23:18:47.500Z</time>
      </trkpt>
      <trkpt lat="42.140693" lon="24.700752">
        <ele>162.403498</ele>
        <time>2026-05-11T23:19:02.033Z</time>
      </trkpt>
      <trkpt lat="42.140716" lon="24.701114">
        <ele>162.279388</ele>
        <time>2026-05-11T23:19:09.822Z</time>
      </trkpt>
      <trkpt lat="42.142461" lon="24.703843">
        <ele>162.008429</ele>
        <time>2026-05-11T23:19:56.947Z</time>
      </trkpt>
      <trkpt lat="42.143373" lon="24.705275">
        <ele>162.143973</ele>
        <time>2026-05-11T23:20:21.982Z</time>
      </trkpt>
      <trkpt lat="42.143456" lon="24.705410">
        <ele>162.156273</ele>
        <time>2026-05-11T23:20:24.572Z</time>
      </trkpt>
      <trkpt lat="42.144306" lon="24.706735">
        <ele>162.162764</ele>
        <time>2026-05-11T23:20:50.265Z</time>
      </trkpt>
      <trkpt lat="42.150748" lon="24.716855">
        <ele>161.765086</ele>
        <time>2026-05-11T23:24:05.395Z</time>
      </trkpt>
      <trkpt lat="42.150899" lon="24.717075">
        <ele>161.746540</ele>
        <time>2026-05-11T23:24:09.721Z</time>
      </trkpt>
      <trkpt lat="42.150967" lon="24.717105">
        <ele>161.740488</ele>
        <time>2026-05-11T23:24:11.093Z</time>
      </trkpt>
      <trkpt lat="42.151603" lon="24.717041">
        <ele>161.686544</ele>
        <time>2026-05-11T23:24:23.592Z</time>
      </trkpt>
      <trkpt lat="42.151679" lon="24.717187">
        <ele>161.675357</ele>
        <time>2026-05-11T23:24:25.857Z</time>
      </trkpt>
      <trkpt lat="42.152412" lon="24.719279">
        <ele>161.281694</ele>
        <time>2026-05-11T23:24:54.662Z</time>
      </trkpt>
      <trkpt lat="42.152438" lon="24.719379">
        <ele>161.254922</ele>
        <time>2026-05-11T23:24:55.895Z</time>
      </trkpt>
      <trkpt lat="42.152655" lon="24.720222">
        <ele>161.029486</ele>
        <time>2026-05-11T23:25:06.209Z</time>
      </trkpt>
      <trkpt lat="42.152689" lon="24.721830">
        <ele>160.960660</ele>
        <time>2026-05-11T23:25:25.319Z</time>
      </trkpt>
      <trkpt lat="42.152740" lon="24.723192">
        <ele>161.100273</ele>
        <time>2026-05-11T23:25:45.095Z</time>
      </trkpt>
      <trkpt lat="42.152779" lon="24.723735">
        <ele>161.309660</ele>
        <time>2026-05-11T23:25:53.463Z</time>
      </trkpt>
      <trkpt lat="42.152792" lon="24.724686">
        <ele>161.674729</ele>
        <time>2026-05-11T23:26:07.416Z</time>
      </trkpt>
      <trkpt lat="42.152776" lon="24.726865">
        <ele>161.969766</ele>
        <time>2026-05-11T23:26:36.714Z</time>
      </trkpt>
      <trkpt lat="42.152791" lon="24.728020">
        <ele>161.924565</ele>
        <time>2026-05-11T23:26:50.715Z</time>
      </trkpt>
      <trkpt lat="42.152774" lon="24.728106">
        <ele>161.904634</ele>
        <time>2026-05-11T23:26:51.763Z</time>
      </trkpt>
      <trkpt lat="42.152792" lon="24.729832">
        <ele>161.518090</ele>
        <time>2026-05-11T23:27:12.227Z</time>
      </trkpt>
      <trkpt lat="42.152779" lon="24.730875">
        <ele>161.553248</ele>
        <time>2026-05-11T23:27:25.721Z</time>
      </trkpt>
      <trkpt lat="42.152774" lon="24.731377">
        <ele>161.601811</ele>
        <time>2026-05-11T23:27:32.933Z</time>
      </trkpt>
      <trkpt lat="42.152777" lon="24.732899">
        <ele>161.670189</ele>
        <time>2026-05-11T23:27:52.912Z</time>
      </trkpt>
      <trkpt lat="42.152741" lon="24.736917">
        <ele>161.150000</ele>
        <time>2026-05-11T23:28:42.271Z</time>
      </trkpt>
      <trkpt lat="42.152730" lon="24.738087">
        <ele>161.023516</ele>
        <time>2026-05-11T23:28:56.245Z</time>
      </trkpt>
      <trkpt lat="42.152666" lon="24.738334">
        <ele>161.004115</ele>
        <time>2026-05-11T23:28:59.382Z</time>
      </trkpt>
      <trkpt lat="42.152678" lon="24.738821">
        <ele>160.967984</ele>
        <time>2026-05-11T23:29:05.395Z</time>
      </trkpt>
      <trkpt lat="42.152721" lon="24.739044">
        <ele>160.950898</ele>
        <time>2026-05-11T23:29:08.297Z</time>
      </trkpt>
      <trkpt lat="42.152802" lon="24.739051">
        <ele>160.942780</ele>
        <time>2026-05-11T23:29:13.925Z</time>
      </trkpt>
      <trkpt lat="42.152784" lon="24.740265">
        <ele>161.095661</ele>
        <time>2026-05-11T23:30:16.459Z</time>
      </trkpt>
      <trkpt lat="42.152772" lon="24.741094">
        <ele>161.344511</ele>
        <time>2026-05-11T23:30:59.155Z</time>
      </trkpt>
      <trkpt lat="42.152798" lon="24.741540">
        <ele>161.478779</ele>
        <time>2026-05-11T23:31:22.232Z</time>
      </trkpt>
      <trkpt lat="42.152870" lon="24.742748">
        <ele>161.567404</ele>
        <time>2026-05-11T23:32:24.680Z</time>
      </trkpt>
      <trkpt lat="42.152830" lon="24.742751">
        <ele>161.562723</ele>
        <time>2026-05-11T23:32:27.422Z</time>
      </trkpt>
      <trkpt lat="42.152998" lon="24.744110">
        <ele>161.443389</ele>
        <time>2026-05-11T23:32:43.654Z</time>
      </trkpt>
      <trkpt lat="42.153063" lon="24.744307">
        <ele>161.424712</ele>
        <time>2026-05-11T23:32:46.212Z</time>
      </trkpt>
      <trkpt lat="42.153139" lon="24.744460">
        <ele>161.504737</ele>
        <time>2026-05-11T23:32:48.480Z</time>
      </trkpt>
      <trkpt lat="42.153211" lon="24.744827">
        <ele>161.783887</ele>
        <time>2026-05-11T23:32:53.464Z</time>
      </trkpt>
      <trkpt lat="42.153200" lon="24.744888">
        <ele>161.830049</ele>
        <time>2026-05-11T23:32:54.292Z</time>
      </trkpt>
      <trkpt lat="42.153125" lon="24.744989">
        <ele>161.935164</ele>
        <time>2026-05-11T23:32:56.372Z</time>
      </trkpt>
      <trkpt lat="42.153220" lon="24.745690">
        <ele>162.459161</ele>
        <time>2026-05-11T23:33:07.622Z</time>
      </trkpt>
      <trkpt lat="42.153220" lon="24.745690">
        <ele>162.459161</ele>
        <time>2026-05-11T23:33:07.631Z</time>
      </trkpt>
      <trkpt lat="42.153220" lon="24.745690">
        <ele>162.459161</ele>
        <time>2026-05-11T23:33:07.631Z</time>
      </trkpt>
      <trkpt lat="42.153211" lon="24.745696">
        <ele>162.469119</ele>
        <time>2026-05-11T23:33:07.846Z</time>
      </trkpt>
      <trkpt lat="42.153338" lon="24.746164">
        <ele>162.835575</ele>
        <time>2026-05-11T23:33:15.747Z</time>
      </trkpt>
      <trkpt lat="42.153337" lon="24.746163">
        <ele>162.836810</ele>
        <time>2026-05-11T23:33:15.774Z</time>
      </trkpt>
      <trkpt lat="42.153294" lon="24.746273">
        <ele>162.928250</ele>
        <time>2026-05-11T23:33:17.746Z</time>
      </trkpt>
      <trkpt lat="42.153294" lon="24.746280">
        <ele>162.933397</ele>
        <time>2026-05-11T23:33:17.857Z</time>
      </trkpt>
      <trkpt lat="42.152748" lon="24.746353">
        <ele>163.646916</ele>
        <time>2026-05-11T23:33:29.591Z</time>
      </trkpt>
      <trkpt lat="42.152202" lon="24.746425">
        <ele>164.526385</ele>
        <time>2026-05-11T23:33:41.324Z</time>
      </trkpt>
      <trkpt lat="42.152159" lon="24.745996">
        <ele>165.040885</ele>
        <time>2026-05-11T23:33:48.187Z</time>
      </trkpt>
      <trkpt lat="42.152009" lon="24.746082">
        <ele>165.302172</ele>
        <time>2026-05-11T23:33:51.673Z</time>
      </trkpt>
      <trkpt lat="42.151687" lon="24.746275">
        <ele>165.867041</ele>
        <time>2026-05-11T23:33:59.208Z</time>
      </trkpt>
      <trkpt lat="42.151656" lon="24.746290">
        <ele>165.919839</ele>
        <time>2026-05-11T23:33:59.917Z</time>
      </trkpt>
      <trkpt lat="42.151524" lon="24.746381">
        <ele>166.132612</ele>
        <time>2026-05-11T23:34:10.230Z</time>
      </trkpt>
      <trkpt lat="42.151523" lon="24.746432">
        <ele>166.172065</ele>
        <time>2026-05-11T23:34:12.837Z</time>
      </trkpt>
      <trkpt lat="42.151229" lon="24.746552">
        <ele>166.492468</ele>
        <time>2026-05-11T23:34:34.165Z</time>
      </trkpt>
      <trkpt lat="42.151085" lon="24.746613">
        <ele>166.649908</ele>
        <time>2026-05-11T23:34:44.696Z</time>
      </trkpt>
      <trkpt lat="42.151085" lon="24.746613">
        <ele>166.649908</ele>
        <time>2026-05-11T23:34:44.707Z</time>
      </trkpt>
      <trkpt lat="42.150607" lon="24.746828">
        <ele>167.175499</ele>
        <time>2026-05-11T23:34:55.482Z</time>
      </trkpt>
      <trkpt lat="42.150129" lon="24.747044">
        <ele>167.701335</ele>
        <time>2026-05-11T23:35:06.255Z</time>
      </trkpt>
      <trkpt lat="42.149945" lon="24.747126">
        <ele>167.903470</ele>
        <time>2026-05-11T23:35:19.735Z</time>
      </trkpt>
      <trkpt lat="42.149435" lon="24.747357">
        <ele>167.962439</ele>
        <time>2026-05-11T23:35:57.119Z</time>
      </trkpt>
      <trkpt lat="42.149211" lon="24.747458">
        <ele>167.962439</ele>
        <time>2026-05-11T23:36:13.564Z</time>
      </trkpt>
      <trkpt lat="42.149042" lon="24.747534">
        <ele>167.962439</ele>
        <time>2026-05-11T23:36:25.914Z</time>
      </trkpt>
      <trkpt lat="42.148823" lon="24.747625">
        <ele>167.962439</ele>
        <time>2026-05-11T23:36:41.882Z</time>
      </trkpt>
      <trkpt lat="42.148465" lon="24.747773">
        <ele>167.962439</ele>
        <time>2026-05-11T23:37:07.887Z</time>
      </trkpt>
      <trkpt lat="42.148106" lon="24.747921">
        <ele>167.962439</ele>
        <time>2026-05-11T23:37:33.957Z</time>
      </trkpt>
      <trkpt lat="42.148049" lon="24.747941">
        <ele>167.962439</ele>
        <time>2026-05-11T23:37:38.057Z</time>
      </trkpt>
    </trkseg>
  </trk>
</gpx>